# Bahnen im r-z-Schnitt.  Jede Zeile ist ein Bahnpunkt; die Bahnen sind
# durch Neustarten der Integration mit wachsender Schrittzahl abgetastet,
# damit die Datei nicht die ganze Historie tragen muss.
case,particle,step,r_m,z_m
kation_ohne_raumladung,0,1,1.219512195e-07,1.000001736e-07
kation_ohne_raumladung,0,400,1.219512195e-07,1.277730559e-07
kation_ohne_raumladung,0,800,1.219512195e-07,2.110922237e-07
kation_ohne_raumladung,0,1200,1.219512195e-07,3.499575034e-07
kation_ohne_raumladung,0,1600,1.219512195e-07,5.443688949e-07
kation_ohne_raumladung,0,2000,1.219512195e-07,7.943263983e-07
kation_ohne_raumladung,0,2400,1.219512195e-07,1.099830014e-06
kation_ohne_raumladung,0,2799,1.219512195e-07,1.459907857e-06
kation_ohne_raumladung,0,3199,1.219512195e-07,1.876364831e-06
kation_ohne_raumladung,0,3599,1.219512195e-07,2.348367917e-06
kation_ohne_raumladung,0,3999,1.219512195e-07,2.875917114e-06
kation_ohne_raumladung,0,4399,1.219512195e-07,3.459012423e-06
kation_ohne_raumladung,0,4799,1.219512195e-07,4.097653844e-06
kation_ohne_raumladung,0,5198,1.219512195e-07,4.790036650e-06
kation_ohne_raumladung,0,5598,1.219512195e-07,5.539631429e-06
kation_ohne_raumladung,0,5998,1.219512195e-07,6.344772321e-06
kation_ohne_raumladung,0,6398,1.219512195e-07,7.205459324e-06
kation_ohne_raumladung,0,6798,1.219512195e-07,8.121692439e-06
kation_ohne_raumladung,0,7198,1.219512195e-07,9.093471666e-06
kation_ohne_raumladung,0,7597,1.219512195e-07,1.011815943e-05
kation_ohne_raumladung,0,7997,1.219512195e-07,1.120089202e-05
kation_ohne_raumladung,0,8397,1.219512195e-07,1.233917072e-05
kation_ohne_raumladung,0,8797,1.219512195e-07,1.353299552e-05
kation_ohne_raumladung,0,9197,1.219512195e-07,1.478236645e-05
kation_ohne_raumladung,0,9597,1.219512195e-07,1.608728348e-05
kation_ohne_raumladung,0,9996,1.219512195e-07,1.744427621e-05
kation_ohne_raumladung,0,10396,1.219512195e-07,1.886014660e-05
kation_ohne_raumladung,0,10796,1.219512195e-07,2.033156310e-05
kation_ohne_raumladung,0,11196,1.219512195e-07,2.185852572e-05
kation_ohne_raumladung,0,11596,1.219512195e-07,2.344103444e-05
kation_ohne_raumladung,0,11996,1.219512195e-07,2.507908928e-05
kation_ohne_raumladung,0,12395,1.219512195e-07,2.676838697e-05
kation_ohne_raumladung,0,12795,1.219512195e-07,2.851739517e-05
kation_ohne_raumladung,0,13195,1.219512195e-07,3.032194948e-05
kation_ohne_raumladung,0,13595,1.219512195e-07,3.218204990e-05
kation_ohne_raumladung,0,13995,1.219512195e-07,3.409769643e-05
kation_ohne_raumladung,0,14395,1.219512195e-07,3.606888908e-05
kation_ohne_raumladung,0,14794,1.219512195e-07,3.809049173e-05
kation_ohne_raumladung,0,15194,1.219512195e-07,4.017263773e-05
kation_ohne_raumladung,0,15594,1.219512195e-07,4.231032985e-05
kation_ohne_raumladung,0,15994,1.219512195e-07,4.450356807e-05
kation_ohne_raumladung,0,16394,1.219512195e-07,4.675235241e-05
kation_ohne_raumladung,0,16794,1.219512195e-07,4.905668286e-05
kation_ohne_raumladung,0,17193,1.219512195e-07,5.141059047e-05
kation_ohne_raumladung,0,17593,1.219512195e-07,5.382587428e-05
kation_ohne_raumladung,0,17993,1.219512195e-07,5.629670420e-05
kation_ohne_raumladung,0,18393,1.219512195e-07,5.882308024e-05
kation_ohne_raumladung,0,18793,1.219512195e-07,6.140500238e-05
kation_ohne_raumladung,0,19193,1.219512195e-07,6.404247064e-05
kation_ohne_raumladung,0,19592,1.219512195e-07,6.672868321e-05
kation_ohne_raumladung,0,19992,1.219512195e-07,6.947710483e-05
kation_ohne_raumladung,0,20392,1.219512195e-07,7.228107255e-05
kation_ohne_raumladung,0,20792,1.219512195e-07,7.514058639e-05
kation_ohne_raumladung,0,21192,1.219512195e-07,7.805564634e-05
kation_ohne_raumladung,0,21592,1.219512195e-07,8.102625241e-05
kation_ohne_raumladung,0,21991,1.219512195e-07,8.404476994e-05
kation_ohne_raumladung,0,22391,1.219512195e-07,8.712632936e-05
kation_ohne_raumladung,0,22791,1.219512195e-07,9.026343489e-05
kation_ohne_raumladung,0,23191,1.219512195e-07,9.345608654e-05
kation_ohne_raumladung,0,23591,1.219512195e-07,9.670428430e-05
kation_ohne_raumladung,0,23991,1.219512195e-07,1.000000000e-04
kation_ohne_raumladung,4,1,1.097560976e-06,1.000001736e-07
kation_ohne_raumladung,4,400,1.097560976e-06,1.277730559e-07
kation_ohne_raumladung,4,800,1.097560976e-06,2.110922237e-07
kation_ohne_raumladung,4,1200,1.097560976e-06,3.499575034e-07
kation_ohne_raumladung,4,1600,1.097560976e-06,5.443688949e-07
kation_ohne_raumladung,4,2000,1.097560976e-06,7.943263983e-07
kation_ohne_raumladung,4,2400,1.097560976e-06,1.099830014e-06
kation_ohne_raumladung,4,2799,1.097560976e-06,1.459907857e-06
kation_ohne_raumladung,4,3199,1.097560976e-06,1.876364831e-06
kation_ohne_raumladung,4,3599,1.097560976e-06,2.348367917e-06
kation_ohne_raumladung,4,3999,1.097560976e-06,2.875917114e-06
kation_ohne_raumladung,4,4399,1.097560976e-06,3.459012423e-06
kation_ohne_raumladung,4,4799,1.097560976e-06,4.097653844e-06
kation_ohne_raumladung,4,5198,1.097560976e-06,4.790036650e-06
kation_ohne_raumladung,4,5598,1.097560976e-06,5.539631429e-06
kation_ohne_raumladung,4,5998,1.097560976e-06,6.344772321e-06
kation_ohne_raumladung,4,6398,1.097560976e-06,7.205459324e-06
kation_ohne_raumladung,4,6798,1.097560976e-06,8.121692439e-06
kation_ohne_raumladung,4,7198,1.097560976e-06,9.093471666e-06
kation_ohne_raumladung,4,7597,1.097560976e-06,1.011815943e-05
kation_ohne_raumladung,4,7997,1.097560976e-06,1.120089202e-05
kation_ohne_raumladung,4,8397,1.097560976e-06,1.233917072e-05
kation_ohne_raumladung,4,8797,1.097560976e-06,1.353299552e-05
kation_ohne_raumladung,4,9197,1.097560976e-06,1.478236645e-05
kation_ohne_raumladung,4,9597,1.097560976e-06,1.608728348e-05
kation_ohne_raumladung,4,9996,1.097560976e-06,1.744427621e-05
kation_ohne_raumladung,4,10396,1.097560976e-06,1.886014660e-05
kation_ohne_raumladung,4,10796,1.097560976e-06,2.033156310e-05
kation_ohne_raumladung,4,11196,1.097560976e-06,2.185852572e-05
kation_ohne_raumladung,4,11596,1.097560976e-06,2.344103444e-05
kation_ohne_raumladung,4,11996,1.097560976e-06,2.507908928e-05
kation_ohne_raumladung,4,12395,1.097560976e-06,2.676838697e-05
kation_ohne_raumladung,4,12795,1.097560976e-06,2.851739517e-05
kation_ohne_raumladung,4,13195,1.097560976e-06,3.032194948e-05
kation_ohne_raumladung,4,13595,1.097560976e-06,3.218204990e-05
kation_ohne_raumladung,4,13995,1.097560976e-06,3.409769643e-05
kation_ohne_raumladung,4,14395,1.097560976e-06,3.606888908e-05
kation_ohne_raumladung,4,14794,1.097560976e-06,3.809049173e-05
kation_ohne_raumladung,4,15194,1.097560976e-06,4.017263773e-05
kation_ohne_raumladung,4,15594,1.097560976e-06,4.231032985e-05
kation_ohne_raumladung,4,15994,1.097560976e-06,4.450356807e-05
kation_ohne_raumladung,4,16394,1.097560976e-06,4.675235241e-05
kation_ohne_raumladung,4,16794,1.097560976e-06,4.905668286e-05
kation_ohne_raumladung,4,17193,1.097560976e-06,5.141059047e-05
kation_ohne_raumladung,4,17593,1.097560976e-06,5.382587428e-05
kation_ohne_raumladung,4,17993,1.097560976e-06,5.629670420e-05
kation_ohne_raumladung,4,18393,1.097560976e-06,5.882308024e-05
kation_ohne_raumladung,4,18793,1.097560976e-06,6.140500238e-05
kation_ohne_raumladung,4,19193,1.097560976e-06,6.404247064e-05
kation_ohne_raumladung,4,19592,1.097560976e-06,6.672868321e-05
kation_ohne_raumladung,4,19992,1.097560976e-06,6.947710483e-05
kation_ohne_raumladung,4,20392,1.097560976e-06,7.228107255e-05
kation_ohne_raumladung,4,20792,1.097560976e-06,7.514058639e-05
kation_ohne_raumladung,4,21192,1.097560976e-06,7.805564634e-05
kation_ohne_raumladung,4,21592,1.097560976e-06,8.102625241e-05
kation_ohne_raumladung,4,21991,1.097560976e-06,8.404476994e-05
kation_ohne_raumladung,4,22391,1.097560976e-06,8.712632936e-05
kation_ohne_raumladung,4,22791,1.097560976e-06,9.026343489e-05
kation_ohne_raumladung,4,23191,1.097560976e-06,9.345608654e-05
kation_ohne_raumladung,4,23591,1.097560976e-06,9.670428430e-05
kation_ohne_raumladung,4,23991,1.097560976e-06,1.000000000e-04
kation_ohne_raumladung,8,1,2.073170732e-06,1.000001736e-07
kation_ohne_raumladung,8,400,2.073170732e-06,1.277730559e-07
kation_ohne_raumladung,8,800,2.073170732e-06,2.110922237e-07
kation_ohne_raumladung,8,1200,2.073170732e-06,3.499575034e-07
kation_ohne_raumladung,8,1600,2.073170732e-06,5.443688949e-07
kation_ohne_raumladung,8,2000,2.073170732e-06,7.943263983e-07
kation_ohne_raumladung,8,2400,2.073170732e-06,1.099830014e-06
kation_ohne_raumladung,8,2799,2.073170732e-06,1.459907857e-06
kation_ohne_raumladung,8,3199,2.073170732e-06,1.876364831e-06
kation_ohne_raumladung,8,3599,2.073170732e-06,2.348367917e-06
kation_ohne_raumladung,8,3999,2.073170732e-06,2.875917114e-06
kation_ohne_raumladung,8,4399,2.073170732e-06,3.459012423e-06
kation_ohne_raumladung,8,4799,2.073170732e-06,4.097653844e-06
kation_ohne_raumladung,8,5198,2.073170732e-06,4.790036650e-06
kation_ohne_raumladung,8,5598,2.073170732e-06,5.539631429e-06
kation_ohne_raumladung,8,5998,2.073170732e-06,6.344772321e-06
kation_ohne_raumladung,8,6398,2.073170732e-06,7.205459324e-06
kation_ohne_raumladung,8,6798,2.073170732e-06,8.121692439e-06
kation_ohne_raumladung,8,7198,2.073170732e-06,9.093471666e-06
kation_ohne_raumladung,8,7597,2.073170732e-06,1.011815943e-05
kation_ohne_raumladung,8,7997,2.073170732e-06,1.120089202e-05
kation_ohne_raumladung,8,8397,2.073170732e-06,1.233917072e-05
kation_ohne_raumladung,8,8797,2.073170732e-06,1.353299552e-05
kation_ohne_raumladung,8,9197,2.073170732e-06,1.478236645e-05
kation_ohne_raumladung,8,9597,2.073170732e-06,1.608728348e-05
kation_ohne_raumladung,8,9996,2.073170732e-06,1.744427621e-05
kation_ohne_raumladung,8,10396,2.073170732e-06,1.886014660e-05
kation_ohne_raumladung,8,10796,2.073170732e-06,2.033156310e-05
kation_ohne_raumladung,8,11196,2.073170732e-06,2.185852572e-05
kation_ohne_raumladung,8,11596,2.073170732e-06,2.344103444e-05
kation_ohne_raumladung,8,11996,2.073170732e-06,2.507908928e-05
kation_ohne_raumladung,8,12395,2.073170732e-06,2.676838697e-05
kation_ohne_raumladung,8,12795,2.073170732e-06,2.851739517e-05
kation_ohne_raumladung,8,13195,2.073170732e-06,3.032194948e-05
kation_ohne_raumladung,8,13595,2.073170732e-06,3.218204990e-05
kation_ohne_raumladung,8,13995,2.073170732e-06,3.409769643e-05
kation_ohne_raumladung,8,14395,2.073170732e-06,3.606888908e-05
kation_ohne_raumladung,8,14794,2.073170732e-06,3.809049173e-05
kation_ohne_raumladung,8,15194,2.073170732e-06,4.017263773e-05
kation_ohne_raumladung,8,15594,2.073170732e-06,4.231032985e-05
kation_ohne_raumladung,8,15994,2.073170732e-06,4.450356807e-05
kation_ohne_raumladung,8,16394,2.073170732e-06,4.675235241e-05
kation_ohne_raumladung,8,16794,2.073170732e-06,4.905668286e-05
kation_ohne_raumladung,8,17193,2.073170732e-06,5.141059047e-05
kation_ohne_raumladung,8,17593,2.073170732e-06,5.382587428e-05
kation_ohne_raumladung,8,17993,2.073170732e-06,5.629670420e-05
kation_ohne_raumladung,8,18393,2.073170732e-06,5.882308024e-05
kation_ohne_raumladung,8,18793,2.073170732e-06,6.140500238e-05
kation_ohne_raumladung,8,19193,2.073170732e-06,6.404247064e-05
kation_ohne_raumladung,8,19592,2.073170732e-06,6.672868321e-05
kation_ohne_raumladung,8,19992,2.073170732e-06,6.947710483e-05
kation_ohne_raumladung,8,20392,2.073170732e-06,7.228107255e-05
kation_ohne_raumladung,8,20792,2.073170732e-06,7.514058639e-05
kation_ohne_raumladung,8,21192,2.073170732e-06,7.805564634e-05
kation_ohne_raumladung,8,21592,2.073170732e-06,8.102625241e-05
kation_ohne_raumladung,8,21991,2.073170732e-06,8.404476994e-05
kation_ohne_raumladung,8,22391,2.073170732e-06,8.712632936e-05
kation_ohne_raumladung,8,22791,2.073170732e-06,9.026343489e-05
kation_ohne_raumladung,8,23191,2.073170732e-06,9.345608654e-05
kation_ohne_raumladung,8,23591,2.073170732e-06,9.670428430e-05
kation_ohne_raumladung,8,23991,2.073170732e-06,1.000000000e-04
kation_ohne_raumladung,12,1,3.048780488e-06,1.000001736e-07
kation_ohne_raumladung,12,400,3.048780488e-06,1.277730559e-07
kation_ohne_raumladung,12,800,3.048780488e-06,2.110922237e-07
kation_ohne_raumladung,12,1200,3.048780488e-06,3.499575034e-07
kation_ohne_raumladung,12,1600,3.048780488e-06,5.443688949e-07
kation_ohne_raumladung,12,2000,3.048780488e-06,7.943263983e-07
kation_ohne_raumladung,12,2400,3.048780488e-06,1.099830014e-06
kation_ohne_raumladung,12,2799,3.048780488e-06,1.459907857e-06
kation_ohne_raumladung,12,3199,3.048780488e-06,1.876364831e-06
kation_ohne_raumladung,12,3599,3.048780488e-06,2.348367917e-06
kation_ohne_raumladung,12,3999,3.048780488e-06,2.875917114e-06
kation_ohne_raumladung,12,4399,3.048780488e-06,3.459012423e-06
kation_ohne_raumladung,12,4799,3.048780488e-06,4.097653844e-06
kation_ohne_raumladung,12,5198,3.048780488e-06,4.790036650e-06
kation_ohne_raumladung,12,5598,3.048780488e-06,5.539631429e-06
kation_ohne_raumladung,12,5998,3.048780488e-06,6.344772321e-06
kation_ohne_raumladung,12,6398,3.048780488e-06,7.205459324e-06
kation_ohne_raumladung,12,6798,3.048780488e-06,8.121692439e-06
kation_ohne_raumladung,12,7198,3.048780488e-06,9.093471666e-06
kation_ohne_raumladung,12,7597,3.048780488e-06,1.011815943e-05
kation_ohne_raumladung,12,7997,3.048780488e-06,1.120089202e-05
kation_ohne_raumladung,12,8397,3.048780488e-06,1.233917072e-05
kation_ohne_raumladung,12,8797,3.048780488e-06,1.353299552e-05
kation_ohne_raumladung,12,9197,3.048780488e-06,1.478236645e-05
kation_ohne_raumladung,12,9597,3.048780488e-06,1.608728348e-05
kation_ohne_raumladung,12,9996,3.048780488e-06,1.744427621e-05
kation_ohne_raumladung,12,10396,3.048780488e-06,1.886014660e-05
kation_ohne_raumladung,12,10796,3.048780488e-06,2.033156310e-05
kation_ohne_raumladung,12,11196,3.048780488e-06,2.185852572e-05
kation_ohne_raumladung,12,11596,3.048780488e-06,2.344103444e-05
kation_ohne_raumladung,12,11996,3.048780488e-06,2.507908928e-05
kation_ohne_raumladung,12,12395,3.048780488e-06,2.676838697e-05
kation_ohne_raumladung,12,12795,3.048780488e-06,2.851739517e-05
kation_ohne_raumladung,12,13195,3.048780488e-06,3.032194948e-05
kation_ohne_raumladung,12,13595,3.048780488e-06,3.218204990e-05
kation_ohne_raumladung,12,13995,3.048780488e-06,3.409769643e-05
kation_ohne_raumladung,12,14395,3.048780488e-06,3.606888908e-05
kation_ohne_raumladung,12,14794,3.048780488e-06,3.809049173e-05
kation_ohne_raumladung,12,15194,3.048780488e-06,4.017263773e-05
kation_ohne_raumladung,12,15594,3.048780488e-06,4.231032985e-05
kation_ohne_raumladung,12,15994,3.048780488e-06,4.450356807e-05
kation_ohne_raumladung,12,16394,3.048780488e-06,4.675235241e-05
kation_ohne_raumladung,12,16794,3.048780488e-06,4.905668286e-05
kation_ohne_raumladung,12,17193,3.048780488e-06,5.141059047e-05
kation_ohne_raumladung,12,17593,3.048780488e-06,5.382587428e-05
kation_ohne_raumladung,12,17993,3.048780488e-06,5.629670420e-05
kation_ohne_raumladung,12,18393,3.048780488e-06,5.882308024e-05
kation_ohne_raumladung,12,18793,3.048780488e-06,6.140500238e-05
kation_ohne_raumladung,12,19193,3.048780488e-06,6.404247064e-05
kation_ohne_raumladung,12,19592,3.048780488e-06,6.672868321e-05
kation_ohne_raumladung,12,19992,3.048780488e-06,6.947710483e-05
kation_ohne_raumladung,12,20392,3.048780488e-06,7.228107255e-05
kation_ohne_raumladung,12,20792,3.048780488e-06,7.514058639e-05
kation_ohne_raumladung,12,21192,3.048780488e-06,7.805564634e-05
kation_ohne_raumladung,12,21592,3.048780488e-06,8.102625241e-05
kation_ohne_raumladung,12,21991,3.048780488e-06,8.404476994e-05
kation_ohne_raumladung,12,22391,3.048780488e-06,8.712632936e-05
kation_ohne_raumladung,12,22791,3.048780488e-06,9.026343489e-05
kation_ohne_raumladung,12,23191,3.048780488e-06,9.345608654e-05
kation_ohne_raumladung,12,23591,3.048780488e-06,9.670428430e-05
kation_ohne_raumladung,12,23991,3.048780488e-06,1.000000000e-04
kation_ohne_raumladung,16,1,4.024390244e-06,1.000001736e-07
kation_ohne_raumladung,16,400,4.024390244e-06,1.277730559e-07
kation_ohne_raumladung,16,800,4.024390244e-06,2.110922237e-07
kation_ohne_raumladung,16,1200,4.024390244e-06,3.499575034e-07
kation_ohne_raumladung,16,1600,4.024390244e-06,5.443688949e-07
kation_ohne_raumladung,16,2000,4.024390244e-06,7.943263983e-07
kation_ohne_raumladung,16,2400,4.024390244e-06,1.099830014e-06
kation_ohne_raumladung,16,2799,4.024390244e-06,1.459907857e-06
kation_ohne_raumladung,16,3199,4.024390244e-06,1.876364831e-06
kation_ohne_raumladung,16,3599,4.024390244e-06,2.348367917e-06
kation_ohne_raumladung,16,3999,4.024390244e-06,2.875917114e-06
kation_ohne_raumladung,16,4399,4.024390244e-06,3.459012423e-06
kation_ohne_raumladung,16,4799,4.024390244e-06,4.097653844e-06
kation_ohne_raumladung,16,5198,4.024390244e-06,4.790036650e-06
kation_ohne_raumladung,16,5598,4.024390244e-06,5.539631429e-06
kation_ohne_raumladung,16,5998,4.024390244e-06,6.344772321e-06
kation_ohne_raumladung,16,6398,4.024390244e-06,7.205459324e-06
kation_ohne_raumladung,16,6798,4.024390244e-06,8.121692439e-06
kation_ohne_raumladung,16,7198,4.024390244e-06,9.093471666e-06
kation_ohne_raumladung,16,7597,4.024390244e-06,1.011815943e-05
kation_ohne_raumladung,16,7997,4.024390244e-06,1.120089202e-05
kation_ohne_raumladung,16,8397,4.024390244e-06,1.233917072e-05
kation_ohne_raumladung,16,8797,4.024390244e-06,1.353299552e-05
kation_ohne_raumladung,16,9197,4.024390244e-06,1.478236645e-05
kation_ohne_raumladung,16,9597,4.024390244e-06,1.608728348e-05
kation_ohne_raumladung,16,9996,4.024390244e-06,1.744427621e-05
kation_ohne_raumladung,16,10396,4.024390244e-06,1.886014660e-05
kation_ohne_raumladung,16,10796,4.024390244e-06,2.033156310e-05
kation_ohne_raumladung,16,11196,4.024390244e-06,2.185852572e-05
kation_ohne_raumladung,16,11596,4.024390244e-06,2.344103444e-05
kation_ohne_raumladung,16,11996,4.024390244e-06,2.507908928e-05
kation_ohne_raumladung,16,12395,4.024390244e-06,2.676838697e-05
kation_ohne_raumladung,16,12795,4.024390244e-06,2.851739517e-05
kation_ohne_raumladung,16,13195,4.024390244e-06,3.032194948e-05
kation_ohne_raumladung,16,13595,4.024390244e-06,3.218204990e-05
kation_ohne_raumladung,16,13995,4.024390244e-06,3.409769643e-05
kation_ohne_raumladung,16,14395,4.024390244e-06,3.606888908e-05
kation_ohne_raumladung,16,14794,4.024390244e-06,3.809049173e-05
kation_ohne_raumladung,16,15194,4.024390244e-06,4.017263773e-05
kation_ohne_raumladung,16,15594,4.024390244e-06,4.231032985e-05
kation_ohne_raumladung,16,15994,4.024390244e-06,4.450356807e-05
kation_ohne_raumladung,16,16394,4.024390244e-06,4.675235241e-05
kation_ohne_raumladung,16,16794,4.024390244e-06,4.905668286e-05
kation_ohne_raumladung,16,17193,4.024390244e-06,5.141059047e-05
kation_ohne_raumladung,16,17593,4.024390244e-06,5.382587428e-05
kation_ohne_raumladung,16,17993,4.024390244e-06,5.629670420e-05
kation_ohne_raumladung,16,18393,4.024390244e-06,5.882308024e-05
kation_ohne_raumladung,16,18793,4.024390244e-06,6.140500238e-05
kation_ohne_raumladung,16,19193,4.024390244e-06,6.404247064e-05
kation_ohne_raumladung,16,19592,4.024390244e-06,6.672868321e-05
kation_ohne_raumladung,16,19992,4.024390244e-06,6.947710483e-05
kation_ohne_raumladung,16,20392,4.024390244e-06,7.228107255e-05
kation_ohne_raumladung,16,20792,4.024390244e-06,7.514058639e-05
kation_ohne_raumladung,16,21192,4.024390244e-06,7.805564634e-05
kation_ohne_raumladung,16,21592,4.024390244e-06,8.102625241e-05
kation_ohne_raumladung,16,21991,4.024390244e-06,8.404476994e-05
kation_ohne_raumladung,16,22391,4.024390244e-06,8.712632936e-05
kation_ohne_raumladung,16,22791,4.024390244e-06,9.026343489e-05
kation_ohne_raumladung,16,23191,4.024390244e-06,9.345608654e-05
kation_ohne_raumladung,16,23591,4.024390244e-06,9.670428430e-05
kation_ohne_raumladung,16,23991,4.024390244e-06,1.000000000e-04
kation_ohne_raumladung,20,1,5.000000000e-06,1.000001736e-07
kation_ohne_raumladung,20,400,5.000000000e-06,1.277730559e-07
kation_ohne_raumladung,20,800,5.000000000e-06,2.110922237e-07
kation_ohne_raumladung,20,1200,5.000000000e-06,3.499575034e-07
kation_ohne_raumladung,20,1600,5.000000000e-06,5.443688949e-07
kation_ohne_raumladung,20,2000,5.000000000e-06,7.943263983e-07
kation_ohne_raumladung,20,2400,5.000000000e-06,1.099830014e-06
kation_ohne_raumladung,20,2799,5.000000000e-06,1.459907857e-06
kation_ohne_raumladung,20,3199,5.000000000e-06,1.876364831e-06
kation_ohne_raumladung,20,3599,5.000000000e-06,2.348367917e-06
kation_ohne_raumladung,20,3999,5.000000000e-06,2.875917114e-06
kation_ohne_raumladung,20,4399,5.000000000e-06,3.459012423e-06
kation_ohne_raumladung,20,4799,5.000000000e-06,4.097653844e-06
kation_ohne_raumladung,20,5198,5.000000000e-06,4.790036650e-06
kation_ohne_raumladung,20,5598,5.000000000e-06,5.539631429e-06
kation_ohne_raumladung,20,5998,5.000000000e-06,6.344772321e-06
kation_ohne_raumladung,20,6398,5.000000000e-06,7.205459324e-06
kation_ohne_raumladung,20,6798,5.000000000e-06,8.121692439e-06
kation_ohne_raumladung,20,7198,5.000000000e-06,9.093471666e-06
kation_ohne_raumladung,20,7597,5.000000000e-06,1.011815943e-05
kation_ohne_raumladung,20,7997,5.000000000e-06,1.120089202e-05
kation_ohne_raumladung,20,8397,5.000000000e-06,1.233917072e-05
kation_ohne_raumladung,20,8797,5.000000000e-06,1.353299552e-05
kation_ohne_raumladung,20,9197,5.000000000e-06,1.478236645e-05
kation_ohne_raumladung,20,9597,5.000000000e-06,1.608728348e-05
kation_ohne_raumladung,20,9996,5.000000000e-06,1.744427621e-05
kation_ohne_raumladung,20,10396,5.000000000e-06,1.886014660e-05
kation_ohne_raumladung,20,10796,5.000000000e-06,2.033156310e-05
kation_ohne_raumladung,20,11196,5.000000000e-06,2.185852572e-05
kation_ohne_raumladung,20,11596,5.000000000e-06,2.344103444e-05
kation_ohne_raumladung,20,11996,5.000000000e-06,2.507908928e-05
kation_ohne_raumladung,20,12395,5.000000000e-06,2.676838697e-05
kation_ohne_raumladung,20,12795,5.000000000e-06,2.851739517e-05
kation_ohne_raumladung,20,13195,5.000000000e-06,3.032194948e-05
kation_ohne_raumladung,20,13595,5.000000000e-06,3.218204990e-05
kation_ohne_raumladung,20,13995,5.000000000e-06,3.409769643e-05
kation_ohne_raumladung,20,14395,5.000000000e-06,3.606888908e-05
kation_ohne_raumladung,20,14794,5.000000000e-06,3.809049173e-05
kation_ohne_raumladung,20,15194,5.000000000e-06,4.017263773e-05
kation_ohne_raumladung,20,15594,5.000000000e-06,4.231032985e-05
kation_ohne_raumladung,20,15994,5.000000000e-06,4.450356807e-05
kation_ohne_raumladung,20,16394,5.000000000e-06,4.675235241e-05
kation_ohne_raumladung,20,16794,5.000000000e-06,4.905668286e-05
kation_ohne_raumladung,20,17193,5.000000000e-06,5.141059047e-05
kation_ohne_raumladung,20,17593,5.000000000e-06,5.382587428e-05
kation_ohne_raumladung,20,17993,5.000000000e-06,5.629670420e-05
kation_ohne_raumladung,20,18393,5.000000000e-06,5.882308024e-05
kation_ohne_raumladung,20,18793,5.000000000e-06,6.140500238e-05
kation_ohne_raumladung,20,19193,5.000000000e-06,6.404247064e-05
kation_ohne_raumladung,20,19592,5.000000000e-06,6.672868321e-05
kation_ohne_raumladung,20,19992,5.000000000e-06,6.947710483e-05
kation_ohne_raumladung,20,20392,5.000000000e-06,7.228107255e-05
kation_ohne_raumladung,20,20792,5.000000000e-06,7.514058639e-05
kation_ohne_raumladung,20,21192,5.000000000e-06,7.805564634e-05
kation_ohne_raumladung,20,21592,5.000000000e-06,8.102625241e-05
kation_ohne_raumladung,20,21991,5.000000000e-06,8.404476994e-05
kation_ohne_raumladung,20,22391,5.000000000e-06,8.712632936e-05
kation_ohne_raumladung,20,22791,5.000000000e-06,9.026343489e-05
kation_ohne_raumladung,20,23191,5.000000000e-06,9.345608654e-05
kation_ohne_raumladung,20,23591,5.000000000e-06,9.670428430e-05
kation_ohne_raumladung,20,23991,5.000000000e-06,1.000000000e-04
kation_ohne_raumladung,24,1,5.975609756e-06,1.000001736e-07
kation_ohne_raumladung,24,400,5.975609756e-06,1.277730559e-07
kation_ohne_raumladung,24,800,5.975609756e-06,2.110922237e-07
kation_ohne_raumladung,24,1200,5.975609756e-06,3.499575034e-07
kation_ohne_raumladung,24,1600,5.975609756e-06,5.443688949e-07
kation_ohne_raumladung,24,2000,5.975609756e-06,7.943263983e-07
kation_ohne_raumladung,24,2400,5.975609756e-06,1.099830014e-06
kation_ohne_raumladung,24,2799,5.975609756e-06,1.459907857e-06
kation_ohne_raumladung,24,3199,5.975609756e-06,1.876364831e-06
kation_ohne_raumladung,24,3599,5.975609756e-06,2.348367917e-06
kation_ohne_raumladung,24,3999,5.975609756e-06,2.875917114e-06
kation_ohne_raumladung,24,4399,5.975609756e-06,3.459012423e-06
kation_ohne_raumladung,24,4799,5.975609756e-06,4.097653844e-06
kation_ohne_raumladung,24,5198,5.975609756e-06,4.790036650e-06
kation_ohne_raumladung,24,5598,5.975609756e-06,5.539631429e-06
kation_ohne_raumladung,24,5998,5.975609756e-06,6.344772321e-06
kation_ohne_raumladung,24,6398,5.975609756e-06,7.205459324e-06
kation_ohne_raumladung,24,6798,5.975609756e-06,8.121692439e-06
kation_ohne_raumladung,24,7198,5.975609756e-06,9.093471666e-06
kation_ohne_raumladung,24,7597,5.975609756e-06,1.011815943e-05
kation_ohne_raumladung,24,7997,5.975609756e-06,1.120089202e-05
kation_ohne_raumladung,24,8397,5.975609756e-06,1.233917072e-05
kation_ohne_raumladung,24,8797,5.975609756e-06,1.353299552e-05
kation_ohne_raumladung,24,9197,5.975609756e-06,1.478236645e-05
kation_ohne_raumladung,24,9597,5.975609756e-06,1.608728348e-05
kation_ohne_raumladung,24,9996,5.975609756e-06,1.744427621e-05
kation_ohne_raumladung,24,10396,5.975609756e-06,1.886014660e-05
kation_ohne_raumladung,24,10796,5.975609756e-06,2.033156310e-05
kation_ohne_raumladung,24,11196,5.975609756e-06,2.185852572e-05
kation_ohne_raumladung,24,11596,5.975609756e-06,2.344103444e-05
kation_ohne_raumladung,24,11996,5.975609756e-06,2.507908928e-05
kation_ohne_raumladung,24,12395,5.975609756e-06,2.676838697e-05
kation_ohne_raumladung,24,12795,5.975609756e-06,2.851739517e-05
kation_ohne_raumladung,24,13195,5.975609756e-06,3.032194948e-05
kation_ohne_raumladung,24,13595,5.975609756e-06,3.218204990e-05
kation_ohne_raumladung,24,13995,5.975609756e-06,3.409769643e-05
kation_ohne_raumladung,24,14395,5.975609756e-06,3.606888908e-05
kation_ohne_raumladung,24,14794,5.975609756e-06,3.809049173e-05
kation_ohne_raumladung,24,15194,5.975609756e-06,4.017263773e-05
kation_ohne_raumladung,24,15594,5.975609756e-06,4.231032985e-05
kation_ohne_raumladung,24,15994,5.975609756e-06,4.450356807e-05
kation_ohne_raumladung,24,16394,5.975609756e-06,4.675235241e-05
kation_ohne_raumladung,24,16794,5.975609756e-06,4.905668286e-05
kation_ohne_raumladung,24,17193,5.975609756e-06,5.141059047e-05
kation_ohne_raumladung,24,17593,5.975609756e-06,5.382587428e-05
kation_ohne_raumladung,24,17993,5.975609756e-06,5.629670420e-05
kation_ohne_raumladung,24,18393,5.975609756e-06,5.882308024e-05
kation_ohne_raumladung,24,18793,5.975609756e-06,6.140500238e-05
kation_ohne_raumladung,24,19193,5.975609756e-06,6.404247064e-05
kation_ohne_raumladung,24,19592,5.975609756e-06,6.672868321e-05
kation_ohne_raumladung,24,19992,5.975609756e-06,6.947710483e-05
kation_ohne_raumladung,24,20392,5.975609756e-06,7.228107255e-05
kation_ohne_raumladung,24,20792,5.975609756e-06,7.514058639e-05
kation_ohne_raumladung,24,21192,5.975609756e-06,7.805564634e-05
kation_ohne_raumladung,24,21592,5.975609756e-06,8.102625241e-05
kation_ohne_raumladung,24,21991,5.975609756e-06,8.404476994e-05
kation_ohne_raumladung,24,22391,5.975609756e-06,8.712632936e-05
kation_ohne_raumladung,24,22791,5.975609756e-06,9.026343489e-05
kation_ohne_raumladung,24,23191,5.975609756e-06,9.345608654e-05
kation_ohne_raumladung,24,23591,5.975609756e-06,9.670428430e-05
kation_ohne_raumladung,24,23991,5.975609756e-06,1.000000000e-04
kation_ohne_raumladung,28,1,6.951219512e-06,1.000001736e-07
kation_ohne_raumladung,28,400,6.951219512e-06,1.277730559e-07
kation_ohne_raumladung,28,800,6.951219512e-06,2.110922237e-07
kation_ohne_raumladung,28,1200,6.951219512e-06,3.499575034e-07
kation_ohne_raumladung,28,1600,6.951219512e-06,5.443688949e-07
kation_ohne_raumladung,28,2000,6.951219512e-06,7.943263983e-07
kation_ohne_raumladung,28,2400,6.951219512e-06,1.099830014e-06
kation_ohne_raumladung,28,2799,6.951219512e-06,1.459907857e-06
kation_ohne_raumladung,28,3199,6.951219512e-06,1.876364831e-06
kation_ohne_raumladung,28,3599,6.951219512e-06,2.348367917e-06
kation_ohne_raumladung,28,3999,6.951219512e-06,2.875917114e-06
kation_ohne_raumladung,28,4399,6.951219512e-06,3.459012423e-06
kation_ohne_raumladung,28,4799,6.951219512e-06,4.097653844e-06
kation_ohne_raumladung,28,5198,6.951219512e-06,4.790036650e-06
kation_ohne_raumladung,28,5598,6.951219512e-06,5.539631429e-06
kation_ohne_raumladung,28,5998,6.951219512e-06,6.344772321e-06
kation_ohne_raumladung,28,6398,6.951219512e-06,7.205459324e-06
kation_ohne_raumladung,28,6798,6.951219512e-06,8.121692439e-06
kation_ohne_raumladung,28,7198,6.951219512e-06,9.093471666e-06
kation_ohne_raumladung,28,7597,6.951219512e-06,1.011815943e-05
kation_ohne_raumladung,28,7997,6.951219512e-06,1.120089202e-05
kation_ohne_raumladung,28,8397,6.951219512e-06,1.233917072e-05
kation_ohne_raumladung,28,8797,6.951219512e-06,1.353299552e-05
kation_ohne_raumladung,28,9197,6.951219512e-06,1.478236645e-05
kation_ohne_raumladung,28,9597,6.951219512e-06,1.608728348e-05
kation_ohne_raumladung,28,9996,6.951219512e-06,1.744427621e-05
kation_ohne_raumladung,28,10396,6.951219512e-06,1.886014660e-05
kation_ohne_raumladung,28,10796,6.951219512e-06,2.033156310e-05
kation_ohne_raumladung,28,11196,6.951219512e-06,2.185852572e-05
kation_ohne_raumladung,28,11596,6.951219512e-06,2.344103444e-05
kation_ohne_raumladung,28,11996,6.951219512e-06,2.507908928e-05
kation_ohne_raumladung,28,12395,6.951219512e-06,2.676838697e-05
kation_ohne_raumladung,28,12795,6.951219512e-06,2.851739517e-05
kation_ohne_raumladung,28,13195,6.951219512e-06,3.032194948e-05
kation_ohne_raumladung,28,13595,6.951219512e-06,3.218204990e-05
kation_ohne_raumladung,28,13995,6.951219512e-06,3.409769643e-05
kation_ohne_raumladung,28,14395,6.951219512e-06,3.606888908e-05
kation_ohne_raumladung,28,14794,6.951219512e-06,3.809049173e-05
kation_ohne_raumladung,28,15194,6.951219512e-06,4.017263773e-05
kation_ohne_raumladung,28,15594,6.951219512e-06,4.231032985e-05
kation_ohne_raumladung,28,15994,6.951219512e-06,4.450356807e-05
kation_ohne_raumladung,28,16394,6.951219512e-06,4.675235241e-05
kation_ohne_raumladung,28,16794,6.951219512e-06,4.905668286e-05
kation_ohne_raumladung,28,17193,6.951219512e-06,5.141059047e-05
kation_ohne_raumladung,28,17593,6.951219512e-06,5.382587428e-05
kation_ohne_raumladung,28,17993,6.951219512e-06,5.629670420e-05
kation_ohne_raumladung,28,18393,6.951219512e-06,5.882308024e-05
kation_ohne_raumladung,28,18793,6.951219512e-06,6.140500238e-05
kation_ohne_raumladung,28,19193,6.951219512e-06,6.404247064e-05
kation_ohne_raumladung,28,19592,6.951219512e-06,6.672868321e-05
kation_ohne_raumladung,28,19992,6.951219512e-06,6.947710483e-05
kation_ohne_raumladung,28,20392,6.951219512e-06,7.228107255e-05
kation_ohne_raumladung,28,20792,6.951219512e-06,7.514058639e-05
kation_ohne_raumladung,28,21192,6.951219512e-06,7.805564634e-05
kation_ohne_raumladung,28,21592,6.951219512e-06,8.102625241e-05
kation_ohne_raumladung,28,21991,6.951219512e-06,8.404476994e-05
kation_ohne_raumladung,28,22391,6.951219512e-06,8.712632936e-05
kation_ohne_raumladung,28,22791,6.951219512e-06,9.026343489e-05
kation_ohne_raumladung,28,23191,6.951219512e-06,9.345608654e-05
kation_ohne_raumladung,28,23591,6.951219512e-06,9.670428430e-05
kation_ohne_raumladung,28,23991,6.951219512e-06,1.000000000e-04
kation_ohne_raumladung,32,1,7.926829268e-06,1.000001736e-07
kation_ohne_raumladung,32,400,7.926829268e-06,1.277730559e-07
kation_ohne_raumladung,32,800,7.926829268e-06,2.110922237e-07
kation_ohne_raumladung,32,1200,7.926829268e-06,3.499575034e-07
kation_ohne_raumladung,32,1600,7.926829268e-06,5.443688949e-07
kation_ohne_raumladung,32,2000,7.926829268e-06,7.943263983e-07
kation_ohne_raumladung,32,2400,7.926829268e-06,1.099830014e-06
kation_ohne_raumladung,32,2799,7.926829268e-06,1.459907857e-06
kation_ohne_raumladung,32,3199,7.926829268e-06,1.876364831e-06
kation_ohne_raumladung,32,3599,7.926829268e-06,2.348367917e-06
kation_ohne_raumladung,32,3999,7.926829268e-06,2.875917114e-06
kation_ohne_raumladung,32,4399,7.926829268e-06,3.459012423e-06
kation_ohne_raumladung,32,4799,7.926829268e-06,4.097653844e-06
kation_ohne_raumladung,32,5198,7.926829268e-06,4.790036650e-06
kation_ohne_raumladung,32,5598,7.926829268e-06,5.539631429e-06
kation_ohne_raumladung,32,5998,7.926829268e-06,6.344772321e-06
kation_ohne_raumladung,32,6398,7.926829268e-06,7.205459324e-06
kation_ohne_raumladung,32,6798,7.926829268e-06,8.121692439e-06
kation_ohne_raumladung,32,7198,7.926829268e-06,9.093471666e-06
kation_ohne_raumladung,32,7597,7.926829268e-06,1.011815943e-05
kation_ohne_raumladung,32,7997,7.926829268e-06,1.120089202e-05
kation_ohne_raumladung,32,8397,7.926829268e-06,1.233917072e-05
kation_ohne_raumladung,32,8797,7.926829268e-06,1.353299552e-05
kation_ohne_raumladung,32,9197,7.926829268e-06,1.478236645e-05
kation_ohne_raumladung,32,9597,7.926829268e-06,1.608728348e-05
kation_ohne_raumladung,32,9996,7.926829268e-06,1.744427621e-05
kation_ohne_raumladung,32,10396,7.926829268e-06,1.886014660e-05
kation_ohne_raumladung,32,10796,7.926829268e-06,2.033156310e-05
kation_ohne_raumladung,32,11196,7.926829268e-06,2.185852572e-05
kation_ohne_raumladung,32,11596,7.926829268e-06,2.344103444e-05
kation_ohne_raumladung,32,11996,7.926829268e-06,2.507908928e-05
kation_ohne_raumladung,32,12395,7.926829268e-06,2.676838697e-05
kation_ohne_raumladung,32,12795,7.926829268e-06,2.851739517e-05
kation_ohne_raumladung,32,13195,7.926829268e-06,3.032194948e-05
kation_ohne_raumladung,32,13595,7.926829268e-06,3.218204990e-05
kation_ohne_raumladung,32,13995,7.926829268e-06,3.409769643e-05
kation_ohne_raumladung,32,14395,7.926829268e-06,3.606888908e-05
kation_ohne_raumladung,32,14794,7.926829268e-06,3.809049173e-05
kation_ohne_raumladung,32,15194,7.926829268e-06,4.017263773e-05
kation_ohne_raumladung,32,15594,7.926829268e-06,4.231032985e-05
kation_ohne_raumladung,32,15994,7.926829268e-06,4.450356807e-05
kation_ohne_raumladung,32,16394,7.926829268e-06,4.675235241e-05
kation_ohne_raumladung,32,16794,7.926829268e-06,4.905668286e-05
kation_ohne_raumladung,32,17193,7.926829268e-06,5.141059047e-05
kation_ohne_raumladung,32,17593,7.926829268e-06,5.382587428e-05
kation_ohne_raumladung,32,17993,7.926829268e-06,5.629670420e-05
kation_ohne_raumladung,32,18393,7.926829268e-06,5.882308024e-05
kation_ohne_raumladung,32,18793,7.926829268e-06,6.140500238e-05
kation_ohne_raumladung,32,19193,7.926829268e-06,6.404247064e-05
kation_ohne_raumladung,32,19592,7.926829268e-06,6.672868321e-05
kation_ohne_raumladung,32,19992,7.926829268e-06,6.947710483e-05
kation_ohne_raumladung,32,20392,7.926829268e-06,7.228107255e-05
kation_ohne_raumladung,32,20792,7.926829268e-06,7.514058639e-05
kation_ohne_raumladung,32,21192,7.926829268e-06,7.805564634e-05
kation_ohne_raumladung,32,21592,7.926829268e-06,8.102625241e-05
kation_ohne_raumladung,32,21991,7.926829268e-06,8.404476994e-05
kation_ohne_raumladung,32,22391,7.926829268e-06,8.712632936e-05
kation_ohne_raumladung,32,22791,7.926829268e-06,9.026343489e-05
kation_ohne_raumladung,32,23191,7.926829268e-06,9.345608654e-05
kation_ohne_raumladung,32,23591,7.926829268e-06,9.670428430e-05
kation_ohne_raumladung,32,23991,7.926829268e-06,1.000000000e-04
kation_ohne_raumladung,36,1,8.902439024e-06,1.000001736e-07
kation_ohne_raumladung,36,400,8.902439024e-06,1.277730559e-07
kation_ohne_raumladung,36,800,8.902439024e-06,2.110922237e-07
kation_ohne_raumladung,36,1200,8.902439024e-06,3.499575034e-07
kation_ohne_raumladung,36,1600,8.902439024e-06,5.443688949e-07
kation_ohne_raumladung,36,2000,8.902439024e-06,7.943263983e-07
kation_ohne_raumladung,36,2400,8.902439024e-06,1.099830014e-06
kation_ohne_raumladung,36,2799,8.902439024e-06,1.459907857e-06
kation_ohne_raumladung,36,3199,8.902439024e-06,1.876364831e-06
kation_ohne_raumladung,36,3599,8.902439024e-06,2.348367917e-06
kation_ohne_raumladung,36,3999,8.902439024e-06,2.875917114e-06
kation_ohne_raumladung,36,4399,8.902439024e-06,3.459012423e-06
kation_ohne_raumladung,36,4799,8.902439024e-06,4.097653844e-06
kation_ohne_raumladung,36,5198,8.902439024e-06,4.790036650e-06
kation_ohne_raumladung,36,5598,8.902439024e-06,5.539631429e-06
kation_ohne_raumladung,36,5998,8.902439024e-06,6.344772321e-06
kation_ohne_raumladung,36,6398,8.902439024e-06,7.205459324e-06
kation_ohne_raumladung,36,6798,8.902439024e-06,8.121692439e-06
kation_ohne_raumladung,36,7198,8.902439024e-06,9.093471666e-06
kation_ohne_raumladung,36,7597,8.902439024e-06,1.011815943e-05
kation_ohne_raumladung,36,7997,8.902439024e-06,1.120089202e-05
kation_ohne_raumladung,36,8397,8.902439024e-06,1.233917072e-05
kation_ohne_raumladung,36,8797,8.902439024e-06,1.353299552e-05
kation_ohne_raumladung,36,9197,8.902439024e-06,1.478236645e-05
kation_ohne_raumladung,36,9597,8.902439024e-06,1.608728348e-05
kation_ohne_raumladung,36,9996,8.902439024e-06,1.744427621e-05
kation_ohne_raumladung,36,10396,8.902439024e-06,1.886014660e-05
kation_ohne_raumladung,36,10796,8.902439024e-06,2.033156310e-05
kation_ohne_raumladung,36,11196,8.902439024e-06,2.185852572e-05
kation_ohne_raumladung,36,11596,8.902439024e-06,2.344103444e-05
kation_ohne_raumladung,36,11996,8.902439024e-06,2.507908928e-05
kation_ohne_raumladung,36,12395,8.902439024e-06,2.676838697e-05
kation_ohne_raumladung,36,12795,8.902439024e-06,2.851739517e-05
kation_ohne_raumladung,36,13195,8.902439024e-06,3.032194948e-05
kation_ohne_raumladung,36,13595,8.902439024e-06,3.218204990e-05
kation_ohne_raumladung,36,13995,8.902439024e-06,3.409769643e-05
kation_ohne_raumladung,36,14395,8.902439024e-06,3.606888908e-05
kation_ohne_raumladung,36,14794,8.902439024e-06,3.809049173e-05
kation_ohne_raumladung,36,15194,8.902439024e-06,4.017263773e-05
kation_ohne_raumladung,36,15594,8.902439024e-06,4.231032985e-05
kation_ohne_raumladung,36,15994,8.902439024e-06,4.450356807e-05
kation_ohne_raumladung,36,16394,8.902439024e-06,4.675235241e-05
kation_ohne_raumladung,36,16794,8.902439024e-06,4.905668286e-05
kation_ohne_raumladung,36,17193,8.902439024e-06,5.141059047e-05
kation_ohne_raumladung,36,17593,8.902439024e-06,5.382587428e-05
kation_ohne_raumladung,36,17993,8.902439024e-06,5.629670420e-05
kation_ohne_raumladung,36,18393,8.902439024e-06,5.882308024e-05
kation_ohne_raumladung,36,18793,8.902439024e-06,6.140500238e-05
kation_ohne_raumladung,36,19193,8.902439024e-06,6.404247064e-05
kation_ohne_raumladung,36,19592,8.902439024e-06,6.672868321e-05
kation_ohne_raumladung,36,19992,8.902439024e-06,6.947710483e-05
kation_ohne_raumladung,36,20392,8.902439024e-06,7.228107255e-05
kation_ohne_raumladung,36,20792,8.902439024e-06,7.514058639e-05
kation_ohne_raumladung,36,21192,8.902439024e-06,7.805564634e-05
kation_ohne_raumladung,36,21592,8.902439024e-06,8.102625241e-05
kation_ohne_raumladung,36,21991,8.902439024e-06,8.404476994e-05
kation_ohne_raumladung,36,22391,8.902439024e-06,8.712632936e-05
kation_ohne_raumladung,36,22791,8.902439024e-06,9.026343489e-05
kation_ohne_raumladung,36,23191,8.902439024e-06,9.345608654e-05
kation_ohne_raumladung,36,23591,8.902439024e-06,9.670428430e-05
kation_ohne_raumladung,36,23991,8.902439024e-06,1.000000000e-04
kation_ohne_raumladung,40,1,9.878048780e-06,1.000001736e-07
kation_ohne_raumladung,40,400,9.878048780e-06,1.277730559e-07
kation_ohne_raumladung,40,800,9.878048780e-06,2.110922237e-07
kation_ohne_raumladung,40,1200,9.878048780e-06,3.499575034e-07
kation_ohne_raumladung,40,1600,9.878048780e-06,5.443688949e-07
kation_ohne_raumladung,40,2000,9.878048780e-06,7.943263983e-07
kation_ohne_raumladung,40,2400,9.878048780e-06,1.099830014e-06
kation_ohne_raumladung,40,2799,9.878048780e-06,1.459907857e-06
kation_ohne_raumladung,40,3199,9.878048780e-06,1.876364831e-06
kation_ohne_raumladung,40,3599,9.878048780e-06,2.348367917e-06
kation_ohne_raumladung,40,3999,9.878048780e-06,2.875917114e-06
kation_ohne_raumladung,40,4399,9.878048780e-06,3.459012423e-06
kation_ohne_raumladung,40,4799,9.878048780e-06,4.097653844e-06
kation_ohne_raumladung,40,5198,9.878048780e-06,4.790036650e-06
kation_ohne_raumladung,40,5598,9.878048780e-06,5.539631429e-06
kation_ohne_raumladung,40,5998,9.878048780e-06,6.344772321e-06
kation_ohne_raumladung,40,6398,9.878048780e-06,7.205459324e-06
kation_ohne_raumladung,40,6798,9.878048780e-06,8.121692439e-06
kation_ohne_raumladung,40,7198,9.878048780e-06,9.093471666e-06
kation_ohne_raumladung,40,7597,9.878048780e-06,1.011815943e-05
kation_ohne_raumladung,40,7997,9.878048780e-06,1.120089202e-05
kation_ohne_raumladung,40,8397,9.878048780e-06,1.233917072e-05
kation_ohne_raumladung,40,8797,9.878048780e-06,1.353299552e-05
kation_ohne_raumladung,40,9197,9.878048780e-06,1.478236645e-05
kation_ohne_raumladung,40,9597,9.878048780e-06,1.608728348e-05
kation_ohne_raumladung,40,9996,9.878048780e-06,1.744427621e-05
kation_ohne_raumladung,40,10396,9.878048780e-06,1.886014660e-05
kation_ohne_raumladung,40,10796,9.878048780e-06,2.033156310e-05
kation_ohne_raumladung,40,11196,9.878048780e-06,2.185852572e-05
kation_ohne_raumladung,40,11596,9.878048780e-06,2.344103444e-05
kation_ohne_raumladung,40,11996,9.878048780e-06,2.507908928e-05
kation_ohne_raumladung,40,12395,9.878048780e-06,2.676838697e-05
kation_ohne_raumladung,40,12795,9.878048780e-06,2.851739517e-05
kation_ohne_raumladung,40,13195,9.878048780e-06,3.032194948e-05
kation_ohne_raumladung,40,13595,9.878048780e-06,3.218204990e-05
kation_ohne_raumladung,40,13995,9.878048780e-06,3.409769643e-05
kation_ohne_raumladung,40,14395,9.878048780e-06,3.606888908e-05
kation_ohne_raumladung,40,14794,9.878048780e-06,3.809049173e-05
kation_ohne_raumladung,40,15194,9.878048780e-06,4.017263773e-05
kation_ohne_raumladung,40,15594,9.878048780e-06,4.231032985e-05
kation_ohne_raumladung,40,15994,9.878048780e-06,4.450356807e-05
kation_ohne_raumladung,40,16394,9.878048780e-06,4.675235241e-05
kation_ohne_raumladung,40,16794,9.878048780e-06,4.905668286e-05
kation_ohne_raumladung,40,17193,9.878048780e-06,5.141059047e-05
kation_ohne_raumladung,40,17593,9.878048780e-06,5.382587428e-05
kation_ohne_raumladung,40,17993,9.878048780e-06,5.629670420e-05
kation_ohne_raumladung,40,18393,9.878048780e-06,5.882308024e-05
kation_ohne_raumladung,40,18793,9.878048780e-06,6.140500238e-05
kation_ohne_raumladung,40,19193,9.878048780e-06,6.404247064e-05
kation_ohne_raumladung,40,19592,9.878048780e-06,6.672868321e-05
kation_ohne_raumladung,40,19992,9.878048780e-06,6.947710483e-05
kation_ohne_raumladung,40,20392,9.878048780e-06,7.228107255e-05
kation_ohne_raumladung,40,20792,9.878048780e-06,7.514058639e-05
kation_ohne_raumladung,40,21192,9.878048780e-06,7.805564634e-05
kation_ohne_raumladung,40,21592,9.878048780e-06,8.102625241e-05
kation_ohne_raumladung,40,21991,9.878048780e-06,8.404476994e-05
kation_ohne_raumladung,40,22391,9.878048780e-06,8.712632936e-05
kation_ohne_raumladung,40,22791,9.878048780e-06,9.026343489e-05
kation_ohne_raumladung,40,23191,9.878048780e-06,9.345608654e-05
kation_ohne_raumladung,40,23591,9.878048780e-06,9.670428430e-05
kation_ohne_raumladung,40,23991,9.878048780e-06,1.000000000e-04
kation_mit_raumladung,0,1,1.219512193e-07,1.000001326e-07
kation_mit_raumladung,0,429,1.219169959e-07,1.244007043e-07
kation_mit_raumladung,0,858,1.218134469e-07,1.976114310e-07
kation_mit_raumladung,0,1287,1.216379383e-07,3.196580242e-07
kation_mit_raumladung,0,1716,1.213860808e-07,4.905835638e-07
kation_mit_raumladung,0,2145,1.210517306e-07,7.104483763e-07
kation_mit_raumladung,0,2574,1.206262465e-07,9.793340009e-07
kation_mit_raumladung,0,3003,1.200828036e-07,1.297426535e-06
kation_mit_raumladung,0,3432,1.193738294e-07,1.665030730e-06
kation_mit_raumladung,0,3861,1.184479513e-07,2.082560804e-06
kation_mit_raumladung,0,4290,1.172640712e-07,2.550730880e-06
kation_mit_raumladung,0,4719,1.158242354e-07,3.070351921e-06
kation_mit_raumladung,0,5148,1.142573952e-07,3.642141452e-06
kation_mit_raumladung,0,5576,1.126557678e-07,4.264860713e-06
kation_mit_raumladung,0,6005,1.109687355e-07,4.941520338e-06
kation_mit_raumladung,0,6434,1.090254680e-07,5.671562084e-06
kation_mit_raumladung,0,6863,1.068682702e-07,6.456315824e-06
kation_mit_raumladung,0,7292,1.046629237e-07,7.296405454e-06
kation_mit_raumladung,0,7721,1.024444084e-07,8.191918606e-06
kation_mit_raumladung,0,8150,1.002468499e-07,9.142922853e-06
kation_mit_raumladung,0,8579,9.824531226e-08,1.014892748e-05
kation_mit_raumladung,0,9008,9.645880036e-08,1.121018692e-05
kation_mit_raumladung,0,9437,9.486207075e-08,1.232888640e-05
kation_mit_raumladung,0,9866,9.337815600e-08,1.350514001e-05
kation_mit_raumladung,0,10295,9.188109602e-08,1.473880317e-05
kation_mit_raumladung,0,10723,9.039188831e-08,1.602669525e-05
kation_mit_raumladung,0,11152,8.878733541e-08,1.737545880e-05
kation_mit_raumladung,0,11581,8.718296124e-08,1.878270655e-05
kation_mit_raumladung,0,12010,8.567690896e-08,2.024809880e-05
kation_mit_raumladung,0,12439,8.461878846e-08,2.177065198e-05
kation_mit_raumladung,0,12868,8.404183521e-08,2.335277222e-05
kation_mit_raumladung,0,13297,8.359306196e-08,2.499471449e-05
kation_mit_raumladung,0,13726,8.316234295e-08,2.669608999e-05
kation_mit_raumladung,0,14155,8.263279851e-08,2.845743366e-05
kation_mit_raumladung,0,14584,8.212281439e-08,3.027928658e-05
kation_mit_raumladung,0,15013,8.165547438e-08,3.216112231e-05
kation_mit_raumladung,0,15442,8.110788051e-08,3.410381273e-05
kation_mit_raumladung,0,15870,8.057737304e-08,3.610327101e-05
kation_mit_raumladung,0,16299,8.002871188e-08,3.816877218e-05
kation_mit_raumladung,0,16728,7.944433944e-08,4.029633381e-05
kation_mit_raumladung,0,17157,7.926316470e-08,4.248542297e-05
kation_mit_raumladung,0,17586,8.164892539e-08,4.473663931e-05
kation_mit_raumladung,0,18015,8.453524447e-08,4.705152507e-05
kation_mit_raumladung,0,18444,8.738396711e-08,4.942969792e-05
kation_mit_raumladung,0,18873,9.021881411e-08,5.187201081e-05
kation_mit_raumladung,0,19302,9.314055845e-08,5.437801855e-05
kation_mit_raumladung,0,19731,9.611850871e-08,5.694907815e-05
kation_mit_raumladung,0,20160,9.909082228e-08,5.958525932e-05
kation_mit_raumladung,0,20589,1.020348854e-07,6.228716992e-05
kation_mit_raumladung,0,21017,1.052219576e-07,6.504791195e-05
kation_mit_raumladung,0,21446,1.087027541e-07,6.788188413e-05
kation_mit_raumladung,0,21875,1.121710107e-07,7.078284082e-05
kation_mit_raumladung,0,22304,1.156268329e-07,7.375150147e-05
kation_mit_raumladung,0,22733,1.190395876e-07,7.678791778e-05
kation_mit_raumladung,0,23162,1.224334104e-07,7.989314812e-05
kation_mit_raumladung,0,23591,1.257889097e-07,8.306759066e-05
kation_mit_raumladung,0,24020,1.305751988e-07,8.631108563e-05
kation_mit_raumladung,0,24449,1.381502389e-07,8.962546590e-05
kation_mit_raumladung,0,24878,1.456910031e-07,9.301136137e-05
kation_mit_raumladung,0,25307,1.532404761e-07,9.647013496e-05
kation_mit_raumladung,0,25736,1.608656239e-07,1.000000000e-04
kation_mit_raumladung,4,1,1.097560975e-06,1.000001315e-07
kation_mit_raumladung,4,430,1.097392539e-06,1.243104269e-07
kation_mit_raumladung,4,859,1.096886406e-06,1.970357760e-07
kation_mit_raumladung,4,1288,1.096035404e-06,3.182362658e-07
kation_mit_raumladung,4,1717,1.094827525e-06,4.880119309e-07
kation_mit_raumladung,4,2146,1.093245832e-06,7.065026767e-07
kation_mit_raumladung,4,2575,1.091271870e-06,9.738891816e-07
kation_mit_raumladung,4,3004,1.088966502e-06,1.290415854e-06
kation_mit_raumladung,4,3433,1.086486148e-06,1.656394646e-06
kation_mit_raumladung,4,3862,1.084030546e-06,2.072252655e-06
kation_mit_raumladung,4,4291,1.081902357e-06,2.538777948e-06
kation_mit_raumladung,4,4720,1.080361027e-06,3.056906550e-06
kation_mit_raumladung,4,5149,1.079376823e-06,3.627542649e-06
kation_mit_raumladung,4,5578,1.079022694e-06,4.251071713e-06
kation_mit_raumladung,4,6007,1.079667804e-06,4.927523049e-06
kation_mit_raumladung,4,6436,1.081902392e-06,5.657501060e-06
kation_mit_raumladung,4,6865,1.085569533e-06,6.441884704e-06
kation_mit_raumladung,4,7294,1.089908142e-06,7.281172253e-06
kation_mit_raumladung,4,7723,1.094458917e-06,8.175699785e-06
kation_mit_raumladung,4,8152,1.099295324e-06,9.125948778e-06
kation_mit_raumladung,4,8581,1.104972528e-06,1.013206334e-05
kation_mit_raumladung,4,9010,1.112393400e-06,1.119407455e-05
kation_mit_raumladung,4,9439,1.121391939e-06,1.231266356e-05
kation_mit_raumladung,4,9868,1.131235032e-06,1.348819681e-05
kation_mit_raumladung,4,10297,1.141840065e-06,1.472124120e-05
kation_mit_raumladung,4,10726,1.153458068e-06,1.601175548e-05
kation_mit_raumladung,4,11155,1.166463042e-06,1.736010616e-05
kation_mit_raumladung,4,11584,1.180071554e-06,1.876670893e-05
kation_mit_raumladung,4,12013,1.194157099e-06,2.023179042e-05
kation_mit_raumladung,4,12442,1.209513529e-06,2.175531401e-05
kation_mit_raumladung,4,12871,1.226422385e-06,2.333749160e-05
kation_mit_raumladung,4,13300,1.244595478e-06,2.497900498e-05
kation_mit_raumladung,4,13729,1.263985841e-06,2.668018990e-05
kation_mit_raumladung,4,14158,1.284827657e-06,2.844121518e-05
kation_mit_raumladung,4,14587,1.306451073e-06,3.026248578e-05
kation_mit_raumladung,4,15016,1.329097962e-06,3.214433790e-05
kation_mit_raumladung,4,15445,1.353099771e-06,3.408678079e-05
kation_mit_raumladung,4,15874,1.378210145e-06,3.609048326e-05
kation_mit_raumladung,4,16303,1.404585734e-06,3.815573502e-05
kation_mit_raumladung,4,16732,1.432135239e-06,4.028286454e-05
kation_mit_raumladung,4,17161,1.460598583e-06,4.247227007e-05
kation_mit_raumladung,4,17590,1.490493168e-06,4.472397490e-05
kation_mit_raumladung,4,18019,1.522070134e-06,4.703867796e-05
kation_mit_raumladung,4,18448,1.555108255e-06,4.941680773e-05
kation_mit_raumladung,4,18877,1.589586683e-06,5.185877213e-05
kation_mit_raumladung,4,19306,1.625365310e-06,5.436498468e-05
kation_mit_raumladung,4,19735,1.662753524e-06,5.693577139e-05
kation_mit_raumladung,4,20164,1.701590590e-06,5.957175516e-05
kation_mit_raumladung,4,20593,1.741859971e-06,6.227328332e-05
kation_mit_raumladung,4,21022,1.783486946e-06,6.504082638e-05
kation_mit_raumladung,4,21451,1.826852983e-06,6.787475192e-05
kation_mit_raumladung,4,21880,1.871847840e-06,7.077571691e-05
kation_mit_raumladung,4,22309,1.918510102e-06,7.374421103e-05
kation_mit_raumladung,4,22738,1.966751291e-06,7.678070723e-05
kation_mit_raumladung,4,23167,2.016775734e-06,7.988578721e-05
kation_mit_raumladung,4,23596,2.068407247e-06,8.306002367e-05
kation_mit_raumladung,4,24025,2.121691885e-06,8.630402501e-05
kation_mit_raumladung,4,24454,2.176878332e-06,8.961842977e-05
kation_mit_raumladung,4,24883,2.233891997e-06,9.300429685e-05
kation_mit_raumladung,4,25312,2.292513823e-06,9.646298532e-05
kation_mit_raumladung,4,25742,2.352309796e-06,1.000000000e-04
kation_mit_raumladung,8,1,2.073170733e-06,1.000001314e-07
kation_mit_raumladung,8,429,2.073363824e-06,1.241889453e-07
kation_mit_raumladung,8,858,2.073948297e-06,1.967850851e-07
kation_mit_raumladung,8,1286,2.074936919e-06,3.175375665e-07
kation_mit_raumladung,8,1715,2.076360137e-06,4.871567743e-07
kation_mit_raumladung,8,2144,2.078252202e-06,7.056219911e-07
kation_mit_raumladung,8,2572,2.080653301e-06,9.725190080e-07
kation_mit_raumladung,8,3001,2.083637973e-06,1.289507643e-06
kation_mit_raumladung,8,3430,2.087282269e-06,1.656601404e-06
kation_mit_raumladung,8,3858,2.091652941e-06,2.073380844e-06
kation_mit_raumladung,8,4287,2.096797090e-06,2.542220904e-06
kation_mit_raumladung,8,4715,2.102726379e-06,3.061367866e-06
kation_mit_raumladung,8,5144,2.109577859e-06,3.633821056e-06
kation_mit_raumladung,8,5573,2.117518962e-06,4.259162037e-06
kation_mit_raumladung,8,6001,2.126700517e-06,4.936433408e-06
kation_mit_raumladung,8,6430,2.137218992e-06,5.669045438e-06
kation_mit_raumladung,8,6859,2.149226667e-06,6.455818030e-06
kation_mit_raumladung,8,7287,2.162939998e-06,7.295428268e-06
kation_mit_raumladung,8,7716,2.178354745e-06,8.192274535e-06
kation_mit_raumladung,8,8145,2.195357688e-06,9.144653140e-06
kation_mit_raumladung,8,8573,2.214056419e-06,1.015065684e-05
kation_mit_raumladung,8,9002,2.234583758e-06,1.121527086e-05
kation_mit_raumladung,8,9430,2.257047224e-06,1.233370225e-05
kation_mit_raumladung,8,9859,2.281505461e-06,1.351165925e-05
kation_mit_raumladung,8,10288,2.307889918e-06,1.474687076e-05
kation_mit_raumladung,8,10716,2.336209867e-06,1.603666414e-05
kation_mit_raumladung,8,11145,2.366607633e-06,1.738715911e-05
kation_mit_raumladung,8,11574,2.399050048e-06,1.879584570e-05
kation_mit_raumladung,8,12002,2.433361722e-06,2.025940883e-05
kation_mit_raumladung,8,12431,2.469828255e-06,2.178503094e-05
kation_mit_raumladung,8,12860,2.508503248e-06,2.336950206e-05
kation_mit_raumladung,8,13288,2.549374136e-06,2.500930010e-05
kation_mit_raumladung,8,13717,2.592672054e-06,2.671245643e-05
kation_mit_raumladung,8,14145,2.638160351e-06,2.847130227e-05
kation_mit_raumladung,8,14574,2.686107929e-06,3.029437340e-05
kation_mit_raumladung,8,15003,2.736377732e-06,3.217796861e-05
kation_mit_raumladung,8,15431,2.788853533e-06,3.411774232e-05
kation_mit_raumladung,8,15860,2.843944576e-06,3.612312945e-05
kation_mit_raumladung,8,16289,2.901510187e-06,3.819004697e-05
kation_mit_raumladung,8,16717,2.961421729e-06,4.031378509e-05
kation_mit_raumladung,8,17146,3.024011572e-06,4.250463310e-05
kation_mit_raumladung,8,17574,3.089085967e-06,4.475270932e-05
kation_mit_raumladung,8,18003,3.157069170e-06,4.706893411e-05
kation_mit_raumladung,8,18432,3.227884321e-06,4.944855744e-05
kation_mit_raumladung,8,18860,3.301372146e-06,5.188621583e-05
kation_mit_raumladung,8,19289,3.377929418e-06,5.439372871e-05
kation_mit_raumladung,8,19718,3.457474762e-06,5.696588235e-05
kation_mit_raumladung,8,20146,3.539838187e-06,5.959692451e-05
kation_mit_raumladung,8,20575,3.625467905e-06,6.229958589e-05
kation_mit_raumladung,8,21004,3.714215616e-06,6.506826898e-05
kation_mit_raumladung,8,21432,3.806016902e-06,6.789674149e-05
kation_mit_raumladung,8,21861,3.901363190e-06,7.079873893e-05
kation_mit_raumladung,8,22289,3.999876569e-06,7.376122888e-05
kation_mit_raumladung,8,22718,4.102069689e-06,7.679858518e-05
kation_mit_raumladung,8,23147,4.207811036e-06,7.990449611e-05
kation_mit_raumladung,8,23575,4.316877632e-06,8.307205995e-05
kation_mit_raumladung,8,24004,4.429867748e-06,8.631669604e-05
kation_mit_raumladung,8,24433,4.546594470e-06,8.963177874e-05
kation_mit_raumladung,8,24861,4.666735990e-06,9.301018538e-05
kation_mit_raumladung,8,25290,4.790525084e-06,9.646886795e-05
kation_mit_raumladung,8,25719,4.916719220e-06,1.000000000e-04
kation_mit_raumladung,12,1,3.048780488e-06,1.000001335e-07
kation_mit_raumladung,12,428,3.048881008e-06,1.244543593e-07
kation_mit_raumladung,12,856,3.049188303e-06,1.978339621e-07
kation_mit_raumladung,12,1284,3.049719579e-06,3.201884031e-07
kation_mit_raumladung,12,1712,3.050503560e-06,4.916004095e-07
kation_mit_raumladung,12,2140,3.051580542e-06,7.121859484e-07
kation_mit_raumladung,12,2568,3.053004527e-06,9.821005267e-07
kation_mit_raumladung,12,2995,3.054879569e-06,1.300859189e-06
kation_mit_raumladung,12,3423,3.057384860e-06,1.670456998e-06
kation_mit_raumladung,12,3851,3.060718074e-06,2.090771997e-06
kation_mit_raumladung,12,4279,3.065114617e-06,2.562365297e-06
kation_mit_raumladung,12,4707,3.070811787e-06,3.085792380e-06
kation_mit_raumladung,12,5135,3.077989931e-06,3.661520836e-06
kation_mit_raumladung,12,5563,3.086796999e-06,4.290065221e-06
kation_mit_raumladung,12,5990,3.097361695e-06,4.970308312e-06
kation_mit_raumladung,12,6418,3.109941006e-06,5.705895365e-06
kation_mit_raumladung,12,6846,3.124648951e-06,6.495718535e-06
kation_mit_raumladung,12,7274,3.141557956e-06,7.340218791e-06
kation_mit_raumladung,12,7702,3.160791547e-06,8.239765928e-06
kation_mit_raumladung,12,8130,3.182435101e-06,9.194776223e-06
kation_mit_raumladung,12,8558,3.206553551e-06,1.020558608e-05
kation_mit_raumladung,12,8985,3.233257289e-06,1.126992070e-05
kation_mit_raumladung,12,9413,3.262690488e-06,1.239309257e-05
kation_mit_raumladung,12,9841,3.294848644e-06,1.357298884e-05
kation_mit_raumladung,12,10269,3.329790898e-06,1.480992022e-05
kation_mit_raumladung,12,10697,3.367523433e-06,1.610418128e-05
kation_mit_raumladung,12,11125,3.408153727e-06,1.745603334e-05
kation_mit_raumladung,12,11552,3.451554191e-06,1.886237777e-05
kation_mit_raumladung,12,11980,3.497987059e-06,2.033009593e-05
kation_mit_raumladung,12,12408,3.547397833e-06,2.185624655e-05
kation_mit_raumladung,12,12836,3.599939638e-06,2.344106379e-05
kation_mit_raumladung,12,13264,3.655671922e-06,2.508486437e-05
kation_mit_raumladung,12,13692,3.714601200e-06,2.678797169e-05
kation_mit_raumladung,12,14120,3.776756997e-06,2.855067191e-05
kation_mit_raumladung,12,14547,3.842067642e-06,3.036895575e-05
kation_mit_raumladung,12,14975,3.910856313e-06,3.225164870e-05
kation_mit_raumladung,12,15403,3.983008613e-06,3.419489529e-05
kation_mit_raumladung,12,15831,4.058634636e-06,3.619901480e-05
kation_mit_raumladung,12,16259,4.137773866e-06,3.826436317e-05
kation_mit_raumladung,12,16687,4.220462968e-06,4.039129709e-05
kation_mit_raumladung,12,17115,4.306811378e-06,4.258017281e-05
kation_mit_raumladung,12,17542,4.396686498e-06,4.482603795e-05
kation_mit_raumladung,12,17970,4.490632899e-06,4.713978637e-05
kation_mit_raumladung,12,18398,4.588525775e-06,4.951663676e-05
kation_mit_raumladung,12,18826,4.690410585e-06,5.195699750e-05
kation_mit_raumladung,12,19254,4.796368434e-06,5.446130118e-05
kation_mit_raumladung,12,19682,4.906521423e-06,5.702996301e-05
kation_mit_raumladung,12,20109,5.020656707e-06,5.965719714e-05
kation_mit_raumladung,12,20537,5.139408090e-06,6.235575246e-05
kation_mit_raumladung,12,20965,5.262590504e-06,6.512004432e-05
kation_mit_raumladung,12,21393,5.390365501e-06,6.795052601e-05
kation_mit_raumladung,12,21821,5.522828742e-06,7.084768647e-05
kation_mit_raumladung,12,22249,5.660080987e-06,7.381201745e-05
kation_mit_raumladung,12,22677,5.802186699e-06,7.684406716e-05
kation_mit_raumladung,12,23104,5.948892546e-06,7.993702127e-05
kation_mit_raumladung,12,23532,6.100893540e-06,8.310593576e-05
kation_mit_raumladung,12,23960,6.257796337e-06,8.634425600e-05
kation_mit_raumladung,12,24388,6.419386665e-06,8.965266927e-05
kation_mit_raumladung,12,24816,6.585371525e-06,9.303190790e-05
kation_mit_raumladung,12,25244,6.755179396e-06,9.648292553e-05
kation_mit_raumladung,12,25672,6.927256409e-06,1.000000000e-04
kation_mit_raumladung,16,1,4.024390245e-06,1.000001352e-07
kation_mit_raumladung,16,427,4.024648446e-06,1.246496595e-07
kation_mit_raumladung,16,854,4.025432323e-06,1.986186833e-07
kation_mit_raumladung,16,1281,4.026769696e-06,3.219672246e-07
kation_mit_raumladung,16,1708,4.028706947e-06,4.947955928e-07
kation_mit_raumladung,16,2135,4.031309057e-06,7.172443328e-07
kation_mit_raumladung,16,2562,4.034661023e-06,9.894982688e-07
kation_mit_raumladung,16,2989,4.038893638e-06,1.311858743e-06
kation_mit_raumladung,16,3415,4.044174060e-06,1.683817622e-06
kation_mit_raumladung,16,3842,4.050729856e-06,2.107596921e-06
kation_mit_raumladung,16,4269,4.058747097e-06,2.582864868e-06
kation_mit_raumladung,16,4696,4.068458539e-06,3.110124231e-06
kation_mit_raumladung,16,5123,4.080152065e-06,3.689866647e-06
kation_mit_raumladung,16,5550,4.094091145e-06,4.322531675e-06
kation_mit_raumladung,16,5977,4.110477644e-06,5.008545408e-06
kation_mit_raumladung,16,6404,4.129454862e-06,5.748382280e-06
kation_mit_raumladung,16,6830,4.151135039e-06,6.540530622e-06
kation_mit_raumladung,16,7257,4.175806080e-06,7.389027454e-06
kation_mit_raumladung,16,7684,4.203585091e-06,8.292460170e-06
kation_mit_raumladung,16,8111,4.234587436e-06,9.251205626e-06
kation_mit_raumladung,16,8538,4.268913066e-06,1.026556757e-05
kation_mit_raumladung,16,8965,4.306663218e-06,1.133584370e-05
kation_mit_raumladung,16,9392,4.347906464e-06,1.246237912e-05
kation_mit_raumladung,16,9818,4.392653961e-06,1.364257352e-05
kation_mit_raumladung,16,10245,4.441201600e-06,1.488226480e-05
kation_mit_raumladung,16,10672,4.493481004e-06,1.617903931e-05
kation_mit_raumladung,16,11099,4.549577996e-06,1.753315903e-05
kation_mit_raumladung,16,11526,4.609513651e-06,1.894490182e-05
kation_mit_raumladung,16,11953,4.673330065e-06,2.041454355e-05
kation_mit_raumladung,16,12380,4.741154158e-06,2.194237449e-05
kation_mit_raumladung,16,12807,4.813114070e-06,2.352866028e-05
kation_mit_raumladung,16,13233,4.889049024e-06,2.516975075e-05
kation_mit_raumladung,16,13660,4.969389834e-06,2.687365926e-05
kation_mit_raumladung,16,14087,5.054050482e-06,2.863688970e-05
kation_mit_raumladung,16,14514,5.143073319e-06,3.045974833e-05
kation_mit_raumladung,16,14941,5.236519740e-06,3.234257771e-05
kation_mit_raumladung,16,15368,5.334487754e-06,3.428569481e-05
kation_mit_raumladung,16,15795,5.437091695e-06,3.628940215e-05
kation_mit_raumladung,16,16221,5.544112244e-06,3.834916368e-05
kation_mit_raumladung,16,16648,5.656155181e-06,4.047498302e-05
kation_mit_raumladung,16,17075,5.773043569e-06,4.266247163e-05
kation_mit_raumladung,16,17502,5.894818208e-06,4.491205957e-05
kation_mit_raumladung,16,17929,6.021603628e-06,4.722406025e-05
kation_mit_raumladung,16,18356,6.153404522e-06,4.959887918e-05
kation_mit_raumladung,16,18783,6.290156681e-06,5.203691491e-05
kation_mit_raumladung,16,19210,6.431798138e-06,5.453860023e-05
kation_mit_raumladung,16,19636,6.577831206e-06,5.709828494e-05
kation_mit_raumladung,16,20063,6.728832178e-06,5.972840067e-05
kation_mit_raumladung,16,20490,6.884336777e-06,6.242347211e-05
kation_mit_raumladung,16,20917,7.044229188e-06,6.518397044e-05
kation_mit_raumladung,16,21344,7.208351378e-06,6.801037479e-05
kation_mit_raumladung,16,21771,7.376583712e-06,7.090315115e-05
kation_mit_raumladung,16,22198,7.548805800e-06,7.386279812e-05
kation_mit_raumladung,16,22624,7.724477127e-06,7.688266804e-05
kation_mit_raumladung,16,23051,7.904281697e-06,7.997746201e-05
kation_mit_raumladung,16,23478,8.087677276e-06,8.314071869e-05
kation_mit_raumladung,16,23905,8.274501810e-06,8.637302399e-05
kation_mit_raumladung,16,24332,8.464530193e-06,8.967500048e-05
kation_mit_raumladung,16,24759,8.657452441e-06,9.304731415e-05
kation_mit_raumladung,16,25186,8.852759878e-06,9.649070981e-05
kation_mit_raumladung,16,25613,9.049197401e-06,1.000000000e-04
kation_mit_raumladung,20,1,5.000000002e-06,1.000001376e-07
kation_mit_raumladung,20,426,5.000323500e-06,1.249797603e-07
kation_mit_raumladung,20,852,5.001305585e-06,1.999369493e-07
kation_mit_raumladung,20,1277,5.002976272e-06,3.245732285e-07
kation_mit_raumladung,20,1703,5.005401439e-06,4.995643617e-07
kation_mit_raumladung,20,2129,5.008659697e-06,7.248008598e-07
kation_mit_raumladung,20,2554,5.012848578e-06,9.997420448e-07
kation_mit_raumladung,20,2980,5.018169950e-06,1.325967726e-06
kation_mit_raumladung,20,3405,5.024855749e-06,1.702352649e-06
kation_mit_raumladung,20,3831,5.033226289e-06,2.131100485e-06
kation_mit_raumladung,20,4257,5.043558157e-06,2.611752868e-06
kation_mit_raumladung,20,4682,5.056131173e-06,3.143369967e-06
kation_mit_raumladung,20,5108,5.071328618e-06,3.728835001e-06
kation_mit_raumladung,20,5533,5.089366244e-06,4.365828544e-06
kation_mit_raumladung,20,5959,5.110561900e-06,5.057759933e-06
kation_mit_raumladung,20,6385,5.135075734e-06,5.803525506e-06
kation_mit_raumladung,20,6810,5.163054913e-06,6.601525147e-06
kation_mit_raumladung,20,7236,5.194822203e-06,7.455844395e-06
kation_mit_raumladung,20,7661,5.230378422e-06,8.362790158e-06
kation_mit_raumladung,20,8087,5.270016427e-06,9.326973865e-06
kation_mit_raumladung,20,8513,5.313752653e-06,1.034664417e-05
kation_mit_raumladung,20,8938,5.361621587e-06,1.141953621e-05
kation_mit_raumladung,20,9364,5.413976375e-06,1.255090741e-05
kation_mit_raumladung,20,9789,5.470692208e-06,1.373573145e-05
kation_mit_raumladung,20,10215,5.532125474e-06,1.497983743e-05
kation_mit_raumladung,20,10641,5.598176222e-06,1.628080590e-05
kation_mit_raumladung,20,11066,5.668767153e-06,1.763564894e-05
kation_mit_raumladung,20,11492,5.744327219e-06,1.905097303e-05
kation_mit_raumladung,20,11917,5.824532553e-06,2.052042182e-05
kation_mit_raumladung,20,12343,5.909768613e-06,2.205123256e-05
kation_mit_raumladung,20,12769,5.999920088e-06,2.364028502e-05
kation_mit_raumladung,20,13194,6.094811858e-06,2.528387408e-05
kation_mit_raumladung,20,13620,6.194875239e-06,2.699001913e-05
kation_mit_raumladung,20,14045,6.299562360e-06,2.875103637e-05
kation_mit_raumladung,20,14471,6.409329073e-06,3.057548512e-05
kation_mit_raumladung,20,14897,6.523870426e-06,3.245962540e-05
kation_mit_raumladung,20,15322,6.642770943e-06,3.439917469e-05
kation_mit_raumladung,20,15748,6.766478948e-06,3.640355137e-05
kation_mit_raumladung,20,16173,6.894335653e-06,3.846369151e-05
kation_mit_raumladung,20,16599,7.026836146e-06,4.058964445e-05
kation_mit_raumladung,20,17025,7.163593299e-06,4.277700175e-05
kation_mit_raumladung,20,17450,7.304150134e-06,4.502080433e-05
kation_mit_raumladung,20,17876,7.449047078e-06,4.733197109e-05
kation_mit_raumladung,20,18301,7.597514207e-06,4.970003662e-05
kation_mit_raumladung,20,18727,7.750152370e-06,5.213654658e-05
kation_mit_raumladung,20,19153,7.906520953e-06,5.463642335e-05
kation_mit_raumladung,20,19578,8.066131181e-06,5.719399897e-05
kation_mit_raumladung,20,20004,8.229639431e-06,5.982173797e-05
kation_mit_raumladung,20,20429,8.396185034e-06,6.250775031e-05
kation_mit_raumladung,20,20855,8.566455436e-06,6.526513922e-05
kation_mit_raumladung,20,21281,8.739957467e-06,6.808813079e-05
kation_mit_raumladung,20,21706,8.916177178e-06,7.097034022e-05
kation_mit_raumladung,20,22132,9.095851495e-06,7.392582293e-05
kation_mit_raumladung,20,22557,9.278039631e-06,7.694121033e-05
kation_mit_raumladung,20,22983,9.463493643e-06,8.003121174e-05
kation_mit_raumladung,20,23409,9.651676439e-06,8.318934930e-05
kation_mit_raumladung,20,23834,9.841999989e-06,8.640853027e-05
kation_mit_raumladung,20,24260,1.003517310e-05,8.970448763e-05
kation_mit_raumladung,20,24685,1.023001970e-05,9.306235140e-05
kation_mit_raumladung,20,25111,1.042702493e-05,9.649854307e-05
kation_mit_raumladung,20,25537,1.062469746e-05,1.000000000e-04
kation_mit_raumladung,24,1,5.975609758e-06,1.000001417e-07
kation_mit_raumladung,24,424,5.975998465e-06,1.254767828e-07
kation_mit_raumladung,24,848,5.977181672e-06,2.019162213e-07
kation_mit_raumladung,24,1272,5.979210608e-06,3.293455722e-07
kation_mit_raumladung,24,1696,5.982170642e-06,5.078102113e-07
kation_mit_raumladung,24,2120,5.986181234e-06,7.373735382e-07
kation_mit_raumladung,24,2544,5.991400799e-06,1.018120340e-06
kation_mit_raumladung,24,2968,5.998089370e-06,1.350201272e-06
kation_mit_raumladung,24,3392,6.006601995e-06,1.733826835e-06
kation_mit_raumladung,24,3816,6.017304855e-06,2.169246133e-06
kation_mit_raumladung,24,4240,6.030507560e-06,2.656758947e-06
kation_mit_raumladung,24,4663,6.046472517e-06,3.195345813e-06
kation_mit_raumladung,24,5087,6.065557695e-06,3.787858993e-06
kation_mit_raumladung,24,5511,6.087990658e-06,4.433358105e-06
kation_mit_raumladung,24,5935,6.113993132e-06,5.132154797e-06
kation_mit_raumladung,24,6359,6.143741572e-06,5.884617079e-06
kation_mit_raumladung,24,6783,6.177393976e-06,6.691043474e-06
kation_mit_raumladung,24,7207,6.215109605e-06,7.551667447e-06
kation_mit_raumladung,24,7631,6.257017020e-06,8.466788565e-06
kation_mit_raumladung,24,8055,6.303218915e-06,9.436691527e-06
kation_mit_raumladung,24,8479,6.353812093e-06,1.046166510e-05
kation_mit_raumladung,24,8902,6.408690726e-06,1.153940890e-05
kation_mit_raumladung,24,9326,6.468091584e-06,1.267526199e-05
kation_mit_raumladung,24,9750,6.531904293e-06,1.386696544e-05
kation_mit_raumladung,24,10174,6.600138588e-06,1.511477315e-05
kation_mit_raumladung,24,10598,6.672793808e-06,1.641894640e-05
kation_mit_raumladung,24,11022,6.749825452e-06,1.777976255e-05
kation_mit_raumladung,24,11446,6.831197671e-06,1.919745911e-05
kation_mit_raumladung,24,11870,6.916882278e-06,2.067231034e-05
kation_mit_raumladung,24,12294,7.006820613e-06,2.220460536e-05
kation_mit_raumladung,24,12718,7.100921804e-06,2.379461612e-05
kation_mit_raumladung,24,13141,7.198886485e-06,2.543864085e-05
kation_mit_raumladung,24,13565,7.301127129e-06,2.714473520e-05
kation_mit_raumladung,24,13989,7.407346799e-06,2.890937819e-05
kation_mit_raumladung,24,14413,7.517480514e-06,3.073286667e-05
kation_mit_raumladung,24,14837,7.631461519e-06,3.261551958e-05
kation_mit_raumladung,24,15261,7.749203188e-06,3.455766075e-05
kation_mit_raumladung,24,15685,7.870629244e-06,3.655960769e-05
kation_mit_raumladung,24,16109,7.995671727e-06,3.862169865e-05
kation_mit_raumladung,24,16533,8.124255622e-06,4.074428372e-05
kation_mit_raumladung,24,16957,8.256307319e-06,4.292772681e-05
kation_mit_raumladung,24,17380,8.391416004e-06,4.516703550e-05
kation_mit_raumladung,24,17804,8.530136721e-06,4.747316631e-05
kation_mit_raumladung,24,18228,8.672081689e-06,4.984128160e-05
kation_mit_raumladung,24,18652,8.817177485e-06,5.227177967e-05
kation_mit_raumladung,24,19076,8.965350055e-06,5.476507279e-05
kation_mit_raumladung,24,19500,9.116520230e-06,5.732158027e-05
kation_mit_raumladung,24,19924,9.270615111e-06,5.994173014e-05
kation_mit_raumladung,24,20348,9.427562331e-06,6.262596500e-05
kation_mit_raumladung,24,20772,9.587286994e-06,6.537474057e-05
kation_mit_raumladung,24,21196,9.749710128e-06,6.818852001e-05
kation_mit_raumladung,24,21619,9.914364687e-06,7.106090655e-05
kation_mit_raumladung,24,22043,1.008195579e-05,7.400596625e-05
kation_mit_raumladung,24,22467,1.025201917e-05,7.701748613e-05
kation_mit_raumladung,24,22891,1.042447017e-05,8.009597779e-05
kation_mit_raumladung,24,23315,1.059921480e-05,8.324196814e-05
kation_mit_raumladung,24,23739,1.077613532e-05,8.645600240e-05
kation_mit_raumladung,24,24163,1.095506893e-05,8.973864077e-05
kation_mit_raumladung,24,24587,1.113577606e-05,9.309045329e-05
kation_mit_raumladung,24,25011,1.131787748e-05,9.651199938e-05
kation_mit_raumladung,24,25435,1.150058141e-05,1.000000000e-04
kation_mit_raumladung,28,1,6.951219513e-06,1.000001452e-07
kation_mit_raumladung,28,423,6.951447990e-06,1.259740971e-07
kation_mit_raumladung,28,845,6.952142936e-06,2.036541633e-07
kation_mit_raumladung,28,1268,6.953342737e-06,3.334181249e-07
kation_mit_raumladung,28,1690,6.955099967e-06,5.146686916e-07
kation_mit_raumladung,28,2113,6.957504635e-06,7.482877194e-07
kation_mit_raumladung,28,2535,6.960655405e-06,1.033202671e-06
kation_mit_raumladung,28,2957,6.964754708e-06,1.369974842e-06
kation_mit_raumladung,28,3380,6.970090026e-06,1.759690208e-06
kation_mit_raumladung,28,3802,6.976930149e-06,2.200636830e-06
kation_mit_raumladung,28,4225,6.985594419e-06,2.695077204e-06
kation_mit_raumladung,28,4647,6.996323116e-06,3.240869561e-06
kation_mit_raumladung,28,5069,7.009394524e-06,3.839336880e-06
kation_mit_raumladung,28,5492,7.025091850e-06,4.492314307e-06
kation_mit_raumladung,28,5914,7.043562369e-06,5.196960299e-06
kation_mit_raumladung,28,6337,7.065084627e-06,5.956872521e-06
kation_mit_raumladung,28,6759,7.089715566e-06,6.768709926e-06
kation_mit_raumladung,28,7181,7.117644169e-06,7.634448211e-06
kation_mit_raumladung,28,7604,7.149076528e-06,8.556581002e-06
kation_mit_raumladung,28,8026,7.183969486e-06,9.531004391e-06
kation_mit_raumladung,28,8449,7.222567629e-06,1.056259793e-05
kation_mit_raumladung,28,8871,7.264735499e-06,1.164674197e-05
kation_mit_raumladung,28,9293,7.310587427e-06,1.278604980e-05
kation_mit_raumladung,28,9716,7.360271483e-06,1.398365119e-05
kation_mit_raumladung,28,10138,7.413575563e-06,1.523412488e-05
kation_mit_raumladung,28,10561,7.470763107e-06,1.654364933e-05
kation_mit_raumladung,28,10983,7.531555074e-06,1.790628586e-05
kation_mit_raumladung,28,11405,7.596069704e-06,1.932531258e-05
kation_mit_raumladung,28,11828,7.664455511e-06,2.080455658e-05
kation_mit_raumladung,28,12250,7.736352984e-06,2.233729670e-05
kation_mit_raumladung,28,12673,7.812054512e-06,2.393106337e-05
kation_mit_raumladung,28,13095,7.891162824e-06,2.557858388e-05
kation_mit_raumladung,28,13517,7.973816666e-06,2.728383708e-05
kation_mit_raumladung,28,13940,8.060179852e-06,2.905136022e-05
kation_mit_raumladung,28,14362,8.149800517e-06,3.087309370e-05
kation_mit_raumladung,28,14785,8.243055651e-06,3.275798475e-05
kation_mit_raumladung,28,15207,8.339445851e-06,3.469743875e-05
kation_mit_raumladung,28,15629,8.439133598e-06,3.669616096e-05
kation_mit_raumladung,28,16052,8.542317588e-06,3.875943403e-05
kation_mit_raumladung,28,16474,8.648456974e-06,4.087784904e-05
kation_mit_raumladung,28,16897,8.757998143e-06,4.306180647e-05
kation_mit_raumladung,28,17319,8.870359022e-06,4.530134778e-05
kation_mit_raumladung,28,17741,8.985733263e-06,4.760193203e-05
kation_mit_raumladung,28,18164,9.104349021e-06,4.996960988e-05
kation_mit_raumladung,28,18586,9.225590767e-06,5.239358101e-05
kation_mit_raumladung,28,19009,9.349975435e-06,5.488574200e-05
kation_mit_raumladung,28,19431,9.476853988e-06,5.743472445e-05
kation_mit_raumladung,28,19853,9.606460765e-06,6.004676953e-05
kation_mit_raumladung,28,20276,9.739055417e-06,6.272873014e-05
kation_mit_raumladung,28,20698,9.873951218e-06,6.546837587e-05
kation_mit_raumladung,28,21121,1.001172417e-05,6.827915022e-05
kation_mit_raumladung,28,21543,1.015166204e-05,7.114823013e-05
kation_mit_raumladung,28,21965,1.029402781e-05,7.408266362e-05
kation_mit_raumladung,28,22388,1.043910203e-05,7.709013216e-05
kation_mit_raumladung,28,22810,1.058612708e-05,8.015692166e-05
kation_mit_raumladung,28,23233,1.073571750e-05,8.329808880e-05
kation_mit_raumladung,28,23655,1.088706007e-05,8.649931981e-05
kation_mit_raumladung,28,24077,1.104035552e-05,8.976851252e-05
kation_mit_raumladung,28,24500,1.119574644e-05,9.311421887e-05
kation_mit_raumladung,28,24922,1.135213298e-05,9.652117117e-05
kation_mit_raumladung,28,25345,1.150940536e-05,1.000000000e-04
kation_mit_raumladung,32,1,7.926829269e-06,1.000001474e-07
kation_mit_raumladung,32,422,7.926983845e-06,1.262410381e-07
kation_mit_raumladung,32,843,7.927454366e-06,2.047172653e-07
kation_mit_raumladung,32,1264,7.928265527e-06,3.354339075e-07
kation_mit_raumladung,32,1686,7.929461774e-06,5.188962434e-07
kation_mit_raumladung,32,2107,7.931095067e-06,7.542466936e-07
kation_mit_raumladung,32,2528,7.933246320e-06,1.041875052e-06
kation_mit_raumladung,32,2950,7.936068235e-06,1.382690822e-06
kation_mit_raumladung,32,3371,7.939748305e-06,1.775137133e-06
kation_mit_raumladung,32,3792,7.944512547e-06,2.220036515e-06
kation_mit_raumladung,32,4214,7.950604368e-06,2.718739348e-06
kation_mit_raumladung,32,4635,7.958227081e-06,3.269010767e-06
kation_mit_raumladung,32,5056,7.967619808e-06,3.872122381e-06
kation_mit_raumladung,32,5477,7.978997065e-06,4.528246309e-06
kation_mit_raumladung,32,5899,7.992593405e-06,5.239319620e-06
kation_mit_raumladung,32,6320,8.008525154e-06,6.002173967e-06
kation_mit_raumladung,32,6741,8.026982551e-06,6.818640225e-06
kation_mit_raumladung,32,7163,8.048161553e-06,7.691064405e-06
kation_mit_raumladung,32,7584,8.072086730e-06,8.615532757e-06
kation_mit_raumladung,32,8005,8.098910549e-06,9.594275379e-06
kation_mit_raumladung,32,8427,8.128791774e-06,1.063004284e-05
kation_mit_raumladung,32,8848,8.161652303e-06,1.171815818e-05
kation_mit_raumladung,32,9269,8.197607037e-06,1.286123911e-05
kation_mit_raumladung,32,9690,8.236694273e-06,1.405951325e-05
kation_mit_raumladung,32,10112,8.279048066e-06,1.531625724e-05
kation_mit_raumladung,32,10533,8.324486310e-06,1.662575466e-05
kation_mit_raumladung,32,10954,8.373112594e-06,1.799116075e-05
kation_mit_raumladung,32,11376,8.425054674e-06,1.941616620e-05
kation_mit_raumladung,32,11797,8.480060099e-06,2.089427366e-05
kation_mit_raumladung,32,12218,8.538229961e-06,2.242905551e-05
kation_mit_raumladung,32,12640,8.599687330e-06,2.402462303e-05
kation_mit_raumladung,32,13061,8.664115920e-06,2.567368043e-05
kation_mit_raumladung,32,13482,8.731633081e-06,2.738021774e-05
kation_mit_raumladung,32,13903,8.802211514e-06,2.914452174e-05
kation_mit_raumladung,32,14325,8.876000409e-06,3.097128652e-05
kation_mit_raumladung,32,14746,8.952616033e-06,3.285216253e-05
kation_mit_raumladung,32,15167,9.032189848e-06,3.479172347e-05
kation_mit_raumladung,32,15589,9.114883610e-06,3.679510698e-05
kation_mit_raumladung,32,16010,9.200269763e-06,3.885315124e-05
kation_mit_raumladung,32,16431,9.288502642e-06,4.097087716e-05
kation_mit_raumladung,32,16853,9.379759796e-06,4.315388484e-05
kation_mit_raumladung,32,17274,9.473561527e-06,4.539219218e-05
kation_mit_raumladung,32,17695,9.570075675e-06,4.769126845e-05
kation_mit_raumladung,32,18116,9.669260479e-06,5.005149255e-05
kation_mit_raumladung,32,18538,9.771318915e-06,5.247908192e-05
kation_mit_raumladung,32,18959,9.875723959e-06,5.496293552e-05
kation_mit_raumladung,32,19380,9.982668695e-06,5.750914444e-05
kation_mit_raumladung,32,19802,1.009237172e-05,6.012440242e-05
kation_mit_raumladung,32,20223,1.020426933e-05,6.279674990e-05
kation_mit_raumladung,32,20644,1.031857175e-05,6.553275540e-05
kation_mit_raumladung,32,21066,1.043550865e-05,6.833960085e-05
kation_mit_raumladung,32,21487,1.055447785e-05,7.120444792e-05
kation_mit_raumladung,32,21908,1.067570508e-05,7.413434798e-05
kation_mit_raumladung,32,22329,1.079913671e-05,7.712979035e-05
kation_mit_raumladung,32,22751,1.092501365e-05,8.019862665e-05
kation_mit_raumladung,32,23172,1.105266819e-05,8.332682835e-05
kation_mit_raumladung,32,23593,1.118230163e-05,8.652211950e-05
kation_mit_raumladung,32,24015,1.131409072e-05,8.979287460e-05
kation_mit_raumladung,32,24436,1.144719815e-05,9.312414332e-05
kation_mit_raumladung,32,24857,1.158158973e-05,9.652413052e-05
kation_mit_raumladung,32,25279,1.171697746e-05,1.000000000e-04
kation_mit_raumladung,36,1,8.902439025e-06,1.000001489e-07
kation_mit_raumladung,36,421,8.902550898e-06,1.263898064e-07
kation_mit_raumladung,36,841,8.902891551e-06,2.053096719e-07
kation_mit_raumladung,36,1262,8.903480937e-06,3.371385119e-07
kation_mit_raumladung,36,1682,8.904346700e-06,5.212552291e-07
kation_mit_raumladung,36,2103,8.905535694e-06,7.585438438e-07
kation_mit_raumladung,36,2523,8.907100851e-06,1.047887677e-06
kation_mit_raumladung,36,2944,8.909159831e-06,1.390689868e-06
kation_mit_raumladung,36,3364,8.911854329e-06,1.785358852e-06
kation_mit_raumladung,36,3785,8.915366313e-06,2.233824586e-06
kation_mit_raumladung,36,4205,8.919858338e-06,2.734027837e-06
kation_mit_raumladung,36,4626,8.925539192e-06,3.288440258e-06
kation_mit_raumladung,36,5046,8.932570164e-06,3.894538123e-06
kation_mit_raumladung,36,5467,8.941168809e-06,4.555337515e-06
kation_mit_raumladung,36,5887,8.951469809e-06,5.267846004e-06
kation_mit_raumladung,36,6308,8.963686270e-06,6.035618900e-06
kation_mit_raumladung,36,6728,8.977909446e-06,6.855183232e-06
kation_mit_raumladung,36,7148,8.994299826e-06,7.728483505e-06
kation_mit_raumladung,36,7569,9.013022700e-06,8.657985369e-06
kation_mit_raumladung,36,7989,9.034091243e-06,9.639474883e-06
kation_mit_raumladung,36,8410,9.057691450e-06,1.067783455e-05
kation_mit_raumladung,36,8830,9.083780372e-06,1.176834387e-05
kation_mit_raumladung,36,9251,9.112537736e-06,1.291641152e-05
kation_mit_raumladung,36,9671,9.143871297e-06,1.411680207e-05
kation_mit_raumladung,36,10092,9.177965160e-06,1.537545632e-05
kation_mit_raumladung,36,10512,9.214682292e-06,1.668662517e-05
kation_mit_raumladung,36,10933,9.254213201e-06,1.805678910e-05
kation_mit_raumladung,36,11353,9.296377932e-06,1.947968131e-05
kation_mit_raumladung,36,11774,9.341377439e-06,2.096232807e-05
kation_mit_raumladung,36,12194,9.388990092e-06,2.249794215e-05
kation_mit_raumladung,36,12615,9.439429798e-06,2.409409717e-05
kation_mit_raumladung,36,13035,9.492442792e-06,2.574347653e-05
kation_mit_raumladung,36,13455,9.548130329e-06,2.745007876e-05
kation_mit_raumladung,36,13876,9.606616428e-06,2.921845737e-05
kation_mit_raumladung,36,14296,9.667602593e-06,3.104050614e-05
kation_mit_raumladung,36,14717,9.731355106e-06,3.292520711e-05
kation_mit_raumladung,36,15137,9.797544621e-06,3.486391914e-05
kation_mit_raumladung,36,15558,9.866459913e-06,3.686619541e-05
kation_mit_raumladung,36,15978,9.937747203e-06,3.892285495e-05
kation_mit_raumladung,36,16399,1.001171753e-05,4.104403464e-05
kation_mit_raumladung,36,16819,1.008798835e-05,4.322001054e-05
kation_mit_raumladung,36,17240,1.016688874e-05,4.546150660e-05
kation_mit_raumladung,36,17660,1.024801036e-05,4.775824206e-05
kation_mit_raumladung,36,18081,1.033170774e-05,5.012153308e-05
kation_mit_raumladung,36,18501,1.041755150e-05,5.254054251e-05
kation_mit_raumladung,36,18922,1.050591753e-05,5.502719182e-05
kation_mit_raumladung,36,19342,1.059635172e-05,5.757007813e-05
kation_mit_raumladung,36,19762,1.068902736e-05,6.017545382e-05
kation_mit_raumladung,36,20183,1.078413874e-05,6.285017866e-05
kation_mit_raumladung,36,20603,1.088119778e-05,6.558198946e-05
kation_mit_raumladung,36,21024,1.098062772e-05,6.838434835e-05
kation_mit_raumladung,36,21444,1.108191761e-05,7.124440409e-05
kation_mit_raumladung,36,21865,1.118551069e-05,7.417625140e-05
kation_mit_raumladung,36,22285,1.129087141e-05,7.716644842e-05
kation_mit_raumladung,36,22706,1.139845069e-05,8.022973306e-05
kation_mit_raumladung,36,23126,1.150767625e-05,8.335206307e-05
kation_mit_raumladung,36,23547,1.161898414e-05,8.654883222e-05
kation_mit_raumladung,36,23967,1.173171980e-05,8.980538765e-05
kation_mit_raumladung,36,24388,1.184622319e-05,9.313777446e-05
kation_mit_raumladung,36,24808,1.196163043e-05,9.653067566e-05
kation_mit_raumladung,36,25229,1.207796299e-05,1.000000000e-04
kation_mit_raumladung,40,1,9.878048781e-06,1.000001500e-07
kation_mit_raumladung,40,420,9.878132997e-06,1.264662239e-07
kation_mit_raumladung,40,840,9.878390309e-06,2.058655940e-07
kation_mit_raumladung,40,1260,9.878834704e-06,3.382002072e-07
kation_mit_raumladung,40,1680,9.879489488e-06,5.234735628e-07
kation_mit_raumladung,40,2100,9.880387281e-06,7.616905704e-07
kation_mit_raumladung,40,2519,9.881569961e-06,1.052102318e-06
kation_mit_raumladung,40,2939,9.883128267e-06,1.396112537e-06
kation_mit_raumladung,40,3359,9.885177027e-06,1.793116803e-06
kation_mit_raumladung,40,3779,9.887847888e-06,2.243150834e-06
kation_mit_raumladung,40,4199,9.891283177e-06,2.746265817e-06
kation_mit_raumladung,40,4618,9.895621858e-06,3.301139951e-06
kation_mit_raumladung,40,5038,9.901039185e-06,3.910504435e-06
kation_mit_raumladung,40,5458,9.907680234e-06,4.573198530e-06
kation_mit_raumladung,40,5878,9.915695825e-06,5.289338995e-06
kation_mit_raumladung,40,6298,9.925229688e-06,6.059058326e-06
kation_mit_raumladung,40,6718,9.936415801e-06,6.882503279e-06
kation_mit_raumladung,40,7137,9.949343542e-06,7.757680310e-06
kation_mit_raumladung,40,7557,9.964184076e-06,8.688937296e-06
kation_mit_raumladung,40,7977,9.981004839e-06,9.674430450e-06
kation_mit_raumladung,40,8397,9.999888092e-06,1.071434910e-05
kation_mit_raumladung,40,8817,1.002090276e-05,1.180888977e-05
kation_mit_raumladung,40,9236,1.004404800e-05,1.295545343e-05
kation_mit_raumladung,40,9656,1.006948066e-05,1.415972152e-05
kation_mit_raumladung,40,10076,1.009718516e-05,1.541923875e-05
kation_mit_raumladung,40,10496,1.012718955e-05,1.673422806e-05
kation_mit_raumladung,40,10916,1.015951372e-05,1.810491960e-05
kation_mit_raumladung,40,11336,1.019417013e-05,1.953155090e-05
kation_mit_raumladung,40,11755,1.023107349e-05,2.101076979e-05
kation_mit_raumladung,40,12175,1.027039901e-05,2.254988879e-05
kation_mit_raumladung,40,12595,1.031205571e-05,2.414570320e-05
kation_mit_raumladung,40,13015,1.035603540e-05,2.579847879e-05
kation_mit_raumladung,40,13435,1.040232849e-05,2.750849017e-05
kation_mit_raumladung,40,13854,1.045080516e-05,2.927174448e-05
kation_mit_raumladung,40,14274,1.050168314e-05,3.109695139e-05
kation_mit_raumladung,40,14694,1.055483303e-05,3.298027454e-05
kation_mit_raumladung,40,15114,1.061023607e-05,3.492202575e-05
kation_mit_raumladung,40,15534,1.066787284e-05,3.692252558e-05
kation_mit_raumladung,40,15954,1.072772363e-05,3.898210487e-05
kation_mit_raumladung,40,16373,1.078961762e-05,4.109598903e-05
kation_mit_raumladung,40,16793,1.085382747e-05,4.327461924e-05
kation_mit_raumladung,40,17213,1.092018277e-05,4.551338158e-05
kation_mit_raumladung,40,17633,1.098865818e-05,4.781264427e-05
kation_mit_raumladung,40,18053,1.105922948e-05,5.017278560e-05
kation_mit_raumladung,40,18472,1.113169753e-05,5.258835671e-05
kation_mit_raumladung,40,18892,1.120638336e-05,5.507128722e-05
kation_mit_raumladung,40,19312,1.128309030e-05,5.761629497e-05
kation_mit_raumladung,40,19732,1.136179215e-05,6.022379996e-05
kation_mit_raumladung,40,20152,1.144246232e-05,6.289423354e-05
kation_mit_raumladung,40,20572,1.152507256e-05,6.562803792e-05
kation_mit_raumladung,40,20991,1.160938916e-05,6.841892733e-05
kation_mit_raumladung,40,21411,1.169578404e-05,7.128068370e-05
kation_mit_raumladung,40,21831,1.178402651e-05,7.420719515e-05
kation_mit_raumladung,40,22251,1.187408114e-05,7.719894609e-05
kation_mit_raumladung,40,22671,1.196590574e-05,8.025643174e-05
kation_mit_raumladung,40,23090,1.205922222e-05,8.337264236e-05
kation_mit_raumladung,40,23510,1.215440140e-05,8.656296953e-05
kation_mit_raumladung,40,23930,1.225110909e-05,8.982057976e-05
kation_mit_raumladung,40,24350,1.234916492e-05,9.314599468e-05
kation_mit_raumladung,40,24770,1.244827517e-05,9.653970565e-05
kation_mit_raumladung,40,25190,1.254792408e-05,1.000000000e-04
anion_ohne_raumladung,0,1,1.219512195e-07,1.000002223e-07
anion_ohne_raumladung,0,354,1.219512195e-07,1.278565969e-07
anion_ohne_raumladung,0,707,1.219512195e-07,2.111118460e-07
anion_ohne_raumladung,0,1060,1.219512195e-07,3.497659698e-07
anion_ohne_raumladung,0,1414,1.219512195e-07,5.444473842e-07
anion_ohne_raumladung,0,1767,1.219512195e-07,7.940561943e-07
anion_ohne_raumladung,0,2120,1.219512195e-07,1.099063879e-06
anion_ohne_raumladung,0,2474,1.219512195e-07,1.460570111e-06
anion_ohne_raumladung,0,2827,1.219512195e-07,1.876532482e-06
anion_ohne_raumladung,0,3180,1.219512195e-07,2.347893728e-06
anion_ohne_raumladung,0,3534,1.219512195e-07,2.876224777e-06
anion_ohne_raumladung,0,3887,1.219512195e-07,3.458540709e-06
anion_ohne_raumladung,0,4240,1.219512195e-07,4.096255516e-06
anion_ohne_raumladung,0,4594,1.219512195e-07,4.791411383e-06
anion_ohne_raumladung,0,4947,1.219512195e-07,5.540080876e-06
anion_ohne_raumladung,0,5300,1.219512195e-07,6.344149244e-06
anion_ohne_raumladung,0,5654,1.219512195e-07,7.206129929e-06
anion_ohne_raumladung,0,6007,1.219512195e-07,8.121152983e-06
anion_ohne_raumladung,0,6360,1.219512195e-07,9.091574911e-06
anion_ohne_raumladung,0,6714,1.219512195e-07,1.012038041e-05
anion_ohne_raumladung,0,7067,1.219512195e-07,1.120175703e-05
anion_ohne_raumladung,0,7420,1.219512195e-07,1.233853252e-05
anion_ohne_raumladung,0,7773,1.219512195e-07,1.353070688e-05
anion_ohne_raumladung,0,8127,1.219512195e-07,1.478189301e-05
anion_ohne_raumladung,0,8480,1.219512195e-07,1.608502206e-05
anion_ohne_raumladung,0,8833,1.219512195e-07,1.744354999e-05
anion_ohne_raumladung,0,9187,1.219512195e-07,1.886156094e-05
anion_ohne_raumladung,0,9540,1.219512195e-07,2.033104355e-05
anion_ohne_raumladung,0,9893,1.219512195e-07,2.185592504e-05
anion_ohne_raumladung,0,10247,1.219512195e-07,2.344076080e-05
anion_ohne_raumladung,0,10600,1.219512195e-07,2.507659698e-05
anion_ohne_raumladung,0,10953,1.219512195e-07,2.676783202e-05
anion_ohne_raumladung,0,11307,1.219512195e-07,2.851949261e-05
anion_ohne_raumladung,0,11660,1.219512195e-07,3.032168234e-05
anion_ohne_raumladung,0,12013,1.219512195e-07,3.217927095e-05
anion_ohne_raumladung,0,12367,1.219512195e-07,3.409775635e-05
anion_ohne_raumladung,0,12720,1.219512195e-07,3.606629965e-05
anion_ohne_raumladung,0,13073,1.219512195e-07,3.809024181e-05
anion_ohne_raumladung,0,13427,1.219512195e-07,4.017555203e-05
anion_ohne_raumladung,0,13780,1.219512195e-07,4.231044889e-05
anion_ohne_raumladung,0,14133,1.219512195e-07,4.450074462e-05
anion_ohne_raumladung,0,14486,1.219512195e-07,4.674643922e-05
anion_ohne_raumladung,0,14840,1.219512195e-07,4.905413007e-05
anion_ohne_raumladung,0,15193,1.219512195e-07,5.141077936e-05
anion_ohne_raumladung,0,15546,1.219512195e-07,5.382282753e-05
anion_ohne_raumladung,0,15900,1.219512195e-07,5.629734320e-05
anion_ohne_raumladung,0,16253,1.219512195e-07,5.882034605e-05
anion_ohne_raumladung,0,16606,1.219512195e-07,6.139874777e-05
anion_ohne_raumladung,0,16960,1.219512195e-07,6.404008826e-05
anion_ohne_raumladung,0,17313,1.219512195e-07,6.672944467e-05
anion_ohne_raumladung,0,17666,1.219512195e-07,6.947419996e-05
anion_ohne_raumladung,0,18020,1.219512195e-07,7.228236526e-05
anion_ohne_raumladung,0,18373,1.219512195e-07,7.513807523e-05
anion_ohne_raumladung,0,18726,1.219512195e-07,7.804918408e-05
anion_ohne_raumladung,0,19080,1.219512195e-07,8.102417420e-05
anion_ohne_raumladung,0,19433,1.219512195e-07,8.404623774e-05
anion_ohne_raumladung,0,19786,1.219512195e-07,8.712370015e-05
anion_ohne_raumladung,0,20140,1.219512195e-07,9.026551508e-05
anion_ohne_raumladung,0,20493,1.219512195e-07,9.345393218e-05
anion_ohne_raumladung,0,20846,1.219512195e-07,9.669774815e-05
anion_ohne_raumladung,0,21200,1.219512195e-07,1.000000000e-04
anion_ohne_raumladung,4,1,1.097560976e-06,1.000002223e-07
anion_ohne_raumladung,4,354,1.097560976e-06,1.278565969e-07
anion_ohne_raumladung,4,707,1.097560976e-06,2.111118460e-07
anion_ohne_raumladung,4,1060,1.097560976e-06,3.497659698e-07
anion_ohne_raumladung,4,1414,1.097560976e-06,5.444473842e-07
anion_ohne_raumladung,4,1767,1.097560976e-06,7.940561943e-07
anion_ohne_raumladung,4,2120,1.097560976e-06,1.099063879e-06
anion_ohne_raumladung,4,2474,1.097560976e-06,1.460570111e-06
anion_ohne_raumladung,4,2827,1.097560976e-06,1.876532482e-06
anion_ohne_raumladung,4,3180,1.097560976e-06,2.347893728e-06
anion_ohne_raumladung,4,3534,1.097560976e-06,2.876224777e-06
anion_ohne_raumladung,4,3887,1.097560976e-06,3.458540709e-06
anion_ohne_raumladung,4,4240,1.097560976e-06,4.096255516e-06
anion_ohne_raumladung,4,4594,1.097560976e-06,4.791411383e-06
anion_ohne_raumladung,4,4947,1.097560976e-06,5.540080876e-06
anion_ohne_raumladung,4,5300,1.097560976e-06,6.344149244e-06
anion_ohne_raumladung,4,5654,1.097560976e-06,7.206129929e-06
anion_ohne_raumladung,4,6007,1.097560976e-06,8.121152983e-06
anion_ohne_raumladung,4,6360,1.097560976e-06,9.091574911e-06
anion_ohne_raumladung,4,6714,1.097560976e-06,1.012038041e-05
anion_ohne_raumladung,4,7067,1.097560976e-06,1.120175703e-05
anion_ohne_raumladung,4,7420,1.097560976e-06,1.233853252e-05
anion_ohne_raumladung,4,7773,1.097560976e-06,1.353070688e-05
anion_ohne_raumladung,4,8127,1.097560976e-06,1.478189301e-05
anion_ohne_raumladung,4,8480,1.097560976e-06,1.608502206e-05
anion_ohne_raumladung,4,8833,1.097560976e-06,1.744354999e-05
anion_ohne_raumladung,4,9187,1.097560976e-06,1.886156094e-05
anion_ohne_raumladung,4,9540,1.097560976e-06,2.033104355e-05
anion_ohne_raumladung,4,9893,1.097560976e-06,2.185592504e-05
anion_ohne_raumladung,4,10247,1.097560976e-06,2.344076080e-05
anion_ohne_raumladung,4,10600,1.097560976e-06,2.507659698e-05
anion_ohne_raumladung,4,10953,1.097560976e-06,2.676783202e-05
anion_ohne_raumladung,4,11307,1.097560976e-06,2.851949261e-05
anion_ohne_raumladung,4,11660,1.097560976e-06,3.032168234e-05
anion_ohne_raumladung,4,12013,1.097560976e-06,3.217927095e-05
anion_ohne_raumladung,4,12367,1.097560976e-06,3.409775635e-05
anion_ohne_raumladung,4,12720,1.097560976e-06,3.606629965e-05
anion_ohne_raumladung,4,13073,1.097560976e-06,3.809024181e-05
anion_ohne_raumladung,4,13427,1.097560976e-06,4.017555203e-05
anion_ohne_raumladung,4,13780,1.097560976e-06,4.231044889e-05
anion_ohne_raumladung,4,14133,1.097560976e-06,4.450074462e-05
anion_ohne_raumladung,4,14486,1.097560976e-06,4.674643922e-05
anion_ohne_raumladung,4,14840,1.097560976e-06,4.905413007e-05
anion_ohne_raumladung,4,15193,1.097560976e-06,5.141077936e-05
anion_ohne_raumladung,4,15546,1.097560976e-06,5.382282753e-05
anion_ohne_raumladung,4,15900,1.097560976e-06,5.629734320e-05
anion_ohne_raumladung,4,16253,1.097560976e-06,5.882034605e-05
anion_ohne_raumladung,4,16606,1.097560976e-06,6.139874777e-05
anion_ohne_raumladung,4,16960,1.097560976e-06,6.404008826e-05
anion_ohne_raumladung,4,17313,1.097560976e-06,6.672944467e-05
anion_ohne_raumladung,4,17666,1.097560976e-06,6.947419996e-05
anion_ohne_raumladung,4,18020,1.097560976e-06,7.228236526e-05
anion_ohne_raumladung,4,18373,1.097560976e-06,7.513807523e-05
anion_ohne_raumladung,4,18726,1.097560976e-06,7.804918408e-05
anion_ohne_raumladung,4,19080,1.097560976e-06,8.102417420e-05
anion_ohne_raumladung,4,19433,1.097560976e-06,8.404623774e-05
anion_ohne_raumladung,4,19786,1.097560976e-06,8.712370015e-05
anion_ohne_raumladung,4,20140,1.097560976e-06,9.026551508e-05
anion_ohne_raumladung,4,20493,1.097560976e-06,9.345393218e-05
anion_ohne_raumladung,4,20846,1.097560976e-06,9.669774815e-05
anion_ohne_raumladung,4,21200,1.097560976e-06,1.000000000e-04
anion_ohne_raumladung,8,1,2.073170732e-06,1.000002223e-07
anion_ohne_raumladung,8,354,2.073170732e-06,1.278565969e-07
anion_ohne_raumladung,8,707,2.073170732e-06,2.111118460e-07
anion_ohne_raumladung,8,1060,2.073170732e-06,3.497659698e-07
anion_ohne_raumladung,8,1414,2.073170732e-06,5.444473842e-07
anion_ohne_raumladung,8,1767,2.073170732e-06,7.940561943e-07
anion_ohne_raumladung,8,2120,2.073170732e-06,1.099063879e-06
anion_ohne_raumladung,8,2474,2.073170732e-06,1.460570111e-06
anion_ohne_raumladung,8,2827,2.073170732e-06,1.876532482e-06
anion_ohne_raumladung,8,3180,2.073170732e-06,2.347893728e-06
anion_ohne_raumladung,8,3534,2.073170732e-06,2.876224777e-06
anion_ohne_raumladung,8,3887,2.073170732e-06,3.458540709e-06
anion_ohne_raumladung,8,4240,2.073170732e-06,4.096255516e-06
anion_ohne_raumladung,8,4594,2.073170732e-06,4.791411383e-06
anion_ohne_raumladung,8,4947,2.073170732e-06,5.540080876e-06
anion_ohne_raumladung,8,5300,2.073170732e-06,6.344149244e-06
anion_ohne_raumladung,8,5654,2.073170732e-06,7.206129929e-06
anion_ohne_raumladung,8,6007,2.073170732e-06,8.121152983e-06
anion_ohne_raumladung,8,6360,2.073170732e-06,9.091574911e-06
anion_ohne_raumladung,8,6714,2.073170732e-06,1.012038041e-05
anion_ohne_raumladung,8,7067,2.073170732e-06,1.120175703e-05
anion_ohne_raumladung,8,7420,2.073170732e-06,1.233853252e-05
anion_ohne_raumladung,8,7773,2.073170732e-06,1.353070688e-05
anion_ohne_raumladung,8,8127,2.073170732e-06,1.478189301e-05
anion_ohne_raumladung,8,8480,2.073170732e-06,1.608502206e-05
anion_ohne_raumladung,8,8833,2.073170732e-06,1.744354999e-05
anion_ohne_raumladung,8,9187,2.073170732e-06,1.886156094e-05
anion_ohne_raumladung,8,9540,2.073170732e-06,2.033104355e-05
anion_ohne_raumladung,8,9893,2.073170732e-06,2.185592504e-05
anion_ohne_raumladung,8,10247,2.073170732e-06,2.344076080e-05
anion_ohne_raumladung,8,10600,2.073170732e-06,2.507659698e-05
anion_ohne_raumladung,8,10953,2.073170732e-06,2.676783202e-05
anion_ohne_raumladung,8,11307,2.073170732e-06,2.851949261e-05
anion_ohne_raumladung,8,11660,2.073170732e-06,3.032168234e-05
anion_ohne_raumladung,8,12013,2.073170732e-06,3.217927095e-05
anion_ohne_raumladung,8,12367,2.073170732e-06,3.409775635e-05
anion_ohne_raumladung,8,12720,2.073170732e-06,3.606629965e-05
anion_ohne_raumladung,8,13073,2.073170732e-06,3.809024181e-05
anion_ohne_raumladung,8,13427,2.073170732e-06,4.017555203e-05
anion_ohne_raumladung,8,13780,2.073170732e-06,4.231044889e-05
anion_ohne_raumladung,8,14133,2.073170732e-06,4.450074462e-05
anion_ohne_raumladung,8,14486,2.073170732e-06,4.674643922e-05
anion_ohne_raumladung,8,14840,2.073170732e-06,4.905413007e-05
anion_ohne_raumladung,8,15193,2.073170732e-06,5.141077936e-05
anion_ohne_raumladung,8,15546,2.073170732e-06,5.382282753e-05
anion_ohne_raumladung,8,15900,2.073170732e-06,5.629734320e-05
anion_ohne_raumladung,8,16253,2.073170732e-06,5.882034605e-05
anion_ohne_raumladung,8,16606,2.073170732e-06,6.139874777e-05
anion_ohne_raumladung,8,16960,2.073170732e-06,6.404008826e-05
anion_ohne_raumladung,8,17313,2.073170732e-06,6.672944467e-05
anion_ohne_raumladung,8,17666,2.073170732e-06,6.947419996e-05
anion_ohne_raumladung,8,18020,2.073170732e-06,7.228236526e-05
anion_ohne_raumladung,8,18373,2.073170732e-06,7.513807523e-05
anion_ohne_raumladung,8,18726,2.073170732e-06,7.804918408e-05
anion_ohne_raumladung,8,19080,2.073170732e-06,8.102417420e-05
anion_ohne_raumladung,8,19433,2.073170732e-06,8.404623774e-05
anion_ohne_raumladung,8,19786,2.073170732e-06,8.712370015e-05
anion_ohne_raumladung,8,20140,2.073170732e-06,9.026551508e-05
anion_ohne_raumladung,8,20493,2.073170732e-06,9.345393218e-05
anion_ohne_raumladung,8,20846,2.073170732e-06,9.669774815e-05
anion_ohne_raumladung,8,21200,2.073170732e-06,1.000000000e-04
anion_ohne_raumladung,12,1,3.048780488e-06,1.000002223e-07
anion_ohne_raumladung,12,354,3.048780488e-06,1.278565969e-07
anion_ohne_raumladung,12,707,3.048780488e-06,2.111118460e-07
anion_ohne_raumladung,12,1060,3.048780488e-06,3.497659698e-07
anion_ohne_raumladung,12,1414,3.048780488e-06,5.444473842e-07
anion_ohne_raumladung,12,1767,3.048780488e-06,7.940561943e-07
anion_ohne_raumladung,12,2120,3.048780488e-06,1.099063879e-06
anion_ohne_raumladung,12,2474,3.048780488e-06,1.460570111e-06
anion_ohne_raumladung,12,2827,3.048780488e-06,1.876532482e-06
anion_ohne_raumladung,12,3180,3.048780488e-06,2.347893728e-06
anion_ohne_raumladung,12,3534,3.048780488e-06,2.876224777e-06
anion_ohne_raumladung,12,3887,3.048780488e-06,3.458540709e-06
anion_ohne_raumladung,12,4240,3.048780488e-06,4.096255516e-06
anion_ohne_raumladung,12,4594,3.048780488e-06,4.791411383e-06
anion_ohne_raumladung,12,4947,3.048780488e-06,5.540080876e-06
anion_ohne_raumladung,12,5300,3.048780488e-06,6.344149244e-06
anion_ohne_raumladung,12,5654,3.048780488e-06,7.206129929e-06
anion_ohne_raumladung,12,6007,3.048780488e-06,8.121152983e-06
anion_ohne_raumladung,12,6360,3.048780488e-06,9.091574911e-06
anion_ohne_raumladung,12,6714,3.048780488e-06,1.012038041e-05
anion_ohne_raumladung,12,7067,3.048780488e-06,1.120175703e-05
anion_ohne_raumladung,12,7420,3.048780488e-06,1.233853252e-05
anion_ohne_raumladung,12,7773,3.048780488e-06,1.353070688e-05
anion_ohne_raumladung,12,8127,3.048780488e-06,1.478189301e-05
anion_ohne_raumladung,12,8480,3.048780488e-06,1.608502206e-05
anion_ohne_raumladung,12,8833,3.048780488e-06,1.744354999e-05
anion_ohne_raumladung,12,9187,3.048780488e-06,1.886156094e-05
anion_ohne_raumladung,12,9540,3.048780488e-06,2.033104355e-05
anion_ohne_raumladung,12,9893,3.048780488e-06,2.185592504e-05
anion_ohne_raumladung,12,10247,3.048780488e-06,2.344076080e-05
anion_ohne_raumladung,12,10600,3.048780488e-06,2.507659698e-05
anion_ohne_raumladung,12,10953,3.048780488e-06,2.676783202e-05
anion_ohne_raumladung,12,11307,3.048780488e-06,2.851949261e-05
anion_ohne_raumladung,12,11660,3.048780488e-06,3.032168234e-05
anion_ohne_raumladung,12,12013,3.048780488e-06,3.217927095e-05
anion_ohne_raumladung,12,12367,3.048780488e-06,3.409775635e-05
anion_ohne_raumladung,12,12720,3.048780488e-06,3.606629965e-05
anion_ohne_raumladung,12,13073,3.048780488e-06,3.809024181e-05
anion_ohne_raumladung,12,13427,3.048780488e-06,4.017555203e-05
anion_ohne_raumladung,12,13780,3.048780488e-06,4.231044889e-05
anion_ohne_raumladung,12,14133,3.048780488e-06,4.450074462e-05
anion_ohne_raumladung,12,14486,3.048780488e-06,4.674643922e-05
anion_ohne_raumladung,12,14840,3.048780488e-06,4.905413007e-05
anion_ohne_raumladung,12,15193,3.048780488e-06,5.141077936e-05
anion_ohne_raumladung,12,15546,3.048780488e-06,5.382282753e-05
anion_ohne_raumladung,12,15900,3.048780488e-06,5.629734320e-05
anion_ohne_raumladung,12,16253,3.048780488e-06,5.882034605e-05
anion_ohne_raumladung,12,16606,3.048780488e-06,6.139874777e-05
anion_ohne_raumladung,12,16960,3.048780488e-06,6.404008826e-05
anion_ohne_raumladung,12,17313,3.048780488e-06,6.672944467e-05
anion_ohne_raumladung,12,17666,3.048780488e-06,6.947419996e-05
anion_ohne_raumladung,12,18020,3.048780488e-06,7.228236526e-05
anion_ohne_raumladung,12,18373,3.048780488e-06,7.513807523e-05
anion_ohne_raumladung,12,18726,3.048780488e-06,7.804918408e-05
anion_ohne_raumladung,12,19080,3.048780488e-06,8.102417420e-05
anion_ohne_raumladung,12,19433,3.048780488e-06,8.404623774e-05
anion_ohne_raumladung,12,19786,3.048780488e-06,8.712370015e-05
anion_ohne_raumladung,12,20140,3.048780488e-06,9.026551508e-05
anion_ohne_raumladung,12,20493,3.048780488e-06,9.345393218e-05
anion_ohne_raumladung,12,20846,3.048780488e-06,9.669774815e-05
anion_ohne_raumladung,12,21200,3.048780488e-06,1.000000000e-04
anion_ohne_raumladung,16,1,4.024390244e-06,1.000002223e-07
anion_ohne_raumladung,16,354,4.024390244e-06,1.278565969e-07
anion_ohne_raumladung,16,707,4.024390244e-06,2.111118460e-07
anion_ohne_raumladung,16,1060,4.024390244e-06,3.497659698e-07
anion_ohne_raumladung,16,1414,4.024390244e-06,5.444473842e-07
anion_ohne_raumladung,16,1767,4.024390244e-06,7.940561943e-07
anion_ohne_raumladung,16,2120,4.024390244e-06,1.099063879e-06
anion_ohne_raumladung,16,2474,4.024390244e-06,1.460570111e-06
anion_ohne_raumladung,16,2827,4.024390244e-06,1.876532482e-06
anion_ohne_raumladung,16,3180,4.024390244e-06,2.347893728e-06
anion_ohne_raumladung,16,3534,4.024390244e-06,2.876224777e-06
anion_ohne_raumladung,16,3887,4.024390244e-06,3.458540709e-06
anion_ohne_raumladung,16,4240,4.024390244e-06,4.096255516e-06
anion_ohne_raumladung,16,4594,4.024390244e-06,4.791411383e-06
anion_ohne_raumladung,16,4947,4.024390244e-06,5.540080876e-06
anion_ohne_raumladung,16,5300,4.024390244e-06,6.344149244e-06
anion_ohne_raumladung,16,5654,4.024390244e-06,7.206129929e-06
anion_ohne_raumladung,16,6007,4.024390244e-06,8.121152983e-06
anion_ohne_raumladung,16,6360,4.024390244e-06,9.091574911e-06
anion_ohne_raumladung,16,6714,4.024390244e-06,1.012038041e-05
anion_ohne_raumladung,16,7067,4.024390244e-06,1.120175703e-05
anion_ohne_raumladung,16,7420,4.024390244e-06,1.233853252e-05
anion_ohne_raumladung,16,7773,4.024390244e-06,1.353070688e-05
anion_ohne_raumladung,16,8127,4.024390244e-06,1.478189301e-05
anion_ohne_raumladung,16,8480,4.024390244e-06,1.608502206e-05
anion_ohne_raumladung,16,8833,4.024390244e-06,1.744354999e-05
anion_ohne_raumladung,16,9187,4.024390244e-06,1.886156094e-05
anion_ohne_raumladung,16,9540,4.024390244e-06,2.033104355e-05
anion_ohne_raumladung,16,9893,4.024390244e-06,2.185592504e-05
anion_ohne_raumladung,16,10247,4.024390244e-06,2.344076080e-05
anion_ohne_raumladung,16,10600,4.024390244e-06,2.507659698e-05
anion_ohne_raumladung,16,10953,4.024390244e-06,2.676783202e-05
anion_ohne_raumladung,16,11307,4.024390244e-06,2.851949261e-05
anion_ohne_raumladung,16,11660,4.024390244e-06,3.032168234e-05
anion_ohne_raumladung,16,12013,4.024390244e-06,3.217927095e-05
anion_ohne_raumladung,16,12367,4.024390244e-06,3.409775635e-05
anion_ohne_raumladung,16,12720,4.024390244e-06,3.606629965e-05
anion_ohne_raumladung,16,13073,4.024390244e-06,3.809024181e-05
anion_ohne_raumladung,16,13427,4.024390244e-06,4.017555203e-05
anion_ohne_raumladung,16,13780,4.024390244e-06,4.231044889e-05
anion_ohne_raumladung,16,14133,4.024390244e-06,4.450074462e-05
anion_ohne_raumladung,16,14486,4.024390244e-06,4.674643922e-05
anion_ohne_raumladung,16,14840,4.024390244e-06,4.905413007e-05
anion_ohne_raumladung,16,15193,4.024390244e-06,5.141077936e-05
anion_ohne_raumladung,16,15546,4.024390244e-06,5.382282753e-05
anion_ohne_raumladung,16,15900,4.024390244e-06,5.629734320e-05
anion_ohne_raumladung,16,16253,4.024390244e-06,5.882034605e-05
anion_ohne_raumladung,16,16606,4.024390244e-06,6.139874777e-05
anion_ohne_raumladung,16,16960,4.024390244e-06,6.404008826e-05
anion_ohne_raumladung,16,17313,4.024390244e-06,6.672944467e-05
anion_ohne_raumladung,16,17666,4.024390244e-06,6.947419996e-05
anion_ohne_raumladung,16,18020,4.024390244e-06,7.228236526e-05
anion_ohne_raumladung,16,18373,4.024390244e-06,7.513807523e-05
anion_ohne_raumladung,16,18726,4.024390244e-06,7.804918408e-05
anion_ohne_raumladung,16,19080,4.024390244e-06,8.102417420e-05
anion_ohne_raumladung,16,19433,4.024390244e-06,8.404623774e-05
anion_ohne_raumladung,16,19786,4.024390244e-06,8.712370015e-05
anion_ohne_raumladung,16,20140,4.024390244e-06,9.026551508e-05
anion_ohne_raumladung,16,20493,4.024390244e-06,9.345393218e-05
anion_ohne_raumladung,16,20846,4.024390244e-06,9.669774815e-05
anion_ohne_raumladung,16,21200,4.024390244e-06,1.000000000e-04
anion_ohne_raumladung,20,1,5.000000000e-06,1.000002223e-07
anion_ohne_raumladung,20,354,5.000000000e-06,1.278565969e-07
anion_ohne_raumladung,20,707,5.000000000e-06,2.111118460e-07
anion_ohne_raumladung,20,1060,5.000000000e-06,3.497659698e-07
anion_ohne_raumladung,20,1414,5.000000000e-06,5.444473842e-07
anion_ohne_raumladung,20,1767,5.000000000e-06,7.940561943e-07
anion_ohne_raumladung,20,2120,5.000000000e-06,1.099063879e-06
anion_ohne_raumladung,20,2474,5.000000000e-06,1.460570111e-06
anion_ohne_raumladung,20,2827,5.000000000e-06,1.876532482e-06
anion_ohne_raumladung,20,3180,5.000000000e-06,2.347893728e-06
anion_ohne_raumladung,20,3534,5.000000000e-06,2.876224777e-06
anion_ohne_raumladung,20,3887,5.000000000e-06,3.458540709e-06
anion_ohne_raumladung,20,4240,5.000000000e-06,4.096255516e-06
anion_ohne_raumladung,20,4594,5.000000000e-06,4.791411383e-06
anion_ohne_raumladung,20,4947,5.000000000e-06,5.540080876e-06
anion_ohne_raumladung,20,5300,5.000000000e-06,6.344149244e-06
anion_ohne_raumladung,20,5654,5.000000000e-06,7.206129929e-06
anion_ohne_raumladung,20,6007,5.000000000e-06,8.121152983e-06
anion_ohne_raumladung,20,6360,5.000000000e-06,9.091574911e-06
anion_ohne_raumladung,20,6714,5.000000000e-06,1.012038041e-05
anion_ohne_raumladung,20,7067,5.000000000e-06,1.120175703e-05
anion_ohne_raumladung,20,7420,5.000000000e-06,1.233853252e-05
anion_ohne_raumladung,20,7773,5.000000000e-06,1.353070688e-05
anion_ohne_raumladung,20,8127,5.000000000e-06,1.478189301e-05
anion_ohne_raumladung,20,8480,5.000000000e-06,1.608502206e-05
anion_ohne_raumladung,20,8833,5.000000000e-06,1.744354999e-05
anion_ohne_raumladung,20,9187,5.000000000e-06,1.886156094e-05
anion_ohne_raumladung,20,9540,5.000000000e-06,2.033104355e-05
anion_ohne_raumladung,20,9893,5.000000000e-06,2.185592504e-05
anion_ohne_raumladung,20,10247,5.000000000e-06,2.344076080e-05
anion_ohne_raumladung,20,10600,5.000000000e-06,2.507659698e-05
anion_ohne_raumladung,20,10953,5.000000000e-06,2.676783202e-05
anion_ohne_raumladung,20,11307,5.000000000e-06,2.851949261e-05
anion_ohne_raumladung,20,11660,5.000000000e-06,3.032168234e-05
anion_ohne_raumladung,20,12013,5.000000000e-06,3.217927095e-05
anion_ohne_raumladung,20,12367,5.000000000e-06,3.409775635e-05
anion_ohne_raumladung,20,12720,5.000000000e-06,3.606629965e-05
anion_ohne_raumladung,20,13073,5.000000000e-06,3.809024181e-05
anion_ohne_raumladung,20,13427,5.000000000e-06,4.017555203e-05
anion_ohne_raumladung,20,13780,5.000000000e-06,4.231044889e-05
anion_ohne_raumladung,20,14133,5.000000000e-06,4.450074462e-05
anion_ohne_raumladung,20,14486,5.000000000e-06,4.674643922e-05
anion_ohne_raumladung,20,14840,5.000000000e-06,4.905413007e-05
anion_ohne_raumladung,20,15193,5.000000000e-06,5.141077936e-05
anion_ohne_raumladung,20,15546,5.000000000e-06,5.382282753e-05
anion_ohne_raumladung,20,15900,5.000000000e-06,5.629734320e-05
anion_ohne_raumladung,20,16253,5.000000000e-06,5.882034605e-05
anion_ohne_raumladung,20,16606,5.000000000e-06,6.139874777e-05
anion_ohne_raumladung,20,16960,5.000000000e-06,6.404008826e-05
anion_ohne_raumladung,20,17313,5.000000000e-06,6.672944467e-05
anion_ohne_raumladung,20,17666,5.000000000e-06,6.947419996e-05
anion_ohne_raumladung,20,18020,5.000000000e-06,7.228236526e-05
anion_ohne_raumladung,20,18373,5.000000000e-06,7.513807523e-05
anion_ohne_raumladung,20,18726,5.000000000e-06,7.804918408e-05
anion_ohne_raumladung,20,19080,5.000000000e-06,8.102417420e-05
anion_ohne_raumladung,20,19433,5.000000000e-06,8.404623774e-05
anion_ohne_raumladung,20,19786,5.000000000e-06,8.712370015e-05
anion_ohne_raumladung,20,20140,5.000000000e-06,9.026551508e-05
anion_ohne_raumladung,20,20493,5.000000000e-06,9.345393218e-05
anion_ohne_raumladung,20,20846,5.000000000e-06,9.669774815e-05
anion_ohne_raumladung,20,21200,5.000000000e-06,1.000000000e-04
anion_ohne_raumladung,24,1,5.975609756e-06,1.000002223e-07
anion_ohne_raumladung,24,354,5.975609756e-06,1.278565969e-07
anion_ohne_raumladung,24,707,5.975609756e-06,2.111118460e-07
anion_ohne_raumladung,24,1060,5.975609756e-06,3.497659698e-07
anion_ohne_raumladung,24,1414,5.975609756e-06,5.444473842e-07
anion_ohne_raumladung,24,1767,5.975609756e-06,7.940561943e-07
anion_ohne_raumladung,24,2120,5.975609756e-06,1.099063879e-06
anion_ohne_raumladung,24,2474,5.975609756e-06,1.460570111e-06
anion_ohne_raumladung,24,2827,5.975609756e-06,1.876532482e-06
anion_ohne_raumladung,24,3180,5.975609756e-06,2.347893728e-06
anion_ohne_raumladung,24,3534,5.975609756e-06,2.876224777e-06
anion_ohne_raumladung,24,3887,5.975609756e-06,3.458540709e-06
anion_ohne_raumladung,24,4240,5.975609756e-06,4.096255516e-06
anion_ohne_raumladung,24,4594,5.975609756e-06,4.791411383e-06
anion_ohne_raumladung,24,4947,5.975609756e-06,5.540080876e-06
anion_ohne_raumladung,24,5300,5.975609756e-06,6.344149244e-06
anion_ohne_raumladung,24,5654,5.975609756e-06,7.206129929e-06
anion_ohne_raumladung,24,6007,5.975609756e-06,8.121152983e-06
anion_ohne_raumladung,24,6360,5.975609756e-06,9.091574911e-06
anion_ohne_raumladung,24,6714,5.975609756e-06,1.012038041e-05
anion_ohne_raumladung,24,7067,5.975609756e-06,1.120175703e-05
anion_ohne_raumladung,24,7420,5.975609756e-06,1.233853252e-05
anion_ohne_raumladung,24,7773,5.975609756e-06,1.353070688e-05
anion_ohne_raumladung,24,8127,5.975609756e-06,1.478189301e-05
anion_ohne_raumladung,24,8480,5.975609756e-06,1.608502206e-05
anion_ohne_raumladung,24,8833,5.975609756e-06,1.744354999e-05
anion_ohne_raumladung,24,9187,5.975609756e-06,1.886156094e-05
anion_ohne_raumladung,24,9540,5.975609756e-06,2.033104355e-05
anion_ohne_raumladung,24,9893,5.975609756e-06,2.185592504e-05
anion_ohne_raumladung,24,10247,5.975609756e-06,2.344076080e-05
anion_ohne_raumladung,24,10600,5.975609756e-06,2.507659698e-05
anion_ohne_raumladung,24,10953,5.975609756e-06,2.676783202e-05
anion_ohne_raumladung,24,11307,5.975609756e-06,2.851949261e-05
anion_ohne_raumladung,24,11660,5.975609756e-06,3.032168234e-05
anion_ohne_raumladung,24,12013,5.975609756e-06,3.217927095e-05
anion_ohne_raumladung,24,12367,5.975609756e-06,3.409775635e-05
anion_ohne_raumladung,24,12720,5.975609756e-06,3.606629965e-05
anion_ohne_raumladung,24,13073,5.975609756e-06,3.809024181e-05
anion_ohne_raumladung,24,13427,5.975609756e-06,4.017555203e-05
anion_ohne_raumladung,24,13780,5.975609756e-06,4.231044889e-05
anion_ohne_raumladung,24,14133,5.975609756e-06,4.450074462e-05
anion_ohne_raumladung,24,14486,5.975609756e-06,4.674643922e-05
anion_ohne_raumladung,24,14840,5.975609756e-06,4.905413007e-05
anion_ohne_raumladung,24,15193,5.975609756e-06,5.141077936e-05
anion_ohne_raumladung,24,15546,5.975609756e-06,5.382282753e-05
anion_ohne_raumladung,24,15900,5.975609756e-06,5.629734320e-05
anion_ohne_raumladung,24,16253,5.975609756e-06,5.882034605e-05
anion_ohne_raumladung,24,16606,5.975609756e-06,6.139874777e-05
anion_ohne_raumladung,24,16960,5.975609756e-06,6.404008826e-05
anion_ohne_raumladung,24,17313,5.975609756e-06,6.672944467e-05
anion_ohne_raumladung,24,17666,5.975609756e-06,6.947419996e-05
anion_ohne_raumladung,24,18020,5.975609756e-06,7.228236526e-05
anion_ohne_raumladung,24,18373,5.975609756e-06,7.513807523e-05
anion_ohne_raumladung,24,18726,5.975609756e-06,7.804918408e-05
anion_ohne_raumladung,24,19080,5.975609756e-06,8.102417420e-05
anion_ohne_raumladung,24,19433,5.975609756e-06,8.404623774e-05
anion_ohne_raumladung,24,19786,5.975609756e-06,8.712370015e-05
anion_ohne_raumladung,24,20140,5.975609756e-06,9.026551508e-05
anion_ohne_raumladung,24,20493,5.975609756e-06,9.345393218e-05
anion_ohne_raumladung,24,20846,5.975609756e-06,9.669774815e-05
anion_ohne_raumladung,24,21200,5.975609756e-06,1.000000000e-04
anion_ohne_raumladung,28,1,6.951219512e-06,1.000002223e-07
anion_ohne_raumladung,28,354,6.951219512e-06,1.278565969e-07
anion_ohne_raumladung,28,707,6.951219512e-06,2.111118460e-07
anion_ohne_raumladung,28,1060,6.951219512e-06,3.497659698e-07
anion_ohne_raumladung,28,1414,6.951219512e-06,5.444473842e-07
anion_ohne_raumladung,28,1767,6.951219512e-06,7.940561943e-07
anion_ohne_raumladung,28,2120,6.951219512e-06,1.099063879e-06
anion_ohne_raumladung,28,2474,6.951219512e-06,1.460570111e-06
anion_ohne_raumladung,28,2827,6.951219512e-06,1.876532482e-06
anion_ohne_raumladung,28,3180,6.951219512e-06,2.347893728e-06
anion_ohne_raumladung,28,3534,6.951219512e-06,2.876224777e-06
anion_ohne_raumladung,28,3887,6.951219512e-06,3.458540709e-06
anion_ohne_raumladung,28,4240,6.951219512e-06,4.096255516e-06
anion_ohne_raumladung,28,4594,6.951219512e-06,4.791411383e-06
anion_ohne_raumladung,28,4947,6.951219512e-06,5.540080876e-06
anion_ohne_raumladung,28,5300,6.951219512e-06,6.344149244e-06
anion_ohne_raumladung,28,5654,6.951219512e-06,7.206129929e-06
anion_ohne_raumladung,28,6007,6.951219512e-06,8.121152983e-06
anion_ohne_raumladung,28,6360,6.951219512e-06,9.091574911e-06
anion_ohne_raumladung,28,6714,6.951219512e-06,1.012038041e-05
anion_ohne_raumladung,28,7067,6.951219512e-06,1.120175703e-05
anion_ohne_raumladung,28,7420,6.951219512e-06,1.233853252e-05
anion_ohne_raumladung,28,7773,6.951219512e-06,1.353070688e-05
anion_ohne_raumladung,28,8127,6.951219512e-06,1.478189301e-05
anion_ohne_raumladung,28,8480,6.951219512e-06,1.608502206e-05
anion_ohne_raumladung,28,8833,6.951219512e-06,1.744354999e-05
anion_ohne_raumladung,28,9187,6.951219512e-06,1.886156094e-05
anion_ohne_raumladung,28,9540,6.951219512e-06,2.033104355e-05
anion_ohne_raumladung,28,9893,6.951219512e-06,2.185592504e-05
anion_ohne_raumladung,28,10247,6.951219512e-06,2.344076080e-05
anion_ohne_raumladung,28,10600,6.951219512e-06,2.507659698e-05
anion_ohne_raumladung,28,10953,6.951219512e-06,2.676783202e-05
anion_ohne_raumladung,28,11307,6.951219512e-06,2.851949261e-05
anion_ohne_raumladung,28,11660,6.951219512e-06,3.032168234e-05
anion_ohne_raumladung,28,12013,6.951219512e-06,3.217927095e-05
anion_ohne_raumladung,28,12367,6.951219512e-06,3.409775635e-05
anion_ohne_raumladung,28,12720,6.951219512e-06,3.606629965e-05
anion_ohne_raumladung,28,13073,6.951219512e-06,3.809024181e-05
anion_ohne_raumladung,28,13427,6.951219512e-06,4.017555203e-05
anion_ohne_raumladung,28,13780,6.951219512e-06,4.231044889e-05
anion_ohne_raumladung,28,14133,6.951219512e-06,4.450074462e-05
anion_ohne_raumladung,28,14486,6.951219512e-06,4.674643922e-05
anion_ohne_raumladung,28,14840,6.951219512e-06,4.905413007e-05
anion_ohne_raumladung,28,15193,6.951219512e-06,5.141077936e-05
anion_ohne_raumladung,28,15546,6.951219512e-06,5.382282753e-05
anion_ohne_raumladung,28,15900,6.951219512e-06,5.629734320e-05
anion_ohne_raumladung,28,16253,6.951219512e-06,5.882034605e-05
anion_ohne_raumladung,28,16606,6.951219512e-06,6.139874777e-05
anion_ohne_raumladung,28,16960,6.951219512e-06,6.404008826e-05
anion_ohne_raumladung,28,17313,6.951219512e-06,6.672944467e-05
anion_ohne_raumladung,28,17666,6.951219512e-06,6.947419996e-05
anion_ohne_raumladung,28,18020,6.951219512e-06,7.228236526e-05
anion_ohne_raumladung,28,18373,6.951219512e-06,7.513807523e-05
anion_ohne_raumladung,28,18726,6.951219512e-06,7.804918408e-05
anion_ohne_raumladung,28,19080,6.951219512e-06,8.102417420e-05
anion_ohne_raumladung,28,19433,6.951219512e-06,8.404623774e-05
anion_ohne_raumladung,28,19786,6.951219512e-06,8.712370015e-05
anion_ohne_raumladung,28,20140,6.951219512e-06,9.026551508e-05
anion_ohne_raumladung,28,20493,6.951219512e-06,9.345393218e-05
anion_ohne_raumladung,28,20846,6.951219512e-06,9.669774815e-05
anion_ohne_raumladung,28,21200,6.951219512e-06,1.000000000e-04
anion_ohne_raumladung,32,1,7.926829268e-06,1.000002223e-07
anion_ohne_raumladung,32,354,7.926829268e-06,1.278565969e-07
anion_ohne_raumladung,32,707,7.926829268e-06,2.111118460e-07
anion_ohne_raumladung,32,1060,7.926829268e-06,3.497659698e-07
anion_ohne_raumladung,32,1414,7.926829268e-06,5.444473842e-07
anion_ohne_raumladung,32,1767,7.926829268e-06,7.940561943e-07
anion_ohne_raumladung,32,2120,7.926829268e-06,1.099063879e-06
anion_ohne_raumladung,32,2474,7.926829268e-06,1.460570111e-06
anion_ohne_raumladung,32,2827,7.926829268e-06,1.876532482e-06
anion_ohne_raumladung,32,3180,7.926829268e-06,2.347893728e-06
anion_ohne_raumladung,32,3534,7.926829268e-06,2.876224777e-06
anion_ohne_raumladung,32,3887,7.926829268e-06,3.458540709e-06
anion_ohne_raumladung,32,4240,7.926829268e-06,4.096255516e-06
anion_ohne_raumladung,32,4594,7.926829268e-06,4.791411383e-06
anion_ohne_raumladung,32,4947,7.926829268e-06,5.540080876e-06
anion_ohne_raumladung,32,5300,7.926829268e-06,6.344149244e-06
anion_ohne_raumladung,32,5654,7.926829268e-06,7.206129929e-06
anion_ohne_raumladung,32,6007,7.926829268e-06,8.121152983e-06
anion_ohne_raumladung,32,6360,7.926829268e-06,9.091574911e-06
anion_ohne_raumladung,32,6714,7.926829268e-06,1.012038041e-05
anion_ohne_raumladung,32,7067,7.926829268e-06,1.120175703e-05
anion_ohne_raumladung,32,7420,7.926829268e-06,1.233853252e-05
anion_ohne_raumladung,32,7773,7.926829268e-06,1.353070688e-05
anion_ohne_raumladung,32,8127,7.926829268e-06,1.478189301e-05
anion_ohne_raumladung,32,8480,7.926829268e-06,1.608502206e-05
anion_ohne_raumladung,32,8833,7.926829268e-06,1.744354999e-05
anion_ohne_raumladung,32,9187,7.926829268e-06,1.886156094e-05
anion_ohne_raumladung,32,9540,7.926829268e-06,2.033104355e-05
anion_ohne_raumladung,32,9893,7.926829268e-06,2.185592504e-05
anion_ohne_raumladung,32,10247,7.926829268e-06,2.344076080e-05
anion_ohne_raumladung,32,10600,7.926829268e-06,2.507659698e-05
anion_ohne_raumladung,32,10953,7.926829268e-06,2.676783202e-05
anion_ohne_raumladung,32,11307,7.926829268e-06,2.851949261e-05
anion_ohne_raumladung,32,11660,7.926829268e-06,3.032168234e-05
anion_ohne_raumladung,32,12013,7.926829268e-06,3.217927095e-05
anion_ohne_raumladung,32,12367,7.926829268e-06,3.409775635e-05
anion_ohne_raumladung,32,12720,7.926829268e-06,3.606629965e-05
anion_ohne_raumladung,32,13073,7.926829268e-06,3.809024181e-05
anion_ohne_raumladung,32,13427,7.926829268e-06,4.017555203e-05
anion_ohne_raumladung,32,13780,7.926829268e-06,4.231044889e-05
anion_ohne_raumladung,32,14133,7.926829268e-06,4.450074462e-05
anion_ohne_raumladung,32,14486,7.926829268e-06,4.674643922e-05
anion_ohne_raumladung,32,14840,7.926829268e-06,4.905413007e-05
anion_ohne_raumladung,32,15193,7.926829268e-06,5.141077936e-05
anion_ohne_raumladung,32,15546,7.926829268e-06,5.382282753e-05
anion_ohne_raumladung,32,15900,7.926829268e-06,5.629734320e-05
anion_ohne_raumladung,32,16253,7.926829268e-06,5.882034605e-05
anion_ohne_raumladung,32,16606,7.926829268e-06,6.139874777e-05
anion_ohne_raumladung,32,16960,7.926829268e-06,6.404008826e-05
anion_ohne_raumladung,32,17313,7.926829268e-06,6.672944467e-05
anion_ohne_raumladung,32,17666,7.926829268e-06,6.947419996e-05
anion_ohne_raumladung,32,18020,7.926829268e-06,7.228236526e-05
anion_ohne_raumladung,32,18373,7.926829268e-06,7.513807523e-05
anion_ohne_raumladung,32,18726,7.926829268e-06,7.804918408e-05
anion_ohne_raumladung,32,19080,7.926829268e-06,8.102417420e-05
anion_ohne_raumladung,32,19433,7.926829268e-06,8.404623774e-05
anion_ohne_raumladung,32,19786,7.926829268e-06,8.712370015e-05
anion_ohne_raumladung,32,20140,7.926829268e-06,9.026551508e-05
anion_ohne_raumladung,32,20493,7.926829268e-06,9.345393218e-05
anion_ohne_raumladung,32,20846,7.926829268e-06,9.669774815e-05
anion_ohne_raumladung,32,21200,7.926829268e-06,1.000000000e-04
anion_ohne_raumladung,36,1,8.902439024e-06,1.000002223e-07
anion_ohne_raumladung,36,354,8.902439024e-06,1.278565969e-07
anion_ohne_raumladung,36,707,8.902439024e-06,2.111118460e-07
anion_ohne_raumladung,36,1060,8.902439024e-06,3.497659698e-07
anion_ohne_raumladung,36,1414,8.902439024e-06,5.444473842e-07
anion_ohne_raumladung,36,1767,8.902439024e-06,7.940561943e-07
anion_ohne_raumladung,36,2120,8.902439024e-06,1.099063879e-06
anion_ohne_raumladung,36,2474,8.902439024e-06,1.460570111e-06
anion_ohne_raumladung,36,2827,8.902439024e-06,1.876532482e-06
anion_ohne_raumladung,36,3180,8.902439024e-06,2.347893728e-06
anion_ohne_raumladung,36,3534,8.902439024e-06,2.876224777e-06
anion_ohne_raumladung,36,3887,8.902439024e-06,3.458540709e-06
anion_ohne_raumladung,36,4240,8.902439024e-06,4.096255516e-06
anion_ohne_raumladung,36,4594,8.902439024e-06,4.791411383e-06
anion_ohne_raumladung,36,4947,8.902439024e-06,5.540080876e-06
anion_ohne_raumladung,36,5300,8.902439024e-06,6.344149244e-06
anion_ohne_raumladung,36,5654,8.902439024e-06,7.206129929e-06
anion_ohne_raumladung,36,6007,8.902439024e-06,8.121152983e-06
anion_ohne_raumladung,36,6360,8.902439024e-06,9.091574911e-06
anion_ohne_raumladung,36,6714,8.902439024e-06,1.012038041e-05
anion_ohne_raumladung,36,7067,8.902439024e-06,1.120175703e-05
anion_ohne_raumladung,36,7420,8.902439024e-06,1.233853252e-05
anion_ohne_raumladung,36,7773,8.902439024e-06,1.353070688e-05
anion_ohne_raumladung,36,8127,8.902439024e-06,1.478189301e-05
anion_ohne_raumladung,36,8480,8.902439024e-06,1.608502206e-05
anion_ohne_raumladung,36,8833,8.902439024e-06,1.744354999e-05
anion_ohne_raumladung,36,9187,8.902439024e-06,1.886156094e-05
anion_ohne_raumladung,36,9540,8.902439024e-06,2.033104355e-05
anion_ohne_raumladung,36,9893,8.902439024e-06,2.185592504e-05
anion_ohne_raumladung,36,10247,8.902439024e-06,2.344076080e-05
anion_ohne_raumladung,36,10600,8.902439024e-06,2.507659698e-05
anion_ohne_raumladung,36,10953,8.902439024e-06,2.676783202e-05
anion_ohne_raumladung,36,11307,8.902439024e-06,2.851949261e-05
anion_ohne_raumladung,36,11660,8.902439024e-06,3.032168234e-05
anion_ohne_raumladung,36,12013,8.902439024e-06,3.217927095e-05
anion_ohne_raumladung,36,12367,8.902439024e-06,3.409775635e-05
anion_ohne_raumladung,36,12720,8.902439024e-06,3.606629965e-05
anion_ohne_raumladung,36,13073,8.902439024e-06,3.809024181e-05
anion_ohne_raumladung,36,13427,8.902439024e-06,4.017555203e-05
anion_ohne_raumladung,36,13780,8.902439024e-06,4.231044889e-05
anion_ohne_raumladung,36,14133,8.902439024e-06,4.450074462e-05
anion_ohne_raumladung,36,14486,8.902439024e-06,4.674643922e-05
anion_ohne_raumladung,36,14840,8.902439024e-06,4.905413007e-05
anion_ohne_raumladung,36,15193,8.902439024e-06,5.141077936e-05
anion_ohne_raumladung,36,15546,8.902439024e-06,5.382282753e-05
anion_ohne_raumladung,36,15900,8.902439024e-06,5.629734320e-05
anion_ohne_raumladung,36,16253,8.902439024e-06,5.882034605e-05
anion_ohne_raumladung,36,16606,8.902439024e-06,6.139874777e-05
anion_ohne_raumladung,36,16960,8.902439024e-06,6.404008826e-05
anion_ohne_raumladung,36,17313,8.902439024e-06,6.672944467e-05
anion_ohne_raumladung,36,17666,8.902439024e-06,6.947419996e-05
anion_ohne_raumladung,36,18020,8.902439024e-06,7.228236526e-05
anion_ohne_raumladung,36,18373,8.902439024e-06,7.513807523e-05
anion_ohne_raumladung,36,18726,8.902439024e-06,7.804918408e-05
anion_ohne_raumladung,36,19080,8.902439024e-06,8.102417420e-05
anion_ohne_raumladung,36,19433,8.902439024e-06,8.404623774e-05
anion_ohne_raumladung,36,19786,8.902439024e-06,8.712370015e-05
anion_ohne_raumladung,36,20140,8.902439024e-06,9.026551508e-05
anion_ohne_raumladung,36,20493,8.902439024e-06,9.345393218e-05
anion_ohne_raumladung,36,20846,8.902439024e-06,9.669774815e-05
anion_ohne_raumladung,36,21200,8.902439024e-06,1.000000000e-04
anion_ohne_raumladung,40,1,9.878048780e-06,1.000002223e-07
anion_ohne_raumladung,40,354,9.878048780e-06,1.278565969e-07
anion_ohne_raumladung,40,707,9.878048780e-06,2.111118460e-07
anion_ohne_raumladung,40,1060,9.878048780e-06,3.497659698e-07
anion_ohne_raumladung,40,1414,9.878048780e-06,5.444473842e-07
anion_ohne_raumladung,40,1767,9.878048780e-06,7.940561943e-07
anion_ohne_raumladung,40,2120,9.878048780e-06,1.099063879e-06
anion_ohne_raumladung,40,2474,9.878048780e-06,1.460570111e-06
anion_ohne_raumladung,40,2827,9.878048780e-06,1.876532482e-06
anion_ohne_raumladung,40,3180,9.878048780e-06,2.347893728e-06
anion_ohne_raumladung,40,3534,9.878048780e-06,2.876224777e-06
anion_ohne_raumladung,40,3887,9.878048780e-06,3.458540709e-06
anion_ohne_raumladung,40,4240,9.878048780e-06,4.096255516e-06
anion_ohne_raumladung,40,4594,9.878048780e-06,4.791411383e-06
anion_ohne_raumladung,40,4947,9.878048780e-06,5.540080876e-06
anion_ohne_raumladung,40,5300,9.878048780e-06,6.344149244e-06
anion_ohne_raumladung,40,5654,9.878048780e-06,7.206129929e-06
anion_ohne_raumladung,40,6007,9.878048780e-06,8.121152983e-06
anion_ohne_raumladung,40,6360,9.878048780e-06,9.091574911e-06
anion_ohne_raumladung,40,6714,9.878048780e-06,1.012038041e-05
anion_ohne_raumladung,40,7067,9.878048780e-06,1.120175703e-05
anion_ohne_raumladung,40,7420,9.878048780e-06,1.233853252e-05
anion_ohne_raumladung,40,7773,9.878048780e-06,1.353070688e-05
anion_ohne_raumladung,40,8127,9.878048780e-06,1.478189301e-05
anion_ohne_raumladung,40,8480,9.878048780e-06,1.608502206e-05
anion_ohne_raumladung,40,8833,9.878048780e-06,1.744354999e-05
anion_ohne_raumladung,40,9187,9.878048780e-06,1.886156094e-05
anion_ohne_raumladung,40,9540,9.878048780e-06,2.033104355e-05
anion_ohne_raumladung,40,9893,9.878048780e-06,2.185592504e-05
anion_ohne_raumladung,40,10247,9.878048780e-06,2.344076080e-05
anion_ohne_raumladung,40,10600,9.878048780e-06,2.507659698e-05
anion_ohne_raumladung,40,10953,9.878048780e-06,2.676783202e-05
anion_ohne_raumladung,40,11307,9.878048780e-06,2.851949261e-05
anion_ohne_raumladung,40,11660,9.878048780e-06,3.032168234e-05
anion_ohne_raumladung,40,12013,9.878048780e-06,3.217927095e-05
anion_ohne_raumladung,40,12367,9.878048780e-06,3.409775635e-05
anion_ohne_raumladung,40,12720,9.878048780e-06,3.606629965e-05
anion_ohne_raumladung,40,13073,9.878048780e-06,3.809024181e-05
anion_ohne_raumladung,40,13427,9.878048780e-06,4.017555203e-05
anion_ohne_raumladung,40,13780,9.878048780e-06,4.231044889e-05
anion_ohne_raumladung,40,14133,9.878048780e-06,4.450074462e-05
anion_ohne_raumladung,40,14486,9.878048780e-06,4.674643922e-05
anion_ohne_raumladung,40,14840,9.878048780e-06,4.905413007e-05
anion_ohne_raumladung,40,15193,9.878048780e-06,5.141077936e-05
anion_ohne_raumladung,40,15546,9.878048780e-06,5.382282753e-05
anion_ohne_raumladung,40,15900,9.878048780e-06,5.629734320e-05
anion_ohne_raumladung,40,16253,9.878048780e-06,5.882034605e-05
anion_ohne_raumladung,40,16606,9.878048780e-06,6.139874777e-05
anion_ohne_raumladung,40,16960,9.878048780e-06,6.404008826e-05
anion_ohne_raumladung,40,17313,9.878048780e-06,6.672944467e-05
anion_ohne_raumladung,40,17666,9.878048780e-06,6.947419996e-05
anion_ohne_raumladung,40,18020,9.878048780e-06,7.228236526e-05
anion_ohne_raumladung,40,18373,9.878048780e-06,7.513807523e-05
anion_ohne_raumladung,40,18726,9.878048780e-06,7.804918408e-05
anion_ohne_raumladung,40,19080,9.878048780e-06,8.102417420e-05
anion_ohne_raumladung,40,19433,9.878048780e-06,8.404623774e-05
anion_ohne_raumladung,40,19786,9.878048780e-06,8.712370015e-05
anion_ohne_raumladung,40,20140,9.878048780e-06,9.026551508e-05
anion_ohne_raumladung,40,20493,9.878048780e-06,9.345393218e-05
anion_ohne_raumladung,40,20846,9.878048780e-06,9.669774815e-05
anion_ohne_raumladung,40,21200,9.878048780e-06,1.000000000e-04
