# Die drei Lasten nebeneinander, ueber der normierten Bogenlaenge tau.
# kind = node   : der ROHE punktweise Knotenwert (nicht konvergent an der Kante, wird nirgends verwendet)
# kind = segment: die konservative Treppenfunktion (die Kraftbuchhaltung)
# kind = handed : die stetige Rekonstruktion, die dem Kapillarloeser TATSAECHLICH uebergeben wird
# kind = cumulative: die kumulierte Kraft G(tau), aus der 'handed' gebaut ist
case,kind,tau,d_over_a,value
singulaer,node,0.000000000e+00,1.000000000e+00,1.000000000e+04
singulaer,node,3.125000000e-02,9.687500000e-01,1.014067456e+04
singulaer,node,6.250000000e-02,9.375000000e-01,1.028803986e+04
singulaer,node,9.375000000e-02,9.062500000e-01,1.044265359e+04
singulaer,node,1.250000000e-01,8.750000000e-01,1.060514124e+04
singulaer,node,1.562500000e-01,8.437500000e-01,1.077620723e+04
singulaer,node,1.875000000e-01,8.125000000e-01,1.095664820e+04
singulaer,node,2.187500000e-01,7.812500000e-01,1.114736924e+04
singulaer,node,2.500000000e-01,7.500000000e-01,1.134940370e+04
singulaer,node,2.812500000e-01,7.187500000e-01,1.156393768e+04
singulaer,node,3.125000000e-01,6.875000000e-01,1.179234050e+04
singulaer,node,3.437500000e-01,6.562500000e-01,1.203620291e+04
singulaer,node,3.750000000e-01,6.250000000e-01,1.229738564e+04
singulaer,node,4.062500000e-01,5.937500000e-01,1.257808155e+04
singulaer,node,4.375000000e-01,5.625000000e-01,1.288089643e+04
singulaer,node,4.687500000e-01,5.312500000e-01,1.320895513e+04
singulaer,node,5.000000000e-01,5.000000000e-01,1.356604327e+04
singulaer,node,5.312500000e-01,4.687500000e-01,1.395679940e+04
singulaer,node,5.625000000e-01,4.375000000e-01,1.438698049e+04
singulaer,node,5.937500000e-01,4.062500000e-01,1.486383636e+04
singulaer,node,6.250000000e-01,3.750000000e-01,1.539665017e+04
singulaer,node,6.562500000e-01,3.437500000e-01,1.599754016e+04
singulaer,node,6.875000000e-01,3.125000000e-01,1.668268657e+04
singulaer,node,7.187500000e-01,2.812500000e-01,1.747427984e+04
singulaer,node,7.500000000e-01,2.500000000e-01,1.840375301e+04
singulaer,node,7.812500000e-01,2.187500000e-01,1.951744000e+04
singulaer,node,8.125000000e-01,1.875000000e-01,2.088716225e+04
singulaer,node,8.437500000e-01,1.562500000e-01,2.263180479e+04
singulaer,node,8.750000000e-01,1.250000000e-01,2.496661098e+04
singulaer,node,9.062500000e-01,9.375000000e-02,2.833561469e+04
singulaer,node,9.375000000e-01,6.250000000e-02,3.386981249e+04
singulaer,node,9.687500000e-01,3.125000000e-02,4.594793420e+04
singulaer,node,1.000000000e+00,0.000000000e+00,1.110455039e+05
singulaer,segment,0.000000000e+00,9.843750000e-01,1.009378304e+04
singulaer,segment,3.125000000e-02,9.843750000e-01,1.009378304e+04
singulaer,segment,3.125000000e-02,9.531250000e-01,1.022254417e+04
singulaer,segment,6.250000000e-02,9.531250000e-01,1.022254417e+04
singulaer,segment,6.250000000e-02,9.218750000e-01,1.037050052e+04
singulaer,segment,9.375000000e-02,9.218750000e-01,1.037050052e+04
singulaer,segment,9.375000000e-02,8.906250000e-01,1.052776616e+04
singulaer,segment,1.250000000e-01,8.906250000e-01,1.052776616e+04
singulaer,segment,1.250000000e-01,8.593750000e-01,1.069384212e+04
singulaer,segment,1.562500000e-01,8.593750000e-01,1.069384212e+04
singulaer,segment,1.562500000e-01,8.281250000e-01,1.086916167e+04
singulaer,segment,1.875000000e-01,8.281250000e-01,1.086916167e+04
singulaer,segment,1.875000000e-01,7.968750000e-01,1.105445386e+04
singulaer,segment,2.187500000e-01,7.968750000e-01,1.105445386e+04
singulaer,segment,2.187500000e-01,7.656250000e-01,1.125063130e+04
singulaer,segment,2.500000000e-01,7.656250000e-01,1.125063130e+04
singulaer,segment,2.500000000e-01,7.343750000e-01,1.145877396e+04
singulaer,segment,2.812500000e-01,7.343750000e-01,1.145877396e+04
singulaer,segment,2.812500000e-01,7.031250000e-01,1.168014263e+04
singulaer,segment,3.125000000e-01,7.031250000e-01,1.168014263e+04
singulaer,segment,3.125000000e-01,6.718750000e-01,1.191620712e+04
singulaer,segment,3.437500000e-01,6.718750000e-01,1.191620712e+04
singulaer,segment,3.437500000e-01,6.406250000e-01,1.216868690e+04
singulaer,segment,3.750000000e-01,6.406250000e-01,1.216868690e+04
singulaer,segment,3.750000000e-01,6.093750000e-01,1.243960490e+04
singulaer,segment,4.062500000e-01,6.093750000e-01,1.243960490e+04
singulaer,segment,4.062500000e-01,5.781250000e-01,1.273135822e+04
singulaer,segment,4.375000000e-01,5.781250000e-01,1.273135822e+04
singulaer,segment,4.375000000e-01,5.468750000e-01,1.304681118e+04
singulaer,segment,4.687500000e-01,5.468750000e-01,1.304681118e+04
singulaer,segment,4.687500000e-01,5.156250000e-01,1.338941903e+04
singulaer,segment,5.000000000e-01,5.156250000e-01,1.338941903e+04
singulaer,segment,5.000000000e-01,4.843750000e-01,1.376339485e+04
singulaer,segment,5.312500000e-01,4.843750000e-01,1.376339485e+04
singulaer,segment,5.312500000e-01,4.531250000e-01,1.417393843e+04
singulaer,segment,5.625000000e-01,4.531250000e-01,1.417393843e+04
singulaer,segment,5.625000000e-01,4.218750000e-01,1.462755643e+04
singulaer,segment,5.937500000e-01,4.218750000e-01,1.462755643e+04
singulaer,segment,5.937500000e-01,3.906250000e-01,1.513252025e+04
singulaer,segment,6.250000000e-01,3.906250000e-01,1.513252025e+04
singulaer,segment,6.250000000e-01,3.593750000e-01,1.569953781e+04
singulaer,segment,6.562500000e-01,3.593750000e-01,1.569953781e+04
singulaer,segment,6.562500000e-01,3.281250000e-01,1.634276897e+04
singulaer,segment,6.875000000e-01,3.281250000e-01,1.634276897e+04
singulaer,segment,6.875000000e-01,2.968750000e-01,1.708141503e+04
singulaer,segment,7.187500000e-01,2.968750000e-01,1.708141503e+04
singulaer,segment,7.187500000e-01,2.656250000e-01,1.794231243e+04
singulaer,segment,7.500000000e-01,2.656250000e-01,1.794231243e+04
singulaer,segment,7.500000000e-01,2.343750000e-01,1.896438456e+04
singulaer,segment,7.812500000e-01,2.343750000e-01,1.896438456e+04
singulaer,segment,7.812500000e-01,2.031250000e-01,2.020677734e+04
singulaer,segment,8.125000000e-01,2.031250000e-01,2.020677734e+04
singulaer,segment,8.125000000e-01,1.718750000e-01,2.176496982e+04
singulaer,segment,8.437500000e-01,1.718750000e-01,2.176496982e+04
singulaer,segment,8.437500000e-01,1.406250000e-01,2.380628306e+04
singulaer,segment,8.750000000e-01,1.406250000e-01,2.380628306e+04
singulaer,segment,8.750000000e-01,1.093750000e-01,2.666096372e+04
singulaer,segment,9.062500000e-01,1.093750000e-01,2.666096372e+04
singulaer,segment,9.062500000e-01,7.812500000e-02,3.111834692e+04
singulaer,segment,9.375000000e-01,7.812500000e-02,3.111834692e+04
singulaer,segment,9.375000000e-01,4.687500000e-02,3.994187368e+04
singulaer,segment,9.687500000e-01,4.687500000e-02,3.994187368e+04
singulaer,segment,9.687500000e-01,1.562500000e-02,7.866893486e+04
singulaer,segment,1.000000000e+00,1.562500000e-02,7.866893486e+04
singulaer,handed,0.000000000e+00,1.000000000e+00,1.009378304e+04
singulaer,handed,4.882812500e-04,9.995117188e-01,1.009378304e+04
singulaer,handed,9.765625000e-04,9.990234375e-01,1.009378304e+04
singulaer,handed,1.464843750e-03,9.985351563e-01,1.009378304e+04
singulaer,handed,1.953125000e-03,9.980468750e-01,1.009378304e+04
singulaer,handed,2.441406250e-03,9.975585937e-01,1.009378304e+04
singulaer,handed,2.929687500e-03,9.970703125e-01,1.009378304e+04
singulaer,handed,3.417968750e-03,9.965820312e-01,1.009378304e+04
singulaer,handed,3.906250000e-03,9.960937500e-01,1.009378304e+04
singulaer,handed,4.394531250e-03,9.956054688e-01,1.009378304e+04
singulaer,handed,4.882812500e-03,9.951171875e-01,1.009378304e+04
singulaer,handed,5.371093750e-03,9.946289062e-01,1.009378304e+04
singulaer,handed,5.859375000e-03,9.941406250e-01,1.009378304e+04
singulaer,handed,6.347656250e-03,9.936523437e-01,1.009378304e+04
singulaer,handed,6.835937500e-03,9.931640625e-01,1.009378304e+04
singulaer,handed,7.324218750e-03,9.926757812e-01,1.009378304e+04
singulaer,handed,7.812500000e-03,9.921875000e-01,1.009378304e+04
singulaer,handed,8.300781250e-03,9.916992188e-01,1.009378304e+04
singulaer,handed,8.789062500e-03,9.912109375e-01,1.009378304e+04
singulaer,handed,9.277343750e-03,9.907226562e-01,1.009378304e+04
singulaer,handed,9.765625000e-03,9.902343750e-01,1.009378304e+04
singulaer,handed,1.025390625e-02,9.897460938e-01,1.009378304e+04
singulaer,handed,1.074218750e-02,9.892578125e-01,1.009378304e+04
singulaer,handed,1.123046875e-02,9.887695312e-01,1.009378304e+04
singulaer,handed,1.171875000e-02,9.882812500e-01,1.009378304e+04
singulaer,handed,1.220703125e-02,9.877929688e-01,1.009378304e+04
singulaer,handed,1.269531250e-02,9.873046875e-01,1.009378304e+04
singulaer,handed,1.318359375e-02,9.868164062e-01,1.009378304e+04
singulaer,handed,1.367187500e-02,9.863281250e-01,1.009378304e+04
singulaer,handed,1.416015625e-02,9.858398438e-01,1.009378304e+04
singulaer,handed,1.464843750e-02,9.853515625e-01,1.009378304e+04
singulaer,handed,1.513671875e-02,9.848632812e-01,1.009378304e+04
singulaer,handed,1.562500000e-02,9.843750000e-01,1.009378304e+04
singulaer,handed,1.611328125e-02,9.838867188e-01,1.009378304e+04
singulaer,handed,1.660156250e-02,9.833984375e-01,1.009378304e+04
singulaer,handed,1.708984375e-02,9.829101562e-01,1.009378304e+04
singulaer,handed,1.757812500e-02,9.824218750e-01,1.009378304e+04
singulaer,handed,1.806640625e-02,9.819335938e-01,1.009378304e+04
singulaer,handed,1.855468750e-02,9.814453125e-01,1.009378304e+04
singulaer,handed,1.904296875e-02,9.809570312e-01,1.009378304e+04
singulaer,handed,1.953125000e-02,9.804687500e-01,1.009378304e+04
singulaer,handed,2.001953125e-02,9.799804688e-01,1.009378304e+04
singulaer,handed,2.050781250e-02,9.794921875e-01,1.009378304e+04
singulaer,handed,2.099609375e-02,9.790039062e-01,1.009378304e+04
singulaer,handed,2.148437500e-02,9.785156250e-01,1.009378304e+04
singulaer,handed,2.197265625e-02,9.780273438e-01,1.009378304e+04
singulaer,handed,2.246093750e-02,9.775390625e-01,1.009378304e+04
singulaer,handed,2.294921875e-02,9.770507812e-01,1.009378304e+04
singulaer,handed,2.343750000e-02,9.765625000e-01,1.009378304e+04
singulaer,handed,2.392578125e-02,9.760742188e-01,1.008803974e+04
singulaer,handed,2.441406250e-02,9.755859375e-01,1.008296979e+04
singulaer,handed,2.490234375e-02,9.750976562e-01,1.007888407e+04
singulaer,handed,2.539062500e-02,9.746093750e-01,1.007606902e+04
singulaer,handed,2.587890625e-02,9.741210938e-01,1.007474151e+04
singulaer,handed,2.636718750e-02,9.736328125e-01,1.007500949e+04
singulaer,handed,2.685546875e-02,9.731445313e-01,1.007685088e+04
singulaer,handed,2.734375000e-02,9.726562500e-01,1.008011794e+04
singulaer,handed,2.783203125e-02,9.721679688e-01,1.008456568e+04
singulaer,handed,2.832031250e-02,9.716796875e-01,1.008989460e+04
singulaer,handed,2.880859375e-02,9.711914062e-01,1.009579492e+04
singulaer,handed,2.929687500e-02,9.707031250e-01,1.010198210e+04
singulaer,handed,2.978515625e-02,9.702148438e-01,1.010821864e+04
singulaer,handed,3.027343750e-02,9.697265625e-01,1.011432260e+04
singulaer,handed,3.076171875e-02,9.692382813e-01,1.012016615e+04
singulaer,handed,3.125000000e-02,9.687500000e-01,1.012566826e+04
singulaer,handed,3.173828125e-02,9.682617187e-01,1.016295174e+04
singulaer,handed,3.222656250e-02,9.677734375e-01,1.018608550e+04
singulaer,handed,3.271484375e-02,9.672851562e-01,1.020160425e+04
singulaer,handed,3.320312500e-02,9.667968750e-01,1.021252253e+04
singulaer,handed,3.369140625e-02,9.663085938e-01,1.022041716e+04
singulaer,handed,3.417968750e-02,9.658203125e-01,1.022618612e+04
singulaer,handed,3.466796875e-02,9.653320312e-01,1.023037077e+04
singulaer,handed,3.515625000e-02,9.648437500e-01,1.023330816e+04
singulaer,handed,3.564453125e-02,9.643554687e-01,1.023520876e+04
singulaer,handed,3.613281250e-02,9.638671875e-01,1.023619782e+04
singulaer,handed,3.662109375e-02,9.633789062e-01,1.023633722e+04
singulaer,handed,3.710937500e-02,9.628906250e-01,1.023563551e+04
singulaer,handed,3.759765625e-02,9.624023438e-01,1.023404923e+04
singulaer,handed,3.808593750e-02,9.619140625e-01,1.023147599e+04
singulaer,handed,3.857421875e-02,9.614257812e-01,1.022773715e+04
singulaer,handed,3.906250000e-02,9.609375000e-01,1.022254417e+04
singulaer,handed,3.955078125e-02,9.604492188e-01,1.022254417e+04
singulaer,handed,4.003906250e-02,9.599609375e-01,1.022254417e+04
singulaer,handed,4.052734375e-02,9.594726562e-01,1.022254417e+04
singulaer,handed,4.101562500e-02,9.589843750e-01,1.022254417e+04
singulaer,handed,4.150390625e-02,9.584960938e-01,1.022254417e+04
singulaer,handed,4.199218750e-02,9.580078125e-01,1.022254417e+04
singulaer,handed,4.248046875e-02,9.575195312e-01,1.022254417e+04
singulaer,handed,4.296875000e-02,9.570312500e-01,1.022254417e+04
singulaer,handed,4.345703125e-02,9.565429688e-01,1.022254417e+04
singulaer,handed,4.394531250e-02,9.560546875e-01,1.022254417e+04
singulaer,handed,4.443359375e-02,9.555664062e-01,1.022254417e+04
singulaer,handed,4.492187500e-02,9.550781250e-01,1.022254417e+04
singulaer,handed,4.541015625e-02,9.545898438e-01,1.022254417e+04
singulaer,handed,4.589843750e-02,9.541015625e-01,1.022254417e+04
singulaer,handed,4.638671875e-02,9.536132812e-01,1.022254417e+04
singulaer,handed,4.687500000e-02,9.531250000e-01,1.022254417e+04
singulaer,handed,4.736328125e-02,9.526367188e-01,1.022254417e+04
singulaer,handed,4.785156250e-02,9.521484375e-01,1.022254417e+04
singulaer,handed,4.833984375e-02,9.516601562e-01,1.022254417e+04
singulaer,handed,4.882812500e-02,9.511718750e-01,1.022254417e+04
singulaer,handed,4.931640625e-02,9.506835938e-01,1.022254417e+04
singulaer,handed,4.980468750e-02,9.501953125e-01,1.022254417e+04
singulaer,handed,5.029296875e-02,9.497070312e-01,1.022254417e+04
singulaer,handed,5.078125000e-02,9.492187500e-01,1.022254417e+04
singulaer,handed,5.126953125e-02,9.487304688e-01,1.022254417e+04
singulaer,handed,5.175781250e-02,9.482421875e-01,1.022254417e+04
singulaer,handed,5.224609375e-02,9.477539062e-01,1.022254417e+04
singulaer,handed,5.273437500e-02,9.472656250e-01,1.022254417e+04
singulaer,handed,5.322265625e-02,9.467773438e-01,1.022254417e+04
singulaer,handed,5.371093750e-02,9.462890625e-01,1.022254417e+04
singulaer,handed,5.419921875e-02,9.458007812e-01,1.022254417e+04
singulaer,handed,5.468750000e-02,9.453125000e-01,1.022254417e+04
singulaer,handed,5.517578125e-02,9.448242188e-01,1.021453110e+04
singulaer,handed,5.566406250e-02,9.443359375e-01,1.020783592e+04
singulaer,handed,5.615234375e-02,9.438476563e-01,1.020268004e+04
singulaer,handed,5.664062500e-02,9.433593750e-01,1.019924492e+04
singulaer,handed,5.712890625e-02,9.428710938e-01,1.019765690e+04
singulaer,handed,5.761718750e-02,9.423828125e-01,1.019797586e+04
singulaer,handed,5.810546875e-02,9.418945312e-01,1.020018969e+04
singulaer,handed,5.859375000e-02,9.414062500e-01,1.020421543e+04
singulaer,handed,5.908203125e-02,9.409179688e-01,1.020990689e+04
singulaer,handed,5.957031250e-02,9.404296875e-01,1.021706746e+04
singulaer,handed,6.005859375e-02,9.399414063e-01,1.022546615e+04
singulaer,handed,6.054687500e-02,9.394531250e-01,1.023485452e+04
singulaer,handed,6.103515625e-02,9.389648437e-01,1.024498250e+04
singulaer,handed,6.152343750e-02,9.384765625e-01,1.025561149e+04
singulaer,handed,6.201171875e-02,9.379882812e-01,1.026652413e+04
singulaer,handed,6.250000000e-02,9.375000000e-01,1.027753040e+04
singulaer,handed,6.298828125e-02,9.370117188e-01,1.030489434e+04
singulaer,handed,6.347656250e-02,9.365234375e-01,1.032632919e+04
singulaer,handed,6.396484375e-02,9.360351563e-01,1.034329704e+04
singulaer,handed,6.445312500e-02,9.355468750e-01,1.035678361e+04
singulaer,handed,6.494140625e-02,9.350585937e-01,1.036747187e+04
singulaer,handed,6.542968750e-02,9.345703125e-01,1.037584363e+04
singulaer,handed,6.591796875e-02,9.340820312e-01,1.038224136e+04
singulaer,handed,6.640625000e-02,9.335937500e-01,1.038690701e+04
singulaer,handed,6.689453125e-02,9.331054688e-01,1.039000651e+04
singulaer,handed,6.738281250e-02,9.326171875e-01,1.039164534e+04
singulaer,handed,6.787109375e-02,9.321289062e-01,1.039187777e+04
singulaer,handed,6.835937500e-02,9.316406250e-01,1.039071141e+04
singulaer,handed,6.884765625e-02,9.311523437e-01,1.038810785e+04
singulaer,handed,6.933593750e-02,9.306640625e-01,1.038397945e+04
singulaer,handed,6.982421875e-02,9.301757812e-01,1.037818181e+04
singulaer,handed,7.031250000e-02,9.296875000e-01,1.037050052e+04
singulaer,handed,7.080078125e-02,9.291992188e-01,1.037050052e+04
singulaer,handed,7.128906250e-02,9.287109375e-01,1.037050052e+04
singulaer,handed,7.177734375e-02,9.282226562e-01,1.037050052e+04
singulaer,handed,7.226562500e-02,9.277343750e-01,1.037050052e+04
singulaer,handed,7.275390625e-02,9.272460938e-01,1.037050052e+04
singulaer,handed,7.324218750e-02,9.267578125e-01,1.037050052e+04
singulaer,handed,7.373046875e-02,9.262695312e-01,1.037050052e+04
singulaer,handed,7.421875000e-02,9.257812500e-01,1.037050052e+04
singulaer,handed,7.470703125e-02,9.252929688e-01,1.037050052e+04
singulaer,handed,7.519531250e-02,9.248046875e-01,1.037050052e+04
singulaer,handed,7.568359375e-02,9.243164062e-01,1.037050052e+04
singulaer,handed,7.617187500e-02,9.238281250e-01,1.037050052e+04
singulaer,handed,7.666015625e-02,9.233398438e-01,1.037050052e+04
singulaer,handed,7.714843750e-02,9.228515625e-01,1.037050052e+04
singulaer,handed,7.763671875e-02,9.223632812e-01,1.037050052e+04
singulaer,handed,7.812500000e-02,9.218750000e-01,1.037050052e+04
singulaer,handed,7.861328125e-02,9.213867188e-01,1.037050052e+04
singulaer,handed,7.910156250e-02,9.208984375e-01,1.037050052e+04
singulaer,handed,7.958984375e-02,9.204101562e-01,1.037050052e+04
singulaer,handed,8.007812500e-02,9.199218750e-01,1.037050052e+04
singulaer,handed,8.056640625e-02,9.194335938e-01,1.037050052e+04
singulaer,handed,8.105468750e-02,9.189453125e-01,1.037050052e+04
singulaer,handed,8.154296875e-02,9.184570312e-01,1.037050052e+04
singulaer,handed,8.203125000e-02,9.179687500e-01,1.037050052e+04
singulaer,handed,8.251953125e-02,9.174804688e-01,1.037050052e+04
singulaer,handed,8.300781250e-02,9.169921875e-01,1.037050052e+04
singulaer,handed,8.349609375e-02,9.165039062e-01,1.037050052e+04
singulaer,handed,8.398437500e-02,9.160156250e-01,1.037050052e+04
singulaer,handed,8.447265625e-02,9.155273438e-01,1.037050052e+04
singulaer,handed,8.496093750e-02,9.150390625e-01,1.037050052e+04
singulaer,handed,8.544921875e-02,9.145507812e-01,1.037050052e+04
singulaer,handed,8.593750000e-02,9.140625000e-01,1.037050052e+04
singulaer,handed,8.642578125e-02,9.135742188e-01,1.036175107e+04
singulaer,handed,8.691406250e-02,9.130859375e-01,1.035456870e+04
singulaer,handed,8.740234375e-02,9.125976562e-01,1.034911525e+04
singulaer,handed,8.789062500e-02,9.121093750e-01,1.034551868e+04
singulaer,handed,8.837890625e-02,9.116210938e-01,1.034386585e+04
singulaer,handed,8.886718750e-02,9.111328125e-01,1.034419733e+04
singulaer,handed,8.935546875e-02,9.106445313e-01,1.034650494e+04
singulaer,handed,8.984375000e-02,9.101562500e-01,1.035073228e+04
singulaer,handed,9.033203125e-02,9.096679688e-01,1.035677810e+04
singulaer,handed,9.082031250e-02,9.091796875e-01,1.036450224e+04
singulaer,handed,9.130859375e-02,9.086914062e-01,1.037373346e+04
singulaer,handed,9.179687500e-02,9.082031250e-01,1.038427838e+04
singulaer,handed,9.228515625e-02,9.077148438e-01,1.039593071e+04
singulaer,handed,9.277343750e-02,9.072265625e-01,1.040848006e+04
singulaer,handed,9.326171875e-02,9.067382813e-01,1.042171978e+04
singulaer,handed,9.375000000e-02,9.062500000e-01,1.043545329e+04
singulaer,handed,9.423828125e-02,9.057617187e-01,1.046064830e+04
singulaer,handed,9.472656250e-02,9.052734375e-01,1.048147747e+04
singulaer,handed,9.521484375e-02,9.047851562e-01,1.049869879e+04
singulaer,handed,9.570312500e-02,9.042968750e-01,1.051287699e+04
singulaer,handed,9.619140625e-02,9.038085938e-01,1.052443685e+04
singulaer,handed,9.667968750e-02,9.033203125e-01,1.053369887e+04
singulaer,handed,9.716796875e-02,9.028320312e-01,1.054090367e+04
singulaer,handed,9.765625000e-02,9.023437500e-01,1.054622874e+04
singulaer,handed,9.814453125e-02,9.018554687e-01,1.054979992e+04
singulaer,handed,9.863281250e-02,9.013671875e-01,1.055169913e+04
singulaer,handed,9.912109375e-02,9.008789062e-01,1.055196911e+04
singulaer,handed,9.960937500e-02,9.003906250e-01,1.055061589e+04
singulaer,handed,1.000976562e-01,8.999023438e-01,1.054760912e+04
singulaer,handed,1.005859375e-01,8.994140625e-01,1.054288036e+04
singulaer,handed,1.010742188e-01,8.989257812e-01,1.053631911e+04
singulaer,handed,1.015625000e-01,8.984375000e-01,1.052776616e+04
singulaer,handed,1.020507812e-01,8.979492188e-01,1.052776616e+04
singulaer,handed,1.025390625e-01,8.974609375e-01,1.052776616e+04
singulaer,handed,1.030273438e-01,8.969726562e-01,1.052776616e+04
singulaer,handed,1.035156250e-01,8.964843750e-01,1.052776616e+04
singulaer,handed,1.040039062e-01,8.959960938e-01,1.052776616e+04
singulaer,handed,1.044921875e-01,8.955078125e-01,1.052776616e+04
singulaer,handed,1.049804688e-01,8.950195312e-01,1.052776616e+04
singulaer,handed,1.054687500e-01,8.945312500e-01,1.052776616e+04
singulaer,handed,1.059570312e-01,8.940429688e-01,1.052776616e+04
singulaer,handed,1.064453125e-01,8.935546875e-01,1.052776616e+04
singulaer,handed,1.069335938e-01,8.930664062e-01,1.052776616e+04
singulaer,handed,1.074218750e-01,8.925781250e-01,1.052776616e+04
singulaer,handed,1.079101562e-01,8.920898438e-01,1.052776616e+04
singulaer,handed,1.083984375e-01,8.916015625e-01,1.052776616e+04
singulaer,handed,1.088867188e-01,8.911132812e-01,1.052776616e+04
singulaer,handed,1.093750000e-01,8.906250000e-01,1.052776616e+04
singulaer,handed,1.098632812e-01,8.901367188e-01,1.052776616e+04
singulaer,handed,1.103515625e-01,8.896484375e-01,1.052776616e+04
singulaer,handed,1.108398438e-01,8.891601562e-01,1.052776616e+04
singulaer,handed,1.113281250e-01,8.886718750e-01,1.052776616e+04
singulaer,handed,1.118164062e-01,8.881835938e-01,1.052776616e+04
singulaer,handed,1.123046875e-01,8.876953125e-01,1.052776616e+04
singulaer,handed,1.127929688e-01,8.872070312e-01,1.052776616e+04
singulaer,handed,1.132812500e-01,8.867187500e-01,1.052776616e+04
singulaer,handed,1.137695312e-01,8.862304688e-01,1.052776616e+04
singulaer,handed,1.142578125e-01,8.857421875e-01,1.052776616e+04
singulaer,handed,1.147460938e-01,8.852539062e-01,1.052776616e+04
singulaer,handed,1.152343750e-01,8.847656250e-01,1.052776616e+04
singulaer,handed,1.157226562e-01,8.842773438e-01,1.052776616e+04
singulaer,handed,1.162109375e-01,8.837890625e-01,1.052776616e+04
singulaer,handed,1.166992188e-01,8.833007812e-01,1.052776616e+04
singulaer,handed,1.171875000e-01,8.828125000e-01,1.052776616e+04
singulaer,handed,1.176757812e-01,8.823242188e-01,1.051845611e+04
singulaer,handed,1.181640625e-01,8.818359375e-01,1.051087991e+04
singulaer,handed,1.186523438e-01,8.813476563e-01,1.050516692e+04
singulaer,handed,1.191406250e-01,8.808593750e-01,1.050141769e+04
singulaer,handed,1.196289062e-01,8.803710938e-01,1.049969960e+04
singulaer,handed,1.201171875e-01,8.798828125e-01,1.050004392e+04
singulaer,handed,1.206054688e-01,8.793945312e-01,1.050244436e+04
singulaer,handed,1.210937500e-01,8.789062500e-01,1.050685737e+04
singulaer,handed,1.215820312e-01,8.784179688e-01,1.051320413e+04
singulaer,handed,1.220703125e-01,8.779296875e-01,1.052137393e+04
singulaer,handed,1.225585938e-01,8.774414063e-01,1.053122896e+04
singulaer,handed,1.230468750e-01,8.769531250e-01,1.054260981e+04
singulaer,handed,1.235351562e-01,8.764648437e-01,1.055534153e+04
singulaer,handed,1.240234375e-01,8.759765625e-01,1.056923973e+04
singulaer,handed,1.245117188e-01,8.754882812e-01,1.058411643e+04
singulaer,handed,1.250000000e-01,8.750000000e-01,1.059978534e+04
singulaer,handed,1.254882812e-01,8.745117188e-01,1.062455582e+04
singulaer,handed,1.259765625e-01,8.740234375e-01,1.064553203e+04
singulaer,handed,1.264648438e-01,8.735351563e-01,1.066322680e+04
singulaer,handed,1.269531250e-01,8.730468750e-01,1.067804058e+04
singulaer,handed,1.274414062e-01,8.725585937e-01,1.069028671e+04
singulaer,handed,1.279296875e-01,8.720703125e-01,1.070020960e+04
singulaer,handed,1.284179688e-01,8.715820312e-01,1.070799782e+04
singulaer,handed,1.289062500e-01,8.710937500e-01,1.071379356e+04
singulaer,handed,1.293945312e-01,8.706054688e-01,1.071769935e+04
singulaer,handed,1.298828125e-01,8.701171875e-01,1.071978273e+04
singulaer,handed,1.303710938e-01,8.696289062e-01,1.072007924e+04
singulaer,handed,1.308593750e-01,8.691406250e-01,1.071859390e+04
singulaer,handed,1.313476562e-01,8.686523437e-01,1.071530146e+04
singulaer,handed,1.318359375e-01,8.681640625e-01,1.071014529e+04
singulaer,handed,1.323242188e-01,8.676757812e-01,1.070303496e+04
singulaer,handed,1.328125000e-01,8.671875000e-01,1.069384212e+04
singulaer,handed,1.333007812e-01,8.666992188e-01,1.069384212e+04
singulaer,handed,1.337890625e-01,8.662109375e-01,1.069384212e+04
singulaer,handed,1.342773438e-01,8.657226562e-01,1.069384212e+04
singulaer,handed,1.347656250e-01,8.652343750e-01,1.069384212e+04
singulaer,handed,1.352539062e-01,8.647460938e-01,1.069384212e+04
singulaer,handed,1.357421875e-01,8.642578125e-01,1.069384212e+04
singulaer,handed,1.362304688e-01,8.637695312e-01,1.069384212e+04
singulaer,handed,1.367187500e-01,8.632812500e-01,1.069384212e+04
singulaer,handed,1.372070312e-01,8.627929688e-01,1.069384212e+04
singulaer,handed,1.376953125e-01,8.623046875e-01,1.069384212e+04
singulaer,handed,1.381835938e-01,8.618164062e-01,1.069384212e+04
singulaer,handed,1.386718750e-01,8.613281250e-01,1.069384212e+04
singulaer,handed,1.391601562e-01,8.608398438e-01,1.069384212e+04
singulaer,handed,1.396484375e-01,8.603515625e-01,1.069384212e+04
singulaer,handed,1.401367188e-01,8.598632812e-01,1.069384212e+04
singulaer,handed,1.406250000e-01,8.593750000e-01,1.069384212e+04
singulaer,handed,1.411132812e-01,8.588867188e-01,1.069384212e+04
singulaer,handed,1.416015625e-01,8.583984375e-01,1.069384212e+04
singulaer,handed,1.420898438e-01,8.579101562e-01,1.069384212e+04
singulaer,handed,1.425781250e-01,8.574218750e-01,1.069384212e+04
singulaer,handed,1.430664062e-01,8.569335938e-01,1.069384212e+04
singulaer,handed,1.435546875e-01,8.564453125e-01,1.069384212e+04
singulaer,handed,1.440429688e-01,8.559570312e-01,1.069384212e+04
singulaer,handed,1.445312500e-01,8.554687500e-01,1.069384212e+04
singulaer,handed,1.450195312e-01,8.549804688e-01,1.069384212e+04
singulaer,handed,1.455078125e-01,8.544921875e-01,1.069384212e+04
singulaer,handed,1.459960938e-01,8.540039062e-01,1.069384212e+04
singulaer,handed,1.464843750e-01,8.535156250e-01,1.069384212e+04
singulaer,handed,1.469726562e-01,8.530273438e-01,1.069384212e+04
singulaer,handed,1.474609375e-01,8.525390625e-01,1.069384212e+04
singulaer,handed,1.479492188e-01,8.520507812e-01,1.069384212e+04
singulaer,handed,1.484375000e-01,8.515625000e-01,1.069384212e+04
singulaer,handed,1.489257812e-01,8.510742188e-01,1.068398743e+04
singulaer,handed,1.494140625e-01,8.505859375e-01,1.067600959e+04
singulaer,handed,1.499023438e-01,8.500976562e-01,1.067001824e+04
singulaer,handed,1.503906250e-01,8.496093750e-01,1.066609772e+04
singulaer,handed,1.508789062e-01,8.491210938e-01,1.066430414e+04
singulaer,handed,1.513671875e-01,8.486328125e-01,1.066466343e+04
singulaer,handed,1.518554688e-01,8.481445313e-01,1.066717040e+04
singulaer,handed,1.523437500e-01,8.476562500e-01,1.067178888e+04
singulaer,handed,1.528320312e-01,8.471679688e-01,1.067845308e+04
singulaer,handed,1.533203125e-01,8.466796875e-01,1.068706986e+04
singulaer,handed,1.538085938e-01,8.461914062e-01,1.069752195e+04
singulaer,handed,1.542968750e-01,8.457031250e-01,1.070967175e+04
singulaer,handed,1.547851562e-01,8.452148438e-01,1.072336568e+04
singulaer,handed,1.552734375e-01,8.447265625e-01,1.073843868e+04
singulaer,handed,1.557617188e-01,8.442382813e-01,1.075471868e+04
singulaer,handed,1.562500000e-01,8.437500000e-01,1.077203089e+04
singulaer,handed,1.567382812e-01,8.432617187e-01,1.079708365e+04
singulaer,handed,1.572265625e-01,8.427734375e-01,1.081858944e+04
singulaer,handed,1.577148438e-01,8.422851562e-01,1.083694210e+04
singulaer,handed,1.582031250e-01,8.417968750e-01,1.085245765e+04
singulaer,handed,1.586914062e-01,8.413085938e-01,1.086538923e+04
singulaer,handed,1.591796875e-01,8.408203125e-01,1.087593823e+04
singulaer,handed,1.596679688e-01,8.403320312e-01,1.088426261e+04
singulaer,handed,1.601562500e-01,8.398437500e-01,1.089048306e+04
singulaer,handed,1.606445312e-01,8.393554687e-01,1.089468750e+04
singulaer,handed,1.611328125e-01,8.388671875e-01,1.089693431e+04
singulaer,handed,1.616210938e-01,8.383789062e-01,1.089725431e+04
singulaer,handed,1.621093750e-01,8.378906250e-01,1.089565188e+04
singulaer,handed,1.625976562e-01,8.374023438e-01,1.089210507e+04
singulaer,handed,1.630859375e-01,8.369140625e-01,1.088656488e+04
singulaer,handed,1.635742188e-01,8.364257812e-01,1.087895353e+04
singulaer,handed,1.640625000e-01,8.359375000e-01,1.086916167e+04
singulaer,handed,1.645507812e-01,8.354492188e-01,1.086916167e+04
singulaer,handed,1.650390625e-01,8.349609375e-01,1.086916167e+04
singulaer,handed,1.655273438e-01,8.344726562e-01,1.086916167e+04
singulaer,handed,1.660156250e-01,8.339843750e-01,1.086916167e+04
singulaer,handed,1.665039062e-01,8.334960938e-01,1.086916167e+04
singulaer,handed,1.669921875e-01,8.330078125e-01,1.086916167e+04
singulaer,handed,1.674804688e-01,8.325195312e-01,1.086916167e+04
singulaer,handed,1.679687500e-01,8.320312500e-01,1.086916167e+04
singulaer,handed,1.684570312e-01,8.315429688e-01,1.086916167e+04
singulaer,handed,1.689453125e-01,8.310546875e-01,1.086916167e+04
singulaer,handed,1.694335938e-01,8.305664062e-01,1.086916167e+04
singulaer,handed,1.699218750e-01,8.300781250e-01,1.086916167e+04
singulaer,handed,1.704101562e-01,8.295898438e-01,1.086916167e+04
singulaer,handed,1.708984375e-01,8.291015625e-01,1.086916167e+04
singulaer,handed,1.713867188e-01,8.286132812e-01,1.086916167e+04
singulaer,handed,1.718750000e-01,8.281250000e-01,1.086916167e+04
singulaer,handed,1.723632812e-01,8.276367188e-01,1.086916167e+04
singulaer,handed,1.728515625e-01,8.271484375e-01,1.086916167e+04
singulaer,handed,1.733398438e-01,8.266601562e-01,1.086916167e+04
singulaer,handed,1.738281250e-01,8.261718750e-01,1.086916167e+04
singulaer,handed,1.743164062e-01,8.256835938e-01,1.086916167e+04
singulaer,handed,1.748046875e-01,8.251953125e-01,1.086916167e+04
singulaer,handed,1.752929688e-01,8.247070312e-01,1.086916167e+04
singulaer,handed,1.757812500e-01,8.242187500e-01,1.086916167e+04
singulaer,handed,1.762695312e-01,8.237304688e-01,1.086916167e+04
singulaer,handed,1.767578125e-01,8.232421875e-01,1.086916167e+04
singulaer,handed,1.772460938e-01,8.227539062e-01,1.086916167e+04
singulaer,handed,1.777343750e-01,8.222656250e-01,1.086916167e+04
singulaer,handed,1.782226562e-01,8.217773438e-01,1.086916167e+04
singulaer,handed,1.787109375e-01,8.212890625e-01,1.086916167e+04
singulaer,handed,1.791992188e-01,8.208007812e-01,1.086916167e+04
singulaer,handed,1.796875000e-01,8.203125000e-01,1.086916167e+04
singulaer,handed,1.801757812e-01,8.198242188e-01,1.085873643e+04
singulaer,handed,1.806640625e-01,8.193359375e-01,1.085032576e+04
singulaer,handed,1.811523438e-01,8.188476563e-01,1.084402638e+04
singulaer,handed,1.816406250e-01,8.183593750e-01,1.083991217e+04
singulaer,handed,1.821289062e-01,8.178710938e-01,1.083803205e+04
singulaer,handed,1.826171875e-01,8.173828125e-01,1.083840858e+04
singulaer,handed,1.831054688e-01,8.168945312e-01,1.084103722e+04
singulaer,handed,1.835937500e-01,8.164062500e-01,1.084588653e+04
singulaer,handed,1.840820312e-01,8.159179688e-01,1.085289906e+04
singulaer,handed,1.845703125e-01,8.154296875e-01,1.086199305e+04
singulaer,handed,1.850585938e-01,8.149414063e-01,1.087306476e+04
singulaer,handed,1.855468750e-01,8.144531250e-01,1.088599138e+04
singulaer,handed,1.860351562e-01,8.139648437e-01,1.090063424e+04
singulaer,handed,1.865234375e-01,8.134765625e-01,1.091684235e+04
singulaer,handed,1.870117188e-01,8.129882812e-01,1.093445600e+04
singulaer,handed,1.875000000e-01,8.125000000e-01,1.095331022e+04
singulaer,handed,1.879882812e-01,8.120117188e-01,1.097904437e+04
singulaer,handed,1.884765625e-01,8.115234375e-01,1.100132930e+04
singulaer,handed,1.889648438e-01,8.110351563e-01,1.102049050e+04
singulaer,handed,1.894531250e-01,8.105468750e-01,1.103679386e+04
singulaer,handed,1.899414062e-01,8.100585937e-01,1.105045570e+04
singulaer,handed,1.904296875e-01,8.095703125e-01,1.106165037e+04
singulaer,handed,1.909179688e-01,8.090820312e-01,1.107051613e+04
singulaer,handed,1.914062500e-01,8.085937500e-01,1.107715957e+04
singulaer,handed,1.918945312e-01,8.081054688e-01,1.108165890e+04
singulaer,handed,1.923828125e-01,8.076171875e-01,1.108406626e+04
singulaer,handed,1.928710938e-01,8.071289062e-01,1.108440929e+04
singulaer,handed,1.933593750e-01,8.066406250e-01,1.108269193e+04
singulaer,handed,1.938476562e-01,8.061523437e-01,1.107889449e+04
singulaer,handed,1.943359375e-01,8.056640625e-01,1.107297312e+04
singulaer,handed,1.948242188e-01,8.051757812e-01,1.106485851e+04
singulaer,handed,1.953125000e-01,8.046875000e-01,1.105445386e+04
singulaer,handed,1.958007812e-01,8.041992188e-01,1.105445386e+04
singulaer,handed,1.962890625e-01,8.037109375e-01,1.105445386e+04
singulaer,handed,1.967773438e-01,8.032226562e-01,1.105445386e+04
singulaer,handed,1.972656250e-01,8.027343750e-01,1.105445386e+04
singulaer,handed,1.977539062e-01,8.022460938e-01,1.105445386e+04
singulaer,handed,1.982421875e-01,8.017578125e-01,1.105445386e+04
singulaer,handed,1.987304688e-01,8.012695312e-01,1.105445386e+04
singulaer,handed,1.992187500e-01,8.007812500e-01,1.105445386e+04
singulaer,handed,1.997070312e-01,8.002929688e-01,1.105445386e+04
singulaer,handed,2.001953125e-01,7.998046875e-01,1.105445386e+04
singulaer,handed,2.006835938e-01,7.993164062e-01,1.105445386e+04
singulaer,handed,2.011718750e-01,7.988281250e-01,1.105445386e+04
singulaer,handed,2.016601562e-01,7.983398438e-01,1.105445386e+04
singulaer,handed,2.021484375e-01,7.978515625e-01,1.105445386e+04
singulaer,handed,2.026367188e-01,7.973632812e-01,1.105445386e+04
singulaer,handed,2.031250000e-01,7.968750000e-01,1.105445386e+04
singulaer,handed,2.036132812e-01,7.963867188e-01,1.105445386e+04
singulaer,handed,2.041015625e-01,7.958984375e-01,1.105445386e+04
singulaer,handed,2.045898438e-01,7.954101562e-01,1.105445386e+04
singulaer,handed,2.050781250e-01,7.949218750e-01,1.105445386e+04
singulaer,handed,2.055664062e-01,7.944335938e-01,1.105445386e+04
singulaer,handed,2.060546875e-01,7.939453125e-01,1.105445386e+04
singulaer,handed,2.065429688e-01,7.934570312e-01,1.105445386e+04
singulaer,handed,2.070312500e-01,7.929687500e-01,1.105445386e+04
singulaer,handed,2.075195312e-01,7.924804688e-01,1.105445386e+04
singulaer,handed,2.080078125e-01,7.919921875e-01,1.105445386e+04
singulaer,handed,2.084960938e-01,7.915039062e-01,1.105445386e+04
singulaer,handed,2.089843750e-01,7.910156250e-01,1.105445386e+04
singulaer,handed,2.094726562e-01,7.905273438e-01,1.105445386e+04
singulaer,handed,2.099609375e-01,7.900390625e-01,1.105445386e+04
singulaer,handed,2.104492188e-01,7.895507812e-01,1.105445386e+04
singulaer,handed,2.109375000e-01,7.890625000e-01,1.105445386e+04
singulaer,handed,2.114257812e-01,7.885742188e-01,1.104341372e+04
singulaer,handed,2.119140625e-01,7.880859375e-01,1.103452883e+04
singulaer,handed,2.124023438e-01,7.875976562e-01,1.102788701e+04
singulaer,handed,2.128906250e-01,7.871093750e-01,1.102355502e+04
singulaer,handed,2.133789062e-01,7.866210938e-01,1.102157693e+04
singulaer,handed,2.138671875e-01,7.861328125e-01,1.102197300e+04
singulaer,handed,2.143554688e-01,7.856445313e-01,1.102473917e+04
singulaer,handed,2.148437500e-01,7.851562500e-01,1.102984715e+04
singulaer,handed,2.153320312e-01,7.846679688e-01,1.103724515e+04
singulaer,handed,2.158203125e-01,7.841796875e-01,1.104685920e+04
singulaer,handed,2.163085938e-01,7.836914062e-01,1.105859491e+04
singulaer,handed,2.167968750e-01,7.832031250e-01,1.107233980e+04
singulaer,handed,2.172851562e-01,7.827148438e-01,1.108796586e+04
singulaer,handed,2.177734375e-01,7.822265625e-01,1.110533240e+04
singulaer,handed,2.182617188e-01,7.817382813e-01,1.112428900e+04
singulaer,handed,2.187500000e-01,7.812500000e-01,1.114467847e+04
singulaer,handed,2.192382812e-01,7.807617187e-01,1.117137771e+04
singulaer,handed,2.197265625e-01,7.802734375e-01,1.119463997e+04
singulaer,handed,2.202148438e-01,7.797851562e-01,1.121474747e+04
singulaer,handed,2.207031250e-01,7.792968750e-01,1.123193374e+04
singulaer,handed,2.211914062e-01,7.788085938e-01,1.124639081e+04
singulaer,handed,2.216796875e-01,7.783203125e-01,1.125827495e+04
singulaer,handed,2.221679688e-01,7.778320312e-01,1.126771104e+04
singulaer,handed,2.226562500e-01,7.773437500e-01,1.127479597e+04
singulaer,handed,2.231445312e-01,7.768554687e-01,1.127960119e+04
singulaer,handed,2.236328125e-01,7.763671875e-01,1.128217450e+04
singulaer,handed,2.241210938e-01,7.758789062e-01,1.128254132e+04
singulaer,handed,2.246093750e-01,7.753906250e-01,1.128070524e+04
singulaer,handed,2.250976562e-01,7.749023438e-01,1.127664818e+04
singulaer,handed,2.255859375e-01,7.744140625e-01,1.127032989e+04
singulaer,handed,2.260742188e-01,7.739257812e-01,1.126168699e+04
singulaer,handed,2.265625000e-01,7.734375000e-01,1.125063130e+04
singulaer,handed,2.270507812e-01,7.729492188e-01,1.125063130e+04
singulaer,handed,2.275390625e-01,7.724609375e-01,1.125063130e+04
singulaer,handed,2.280273438e-01,7.719726562e-01,1.125063130e+04
singulaer,handed,2.285156250e-01,7.714843750e-01,1.125063130e+04
singulaer,handed,2.290039062e-01,7.709960938e-01,1.125063130e+04
singulaer,handed,2.294921875e-01,7.705078125e-01,1.125063130e+04
singulaer,handed,2.299804688e-01,7.700195312e-01,1.125063130e+04
singulaer,handed,2.304687500e-01,7.695312500e-01,1.125063130e+04
singulaer,handed,2.309570312e-01,7.690429688e-01,1.125063130e+04
singulaer,handed,2.314453125e-01,7.685546875e-01,1.125063130e+04
singulaer,handed,2.319335938e-01,7.680664062e-01,1.125063130e+04
singulaer,handed,2.324218750e-01,7.675781250e-01,1.125063130e+04
singulaer,handed,2.329101562e-01,7.670898438e-01,1.125063130e+04
singulaer,handed,2.333984375e-01,7.666015625e-01,1.125063130e+04
singulaer,handed,2.338867188e-01,7.661132812e-01,1.125063130e+04
singulaer,handed,2.343750000e-01,7.656250000e-01,1.125063130e+04
singulaer,handed,2.348632812e-01,7.651367188e-01,1.125063130e+04
singulaer,handed,2.353515625e-01,7.646484375e-01,1.125063130e+04
singulaer,handed,2.358398438e-01,7.641601562e-01,1.125063130e+04
singulaer,handed,2.363281250e-01,7.636718750e-01,1.125063130e+04
singulaer,handed,2.368164062e-01,7.631835938e-01,1.125063130e+04
singulaer,handed,2.373046875e-01,7.626953125e-01,1.125063130e+04
singulaer,handed,2.377929688e-01,7.622070312e-01,1.125063130e+04
singulaer,handed,2.382812500e-01,7.617187500e-01,1.125063130e+04
singulaer,handed,2.387695312e-01,7.612304688e-01,1.125063130e+04
singulaer,handed,2.392578125e-01,7.607421875e-01,1.125063130e+04
singulaer,handed,2.397460938e-01,7.602539062e-01,1.125063130e+04
singulaer,handed,2.402343750e-01,7.597656250e-01,1.125063130e+04
singulaer,handed,2.407226562e-01,7.592773438e-01,1.125063130e+04
singulaer,handed,2.412109375e-01,7.587890625e-01,1.125063130e+04
singulaer,handed,2.416992188e-01,7.583007812e-01,1.125063130e+04
singulaer,handed,2.421875000e-01,7.578125000e-01,1.125063130e+04
singulaer,handed,2.426757812e-01,7.573242188e-01,1.123891939e+04
singulaer,handed,2.431640625e-01,7.568359375e-01,1.122951120e+04
singulaer,handed,2.436523438e-01,7.563476562e-01,1.122248824e+04
singulaer,handed,2.441406250e-01,7.558593750e-01,1.121791230e+04
singulaer,handed,2.446289062e-01,7.553710938e-01,1.121582402e+04
singulaer,handed,2.451171875e-01,7.548828125e-01,1.121624209e+04
singulaer,handed,2.456054688e-01,7.543945312e-01,1.121916276e+04
singulaer,handed,2.460937500e-01,7.539062500e-01,1.122455996e+04
singulaer,handed,2.465820312e-01,7.534179688e-01,1.123238587e+04
singulaer,handed,2.470703125e-01,7.529296875e-01,1.124257195e+04
singulaer,handed,2.475585938e-01,7.524414062e-01,1.125503047e+04
singulaer,handed,2.480468750e-01,7.519531250e-01,1.126965632e+04
singulaer,handed,2.485351562e-01,7.514648438e-01,1.128632915e+04
singulaer,handed,2.490234375e-01,7.509765625e-01,1.130491579e+04
singulaer,handed,2.495117188e-01,7.504882812e-01,1.132527271e+04
singulaer,handed,2.500000000e-01,7.500000000e-01,1.134724858e+04
singulaer,handed,2.504882812e-01,7.495117188e-01,1.137515137e+04
singulaer,handed,2.509765625e-01,7.490234375e-01,1.139957191e+04
singulaer,handed,2.514648438e-01,7.485351562e-01,1.142076344e+04
singulaer,handed,2.519531250e-01,7.480468750e-01,1.143893743e+04
singulaer,handed,2.524414062e-01,7.475585938e-01,1.145426927e+04
singulaer,handed,2.529296875e-01,7.470703125e-01,1.146690264e+04
singulaer,handed,2.534179688e-01,7.465820312e-01,1.147695306e+04
singulaer,handed,2.539062500e-01,7.460937500e-01,1.148451059e+04
singulaer,handed,2.543945312e-01,7.456054688e-01,1.148964188e+04
singulaer,handed,2.548828125e-01,7.451171875e-01,1.149239166e+04
singulaer,handed,2.553710938e-01,7.446289062e-01,1.149278374e+04
singulaer,handed,2.558593750e-01,7.441406250e-01,1.149082149e+04
singulaer,handed,2.563476562e-01,7.436523438e-01,1.148648796e+04
singulaer,handed,2.568359375e-01,7.431640625e-01,1.147974547e+04
singulaer,handed,2.573242188e-01,7.426757812e-01,1.147053482e+04
singulaer,handed,2.578125000e-01,7.421875000e-01,1.145877396e+04
singulaer,handed,2.583007812e-01,7.416992188e-01,1.145877396e+04
singulaer,handed,2.587890625e-01,7.412109375e-01,1.145877396e+04
singulaer,handed,2.592773438e-01,7.407226562e-01,1.145877396e+04
singulaer,handed,2.597656250e-01,7.402343750e-01,1.145877396e+04
singulaer,handed,2.602539062e-01,7.397460938e-01,1.145877396e+04
singulaer,handed,2.607421875e-01,7.392578125e-01,1.145877396e+04
singulaer,handed,2.612304688e-01,7.387695312e-01,1.145877396e+04
singulaer,handed,2.617187500e-01,7.382812500e-01,1.145877396e+04
singulaer,handed,2.622070312e-01,7.377929688e-01,1.145877396e+04
singulaer,handed,2.626953125e-01,7.373046875e-01,1.145877396e+04
singulaer,handed,2.631835938e-01,7.368164062e-01,1.145877396e+04
singulaer,handed,2.636718750e-01,7.363281250e-01,1.145877396e+04
singulaer,handed,2.641601562e-01,7.358398438e-01,1.145877396e+04
singulaer,handed,2.646484375e-01,7.353515625e-01,1.145877396e+04
singulaer,handed,2.651367188e-01,7.348632812e-01,1.145877396e+04
singulaer,handed,2.656250000e-01,7.343750000e-01,1.145877396e+04
singulaer,handed,2.661132812e-01,7.338867188e-01,1.145877396e+04
singulaer,handed,2.666015625e-01,7.333984375e-01,1.145877396e+04
singulaer,handed,2.670898438e-01,7.329101562e-01,1.145877396e+04
singulaer,handed,2.675781250e-01,7.324218750e-01,1.145877396e+04
singulaer,handed,2.680664062e-01,7.319335938e-01,1.145877396e+04
singulaer,handed,2.685546875e-01,7.314453125e-01,1.145877396e+04
singulaer,handed,2.690429688e-01,7.309570312e-01,1.145877396e+04
singulaer,handed,2.695312500e-01,7.304687500e-01,1.145877396e+04
singulaer,handed,2.700195312e-01,7.299804688e-01,1.145877396e+04
singulaer,handed,2.705078125e-01,7.294921875e-01,1.145877396e+04
singulaer,handed,2.709960938e-01,7.290039062e-01,1.145877396e+04
singulaer,handed,2.714843750e-01,7.285156250e-01,1.145877396e+04
singulaer,handed,2.719726562e-01,7.280273438e-01,1.145877396e+04
singulaer,handed,2.724609375e-01,7.275390625e-01,1.145877396e+04
singulaer,handed,2.729492188e-01,7.270507812e-01,1.145877396e+04
singulaer,handed,2.734375000e-01,7.265625000e-01,1.145877396e+04
singulaer,handed,2.739257812e-01,7.260742188e-01,1.144632200e+04
singulaer,handed,2.744140625e-01,7.255859375e-01,1.143633359e+04
singulaer,handed,2.749023438e-01,7.250976562e-01,1.142888579e+04
singulaer,handed,2.753906250e-01,7.246093750e-01,1.142403682e+04
singulaer,handed,2.758789062e-01,7.241210938e-01,1.142182495e+04
singulaer,handed,2.763671875e-01,7.236328125e-01,1.142226772e+04
singulaer,handed,2.768554688e-01,7.231445312e-01,1.142536160e+04
singulaer,handed,2.773437500e-01,7.226562500e-01,1.143108210e+04
singulaer,handed,2.778320312e-01,7.221679688e-01,1.143938420e+04
singulaer,handed,2.783203125e-01,7.216796875e-01,1.145020325e+04
singulaer,handed,2.788085938e-01,7.211914062e-01,1.146345622e+04
singulaer,handed,2.792968750e-01,7.207031250e-01,1.147904327e+04
singulaer,handed,2.797851562e-01,7.202148438e-01,1.149684954e+04
singulaer,handed,2.802734375e-01,7.197265625e-01,1.151674724e+04
singulaer,handed,2.807617188e-01,7.192382812e-01,1.153859779e+04
singulaer,handed,2.812500000e-01,7.187500000e-01,1.156225408e+04
singulaer,handed,2.817382812e-01,7.182617188e-01,1.159158597e+04
singulaer,handed,2.822265625e-01,7.177734375e-01,1.161734613e+04
singulaer,handed,2.827148438e-01,7.172851562e-01,1.163976769e+04
singulaer,handed,2.832031250e-01,7.167968750e-01,1.165904678e+04
singulaer,handed,2.836914062e-01,7.163085938e-01,1.167534707e+04
singulaer,handed,2.841796875e-01,7.158203125e-01,1.168880341e+04
singulaer,handed,2.846679688e-01,7.153320312e-01,1.169952469e+04
singulaer,handed,2.851562500e-01,7.148437500e-01,1.170759612e+04
singulaer,handed,2.856445312e-01,7.143554688e-01,1.171308096e+04
singulaer,handed,2.861328125e-01,7.138671875e-01,1.171602175e+04
singulaer,handed,2.866210938e-01,7.133789062e-01,1.171644114e+04
singulaer,handed,2.871093750e-01,7.128906250e-01,1.171434237e+04
singulaer,handed,2.875976562e-01,7.124023438e-01,1.170970928e+04
singulaer,handed,2.880859375e-01,7.119140625e-01,1.170250603e+04
singulaer,handed,2.885742188e-01,7.114257812e-01,1.169267639e+04
singulaer,handed,2.890625000e-01,7.109375000e-01,1.168014263e+04
singulaer,handed,2.895507812e-01,7.104492188e-01,1.168014263e+04
singulaer,handed,2.900390625e-01,7.099609375e-01,1.168014263e+04
singulaer,handed,2.905273438e-01,7.094726562e-01,1.168014263e+04
singulaer,handed,2.910156250e-01,7.089843750e-01,1.168014263e+04
singulaer,handed,2.915039062e-01,7.084960938e-01,1.168014263e+04
singulaer,handed,2.919921875e-01,7.080078125e-01,1.168014263e+04
singulaer,handed,2.924804688e-01,7.075195312e-01,1.168014263e+04
singulaer,handed,2.929687500e-01,7.070312500e-01,1.168014263e+04
singulaer,handed,2.934570312e-01,7.065429688e-01,1.168014263e+04
singulaer,handed,2.939453125e-01,7.060546875e-01,1.168014263e+04
singulaer,handed,2.944335938e-01,7.055664062e-01,1.168014263e+04
singulaer,handed,2.949218750e-01,7.050781250e-01,1.168014263e+04
singulaer,handed,2.954101562e-01,7.045898438e-01,1.168014263e+04
singulaer,handed,2.958984375e-01,7.041015625e-01,1.168014263e+04
singulaer,handed,2.963867188e-01,7.036132812e-01,1.168014263e+04
singulaer,handed,2.968750000e-01,7.031250000e-01,1.168014263e+04
singulaer,handed,2.973632812e-01,7.026367188e-01,1.168014263e+04
singulaer,handed,2.978515625e-01,7.021484375e-01,1.168014263e+04
singulaer,handed,2.983398438e-01,7.016601562e-01,1.168014263e+04
singulaer,handed,2.988281250e-01,7.011718750e-01,1.168014263e+04
singulaer,handed,2.993164062e-01,7.006835938e-01,1.168014263e+04
singulaer,handed,2.998046875e-01,7.001953125e-01,1.168014263e+04
singulaer,handed,3.002929688e-01,6.997070312e-01,1.168014263e+04
singulaer,handed,3.007812500e-01,6.992187500e-01,1.168014263e+04
singulaer,handed,3.012695312e-01,6.987304688e-01,1.168014263e+04
singulaer,handed,3.017578125e-01,6.982421875e-01,1.168014263e+04
singulaer,handed,3.022460938e-01,6.977539062e-01,1.168014263e+04
singulaer,handed,3.027343750e-01,6.972656250e-01,1.168014263e+04
singulaer,handed,3.032226562e-01,6.967773438e-01,1.168014263e+04
singulaer,handed,3.037109375e-01,6.962890625e-01,1.168014263e+04
singulaer,handed,3.041992188e-01,6.958007812e-01,1.168014263e+04
singulaer,handed,3.046875000e-01,6.953125000e-01,1.168014263e+04
singulaer,handed,3.051757812e-01,6.948242188e-01,1.166687007e+04
singulaer,handed,3.056640625e-01,6.943359375e-01,1.165623555e+04
singulaer,handed,3.061523438e-01,6.938476562e-01,1.164831301e+04
singulaer,handed,3.066406250e-01,6.933593750e-01,1.164315818e+04
singulaer,handed,3.071289062e-01,6.928710938e-01,1.164080763e+04
singulaer,handed,3.076171875e-01,6.923828125e-01,1.164127811e+04
singulaer,handed,3.081054688e-01,6.918945312e-01,1.164456627e+04
singulaer,handed,3.085937500e-01,6.914062500e-01,1.165064870e+04
singulaer,handed,3.090820312e-01,6.909179688e-01,1.165948235e+04
singulaer,handed,3.095703125e-01,6.904296875e-01,1.167100529e+04
singulaer,handed,3.100585938e-01,6.899414062e-01,1.168513780e+04
singulaer,handed,3.105468750e-01,6.894531250e-01,1.170178368e+04
singulaer,handed,3.110351562e-01,6.889648438e-01,1.172083191e+04
singulaer,handed,3.115234375e-01,6.884765625e-01,1.174215838e+04
singulaer,handed,3.120117188e-01,6.879882812e-01,1.176562785e+04
singulaer,handed,3.125000000e-01,6.875000000e-01,1.179109598e+04
singulaer,handed,3.129882812e-01,6.870117188e-01,1.182208798e+04
singulaer,handed,3.134765625e-01,6.865234375e-01,1.184938069e+04
singulaer,handed,3.139648438e-01,6.860351562e-01,1.187319317e+04
singulaer,handed,3.144531250e-01,6.855468750e-01,1.189371080e+04
singulaer,handed,3.149414062e-01,6.850585938e-01,1.191108905e+04
singulaer,handed,3.154296875e-01,6.845703125e-01,1.192545659e+04
singulaer,handed,3.159179688e-01,6.840820312e-01,1.193691768e+04
singulaer,handed,3.164062500e-01,6.835937500e-01,1.194555418e+04
singulaer,handed,3.168945312e-01,6.831054688e-01,1.195142698e+04
singulaer,handed,3.173828125e-01,6.826171875e-01,1.195457711e+04
singulaer,handed,3.178710938e-01,6.821289062e-01,1.195502643e+04
singulaer,handed,3.183593750e-01,6.816406250e-01,1.195277808e+04
singulaer,handed,3.188476562e-01,6.811523438e-01,1.194781644e+04
singulaer,handed,3.193359375e-01,6.806640625e-01,1.194010693e+04
singulaer,handed,3.198242188e-01,6.801757812e-01,1.192959540e+04
singulaer,handed,3.203125000e-01,6.796875000e-01,1.191620712e+04
singulaer,handed,3.208007812e-01,6.791992188e-01,1.191620712e+04
singulaer,handed,3.212890625e-01,6.787109375e-01,1.191620712e+04
singulaer,handed,3.217773438e-01,6.782226562e-01,1.191620712e+04
singulaer,handed,3.222656250e-01,6.777343750e-01,1.191620712e+04
singulaer,handed,3.227539062e-01,6.772460938e-01,1.191620712e+04
singulaer,handed,3.232421875e-01,6.767578125e-01,1.191620712e+04
singulaer,handed,3.237304688e-01,6.762695312e-01,1.191620712e+04
singulaer,handed,3.242187500e-01,6.757812500e-01,1.191620712e+04
singulaer,handed,3.247070312e-01,6.752929688e-01,1.191620712e+04
singulaer,handed,3.251953125e-01,6.748046875e-01,1.191620712e+04
singulaer,handed,3.256835938e-01,6.743164062e-01,1.191620712e+04
singulaer,handed,3.261718750e-01,6.738281250e-01,1.191620712e+04
singulaer,handed,3.266601562e-01,6.733398438e-01,1.191620712e+04
singulaer,handed,3.271484375e-01,6.728515625e-01,1.191620712e+04
singulaer,handed,3.276367188e-01,6.723632812e-01,1.191620712e+04
singulaer,handed,3.281250000e-01,6.718750000e-01,1.191620712e+04
singulaer,handed,3.286132812e-01,6.713867188e-01,1.191620712e+04
singulaer,handed,3.291015625e-01,6.708984375e-01,1.191620712e+04
singulaer,handed,3.295898438e-01,6.704101562e-01,1.191620712e+04
singulaer,handed,3.300781250e-01,6.699218750e-01,1.191620712e+04
singulaer,handed,3.305664062e-01,6.694335938e-01,1.191620712e+04
singulaer,handed,3.310546875e-01,6.689453125e-01,1.191620712e+04
singulaer,handed,3.315429688e-01,6.684570312e-01,1.191620712e+04
singulaer,handed,3.320312500e-01,6.679687500e-01,1.191620712e+04
singulaer,handed,3.325195312e-01,6.674804688e-01,1.191620712e+04
singulaer,handed,3.330078125e-01,6.669921875e-01,1.191620712e+04
singulaer,handed,3.334960938e-01,6.665039062e-01,1.191620712e+04
singulaer,handed,3.339843750e-01,6.660156250e-01,1.191620712e+04
singulaer,handed,3.344726562e-01,6.655273438e-01,1.191620712e+04
singulaer,handed,3.349609375e-01,6.650390625e-01,1.191620712e+04
singulaer,handed,3.354492188e-01,6.645507812e-01,1.191620712e+04
singulaer,handed,3.359375000e-01,6.640625000e-01,1.191620712e+04
singulaer,handed,3.364257812e-01,6.635742188e-01,1.190201933e+04
singulaer,handed,3.369140625e-01,6.630859375e-01,1.189066208e+04
singulaer,handed,3.374023438e-01,6.625976562e-01,1.188220724e+04
singulaer,handed,3.378906250e-01,6.621093750e-01,1.187670886e+04
singulaer,handed,3.383789062e-01,6.616210938e-01,1.187420239e+04
singulaer,handed,3.388671875e-01,6.611328125e-01,1.187470405e+04
singulaer,handed,3.393554688e-01,6.606445312e-01,1.187821058e+04
singulaer,handed,3.398437500e-01,6.601562500e-01,1.188469932e+04
singulaer,handed,3.403320312e-01,6.596679688e-01,1.189412854e+04
singulaer,handed,3.408203125e-01,6.591796875e-01,1.190643813e+04
singulaer,handed,3.413085938e-01,6.586914062e-01,1.192155055e+04
singulaer,handed,3.417968750e-01,6.582031250e-01,1.193937202e+04
singulaer,handed,3.422851562e-01,6.577148438e-01,1.195979394e+04
singulaer,handed,3.427734375e-01,6.572265625e-01,1.198269450e+04
singulaer,handed,3.432617188e-01,6.567382812e-01,1.200794043e+04
singulaer,handed,3.437500000e-01,6.562500000e-01,1.203538884e+04
singulaer,handed,3.442382812e-01,6.557617188e-01,1.206829044e+04
singulaer,handed,3.447265625e-01,6.552734375e-01,1.209732924e+04
singulaer,handed,3.452148438e-01,6.547851562e-01,1.212271459e+04
singulaer,handed,3.457031250e-01,6.542968750e-01,1.214462450e+04
singulaer,handed,3.461914062e-01,6.538085938e-01,1.216320890e+04
singulaer,handed,3.466796875e-01,6.533203125e-01,1.217859228e+04
singulaer,handed,3.471679688e-01,6.528320312e-01,1.219087585e+04
singulaer,handed,3.476562500e-01,6.523437500e-01,1.220013926e+04
singulaer,handed,3.481445312e-01,6.518554688e-01,1.220644185e+04
singulaer,handed,3.486328125e-01,6.513671875e-01,1.220982368e+04
singulaer,handed,3.491210938e-01,6.508789062e-01,1.221030612e+04
singulaer,handed,3.496093750e-01,6.503906250e-01,1.220789222e+04
singulaer,handed,3.500976562e-01,6.499023438e-01,1.220256673e+04
singulaer,handed,3.505859375e-01,6.494140625e-01,1.219429589e+04
singulaer,handed,3.510742188e-01,6.489257812e-01,1.218302687e+04
singulaer,handed,3.515625000e-01,6.484375000e-01,1.216868690e+04
singulaer,handed,3.520507812e-01,6.479492188e-01,1.216868690e+04
singulaer,handed,3.525390625e-01,6.474609375e-01,1.216868690e+04
singulaer,handed,3.530273438e-01,6.469726562e-01,1.216868690e+04
singulaer,handed,3.535156250e-01,6.464843750e-01,1.216868690e+04
singulaer,handed,3.540039062e-01,6.459960938e-01,1.216868690e+04
singulaer,handed,3.544921875e-01,6.455078125e-01,1.216868690e+04
singulaer,handed,3.549804688e-01,6.450195312e-01,1.216868690e+04
singulaer,handed,3.554687500e-01,6.445312500e-01,1.216868690e+04
singulaer,handed,3.559570312e-01,6.440429688e-01,1.216868690e+04
singulaer,handed,3.564453125e-01,6.435546875e-01,1.216868690e+04
singulaer,handed,3.569335938e-01,6.430664062e-01,1.216868690e+04
singulaer,handed,3.574218750e-01,6.425781250e-01,1.216868690e+04
singulaer,handed,3.579101562e-01,6.420898438e-01,1.216868690e+04
singulaer,handed,3.583984375e-01,6.416015625e-01,1.216868690e+04
singulaer,handed,3.588867188e-01,6.411132812e-01,1.216868690e+04
singulaer,handed,3.593750000e-01,6.406250000e-01,1.216868690e+04
singulaer,handed,3.598632812e-01,6.401367188e-01,1.216868690e+04
singulaer,handed,3.603515625e-01,6.396484375e-01,1.216868690e+04
singulaer,handed,3.608398438e-01,6.391601562e-01,1.216868690e+04
singulaer,handed,3.613281250e-01,6.386718750e-01,1.216868690e+04
singulaer,handed,3.618164062e-01,6.381835938e-01,1.216868690e+04
singulaer,handed,3.623046875e-01,6.376953125e-01,1.216868690e+04
singulaer,handed,3.627929688e-01,6.372070312e-01,1.216868690e+04
singulaer,handed,3.632812500e-01,6.367187500e-01,1.216868690e+04
singulaer,handed,3.637695312e-01,6.362304688e-01,1.216868690e+04
singulaer,handed,3.642578125e-01,6.357421875e-01,1.216868690e+04
singulaer,handed,3.647460938e-01,6.352539062e-01,1.216868690e+04
singulaer,handed,3.652343750e-01,6.347656250e-01,1.216868690e+04
singulaer,handed,3.657226562e-01,6.342773438e-01,1.216868690e+04
singulaer,handed,3.662109375e-01,6.337890625e-01,1.216868690e+04
singulaer,handed,3.666992188e-01,6.333007812e-01,1.216868690e+04
singulaer,handed,3.671875000e-01,6.328125000e-01,1.216868690e+04
singulaer,handed,3.676757812e-01,6.323242188e-01,1.215347236e+04
singulaer,handed,3.681640625e-01,6.318359375e-01,1.214130265e+04
singulaer,handed,3.686523438e-01,6.313476562e-01,1.213224842e+04
singulaer,handed,3.691406250e-01,6.308593750e-01,1.212636275e+04
singulaer,handed,3.696289062e-01,6.303710938e-01,1.212368038e+04
singulaer,handed,3.701171875e-01,6.298828125e-01,1.212421720e+04
singulaer,handed,3.706054688e-01,6.293945312e-01,1.212797005e+04
singulaer,handed,3.710937500e-01,6.289062500e-01,1.213491668e+04
singulaer,handed,3.715820312e-01,6.284179688e-01,1.214501619e+04
singulaer,handed,3.720703125e-01,6.279296875e-01,1.215820953e+04
singulaer,handed,3.725585938e-01,6.274414062e-01,1.217442043e+04
singulaer,handed,3.730468750e-01,6.269531250e-01,1.219355645e+04
singulaer,handed,3.735351562e-01,6.264648438e-01,1.221551025e+04
singulaer,handed,3.740234375e-01,6.259765625e-01,1.224016112e+04
singulaer,handed,3.745117188e-01,6.254882812e-01,1.226737650e+04
singulaer,handed,3.750000000e-01,6.250000000e-01,1.229701375e+04
singulaer,handed,3.754882812e-01,6.245117188e-01,1.233210426e+04
singulaer,handed,3.759765625e-01,6.240234375e-01,1.236313196e+04
singulaer,handed,3.764648438e-01,6.235351562e-01,1.239029988e+04
singulaer,handed,3.769531250e-01,6.230468750e-01,1.241378130e+04
singulaer,handed,3.774414062e-01,6.225585938e-01,1.243372269e+04
singulaer,handed,3.779296875e-01,6.220703125e-01,1.245024603e+04
singulaer,handed,3.784179688e-01,6.215820312e-01,1.246345073e+04
singulaer,handed,3.789062500e-01,6.210937500e-01,1.247341517e+04
singulaer,handed,3.793945312e-01,6.206054688e-01,1.248019788e+04
singulaer,handed,3.798828125e-01,6.201171875e-01,1.248383837e+04
singulaer,handed,3.803710938e-01,6.196289062e-01,1.248435778e+04
singulaer,handed,3.808593750e-01,6.191406250e-01,1.248175909e+04
singulaer,handed,3.813476562e-01,6.186523438e-01,1.247602726e+04
singulaer,handed,3.818359375e-01,6.181640625e-01,1.246712895e+04
singulaer,handed,3.823242188e-01,6.176757812e-01,1.245501204e+04
singulaer,handed,3.828125000e-01,6.171875000e-01,1.243960490e+04
singulaer,handed,3.833007812e-01,6.166992188e-01,1.243960490e+04
singulaer,handed,3.837890625e-01,6.162109375e-01,1.243960490e+04
singulaer,handed,3.842773438e-01,6.157226562e-01,1.243960490e+04
singulaer,handed,3.847656250e-01,6.152343750e-01,1.243960490e+04
singulaer,handed,3.852539062e-01,6.147460938e-01,1.243960490e+04
singulaer,handed,3.857421875e-01,6.142578125e-01,1.243960490e+04
singulaer,handed,3.862304688e-01,6.137695312e-01,1.243960490e+04
singulaer,handed,3.867187500e-01,6.132812500e-01,1.243960490e+04
singulaer,handed,3.872070312e-01,6.127929688e-01,1.243960490e+04
singulaer,handed,3.876953125e-01,6.123046875e-01,1.243960490e+04
singulaer,handed,3.881835938e-01,6.118164062e-01,1.243960490e+04
singulaer,handed,3.886718750e-01,6.113281250e-01,1.243960490e+04
singulaer,handed,3.891601562e-01,6.108398438e-01,1.243960490e+04
singulaer,handed,3.896484375e-01,6.103515625e-01,1.243960490e+04
singulaer,handed,3.901367188e-01,6.098632812e-01,1.243960490e+04
singulaer,handed,3.906250000e-01,6.093750000e-01,1.243960490e+04
singulaer,handed,3.911132812e-01,6.088867188e-01,1.243960490e+04
singulaer,handed,3.916015625e-01,6.083984375e-01,1.243960490e+04
singulaer,handed,3.920898438e-01,6.079101562e-01,1.243960490e+04
singulaer,handed,3.925781250e-01,6.074218750e-01,1.243960490e+04
singulaer,handed,3.930664062e-01,6.069335938e-01,1.243960490e+04
singulaer,handed,3.935546875e-01,6.064453125e-01,1.243960490e+04
singulaer,handed,3.940429688e-01,6.059570312e-01,1.243960490e+04
singulaer,handed,3.945312500e-01,6.054687500e-01,1.243960490e+04
singulaer,handed,3.950195312e-01,6.049804688e-01,1.243960490e+04
singulaer,handed,3.955078125e-01,6.044921875e-01,1.243960490e+04
singulaer,handed,3.959960938e-01,6.040039062e-01,1.243960490e+04
singulaer,handed,3.964843750e-01,6.035156250e-01,1.243960490e+04
singulaer,handed,3.969726562e-01,6.030273438e-01,1.243960490e+04
singulaer,handed,3.974609375e-01,6.025390625e-01,1.243960490e+04
singulaer,handed,3.979492188e-01,6.020507812e-01,1.243960490e+04
singulaer,handed,3.984375000e-01,6.015625000e-01,1.243960490e+04
singulaer,handed,3.989257812e-01,6.010742188e-01,1.242323144e+04
singulaer,handed,3.994140625e-01,6.005859375e-01,1.241014334e+04
singulaer,handed,3.999023438e-01,6.000976562e-01,1.240041078e+04
singulaer,handed,4.003906250e-01,5.996093750e-01,1.239408643e+04
singulaer,handed,4.008789062e-01,5.991210938e-01,1.239120473e+04
singulaer,handed,4.013671875e-01,5.986328125e-01,1.239178142e+04
singulaer,handed,4.018554688e-01,5.981445312e-01,1.239581335e+04
singulaer,handed,4.023437500e-01,5.976562500e-01,1.240327851e+04
singulaer,handed,4.028320312e-01,5.971679688e-01,1.241413632e+04
singulaer,handed,4.033203125e-01,5.966796875e-01,1.242832817e+04
singulaer,handed,4.038085938e-01,5.961914062e-01,1.244577826e+04
singulaer,handed,4.042968750e-01,5.957031250e-01,1.246639452e+04
singulaer,handed,4.047851562e-01,5.952148438e-01,1.249006988e+04
singulaer,handed,4.052734375e-01,5.947265625e-01,1.251668354e+04
singulaer,handed,4.057617188e-01,5.942382812e-01,1.254610256e+04
singulaer,handed,4.062500000e-01,5.937500000e-01,1.257818333e+04
singulaer,handed,4.067382812e-01,5.932617188e-01,1.261578361e+04
singulaer,handed,4.072265625e-01,5.927734375e-01,1.264908196e+04
singulaer,handed,4.077148438e-01,5.922851562e-01,1.267827781e+04
singulaer,handed,4.082031250e-01,5.917968750e-01,1.270354195e+04
singulaer,handed,4.086914062e-01,5.913085938e-01,1.272501915e+04
singulaer,handed,4.091796875e-01,5.908203125e-01,1.274283027e+04
singulaer,handed,4.096679688e-01,5.903320312e-01,1.275707404e+04
singulaer,handed,4.101562500e-01,5.898437500e-01,1.276782843e+04
singulaer,handed,4.106445312e-01,5.893554688e-01,1.277515172e+04
singulaer,handed,4.111328125e-01,5.888671875e-01,1.277908333e+04
singulaer,handed,4.116210938e-01,5.883789062e-01,1.277964432e+04
singulaer,handed,4.121093750e-01,5.878906250e-01,1.277683769e+04
singulaer,handed,4.125976562e-01,5.874023438e-01,1.277064843e+04
singulaer,handed,4.130859375e-01,5.869140625e-01,1.276104327e+04
singulaer,handed,4.135742188e-01,5.864257812e-01,1.274797030e+04
singulaer,handed,4.140625000e-01,5.859375000e-01,1.273135822e+04
singulaer,handed,4.145507812e-01,5.854492188e-01,1.273135822e+04
singulaer,handed,4.150390625e-01,5.849609375e-01,1.273135822e+04
singulaer,handed,4.155273438e-01,5.844726562e-01,1.273135822e+04
singulaer,handed,4.160156250e-01,5.839843750e-01,1.273135822e+04
singulaer,handed,4.165039062e-01,5.834960938e-01,1.273135822e+04
singulaer,handed,4.169921875e-01,5.830078125e-01,1.273135822e+04
singulaer,handed,4.174804688e-01,5.825195312e-01,1.273135822e+04
singulaer,handed,4.179687500e-01,5.820312500e-01,1.273135822e+04
singulaer,handed,4.184570312e-01,5.815429688e-01,1.273135822e+04
singulaer,handed,4.189453125e-01,5.810546875e-01,1.273135822e+04
singulaer,handed,4.194335938e-01,5.805664062e-01,1.273135822e+04
singulaer,handed,4.199218750e-01,5.800781250e-01,1.273135822e+04
singulaer,handed,4.204101562e-01,5.795898438e-01,1.273135822e+04
singulaer,handed,4.208984375e-01,5.791015625e-01,1.273135822e+04
singulaer,handed,4.213867188e-01,5.786132812e-01,1.273135822e+04
singulaer,handed,4.218750000e-01,5.781250000e-01,1.273135822e+04
singulaer,handed,4.223632812e-01,5.776367188e-01,1.273135822e+04
singulaer,handed,4.228515625e-01,5.771484375e-01,1.273135822e+04
singulaer,handed,4.233398438e-01,5.766601562e-01,1.273135822e+04
singulaer,handed,4.238281250e-01,5.761718750e-01,1.273135822e+04
singulaer,handed,4.243164062e-01,5.756835938e-01,1.273135822e+04
singulaer,handed,4.248046875e-01,5.751953125e-01,1.273135822e+04
singulaer,handed,4.252929688e-01,5.747070312e-01,1.273135822e+04
singulaer,handed,4.257812500e-01,5.742187500e-01,1.273135822e+04
singulaer,handed,4.262695312e-01,5.737304688e-01,1.273135822e+04
singulaer,handed,4.267578125e-01,5.732421875e-01,1.273135822e+04
singulaer,handed,4.272460938e-01,5.727539062e-01,1.273135822e+04
singulaer,handed,4.277343750e-01,5.722656250e-01,1.273135822e+04
singulaer,handed,4.282226562e-01,5.717773438e-01,1.273135822e+04
singulaer,handed,4.287109375e-01,5.712890625e-01,1.273135822e+04
singulaer,handed,4.291992188e-01,5.708007812e-01,1.273135822e+04
singulaer,handed,4.296875000e-01,5.703125000e-01,1.273135822e+04
singulaer,handed,4.301757812e-01,5.698242188e-01,1.271366805e+04
singulaer,handed,4.306640625e-01,5.693359375e-01,1.269953540e+04
singulaer,handed,4.311523438e-01,5.688476562e-01,1.268903066e+04
singulaer,handed,4.316406250e-01,5.683593750e-01,1.268220663e+04
singulaer,handed,4.321289062e-01,5.678710938e-01,1.267909779e+04
singulaer,handed,4.326171875e-01,5.673828125e-01,1.267971991e+04
singulaer,handed,4.331054688e-01,5.668945312e-01,1.268406983e+04
singulaer,handed,4.335937500e-01,5.664062500e-01,1.269212551e+04
singulaer,handed,4.340820312e-01,5.659179688e-01,1.270384630e+04
singulaer,handed,4.345703125e-01,5.654296875e-01,1.271917346e+04
singulaer,handed,4.350585938e-01,5.649414062e-01,1.273803089e+04
singulaer,handed,4.355468750e-01,5.644531250e-01,1.276032604e+04
singulaer,handed,4.360351562e-01,5.639648438e-01,1.278595107e+04
singulaer,handed,4.365234375e-01,5.634765625e-01,1.281478408e+04
singulaer,handed,4.370117188e-01,5.629882812e-01,1.284669054e+04
singulaer,handed,4.375000000e-01,5.625000000e-01,1.288152478e+04
singulaer,handed,4.379882812e-01,5.620117188e-01,1.292201082e+04
singulaer,handed,4.384765625e-01,5.615234375e-01,1.295791212e+04
singulaer,handed,4.389648438e-01,5.610351562e-01,1.298942688e+04
singulaer,handed,4.394531250e-01,5.605468750e-01,1.301672534e+04
singulaer,handed,4.399414062e-01,5.600585938e-01,1.303995215e+04
singulaer,handed,4.404296875e-01,5.595703125e-01,1.305922835e+04
singulaer,handed,4.409179688e-01,5.590820312e-01,1.307465299e+04
singulaer,handed,4.414062500e-01,5.585937500e-01,1.308630439e+04
singulaer,handed,4.418945312e-01,5.581054688e-01,1.309424119e+04
singulaer,handed,4.423828125e-01,5.576171875e-01,1.309850306e+04
singulaer,handed,4.428710938e-01,5.571289062e-01,1.309911123e+04
singulaer,handed,4.433593750e-01,5.566406250e-01,1.309606871e+04
singulaer,handed,4.438476562e-01,5.561523438e-01,1.308936038e+04
singulaer,handed,4.443359375e-01,5.556640625e-01,1.307895274e+04
singulaer,handed,4.448242188e-01,5.551757812e-01,1.306479356e+04
singulaer,handed,4.453125000e-01,5.546875000e-01,1.304681118e+04
singulaer,handed,4.458007812e-01,5.541992188e-01,1.304681118e+04
singulaer,handed,4.462890625e-01,5.537109375e-01,1.304681118e+04
singulaer,handed,4.467773438e-01,5.532226562e-01,1.304681118e+04
singulaer,handed,4.472656250e-01,5.527343750e-01,1.304681118e+04
singulaer,handed,4.477539062e-01,5.522460938e-01,1.304681118e+04
singulaer,handed,4.482421875e-01,5.517578125e-01,1.304681118e+04
singulaer,handed,4.487304688e-01,5.512695312e-01,1.304681118e+04
singulaer,handed,4.492187500e-01,5.507812500e-01,1.304681118e+04
singulaer,handed,4.497070312e-01,5.502929688e-01,1.304681118e+04
singulaer,handed,4.501953125e-01,5.498046875e-01,1.304681118e+04
singulaer,handed,4.506835938e-01,5.493164062e-01,1.304681118e+04
singulaer,handed,4.511718750e-01,5.488281250e-01,1.304681118e+04
singulaer,handed,4.516601562e-01,5.483398438e-01,1.304681118e+04
singulaer,handed,4.521484375e-01,5.478515625e-01,1.304681118e+04
singulaer,handed,4.526367188e-01,5.473632812e-01,1.304681118e+04
singulaer,handed,4.531250000e-01,5.468750000e-01,1.304681118e+04
singulaer,handed,4.536132812e-01,5.463867188e-01,1.304681118e+04
singulaer,handed,4.541015625e-01,5.458984375e-01,1.304681118e+04
singulaer,handed,4.545898438e-01,5.454101562e-01,1.304681118e+04
singulaer,handed,4.550781250e-01,5.449218750e-01,1.304681118e+04
singulaer,handed,4.555664062e-01,5.444335938e-01,1.304681118e+04
singulaer,handed,4.560546875e-01,5.439453125e-01,1.304681118e+04
singulaer,handed,4.565429688e-01,5.434570312e-01,1.304681118e+04
singulaer,handed,4.570312500e-01,5.429687500e-01,1.304681118e+04
singulaer,handed,4.575195312e-01,5.424804688e-01,1.304681118e+04
singulaer,handed,4.580078125e-01,5.419921875e-01,1.304681118e+04
singulaer,handed,4.584960938e-01,5.415039062e-01,1.304681118e+04
singulaer,handed,4.589843750e-01,5.410156250e-01,1.304681118e+04
singulaer,handed,4.594726562e-01,5.405273438e-01,1.304681118e+04
singulaer,handed,4.599609375e-01,5.400390625e-01,1.304681118e+04
singulaer,handed,4.604492188e-01,5.395507812e-01,1.304681118e+04
singulaer,handed,4.609375000e-01,5.390625000e-01,1.304681118e+04
singulaer,handed,4.614257812e-01,5.385742188e-01,1.302761420e+04
singulaer,handed,4.619140625e-01,5.380859375e-01,1.301228522e+04
singulaer,handed,4.624023438e-01,5.375976562e-01,1.300089556e+04
singulaer,handed,4.628906250e-01,5.371093750e-01,1.299349863e+04
singulaer,handed,4.633789062e-01,5.366210938e-01,1.299012930e+04
singulaer,handed,4.638671875e-01,5.361328125e-01,1.299080352e+04
singulaer,handed,4.643554688e-01,5.356445312e-01,1.299551810e+04
singulaer,handed,4.648437500e-01,5.351562500e-01,1.300425074e+04
singulaer,handed,4.653320312e-01,5.346679688e-01,1.301696034e+04
singulaer,handed,4.658203125e-01,5.341796875e-01,1.303358744e+04
singulaer,handed,4.663085938e-01,5.336914062e-01,1.305405492e+04
singulaer,handed,4.667968750e-01,5.332031250e-01,1.307826889e+04
singulaer,handed,4.672851562e-01,5.327148438e-01,1.310611976e+04
singulaer,handed,4.677734375e-01,5.322265625e-01,1.313748341e+04
singulaer,handed,4.682617188e-01,5.317382812e-01,1.317222260e+04
singulaer,handed,4.687500000e-01,5.312500000e-01,1.321018834e+04
singulaer,handed,4.692382812e-01,5.307617188e-01,1.325400827e+04
singulaer,handed,4.697265625e-01,5.302734375e-01,1.329291020e+04
singulaer,handed,4.702148438e-01,5.297851562e-01,1.332709332e+04
singulaer,handed,4.707031250e-01,5.292968750e-01,1.335672916e+04
singulaer,handed,4.711914062e-01,5.288085938e-01,1.338196375e+04
singulaer,handed,4.716796875e-01,5.283203125e-01,1.340291953e+04
singulaer,handed,4.721679688e-01,5.278320312e-01,1.341969684e+04
singulaer,handed,4.726562500e-01,5.273437500e-01,1.343237515e+04
singulaer,handed,4.731445312e-01,5.268554688e-01,1.344101400e+04
singulaer,handed,4.736328125e-01,5.263671875e-01,1.344565370e+04
singulaer,handed,4.741210938e-01,5.258789062e-01,1.344631584e+04
singulaer,handed,4.746093750e-01,5.253906250e-01,1.344300347e+04
singulaer,handed,4.750976562e-01,5.249023438e-01,1.343570121e+04
singulaer,handed,4.755859375e-01,5.244140625e-01,1.342437505e+04
singulaer,handed,4.760742188e-01,5.239257812e-01,1.340897190e+04
singulaer,handed,4.765625000e-01,5.234375000e-01,1.338941903e+04
singulaer,handed,4.770507812e-01,5.229492188e-01,1.338941903e+04
singulaer,handed,4.775390625e-01,5.224609375e-01,1.338941903e+04
singulaer,handed,4.780273438e-01,5.219726562e-01,1.338941903e+04
singulaer,handed,4.785156250e-01,5.214843750e-01,1.338941903e+04
singulaer,handed,4.790039062e-01,5.209960938e-01,1.338941903e+04
singulaer,handed,4.794921875e-01,5.205078125e-01,1.338941903e+04
singulaer,handed,4.799804688e-01,5.200195312e-01,1.338941903e+04
singulaer,handed,4.804687500e-01,5.195312500e-01,1.338941903e+04
singulaer,handed,4.809570312e-01,5.190429688e-01,1.338941903e+04
singulaer,handed,4.814453125e-01,5.185546875e-01,1.338941903e+04
singulaer,handed,4.819335938e-01,5.180664062e-01,1.338941903e+04
singulaer,handed,4.824218750e-01,5.175781250e-01,1.338941903e+04
singulaer,handed,4.829101562e-01,5.170898438e-01,1.338941903e+04
singulaer,handed,4.833984375e-01,5.166015625e-01,1.338941903e+04
singulaer,handed,4.838867188e-01,5.161132812e-01,1.338941903e+04
singulaer,handed,4.843750000e-01,5.156250000e-01,1.338941903e+04
singulaer,handed,4.848632812e-01,5.151367188e-01,1.338941903e+04
singulaer,handed,4.853515625e-01,5.146484375e-01,1.338941903e+04
singulaer,handed,4.858398438e-01,5.141601562e-01,1.338941903e+04
singulaer,handed,4.863281250e-01,5.136718750e-01,1.338941903e+04
singulaer,handed,4.868164062e-01,5.131835938e-01,1.338941903e+04
singulaer,handed,4.873046875e-01,5.126953125e-01,1.338941903e+04
singulaer,handed,4.877929688e-01,5.122070312e-01,1.338941903e+04
singulaer,handed,4.882812500e-01,5.117187500e-01,1.338941903e+04
singulaer,handed,4.887695312e-01,5.112304688e-01,1.338941903e+04
singulaer,handed,4.892578125e-01,5.107421875e-01,1.338941903e+04
singulaer,handed,4.897460938e-01,5.102539062e-01,1.338941903e+04
singulaer,handed,4.902343750e-01,5.097656250e-01,1.338941903e+04
singulaer,handed,4.907226562e-01,5.092773438e-01,1.338941903e+04
singulaer,handed,4.912109375e-01,5.087890625e-01,1.338941903e+04
singulaer,handed,4.916992188e-01,5.083007812e-01,1.338941903e+04
singulaer,handed,4.921875000e-01,5.078125000e-01,1.338941903e+04
singulaer,handed,4.926757812e-01,5.073242188e-01,1.336848382e+04
singulaer,handed,4.931640625e-01,5.068359375e-01,1.335177396e+04
singulaer,handed,4.936523438e-01,5.063476562e-01,1.333936238e+04
singulaer,handed,4.941406250e-01,5.058593750e-01,1.333130363e+04
singulaer,handed,4.946289062e-01,5.053710938e-01,1.332763334e+04
singulaer,handed,4.951171875e-01,5.048828125e-01,1.332836776e+04
singulaer,handed,4.956054688e-01,5.043945312e-01,1.333350364e+04
singulaer,handed,4.960937500e-01,5.039062500e-01,1.334301823e+04
singulaer,handed,4.965820312e-01,5.034179688e-01,1.335686956e+04
singulaer,handed,4.970703125e-01,5.029296875e-01,1.337499686e+04
singulaer,handed,4.975585938e-01,5.024414062e-01,1.339732125e+04
singulaer,handed,4.980468750e-01,5.019531250e-01,1.342374662e+04
singulaer,handed,4.985351562e-01,5.014648438e-01,1.345416056e+04
singulaer,handed,4.990234375e-01,5.009765625e-01,1.348843562e+04
singulaer,handed,4.995117188e-01,5.004882812e-01,1.352643058e+04
singulaer,handed,5.000000000e-01,5.000000000e-01,1.356799181e+04
singulaer,handed,5.004882812e-01,4.995117188e-01,1.361568804e+04
singulaer,handed,5.009765625e-01,4.990234375e-01,1.365807329e+04
singulaer,handed,5.014648438e-01,4.985351562e-01,1.369534992e+04
singulaer,handed,5.019531250e-01,4.980468750e-01,1.372769253e+04
singulaer,handed,5.024414062e-01,4.975585938e-01,1.375525007e+04
singulaer,handed,5.029296875e-01,4.970703125e-01,1.377814764e+04
singulaer,handed,5.034179688e-01,4.965820312e-01,1.379648788e+04
singulaer,handed,5.039062500e-01,4.960937500e-01,1.381035217e+04
singulaer,handed,5.043945312e-01,4.956054688e-01,1.381980156e+04
singulaer,handed,5.048828125e-01,4.951171875e-01,1.382487740e+04
singulaer,handed,5.053710938e-01,4.946289062e-01,1.382560182e+04
singulaer,handed,5.058593750e-01,4.941406250e-01,1.382197797e+04
singulaer,handed,5.063476562e-01,4.936523438e-01,1.381399007e+04
singulaer,handed,5.068359375e-01,4.931640625e-01,1.380160321e+04
singulaer,handed,5.073242188e-01,4.926757812e-01,1.378476298e+04
singulaer,handed,5.078125000e-01,4.921875000e-01,1.376339485e+04
singulaer,handed,5.083007812e-01,4.916992188e-01,1.376339485e+04
singulaer,handed,5.087890625e-01,4.912109375e-01,1.376339485e+04
singulaer,handed,5.092773438e-01,4.907226563e-01,1.376339485e+04
singulaer,handed,5.097656250e-01,4.902343750e-01,1.376339485e+04
singulaer,handed,5.102539062e-01,4.897460938e-01,1.376339485e+04
singulaer,handed,5.107421875e-01,4.892578125e-01,1.376339485e+04
singulaer,handed,5.112304688e-01,4.887695313e-01,1.376339485e+04
singulaer,handed,5.117187500e-01,4.882812500e-01,1.376339485e+04
singulaer,handed,5.122070312e-01,4.877929688e-01,1.376339485e+04
singulaer,handed,5.126953125e-01,4.873046875e-01,1.376339485e+04
singulaer,handed,5.131835938e-01,4.868164063e-01,1.376339485e+04
singulaer,handed,5.136718750e-01,4.863281250e-01,1.376339485e+04
singulaer,handed,5.141601562e-01,4.858398438e-01,1.376339485e+04
singulaer,handed,5.146484375e-01,4.853515625e-01,1.376339485e+04
singulaer,handed,5.151367188e-01,4.848632812e-01,1.376339485e+04
singulaer,handed,5.156250000e-01,4.843750000e-01,1.376339485e+04
singulaer,handed,5.161132812e-01,4.838867188e-01,1.376339485e+04
singulaer,handed,5.166015625e-01,4.833984375e-01,1.376339485e+04
singulaer,handed,5.170898438e-01,4.829101562e-01,1.376339485e+04
singulaer,handed,5.175781250e-01,4.824218750e-01,1.376339485e+04
singulaer,handed,5.180664062e-01,4.819335937e-01,1.376339485e+04
singulaer,handed,5.185546875e-01,4.814453125e-01,1.376339485e+04
singulaer,handed,5.190429688e-01,4.809570312e-01,1.376339485e+04
singulaer,handed,5.195312500e-01,4.804687500e-01,1.376339485e+04
singulaer,handed,5.200195312e-01,4.799804687e-01,1.376339485e+04
singulaer,handed,5.205078125e-01,4.794921875e-01,1.376339485e+04
singulaer,handed,5.209960938e-01,4.790039062e-01,1.376339485e+04
singulaer,handed,5.214843750e-01,4.785156250e-01,1.376339485e+04
singulaer,handed,5.219726562e-01,4.780273437e-01,1.376339485e+04
singulaer,handed,5.224609375e-01,4.775390625e-01,1.376339485e+04
singulaer,handed,5.229492188e-01,4.770507812e-01,1.376339485e+04
singulaer,handed,5.234375000e-01,4.765625000e-01,1.376339485e+04
singulaer,handed,5.239257812e-01,4.760742188e-01,1.374043634e+04
singulaer,handed,5.244140625e-01,4.755859375e-01,1.372211842e+04
singulaer,handed,5.249023438e-01,4.750976562e-01,1.370851638e+04
singulaer,handed,5.253906250e-01,4.746093750e-01,1.369968648e+04
singulaer,handed,5.258789062e-01,4.741210938e-01,1.369566544e+04
singulaer,handed,5.263671875e-01,4.736328125e-01,1.369647002e+04
singulaer,handed,5.268554688e-01,4.731445312e-01,1.370209687e+04
singulaer,handed,5.273437500e-01,4.726562500e-01,1.371252254e+04
singulaer,handed,5.278320312e-01,4.721679688e-01,1.372770374e+04
singulaer,handed,5.283203125e-01,4.716796875e-01,1.374757780e+04
singulaer,handed,5.288085938e-01,4.711914062e-01,1.377206329e+04
singulaer,handed,5.292968750e-01,4.707031250e-01,1.380106083e+04
singulaer,handed,5.297851562e-01,4.702148438e-01,1.383445414e+04
singulaer,handed,5.302734375e-01,4.697265625e-01,1.387211113e+04
singulaer,handed,5.307617188e-01,4.692382812e-01,1.391388521e+04
singulaer,handed,5.312500000e-01,4.687500000e-01,1.395961665e+04
singulaer,handed,5.317382812e-01,4.682617188e-01,1.401185585e+04
singulaer,handed,5.322265625e-01,4.677734375e-01,1.405831878e+04
singulaer,handed,5.327148438e-01,4.672851562e-01,1.409921321e+04
singulaer,handed,5.332031250e-01,4.667968750e-01,1.413471873e+04
singulaer,handed,5.336914062e-01,4.663085938e-01,1.416498884e+04
singulaer,handed,5.341796875e-01,4.658203125e-01,1.419015259e+04
singulaer,handed,5.346679688e-01,4.653320312e-01,1.421031605e+04
singulaer,handed,5.351562500e-01,4.648437500e-01,1.422556338e+04
singulaer,handed,5.356445312e-01,4.643554688e-01,1.423595775e+04
singulaer,handed,5.361328125e-01,4.638671875e-01,1.424154198e+04
singulaer,handed,5.366210938e-01,4.633789062e-01,1.424233900e+04
singulaer,handed,5.371093750e-01,4.628906250e-01,1.423835208e+04
singulaer,handed,5.375976562e-01,4.624023438e-01,1.422956486e+04
singulaer,handed,5.380859375e-01,4.619140625e-01,1.421594119e+04
singulaer,handed,5.385742188e-01,4.614257812e-01,1.419742474e+04
singulaer,handed,5.390625000e-01,4.609375000e-01,1.417393843e+04
singulaer,handed,5.395507812e-01,4.604492188e-01,1.417393843e+04
singulaer,handed,5.400390625e-01,4.599609375e-01,1.417393843e+04
singulaer,handed,5.405273438e-01,4.594726563e-01,1.417393843e+04
singulaer,handed,5.410156250e-01,4.589843750e-01,1.417393843e+04
singulaer,handed,5.415039062e-01,4.584960938e-01,1.417393843e+04
singulaer,handed,5.419921875e-01,4.580078125e-01,1.417393843e+04
singulaer,handed,5.424804688e-01,4.575195313e-01,1.417393843e+04
singulaer,handed,5.429687500e-01,4.570312500e-01,1.417393843e+04
singulaer,handed,5.434570312e-01,4.565429688e-01,1.417393843e+04
singulaer,handed,5.439453125e-01,4.560546875e-01,1.417393843e+04
singulaer,handed,5.444335938e-01,4.555664063e-01,1.417393843e+04
singulaer,handed,5.449218750e-01,4.550781250e-01,1.417393843e+04
singulaer,handed,5.454101562e-01,4.545898438e-01,1.417393843e+04
singulaer,handed,5.458984375e-01,4.541015625e-01,1.417393843e+04
singulaer,handed,5.463867188e-01,4.536132812e-01,1.417393843e+04
singulaer,handed,5.468750000e-01,4.531250000e-01,1.417393843e+04
singulaer,handed,5.473632812e-01,4.526367188e-01,1.417393843e+04
singulaer,handed,5.478515625e-01,4.521484375e-01,1.417393843e+04
singulaer,handed,5.483398438e-01,4.516601562e-01,1.417393843e+04
singulaer,handed,5.488281250e-01,4.511718750e-01,1.417393843e+04
singulaer,handed,5.493164062e-01,4.506835937e-01,1.417393843e+04
singulaer,handed,5.498046875e-01,4.501953125e-01,1.417393843e+04
singulaer,handed,5.502929688e-01,4.497070312e-01,1.417393843e+04
singulaer,handed,5.507812500e-01,4.492187500e-01,1.417393843e+04
singulaer,handed,5.512695312e-01,4.487304687e-01,1.417393843e+04
singulaer,handed,5.517578125e-01,4.482421875e-01,1.417393843e+04
singulaer,handed,5.522460938e-01,4.477539062e-01,1.417393843e+04
singulaer,handed,5.527343750e-01,4.472656250e-01,1.417393843e+04
singulaer,handed,5.532226562e-01,4.467773437e-01,1.417393843e+04
singulaer,handed,5.537109375e-01,4.462890625e-01,1.417393843e+04
singulaer,handed,5.541992188e-01,4.458007812e-01,1.417393843e+04
singulaer,handed,5.546875000e-01,4.453125000e-01,1.417393843e+04
singulaer,handed,5.551757812e-01,4.448242188e-01,1.414860072e+04
singulaer,handed,5.556640625e-01,4.443359375e-01,1.412839126e+04
singulaer,handed,5.561523438e-01,4.438476562e-01,1.411338852e+04
singulaer,handed,5.566406250e-01,4.433593750e-01,1.410365111e+04
singulaer,handed,5.571289062e-01,4.428710938e-01,1.409921726e+04
singulaer,handed,5.576171875e-01,4.423828125e-01,1.410010441e+04
singulaer,handed,5.581054688e-01,4.418945312e-01,1.410630909e+04
singulaer,handed,5.585937500e-01,4.414062500e-01,1.411780687e+04
singulaer,handed,5.590820312e-01,4.409179688e-01,1.413455270e+04
singulaer,handed,5.595703125e-01,4.404296875e-01,1.415648125e+04
singulaer,handed,5.600585938e-01,4.399414062e-01,1.418350762e+04
singulaer,handed,5.605468750e-01,4.394531250e-01,1.421552813e+04
singulaer,handed,5.610351562e-01,4.389648438e-01,1.425242128e+04
singulaer,handed,5.615234375e-01,4.384765625e-01,1.429404891e+04
singulaer,handed,5.620117188e-01,4.379882812e-01,1.434025746e+04
singulaer,handed,5.625000000e-01,4.375000000e-01,1.439087930e+04
singulaer,handed,5.629882812e-01,4.370117188e-01,1.444849408e+04
singulaer,handed,5.634765625e-01,4.365234375e-01,1.449977790e+04
singulaer,handed,5.639648438e-01,4.360351562e-01,1.454494638e+04
singulaer,handed,5.644531250e-01,4.355468750e-01,1.458418627e+04
singulaer,handed,5.649414062e-01,4.350585938e-01,1.461765738e+04
singulaer,handed,5.654296875e-01,4.345703125e-01,1.464549428e+04
singulaer,handed,5.659179688e-01,4.340820312e-01,1.466780764e+04
singulaer,handed,5.664062500e-01,4.335937500e-01,1.468468539e+04
singulaer,handed,5.668945312e-01,4.331054688e-01,1.469619356e+04
singulaer,handed,5.673828125e-01,4.326171875e-01,1.470237694e+04
singulaer,handed,5.678710938e-01,4.321289062e-01,1.470325952e+04
singulaer,handed,5.683593750e-01,4.316406250e-01,1.469884472e+04
singulaer,handed,5.688476562e-01,4.311523438e-01,1.468911542e+04
singulaer,handed,5.693359375e-01,4.306640625e-01,1.467403381e+04
singulaer,handed,5.698242188e-01,4.301757812e-01,1.465354099e+04
singulaer,handed,5.703125000e-01,4.296875000e-01,1.462755643e+04
singulaer,handed,5.708007812e-01,4.291992188e-01,1.462755643e+04
singulaer,handed,5.712890625e-01,4.287109375e-01,1.462755643e+04
singulaer,handed,5.717773438e-01,4.282226563e-01,1.462755643e+04
singulaer,handed,5.722656250e-01,4.277343750e-01,1.462755643e+04
singulaer,handed,5.727539062e-01,4.272460938e-01,1.462755643e+04
singulaer,handed,5.732421875e-01,4.267578125e-01,1.462755643e+04
singulaer,handed,5.737304688e-01,4.262695313e-01,1.462755643e+04
singulaer,handed,5.742187500e-01,4.257812500e-01,1.462755643e+04
singulaer,handed,5.747070312e-01,4.252929688e-01,1.462755643e+04
singulaer,handed,5.751953125e-01,4.248046875e-01,1.462755643e+04
singulaer,handed,5.756835938e-01,4.243164063e-01,1.462755643e+04
singulaer,handed,5.761718750e-01,4.238281250e-01,1.462755643e+04
singulaer,handed,5.766601562e-01,4.233398438e-01,1.462755643e+04
singulaer,handed,5.771484375e-01,4.228515625e-01,1.462755643e+04
singulaer,handed,5.776367188e-01,4.223632812e-01,1.462755643e+04
singulaer,handed,5.781250000e-01,4.218750000e-01,1.462755643e+04
singulaer,handed,5.786132812e-01,4.213867188e-01,1.462755643e+04
singulaer,handed,5.791015625e-01,4.208984375e-01,1.462755643e+04
singulaer,handed,5.795898438e-01,4.204101562e-01,1.462755643e+04
singulaer,handed,5.800781250e-01,4.199218750e-01,1.462755643e+04
singulaer,handed,5.805664062e-01,4.194335937e-01,1.462755643e+04
singulaer,handed,5.810546875e-01,4.189453125e-01,1.462755643e+04
singulaer,handed,5.815429688e-01,4.184570312e-01,1.462755643e+04
singulaer,handed,5.820312500e-01,4.179687500e-01,1.462755643e+04
singulaer,handed,5.825195312e-01,4.174804687e-01,1.462755643e+04
singulaer,handed,5.830078125e-01,4.169921875e-01,1.462755643e+04
singulaer,handed,5.834960938e-01,4.165039062e-01,1.462755643e+04
singulaer,handed,5.839843750e-01,4.160156250e-01,1.462755643e+04
singulaer,handed,5.844726562e-01,4.155273437e-01,1.462755643e+04
singulaer,handed,5.849609375e-01,4.150390625e-01,1.462755643e+04
singulaer,handed,5.854492188e-01,4.145507812e-01,1.462755643e+04
singulaer,handed,5.859375000e-01,4.140625000e-01,1.462755643e+04
singulaer,handed,5.864257812e-01,4.135742188e-01,1.459938830e+04
singulaer,handed,5.869140625e-01,4.130859375e-01,1.457692801e+04
singulaer,handed,5.874023438e-01,4.125976562e-01,1.456025818e+04
singulaer,handed,5.878906250e-01,4.121093750e-01,1.454944051e+04
singulaer,handed,5.883789062e-01,4.116210938e-01,1.454451523e+04
singulaer,handed,5.888671875e-01,4.111328125e-01,1.454550069e+04
singulaer,handed,5.893554688e-01,4.106445312e-01,1.455239323e+04
singulaer,handed,5.898437500e-01,4.101562500e-01,1.456516716e+04
singulaer,handed,5.903320312e-01,4.096679688e-01,1.458377505e+04
singulaer,handed,5.908203125e-01,4.091796875e-01,1.460814815e+04
singulaer,handed,5.913085938e-01,4.086914062e-01,1.463819700e+04
singulaer,handed,5.917968750e-01,4.082031250e-01,1.467381230e+04
singulaer,handed,5.922851562e-01,4.077148438e-01,1.471486582e+04
singulaer,handed,5.927734375e-01,4.072265625e-01,1.476121159e+04
singulaer,handed,5.932617188e-01,4.067382812e-01,1.481268714e+04
singulaer,handed,5.937500000e-01,4.062500000e-01,1.486911488e+04
singulaer,handed,5.942382812e-01,4.057617188e-01,1.493316331e+04
singulaer,handed,5.947265625e-01,4.052734375e-01,1.499021322e+04
singulaer,handed,5.952148438e-01,4.047851562e-01,1.504049100e+04
singulaer,handed,5.957031250e-01,4.042968750e-01,1.508419298e+04
singulaer,handed,5.961914062e-01,4.038085938e-01,1.512148742e+04
singulaer,handed,5.966796875e-01,4.033203125e-01,1.515251614e+04
singulaer,handed,5.971679688e-01,4.028320312e-01,1.517739592e+04
singulaer,handed,5.976562500e-01,4.023437500e-01,1.519621958e+04
singulaer,handed,5.981445312e-01,4.018554688e-01,1.520905690e+04
singulaer,handed,5.986328125e-01,4.013671875e-01,1.521595521e+04
singulaer,handed,5.991210938e-01,4.008789062e-01,1.521693988e+04
singulaer,handed,5.996093750e-01,4.003906250e-01,1.521201453e+04
singulaer,handed,6.000976562e-01,3.999023438e-01,1.520116104e+04
singulaer,handed,6.005859375e-01,3.994140625e-01,1.518433946e+04
singulaer,handed,6.010742188e-01,3.989257812e-01,1.516148755e+04
singulaer,handed,6.015625000e-01,3.984375000e-01,1.513252025e+04
singulaer,handed,6.020507812e-01,3.979492188e-01,1.513252025e+04
singulaer,handed,6.025390625e-01,3.974609375e-01,1.513252025e+04
singulaer,handed,6.030273438e-01,3.969726563e-01,1.513252025e+04
singulaer,handed,6.035156250e-01,3.964843750e-01,1.513252025e+04
singulaer,handed,6.040039062e-01,3.959960938e-01,1.513252025e+04
singulaer,handed,6.044921875e-01,3.955078125e-01,1.513252025e+04
singulaer,handed,6.049804688e-01,3.950195313e-01,1.513252025e+04
singulaer,handed,6.054687500e-01,3.945312500e-01,1.513252025e+04
singulaer,handed,6.059570312e-01,3.940429688e-01,1.513252025e+04
singulaer,handed,6.064453125e-01,3.935546875e-01,1.513252025e+04
singulaer,handed,6.069335938e-01,3.930664063e-01,1.513252025e+04
singulaer,handed,6.074218750e-01,3.925781250e-01,1.513252025e+04
singulaer,handed,6.079101562e-01,3.920898438e-01,1.513252025e+04
singulaer,handed,6.083984375e-01,3.916015625e-01,1.513252025e+04
singulaer,handed,6.088867188e-01,3.911132812e-01,1.513252025e+04
singulaer,handed,6.093750000e-01,3.906250000e-01,1.513252025e+04
singulaer,handed,6.098632812e-01,3.901367188e-01,1.513252025e+04
singulaer,handed,6.103515625e-01,3.896484375e-01,1.513252025e+04
singulaer,handed,6.108398438e-01,3.891601562e-01,1.513252025e+04
singulaer,handed,6.113281250e-01,3.886718750e-01,1.513252025e+04
singulaer,handed,6.118164062e-01,3.881835937e-01,1.513252025e+04
singulaer,handed,6.123046875e-01,3.876953125e-01,1.513252025e+04
singulaer,handed,6.127929688e-01,3.872070312e-01,1.513252025e+04
singulaer,handed,6.132812500e-01,3.867187500e-01,1.513252025e+04
singulaer,handed,6.137695312e-01,3.862304687e-01,1.513252025e+04
singulaer,handed,6.142578125e-01,3.857421875e-01,1.513252025e+04
singulaer,handed,6.147460938e-01,3.852539062e-01,1.513252025e+04
singulaer,handed,6.152343750e-01,3.847656250e-01,1.513252025e+04
singulaer,handed,6.157226562e-01,3.842773437e-01,1.513252025e+04
singulaer,handed,6.162109375e-01,3.837890625e-01,1.513252025e+04
singulaer,handed,6.166992188e-01,3.833007812e-01,1.513252025e+04
singulaer,handed,6.171875000e-01,3.828125000e-01,1.513252025e+04
singulaer,handed,6.176757812e-01,3.823242188e-01,1.510093940e+04
singulaer,handed,6.181640625e-01,3.818359375e-01,1.507576468e+04
singulaer,handed,6.186523438e-01,3.813476562e-01,1.505708409e+04
singulaer,handed,6.191406250e-01,3.808593750e-01,1.504496335e+04
singulaer,handed,6.196289062e-01,3.803710938e-01,1.503944524e+04
singulaer,handed,6.201171875e-01,3.798828125e-01,1.504054929e+04
singulaer,handed,6.206054688e-01,3.793945312e-01,1.504827161e+04
singulaer,handed,6.210937500e-01,3.789062500e-01,1.506258486e+04
singulaer,handed,6.215820312e-01,3.784179688e-01,1.508343857e+04
singulaer,handed,6.220703125e-01,3.779296875e-01,1.511075953e+04
singulaer,handed,6.225585938e-01,3.774414062e-01,1.514445245e+04
singulaer,handed,6.230468750e-01,3.769531250e-01,1.518440078e+04
singulaer,handed,6.235351562e-01,3.764648438e-01,1.523046770e+04
singulaer,handed,6.240234375e-01,3.759765625e-01,1.528249729e+04
singulaer,handed,6.245117188e-01,3.754882812e-01,1.534031581e+04
singulaer,handed,6.250000000e-01,3.750000000e-01,1.540373309e+04
singulaer,handed,6.254882812e-01,3.745117188e-01,1.547558610e+04
singulaer,handed,6.259765625e-01,3.740234375e-01,1.553962753e+04
singulaer,handed,6.264648438e-01,3.735351562e-01,1.559609796e+04
singulaer,handed,6.269531250e-01,3.730468750e-01,1.564520633e+04
singulaer,handed,6.274414062e-01,3.725585938e-01,1.568713188e+04
singulaer,handed,6.279296875e-01,3.720703125e-01,1.572202588e+04
singulaer,handed,6.284179688e-01,3.715820312e-01,1.575001299e+04
singulaer,handed,6.289062500e-01,3.710937500e-01,1.577119236e+04
singulaer,handed,6.293945312e-01,3.706054688e-01,1.578563857e+04
singulaer,handed,6.298828125e-01,3.701171875e-01,1.579340222e+04
singulaer,handed,6.303710938e-01,3.696289062e-01,1.579451046e+04
singulaer,handed,6.308593750e-01,3.691406250e-01,1.578896714e+04
singulaer,handed,6.313476562e-01,3.686523438e-01,1.577675291e+04
singulaer,handed,6.318359375e-01,3.681640625e-01,1.575782502e+04
singulaer,handed,6.323242188e-01,3.676757812e-01,1.573211694e+04
singulaer,handed,6.328125000e-01,3.671875000e-01,1.569953781e+04
singulaer,handed,6.333007812e-01,3.666992188e-01,1.569953781e+04
singulaer,handed,6.337890625e-01,3.662109375e-01,1.569953781e+04
singulaer,handed,6.342773438e-01,3.657226562e-01,1.569953781e+04
singulaer,handed,6.347656250e-01,3.652343750e-01,1.569953781e+04
singulaer,handed,6.352539062e-01,3.647460938e-01,1.569953781e+04
singulaer,handed,6.357421875e-01,3.642578125e-01,1.569953781e+04
singulaer,handed,6.362304688e-01,3.637695312e-01,1.569953781e+04
singulaer,handed,6.367187500e-01,3.632812500e-01,1.569953781e+04
singulaer,handed,6.372070312e-01,3.627929688e-01,1.569953781e+04
singulaer,handed,6.376953125e-01,3.623046875e-01,1.569953781e+04
singulaer,handed,6.381835938e-01,3.618164062e-01,1.569953781e+04
singulaer,handed,6.386718750e-01,3.613281250e-01,1.569953781e+04
singulaer,handed,6.391601562e-01,3.608398438e-01,1.569953781e+04
singulaer,handed,6.396484375e-01,3.603515625e-01,1.569953781e+04
singulaer,handed,6.401367188e-01,3.598632812e-01,1.569953781e+04
singulaer,handed,6.406250000e-01,3.593750000e-01,1.569953781e+04
singulaer,handed,6.411132812e-01,3.588867188e-01,1.569953781e+04
singulaer,handed,6.416015625e-01,3.583984375e-01,1.569953781e+04
singulaer,handed,6.420898438e-01,3.579101562e-01,1.569953781e+04
singulaer,handed,6.425781250e-01,3.574218750e-01,1.569953781e+04
singulaer,handed,6.430664062e-01,3.569335938e-01,1.569953781e+04
singulaer,handed,6.435546875e-01,3.564453125e-01,1.569953781e+04
singulaer,handed,6.440429688e-01,3.559570312e-01,1.569953781e+04
singulaer,handed,6.445312500e-01,3.554687500e-01,1.569953781e+04
singulaer,handed,6.450195312e-01,3.549804688e-01,1.569953781e+04
singulaer,handed,6.455078125e-01,3.544921875e-01,1.569953781e+04
singulaer,handed,6.459960938e-01,3.540039062e-01,1.569953781e+04
singulaer,handed,6.464843750e-01,3.535156250e-01,1.569953781e+04
singulaer,handed,6.469726562e-01,3.530273438e-01,1.569953781e+04
singulaer,handed,6.474609375e-01,3.525390625e-01,1.569953781e+04
singulaer,handed,6.479492188e-01,3.520507812e-01,1.569953781e+04
singulaer,handed,6.484375000e-01,3.515625000e-01,1.569953781e+04
singulaer,handed,6.489257812e-01,3.510742188e-01,1.566377699e+04
singulaer,handed,6.494140625e-01,3.505859375e-01,1.563527714e+04
singulaer,handed,6.499023438e-01,3.500976562e-01,1.561413315e+04
singulaer,handed,6.503906250e-01,3.496093750e-01,1.560041586e+04
singulaer,handed,6.508789062e-01,3.491210938e-01,1.559417137e+04
singulaer,handed,6.513671875e-01,3.486328125e-01,1.559542073e+04
singulaer,handed,6.518554688e-01,3.481445312e-01,1.560415974e+04
singulaer,handed,6.523437500e-01,3.476562500e-01,1.562035895e+04
singulaer,handed,6.528320312e-01,3.471679688e-01,1.564396397e+04
singulaer,handed,6.533203125e-01,3.466796875e-01,1.567489586e+04
singulaer,handed,6.538085938e-01,3.461914062e-01,1.571305184e+04
singulaer,handed,6.542968750e-01,3.457031250e-01,1.575830611e+04
singulaer,handed,6.547851562e-01,3.452148438e-01,1.581051088e+04
singulaer,handed,6.552734375e-01,3.447265625e-01,1.586949755e+04
singulaer,handed,6.557617188e-01,3.442382812e-01,1.593507807e+04
singulaer,handed,6.562500000e-01,3.437500000e-01,1.600704637e+04
singulaer,handed,6.567382812e-01,3.432617188e-01,1.608852039e+04
singulaer,handed,6.572265625e-01,3.427734375e-01,1.616117759e+04
singulaer,handed,6.577148438e-01,3.422851562e-01,1.622527708e+04
singulaer,handed,6.582031250e-01,3.417968750e-01,1.628104419e+04
singulaer,handed,6.586914062e-01,3.413085938e-01,1.632867243e+04
singulaer,handed,6.591796875e-01,3.408203125e-01,1.636832528e+04
singulaer,handed,6.596679688e-01,3.403320312e-01,1.640013752e+04
singulaer,handed,6.601562500e-01,3.398437500e-01,1.642421647e+04
singulaer,handed,6.606445312e-01,3.393554688e-01,1.644064285e+04
singulaer,handed,6.611328125e-01,3.388671875e-01,1.644947150e+04
singulaer,handed,6.616210938e-01,3.383789062e-01,1.645073181e+04
singulaer,handed,6.621093750e-01,3.378906250e-01,1.644442796e+04
singulaer,handed,6.625976562e-01,3.374023438e-01,1.643053898e+04
singulaer,handed,6.630859375e-01,3.369140625e-01,1.640901856e+04
singulaer,handed,6.635742188e-01,3.364257812e-01,1.637979468e+04
singulaer,handed,6.640625000e-01,3.359375000e-01,1.634276897e+04
singulaer,handed,6.645507812e-01,3.354492188e-01,1.634276897e+04
singulaer,handed,6.650390625e-01,3.349609375e-01,1.634276897e+04
singulaer,handed,6.655273438e-01,3.344726562e-01,1.634276897e+04
singulaer,handed,6.660156250e-01,3.339843750e-01,1.634276897e+04
singulaer,handed,6.665039062e-01,3.334960938e-01,1.634276897e+04
singulaer,handed,6.669921875e-01,3.330078125e-01,1.634276897e+04
singulaer,handed,6.674804688e-01,3.325195312e-01,1.634276897e+04
singulaer,handed,6.679687500e-01,3.320312500e-01,1.634276897e+04
singulaer,handed,6.684570312e-01,3.315429688e-01,1.634276897e+04
singulaer,handed,6.689453125e-01,3.310546875e-01,1.634276897e+04
singulaer,handed,6.694335938e-01,3.305664062e-01,1.634276897e+04
singulaer,handed,6.699218750e-01,3.300781250e-01,1.634276897e+04
singulaer,handed,6.704101562e-01,3.295898438e-01,1.634276897e+04
singulaer,handed,6.708984375e-01,3.291015625e-01,1.634276897e+04
singulaer,handed,6.713867188e-01,3.286132812e-01,1.634276897e+04
singulaer,handed,6.718750000e-01,3.281250000e-01,1.634276897e+04
singulaer,handed,6.723632812e-01,3.276367188e-01,1.634276897e+04
singulaer,handed,6.728515625e-01,3.271484375e-01,1.634276897e+04
singulaer,handed,6.733398438e-01,3.266601562e-01,1.634276897e+04
singulaer,handed,6.738281250e-01,3.261718750e-01,1.634276897e+04
singulaer,handed,6.743164062e-01,3.256835938e-01,1.634276897e+04
singulaer,handed,6.748046875e-01,3.251953125e-01,1.634276897e+04
singulaer,handed,6.752929688e-01,3.247070312e-01,1.634276897e+04
singulaer,handed,6.757812500e-01,3.242187500e-01,1.634276897e+04
singulaer,handed,6.762695312e-01,3.237304688e-01,1.634276897e+04
singulaer,handed,6.767578125e-01,3.232421875e-01,1.634276897e+04
singulaer,handed,6.772460938e-01,3.227539062e-01,1.634276897e+04
singulaer,handed,6.777343750e-01,3.222656250e-01,1.634276897e+04
singulaer,handed,6.782226562e-01,3.217773438e-01,1.634276897e+04
singulaer,handed,6.787109375e-01,3.212890625e-01,1.634276897e+04
singulaer,handed,6.791992188e-01,3.208007812e-01,1.634276897e+04
singulaer,handed,6.796875000e-01,3.203125000e-01,1.634276897e+04
singulaer,handed,6.801757812e-01,3.198242188e-01,1.630179233e+04
singulaer,handed,6.806640625e-01,3.193359375e-01,1.626914289e+04
singulaer,handed,6.811523438e-01,3.188476562e-01,1.624492447e+04
singulaer,handed,6.816406250e-01,3.183593750e-01,1.622921449e+04
singulaer,handed,6.821289062e-01,3.178710938e-01,1.622206337e+04
singulaer,handed,6.826171875e-01,3.173828125e-01,1.622349411e+04
singulaer,handed,6.831054688e-01,3.168945312e-01,1.623350209e+04
singulaer,handed,6.835937500e-01,3.164062500e-01,1.625205516e+04
singulaer,handed,6.840820312e-01,3.159179688e-01,1.627909385e+04
singulaer,handed,6.845703125e-01,3.154296875e-01,1.631453184e+04
singulaer,handed,6.850585938e-01,3.149414062e-01,1.635825669e+04
singulaer,handed,6.855468750e-01,3.144531250e-01,1.641013071e+04
singulaer,handed,6.860351562e-01,3.139648438e-01,1.646999199e+04
singulaer,handed,6.865234375e-01,3.134765625e-01,1.653765570e+04
singulaer,handed,6.870117188e-01,3.129882812e-01,1.661291546e+04
singulaer,handed,6.875000000e-01,3.125000000e-01,1.669554488e+04
singulaer,handed,6.879882812e-01,3.120117188e-01,1.678911029e+04
singulaer,handed,6.884765625e-01,3.115234375e-01,1.687259282e+04
singulaer,handed,6.889648438e-01,3.110351562e-01,1.694627586e+04
singulaer,handed,6.894531250e-01,3.105468750e-01,1.701040612e+04
singulaer,handed,6.899414062e-01,3.100585938e-01,1.706519566e+04
singulaer,handed,6.904296875e-01,3.095703125e-01,1.711082378e+04
singulaer,handed,6.909179688e-01,3.090820312e-01,1.714743844e+04
singulaer,handed,6.914062500e-01,3.085937500e-01,1.717515750e+04
singulaer,handed,6.918945312e-01,3.081054688e-01,1.719406965e+04
singulaer,handed,6.923828125e-01,3.076171875e-01,1.720423517e+04
singulaer,handed,6.928710938e-01,3.071289062e-01,1.720568637e+04
singulaer,handed,6.933593750e-01,3.066406250e-01,1.719842784e+04
singulaer,handed,6.938476562e-01,3.061523438e-01,1.718243654e+04
singulaer,handed,6.943359375e-01,3.056640625e-01,1.715766155e+04
singulaer,handed,6.948242188e-01,3.051757812e-01,1.712402373e+04
singulaer,handed,6.953125000e-01,3.046875000e-01,1.708141503e+04
singulaer,handed,6.958007812e-01,3.041992188e-01,1.708141503e+04
singulaer,handed,6.962890625e-01,3.037109375e-01,1.708141503e+04
singulaer,handed,6.967773438e-01,3.032226562e-01,1.708141503e+04
singulaer,handed,6.972656250e-01,3.027343750e-01,1.708141503e+04
singulaer,handed,6.977539062e-01,3.022460938e-01,1.708141503e+04
singulaer,handed,6.982421875e-01,3.017578125e-01,1.708141503e+04
singulaer,handed,6.987304688e-01,3.012695312e-01,1.708141503e+04
singulaer,handed,6.992187500e-01,3.007812500e-01,1.708141503e+04
singulaer,handed,6.997070312e-01,3.002929688e-01,1.708141503e+04
singulaer,handed,7.001953125e-01,2.998046875e-01,1.708141503e+04
singulaer,handed,7.006835938e-01,2.993164062e-01,1.708141503e+04
singulaer,handed,7.011718750e-01,2.988281250e-01,1.708141503e+04
singulaer,handed,7.016601562e-01,2.983398438e-01,1.708141503e+04
singulaer,handed,7.021484375e-01,2.978515625e-01,1.708141503e+04
singulaer,handed,7.026367188e-01,2.973632812e-01,1.708141503e+04
singulaer,handed,7.031250000e-01,2.968750000e-01,1.708141503e+04
singulaer,handed,7.036132812e-01,2.963867188e-01,1.708141503e+04
singulaer,handed,7.041015625e-01,2.958984375e-01,1.708141503e+04
singulaer,handed,7.045898438e-01,2.954101562e-01,1.708141503e+04
singulaer,handed,7.050781250e-01,2.949218750e-01,1.708141503e+04
singulaer,handed,7.055664062e-01,2.944335938e-01,1.708141503e+04
singulaer,handed,7.060546875e-01,2.939453125e-01,1.708141503e+04
singulaer,handed,7.065429688e-01,2.934570312e-01,1.708141503e+04
singulaer,handed,7.070312500e-01,2.929687500e-01,1.708141503e+04
singulaer,handed,7.075195312e-01,2.924804688e-01,1.708141503e+04
singulaer,handed,7.080078125e-01,2.919921875e-01,1.708141503e+04
singulaer,handed,7.084960938e-01,2.915039062e-01,1.708141503e+04
singulaer,handed,7.089843750e-01,2.910156250e-01,1.708141503e+04
singulaer,handed,7.094726562e-01,2.905273438e-01,1.708141503e+04
singulaer,handed,7.099609375e-01,2.900390625e-01,1.708141503e+04
singulaer,handed,7.104492188e-01,2.895507812e-01,1.708141503e+04
singulaer,handed,7.109375000e-01,2.890625000e-01,1.708141503e+04
singulaer,handed,7.114257812e-01,2.885742188e-01,1.703378241e+04
singulaer,handed,7.119140625e-01,2.880859375e-01,1.699583726e+04
singulaer,handed,7.124023438e-01,2.875976562e-01,1.696769502e+04
singulaer,handed,7.128906250e-01,2.871093750e-01,1.694944174e+04
singulaer,handed,7.133789062e-01,2.866210938e-01,1.694113344e+04
singulaer,handed,7.138671875e-01,2.861328125e-01,1.694279567e+04
singulaer,handed,7.143554688e-01,2.856445312e-01,1.695442331e+04
singulaer,handed,7.148437500e-01,2.851562500e-01,1.697598063e+04
singulaer,handed,7.153320312e-01,2.846679688e-01,1.700740154e+04
singulaer,handed,7.158203125e-01,2.841796875e-01,1.704859010e+04
singulaer,handed,7.163085938e-01,2.836914062e-01,1.709942126e+04
singulaer,handed,7.167968750e-01,2.832031250e-01,1.715974180e+04
singulaer,handed,7.172851562e-01,2.827148438e-01,1.722937147e+04
singulaer,handed,7.177734375e-01,2.822265625e-01,1.730810429e+04
singulaer,handed,7.182617188e-01,2.817382812e-01,1.739571012e+04
singulaer,handed,7.187500000e-01,2.812500000e-01,1.749193619e+04
singulaer,handed,7.192382812e-01,2.807617188e-01,1.760105939e+04
singulaer,handed,7.197265625e-01,2.802734375e-01,1.769846830e+04
singulaer,handed,7.202148438e-01,2.797851562e-01,1.778447840e+04
singulaer,handed,7.207031250e-01,2.792968750e-01,1.785936455e+04
singulaer,handed,7.211914062e-01,2.788085938e-01,1.792336332e+04
singulaer,handed,7.216796875e-01,2.783203125e-01,1.797667481e+04
singulaer,handed,7.221679688e-01,2.778320312e-01,1.801946427e+04
singulaer,handed,7.226562500e-01,2.773437500e-01,1.805186340e+04
singulaer,handed,7.231445312e-01,2.768554688e-01,1.807397139e+04
singulaer,handed,7.236328125e-01,2.763671875e-01,1.808585561e+04
singulaer,handed,7.241210938e-01,2.758789062e-01,1.808755221e+04
singulaer,handed,7.246093750e-01,2.753906250e-01,1.807906635e+04
singulaer,handed,7.250976562e-01,2.749023438e-01,1.806037222e+04
singulaer,handed,7.255859375e-01,2.744140625e-01,1.803141290e+04
singulaer,handed,7.260742188e-01,2.739257812e-01,1.799209989e+04
singulaer,handed,7.265625000e-01,2.734375000e-01,1.794231243e+04
singulaer,handed,7.270507812e-01,2.729492188e-01,1.794231243e+04
singulaer,handed,7.275390625e-01,2.724609375e-01,1.794231243e+04
singulaer,handed,7.280273438e-01,2.719726562e-01,1.794231243e+04
singulaer,handed,7.285156250e-01,2.714843750e-01,1.794231243e+04
singulaer,handed,7.290039062e-01,2.709960938e-01,1.794231243e+04
singulaer,handed,7.294921875e-01,2.705078125e-01,1.794231243e+04
singulaer,handed,7.299804688e-01,2.700195312e-01,1.794231243e+04
singulaer,handed,7.304687500e-01,2.695312500e-01,1.794231243e+04
singulaer,handed,7.309570312e-01,2.690429688e-01,1.794231243e+04
singulaer,handed,7.314453125e-01,2.685546875e-01,1.794231243e+04
singulaer,handed,7.319335938e-01,2.680664062e-01,1.794231243e+04
singulaer,handed,7.324218750e-01,2.675781250e-01,1.794231243e+04
singulaer,handed,7.329101562e-01,2.670898438e-01,1.794231243e+04
singulaer,handed,7.333984375e-01,2.666015625e-01,1.794231243e+04
singulaer,handed,7.338867188e-01,2.661132812e-01,1.794231243e+04
singulaer,handed,7.343750000e-01,2.656250000e-01,1.794231243e+04
singulaer,handed,7.348632812e-01,2.651367188e-01,1.794231243e+04
singulaer,handed,7.353515625e-01,2.646484375e-01,1.794231243e+04
singulaer,handed,7.358398438e-01,2.641601562e-01,1.794231243e+04
singulaer,handed,7.363281250e-01,2.636718750e-01,1.794231243e+04
singulaer,handed,7.368164062e-01,2.631835938e-01,1.794231243e+04
singulaer,handed,7.373046875e-01,2.626953125e-01,1.794231243e+04
singulaer,handed,7.377929688e-01,2.622070312e-01,1.794231243e+04
singulaer,handed,7.382812500e-01,2.617187500e-01,1.794231243e+04
singulaer,handed,7.387695312e-01,2.612304688e-01,1.794231243e+04
singulaer,handed,7.392578125e-01,2.607421875e-01,1.794231243e+04
singulaer,handed,7.397460938e-01,2.602539062e-01,1.794231243e+04
singulaer,handed,7.402343750e-01,2.597656250e-01,1.794231243e+04
singulaer,handed,7.407226562e-01,2.592773438e-01,1.794231243e+04
singulaer,handed,7.412109375e-01,2.587890625e-01,1.794231243e+04
singulaer,handed,7.416992188e-01,2.583007812e-01,1.794231243e+04
singulaer,handed,7.421875000e-01,2.578125000e-01,1.794231243e+04
singulaer,handed,7.426757812e-01,2.573242188e-01,1.788594867e+04
singulaer,handed,7.431640625e-01,2.568359375e-01,1.784105641e+04
singulaer,handed,7.436523438e-01,2.563476562e-01,1.780776655e+04
singulaer,handed,7.441406250e-01,2.558593750e-01,1.778617664e+04
singulaer,handed,7.446289062e-01,2.553710938e-01,1.777635018e+04
singulaer,handed,7.451171875e-01,2.548828125e-01,1.777831612e+04
singulaer,handed,7.456054688e-01,2.543945312e-01,1.779206866e+04
singulaer,handed,7.460937500e-01,2.539062500e-01,1.781756729e+04
singulaer,handed,7.465820312e-01,2.534179688e-01,1.785473712e+04
singulaer,handed,7.470703125e-01,2.529296875e-01,1.790346939e+04
singulaer,handed,7.475585938e-01,2.524414062e-01,1.796362225e+04
singulaer,handed,7.480468750e-01,2.519531250e-01,1.803502185e+04
singulaer,handed,7.485351562e-01,2.514648438e-01,1.811746351e+04
singulaer,handed,7.490234375e-01,2.509765625e-01,1.821071321e+04
singulaer,handed,7.495117188e-01,2.504882812e-01,1.831450922e+04
singulaer,handed,7.500000000e-01,2.500000000e-01,1.842856388e+04
singulaer,handed,7.504882812e-01,2.495117188e-01,1.855829868e+04
singulaer,handed,7.509765625e-01,2.490234375e-01,1.867415571e+04
singulaer,handed,7.514648438e-01,2.485351563e-01,1.877649368e+04
singulaer,handed,7.519531250e-01,2.480468750e-01,1.886562545e+04
singulaer,handed,7.524414062e-01,2.475585938e-01,1.894182047e+04
singulaer,handed,7.529296875e-01,2.470703125e-01,1.900530684e+04
singulaer,handed,7.534179688e-01,2.465820312e-01,1.905627304e+04
singulaer,handed,7.539062500e-01,2.460937500e-01,1.909486938e+04
singulaer,handed,7.543945312e-01,2.456054688e-01,1.912120906e+04
singulaer,handed,7.548828125e-01,2.451171875e-01,1.913536904e+04
singulaer,handed,7.553710938e-01,2.446289062e-01,1.913739059e+04
singulaer,handed,7.558593750e-01,2.441406250e-01,1.912727959e+04
singulaer,handed,7.563476562e-01,2.436523438e-01,1.910500659e+04
singulaer,handed,7.568359375e-01,2.431640625e-01,1.907050658e+04
singulaer,handed,7.573242188e-01,2.426757812e-01,1.902367851e+04
singulaer,handed,7.578125000e-01,2.421875000e-01,1.896438456e+04
singulaer,handed,7.583007812e-01,2.416992188e-01,1.896438456e+04
singulaer,handed,7.587890625e-01,2.412109375e-01,1.896438456e+04
singulaer,handed,7.592773438e-01,2.407226562e-01,1.896438456e+04
singulaer,handed,7.597656250e-01,2.402343750e-01,1.896438456e+04
singulaer,handed,7.602539062e-01,2.397460938e-01,1.896438456e+04
singulaer,handed,7.607421875e-01,2.392578125e-01,1.896438456e+04
singulaer,handed,7.612304688e-01,2.387695312e-01,1.896438456e+04
singulaer,handed,7.617187500e-01,2.382812500e-01,1.896438456e+04
singulaer,handed,7.622070312e-01,2.377929688e-01,1.896438456e+04
singulaer,handed,7.626953125e-01,2.373046875e-01,1.896438456e+04
singulaer,handed,7.631835938e-01,2.368164062e-01,1.896438456e+04
singulaer,handed,7.636718750e-01,2.363281250e-01,1.896438456e+04
singulaer,handed,7.641601562e-01,2.358398437e-01,1.896438456e+04
singulaer,handed,7.646484375e-01,2.353515625e-01,1.896438456e+04
singulaer,handed,7.651367188e-01,2.348632812e-01,1.896438456e+04
singulaer,handed,7.656250000e-01,2.343750000e-01,1.896438456e+04
singulaer,handed,7.661132812e-01,2.338867188e-01,1.896438456e+04
singulaer,handed,7.666015625e-01,2.333984375e-01,1.896438456e+04
singulaer,handed,7.670898438e-01,2.329101563e-01,1.896438456e+04
singulaer,handed,7.675781250e-01,2.324218750e-01,1.896438456e+04
singulaer,handed,7.680664062e-01,2.319335938e-01,1.896438456e+04
singulaer,handed,7.685546875e-01,2.314453125e-01,1.896438456e+04
singulaer,handed,7.690429688e-01,2.309570312e-01,1.896438456e+04
singulaer,handed,7.695312500e-01,2.304687500e-01,1.896438456e+04
singulaer,handed,7.700195312e-01,2.299804688e-01,1.896438456e+04
singulaer,handed,7.705078125e-01,2.294921875e-01,1.896438456e+04
singulaer,handed,7.709960938e-01,2.290039062e-01,1.896438456e+04
singulaer,handed,7.714843750e-01,2.285156250e-01,1.896438456e+04
singulaer,handed,7.719726562e-01,2.280273438e-01,1.896438456e+04
singulaer,handed,7.724609375e-01,2.275390625e-01,1.896438456e+04
singulaer,handed,7.729492188e-01,2.270507812e-01,1.896438456e+04
singulaer,handed,7.734375000e-01,2.265625000e-01,1.896438456e+04
singulaer,handed,7.739257812e-01,2.260742188e-01,1.889616244e+04
singulaer,handed,7.744140625e-01,2.255859375e-01,1.884183454e+04
singulaer,handed,7.749023438e-01,2.250976562e-01,1.880155297e+04
singulaer,handed,7.753906250e-01,2.246093750e-01,1.877543105e+04
singulaer,handed,7.758789062e-01,2.241210938e-01,1.876354251e+04
singulaer,handed,7.763671875e-01,2.236328125e-01,1.876592097e+04
singulaer,handed,7.768554688e-01,2.231445312e-01,1.878255969e+04
singulaer,handed,7.773437500e-01,2.226562500e-01,1.881341166e+04
singulaer,handed,7.778320312e-01,2.221679688e-01,1.885838986e+04
singulaer,handed,7.783203125e-01,2.216796875e-01,1.891736796e+04
singulaer,handed,7.788085938e-01,2.211914062e-01,1.899018111e+04
singulaer,handed,7.792968750e-01,2.207031250e-01,1.907662717e+04
singulaer,handed,7.797851562e-01,2.202148437e-01,1.917646804e+04
singulaer,handed,7.802734375e-01,2.197265625e-01,1.928943130e+04
singulaer,handed,7.807617188e-01,2.192382812e-01,1.941521205e+04
singulaer,handed,7.812500000e-01,2.187500000e-01,1.955347488e+04
singulaer,handed,7.817382812e-01,2.182617188e-01,1.971155283e+04
singulaer,handed,7.822265625e-01,2.177734375e-01,1.985277617e+04
singulaer,handed,7.827148438e-01,2.172851563e-01,1.997756374e+04
singulaer,handed,7.832031250e-01,2.167968750e-01,2.008628115e+04
singulaer,handed,7.836914062e-01,2.163085938e-01,2.017924352e+04
singulaer,handed,7.841796875e-01,2.158203125e-01,2.025671778e+04
singulaer,handed,7.846679688e-01,2.153320312e-01,2.031892463e+04
singulaer,handed,7.851562500e-01,2.148437500e-01,2.036604013e+04
singulaer,handed,7.856445312e-01,2.143554688e-01,2.039819694e+04
singulaer,handed,7.861328125e-01,2.138671875e-01,2.041548526e+04
singulaer,handed,7.866210938e-01,2.133789062e-01,2.041795349e+04
singulaer,handed,7.871093750e-01,2.128906250e-01,2.040560852e+04
singulaer,handed,7.875976562e-01,2.124023438e-01,2.037841582e+04
singulaer,handed,7.880859375e-01,2.119140625e-01,2.033629918e+04
singulaer,handed,7.885742188e-01,2.114257812e-01,2.027914017e+04
singulaer,handed,7.890625000e-01,2.109375000e-01,2.020677734e+04
singulaer,handed,7.895507812e-01,2.104492188e-01,2.020677734e+04
singulaer,handed,7.900390625e-01,2.099609375e-01,2.020677734e+04
singulaer,handed,7.905273438e-01,2.094726562e-01,2.020677734e+04
singulaer,handed,7.910156250e-01,2.089843750e-01,2.020677734e+04
singulaer,handed,7.915039062e-01,2.084960938e-01,2.020677734e+04
singulaer,handed,7.919921875e-01,2.080078125e-01,2.020677734e+04
singulaer,handed,7.924804688e-01,2.075195312e-01,2.020677734e+04
singulaer,handed,7.929687500e-01,2.070312500e-01,2.020677734e+04
singulaer,handed,7.934570312e-01,2.065429688e-01,2.020677734e+04
singulaer,handed,7.939453125e-01,2.060546875e-01,2.020677734e+04
singulaer,handed,7.944335938e-01,2.055664062e-01,2.020677734e+04
singulaer,handed,7.949218750e-01,2.050781250e-01,2.020677734e+04
singulaer,handed,7.954101562e-01,2.045898437e-01,2.020677734e+04
singulaer,handed,7.958984375e-01,2.041015625e-01,2.020677734e+04
singulaer,handed,7.963867188e-01,2.036132812e-01,2.020677734e+04
singulaer,handed,7.968750000e-01,2.031250000e-01,2.020677734e+04
singulaer,handed,7.973632812e-01,2.026367188e-01,2.020677734e+04
singulaer,handed,7.978515625e-01,2.021484375e-01,2.020677734e+04
singulaer,handed,7.983398438e-01,2.016601563e-01,2.020677734e+04
singulaer,handed,7.988281250e-01,2.011718750e-01,2.020677734e+04
singulaer,handed,7.993164062e-01,2.006835938e-01,2.020677734e+04
singulaer,handed,7.998046875e-01,2.001953125e-01,2.020677734e+04
singulaer,handed,8.002929688e-01,1.997070312e-01,2.020677734e+04
singulaer,handed,8.007812500e-01,1.992187500e-01,2.020677734e+04
singulaer,handed,8.012695312e-01,1.987304688e-01,2.020677734e+04
singulaer,handed,8.017578125e-01,1.982421875e-01,2.020677734e+04
singulaer,handed,8.022460938e-01,1.977539062e-01,2.020677734e+04
singulaer,handed,8.027343750e-01,1.972656250e-01,2.020677734e+04
singulaer,handed,8.032226562e-01,1.967773438e-01,2.020677734e+04
singulaer,handed,8.037109375e-01,1.962890625e-01,2.020677734e+04
singulaer,handed,8.041992188e-01,1.958007812e-01,2.020677734e+04
singulaer,handed,8.046875000e-01,1.953125000e-01,2.020677734e+04
singulaer,handed,8.051757812e-01,1.948242188e-01,2.012170357e+04
singulaer,handed,8.056640625e-01,1.943359375e-01,2.005396667e+04
singulaer,handed,8.061523438e-01,1.938476562e-01,2.000374904e+04
singulaer,handed,8.066406250e-01,1.933593750e-01,1.997118652e+04
singulaer,handed,8.071289062e-01,1.928710938e-01,1.995636747e+04
singulaer,handed,8.076171875e-01,1.923828125e-01,1.995933218e+04
singulaer,handed,8.081054688e-01,1.918945312e-01,1.998007258e+04
singulaer,handed,8.085937500e-01,1.914062500e-01,2.001853231e+04
singulaer,handed,8.090820312e-01,1.909179688e-01,2.007460711e+04
singulaer,handed,8.095703125e-01,1.904296875e-01,2.014814550e+04
singulaer,handed,8.100585938e-01,1.899414062e-01,2.023894982e+04
singulaer,handed,8.105468750e-01,1.894531250e-01,2.034677754e+04
singulaer,handed,8.110351562e-01,1.889648438e-01,2.047134286e+04
singulaer,handed,8.115234375e-01,1.884765625e-01,2.061231860e+04
singulaer,handed,8.120117188e-01,1.879882812e-01,2.076933828e+04
singulaer,handed,8.125000000e-01,1.875000000e-01,2.094199850e+04
singulaer,handed,8.129882812e-01,1.870117188e-01,2.114101237e+04
singulaer,handed,8.134765625e-01,1.865234375e-01,2.131887088e+04
singulaer,handed,8.139648438e-01,1.860351562e-01,2.147608018e+04
singulaer,handed,8.144531250e-01,1.855468750e-01,2.161308247e+04
singulaer,handed,8.149414062e-01,1.850585938e-01,2.173025913e+04
singulaer,handed,8.154296875e-01,1.845703125e-01,2.182793342e+04
singulaer,handed,8.159179688e-01,1.840820312e-01,2.190637277e+04
singulaer,handed,8.164062500e-01,1.835937500e-01,2.196579057e+04
singulaer,handed,8.168945312e-01,1.831054688e-01,2.200634770e+04
singulaer,handed,8.173828125e-01,1.826171875e-01,2.202815354e+04
singulaer,handed,8.178710938e-01,1.821289062e-01,2.203126680e+04
singulaer,handed,8.183593750e-01,1.816406250e-01,2.201569585e+04
singulaer,handed,8.188476562e-01,1.811523438e-01,2.198139879e+04
singulaer,handed,8.193359375e-01,1.806640625e-01,2.192828319e+04
singulaer,handed,8.198242188e-01,1.801757812e-01,2.185620545e+04
singulaer,handed,8.203125000e-01,1.796875000e-01,2.176496982e+04
singulaer,handed,8.208007812e-01,1.791992188e-01,2.176496982e+04
singulaer,handed,8.212890625e-01,1.787109375e-01,2.176496982e+04
singulaer,handed,8.217773438e-01,1.782226562e-01,2.176496982e+04
singulaer,handed,8.222656250e-01,1.777343750e-01,2.176496982e+04
singulaer,handed,8.227539062e-01,1.772460938e-01,2.176496982e+04
singulaer,handed,8.232421875e-01,1.767578125e-01,2.176496982e+04
singulaer,handed,8.237304688e-01,1.762695312e-01,2.176496982e+04
singulaer,handed,8.242187500e-01,1.757812500e-01,2.176496982e+04
singulaer,handed,8.247070312e-01,1.752929688e-01,2.176496982e+04
singulaer,handed,8.251953125e-01,1.748046875e-01,2.176496982e+04
singulaer,handed,8.256835938e-01,1.743164062e-01,2.176496982e+04
singulaer,handed,8.261718750e-01,1.738281250e-01,2.176496982e+04
singulaer,handed,8.266601562e-01,1.733398438e-01,2.176496982e+04
singulaer,handed,8.271484375e-01,1.728515625e-01,2.176496982e+04
singulaer,handed,8.276367188e-01,1.723632812e-01,2.176496982e+04
singulaer,handed,8.281250000e-01,1.718750000e-01,2.176496982e+04
singulaer,handed,8.286132812e-01,1.713867188e-01,2.176496982e+04
singulaer,handed,8.291015625e-01,1.708984375e-01,2.176496982e+04
singulaer,handed,8.295898438e-01,1.704101562e-01,2.176496982e+04
singulaer,handed,8.300781250e-01,1.699218750e-01,2.176496982e+04
singulaer,handed,8.305664062e-01,1.694335938e-01,2.176496982e+04
singulaer,handed,8.310546875e-01,1.689453125e-01,2.176496982e+04
singulaer,handed,8.315429688e-01,1.684570312e-01,2.176496982e+04
singulaer,handed,8.320312500e-01,1.679687500e-01,2.176496982e+04
singulaer,handed,8.325195312e-01,1.674804688e-01,2.176496982e+04
singulaer,handed,8.330078125e-01,1.669921875e-01,2.176496982e+04
singulaer,handed,8.334960938e-01,1.665039062e-01,2.176496982e+04
singulaer,handed,8.339843750e-01,1.660156250e-01,2.176496982e+04
singulaer,handed,8.344726562e-01,1.655273438e-01,2.176496982e+04
singulaer,handed,8.349609375e-01,1.650390625e-01,2.176496982e+04
singulaer,handed,8.354492188e-01,1.645507812e-01,2.176496982e+04
singulaer,handed,8.359375000e-01,1.640625000e-01,2.176496982e+04
singulaer,handed,8.364257812e-01,1.635742188e-01,2.165442517e+04
singulaer,handed,8.369140625e-01,1.630859375e-01,2.156642079e+04
singulaer,handed,8.374023438e-01,1.625976562e-01,2.150118491e+04
singulaer,handed,8.378906250e-01,1.621093750e-01,2.145888747e+04
singulaer,handed,8.383789062e-01,1.616210938e-01,2.143963897e+04
singulaer,handed,8.388671875e-01,1.611328125e-01,2.144348979e+04
singulaer,handed,8.393554688e-01,1.606445312e-01,2.147042985e+04
singulaer,handed,8.398437500e-01,1.601562500e-01,2.152038867e+04
singulaer,handed,8.403320312e-01,1.596679688e-01,2.159323583e+04
singulaer,handed,8.408203125e-01,1.591796875e-01,2.168878183e+04
singulaer,handed,8.413085938e-01,1.586914062e-01,2.180677932e+04
singulaer,handed,8.417968750e-01,1.582031250e-01,2.194692466e+04
singulaer,handed,8.422851562e-01,1.577148438e-01,2.210885988e+04
singulaer,handed,8.427734375e-01,1.572265625e-01,2.229217497e+04
singulaer,handed,8.432617188e-01,1.567382812e-01,2.249641035e+04
singulaer,handed,8.437500000e-01,1.562500000e-01,2.272105978e+04
singulaer,handed,8.442382812e-01,1.557617188e-01,2.298334795e+04
singulaer,handed,8.447265625e-01,1.552734375e-01,2.321783255e+04
singulaer,handed,8.452148438e-01,1.547851562e-01,2.342515498e+04
singulaer,handed,8.457031250e-01,1.542968750e-01,2.360587597e+04
singulaer,handed,8.461914062e-01,1.538085938e-01,2.376047945e+04
singulaer,handed,8.466796875e-01,1.533203125e-01,2.388937585e+04
singulaer,handed,8.471679688e-01,1.528320312e-01,2.399290484e+04
singulaer,handed,8.476562500e-01,1.523437500e-01,2.407133759e+04
singulaer,handed,8.481445312e-01,1.518554688e-01,2.412487857e+04
singulaer,handed,8.486328125e-01,1.513671875e-01,2.415366687e+04
singulaer,handed,8.491210938e-01,1.508789062e-01,2.415777712e+04
singulaer,handed,8.496093750e-01,1.503906250e-01,2.413721996e+04
singulaer,handed,8.500976562e-01,1.499023438e-01,2.409194213e+04
singulaer,handed,8.505859375e-01,1.494140625e-01,2.402182611e+04
singulaer,handed,8.510742188e-01,1.489257812e-01,2.392668934e+04
singulaer,handed,8.515625000e-01,1.484375000e-01,2.380628306e+04
singulaer,handed,8.520507812e-01,1.479492188e-01,2.380628306e+04
singulaer,handed,8.525390625e-01,1.474609375e-01,2.380628306e+04
singulaer,handed,8.530273438e-01,1.469726562e-01,2.380628306e+04
singulaer,handed,8.535156250e-01,1.464843750e-01,2.380628306e+04
singulaer,handed,8.540039062e-01,1.459960938e-01,2.380628306e+04
singulaer,handed,8.544921875e-01,1.455078125e-01,2.380628306e+04
singulaer,handed,8.549804688e-01,1.450195312e-01,2.380628306e+04
singulaer,handed,8.554687500e-01,1.445312500e-01,2.380628306e+04
singulaer,handed,8.559570312e-01,1.440429688e-01,2.380628306e+04
singulaer,handed,8.564453125e-01,1.435546875e-01,2.380628306e+04
singulaer,handed,8.569335938e-01,1.430664062e-01,2.380628306e+04
singulaer,handed,8.574218750e-01,1.425781250e-01,2.380628306e+04
singulaer,handed,8.579101562e-01,1.420898438e-01,2.380628306e+04
singulaer,handed,8.583984375e-01,1.416015625e-01,2.380628306e+04
singulaer,handed,8.588867188e-01,1.411132812e-01,2.380628306e+04
singulaer,handed,8.593750000e-01,1.406250000e-01,2.380628306e+04
singulaer,handed,8.598632812e-01,1.401367188e-01,2.380628306e+04
singulaer,handed,8.603515625e-01,1.396484375e-01,2.380628306e+04
singulaer,handed,8.608398438e-01,1.391601562e-01,2.380628306e+04
singulaer,handed,8.613281250e-01,1.386718750e-01,2.380628306e+04
singulaer,handed,8.618164062e-01,1.381835938e-01,2.380628306e+04
singulaer,handed,8.623046875e-01,1.376953125e-01,2.380628306e+04
singulaer,handed,8.627929688e-01,1.372070312e-01,2.380628306e+04
singulaer,handed,8.632812500e-01,1.367187500e-01,2.380628306e+04
singulaer,handed,8.637695312e-01,1.362304688e-01,2.380628306e+04
singulaer,handed,8.642578125e-01,1.357421875e-01,2.380628306e+04
singulaer,handed,8.647460938e-01,1.352539062e-01,2.380628306e+04
singulaer,handed,8.652343750e-01,1.347656250e-01,2.380628306e+04
singulaer,handed,8.657226562e-01,1.342773438e-01,2.380628306e+04
singulaer,handed,8.662109375e-01,1.337890625e-01,2.380628306e+04
singulaer,handed,8.666992188e-01,1.333007812e-01,2.380628306e+04
singulaer,handed,8.671875000e-01,1.328125000e-01,2.380628306e+04
singulaer,handed,8.676757812e-01,1.323242188e-01,2.365363194e+04
singulaer,handed,8.681640625e-01,1.318359375e-01,2.353212306e+04
singulaer,handed,8.686523438e-01,1.313476562e-01,2.344206036e+04
singulaer,handed,8.691406250e-01,1.308593750e-01,2.338367003e+04
singulaer,handed,8.696289062e-01,1.303710938e-01,2.335709918e+04
singulaer,handed,8.701171875e-01,1.298828125e-01,2.336241484e+04
singulaer,handed,8.706054688e-01,1.293945312e-01,2.339960360e+04
singulaer,handed,8.710937500e-01,1.289062500e-01,2.346857166e+04
singulaer,handed,8.715820312e-01,1.284179688e-01,2.356914543e+04
singulaer,handed,8.720703125e-01,1.279296875e-01,2.370107261e+04
singulaer,handed,8.725585938e-01,1.274414062e-01,2.386402377e+04
singulaer,handed,8.730468750e-01,1.269531250e-01,2.405759443e+04
singulaer,handed,8.735351562e-01,1.264648438e-01,2.428130748e+04
singulaer,handed,8.740234375e-01,1.259765625e-01,2.453461614e+04
singulaer,handed,8.745117188e-01,1.254882812e-01,2.481690724e+04
singulaer,handed,8.750000000e-01,1.250000000e-01,2.512750483e+04
singulaer,handed,8.754882812e-01,1.245117188e-01,2.549793801e+04
singulaer,handed,8.759765625e-01,1.240234375e-01,2.582920594e+04
singulaer,handed,8.764648438e-01,1.235351562e-01,2.612218087e+04
singulaer,handed,8.769531250e-01,1.230468750e-01,2.637762585e+04
singulaer,handed,8.774414062e-01,1.225585938e-01,2.659619984e+04
singulaer,handed,8.779296875e-01,1.220703125e-01,2.677846197e+04
singulaer,handed,8.784179688e-01,1.215820312e-01,2.692487519e+04
singulaer,handed,8.789062500e-01,1.210937500e-01,2.703580923e+04
singulaer,handed,8.793945312e-01,1.206054688e-01,2.711154295e+04
singulaer,handed,8.798828125e-01,1.201171875e-01,2.715226609e+04
singulaer,handed,8.803710938e-01,1.196289062e-01,2.715808045e+04
singulaer,handed,8.808593750e-01,1.191406250e-01,2.712900057e+04
singulaer,handed,8.813476562e-01,1.186523438e-01,2.706495376e+04
singulaer,handed,8.818359375e-01,1.181640625e-01,2.696577971e+04
singulaer,handed,8.823242188e-01,1.176757812e-01,2.683122944e+04
singulaer,handed,8.828125000e-01,1.171875000e-01,2.666096372e+04
singulaer,handed,8.833007812e-01,1.166992188e-01,2.666096372e+04
singulaer,handed,8.837890625e-01,1.162109375e-01,2.666096372e+04
singulaer,handed,8.842773438e-01,1.157226562e-01,2.666096372e+04
singulaer,handed,8.847656250e-01,1.152343750e-01,2.666096372e+04
singulaer,handed,8.852539062e-01,1.147460938e-01,2.666096372e+04
singulaer,handed,8.857421875e-01,1.142578125e-01,2.666096372e+04
singulaer,handed,8.862304688e-01,1.137695312e-01,2.666096372e+04
singulaer,handed,8.867187500e-01,1.132812500e-01,2.666096372e+04
singulaer,handed,8.872070312e-01,1.127929688e-01,2.666096372e+04
singulaer,handed,8.876953125e-01,1.123046875e-01,2.666096372e+04
singulaer,handed,8.881835938e-01,1.118164062e-01,2.666096372e+04
singulaer,handed,8.886718750e-01,1.113281250e-01,2.666096372e+04
singulaer,handed,8.891601562e-01,1.108398438e-01,2.666096372e+04
singulaer,handed,8.896484375e-01,1.103515625e-01,2.666096372e+04
singulaer,handed,8.901367188e-01,1.098632812e-01,2.666096372e+04
singulaer,handed,8.906250000e-01,1.093750000e-01,2.666096372e+04
singulaer,handed,8.911132812e-01,1.088867188e-01,2.666096372e+04
singulaer,handed,8.916015625e-01,1.083984375e-01,2.666096372e+04
singulaer,handed,8.920898438e-01,1.079101562e-01,2.666096372e+04
singulaer,handed,8.925781250e-01,1.074218750e-01,2.666096372e+04
singulaer,handed,8.930664062e-01,1.069335938e-01,2.666096372e+04
singulaer,handed,8.935546875e-01,1.064453125e-01,2.666096372e+04
singulaer,handed,8.940429688e-01,1.059570312e-01,2.666096372e+04
singulaer,handed,8.945312500e-01,1.054687500e-01,2.666096372e+04
singulaer,handed,8.950195312e-01,1.049804688e-01,2.666096372e+04
singulaer,handed,8.955078125e-01,1.044921875e-01,2.666096372e+04
singulaer,handed,8.959960938e-01,1.040039062e-01,2.666096372e+04
singulaer,handed,8.964843750e-01,1.035156250e-01,2.666096372e+04
singulaer,handed,8.969726562e-01,1.030273438e-01,2.666096372e+04
singulaer,handed,8.974609375e-01,1.025390625e-01,2.666096372e+04
singulaer,handed,8.979492188e-01,1.020507812e-01,2.666096372e+04
singulaer,handed,8.984375000e-01,1.015625000e-01,2.666096372e+04
singulaer,handed,8.989257812e-01,1.010742188e-01,2.642789491e+04
singulaer,handed,8.994140625e-01,1.005859375e-01,2.624239759e+04
singulaer,handed,8.999023438e-01,1.000976562e-01,2.610491979e+04
singulaer,handed,9.003906250e-01,9.960937500e-02,2.601579490e+04
singulaer,handed,9.008789062e-01,9.912109375e-02,2.597523969e+04
singulaer,handed,9.013671875e-01,9.863281250e-02,2.598335293e+04
singulaer,handed,9.018554688e-01,9.814453125e-02,2.604011485e+04
singulaer,handed,9.023437500e-01,9.765625000e-02,2.614538725e+04
singulaer,handed,9.028320312e-01,9.716796875e-02,2.629891432e+04
singulaer,handed,9.033203125e-01,9.667968750e-02,2.650032417e+04
singulaer,handed,9.038085938e-01,9.619140625e-02,2.674913115e+04
singulaer,handed,9.042968750e-01,9.570312500e-02,2.704473869e+04
singulaer,handed,9.047851562e-01,9.521484375e-02,2.738644287e+04
singulaer,handed,9.052734375e-01,9.472656250e-02,2.777343657e+04
singulaer,handed,9.057617188e-01,9.423828125e-02,2.820481416e+04
singulaer,handed,9.062500000e-01,9.375000000e-02,2.867957668e+04
singulaer,handed,9.067382812e-01,9.326171875e-02,2.926842327e+04
singulaer,handed,9.072265625e-01,9.277343750e-02,2.979516318e+04
singulaer,handed,9.077148438e-01,9.228515625e-02,3.026113331e+04
singulaer,handed,9.082031250e-01,9.179687500e-02,3.066750399e+04
singulaer,handed,9.086914062e-01,9.130859375e-02,3.101528640e+04
singulaer,handed,9.091796875e-01,9.082031250e-02,3.130533899e+04
singulaer,handed,9.096679688e-01,9.033203125e-02,3.153837282e+04
singulaer,handed,9.101562500e-01,8.984375000e-02,3.171495595e+04
singulaer,handed,9.106445312e-01,8.935546875e-02,3.183551694e+04
singulaer,handed,9.111328125e-01,8.886718750e-02,3.190034745e+04
singulaer,handed,9.116210938e-01,8.837890625e-02,3.190960399e+04
singulaer,handed,9.121093750e-01,8.789062500e-02,3.186330889e+04
singulaer,handed,9.125976562e-01,8.740234375e-02,3.176135043e+04
singulaer,handed,9.130859375e-01,8.691406250e-02,3.160348216e+04
singulaer,handed,9.135742188e-01,8.642578125e-02,3.138932139e+04
singulaer,handed,9.140625000e-01,8.593750000e-02,3.111834692e+04
singulaer,handed,9.145507812e-01,8.544921875e-02,3.111834692e+04
singulaer,handed,9.150390625e-01,8.496093750e-02,3.111834692e+04
singulaer,handed,9.155273438e-01,8.447265625e-02,3.111834692e+04
singulaer,handed,9.160156250e-01,8.398437500e-02,3.111834692e+04
singulaer,handed,9.165039062e-01,8.349609375e-02,3.111834692e+04
singulaer,handed,9.169921875e-01,8.300781250e-02,3.111834692e+04
singulaer,handed,9.174804688e-01,8.251953125e-02,3.111834692e+04
singulaer,handed,9.179687500e-01,8.203125000e-02,3.111834692e+04
singulaer,handed,9.184570312e-01,8.154296875e-02,3.111834692e+04
singulaer,handed,9.189453125e-01,8.105468750e-02,3.111834692e+04
singulaer,handed,9.194335938e-01,8.056640625e-02,3.111834692e+04
singulaer,handed,9.199218750e-01,8.007812500e-02,3.111834692e+04
singulaer,handed,9.204101562e-01,7.958984375e-02,3.111834692e+04
singulaer,handed,9.208984375e-01,7.910156250e-02,3.111834692e+04
singulaer,handed,9.213867188e-01,7.861328125e-02,3.111834692e+04
singulaer,handed,9.218750000e-01,7.812500000e-02,3.111834692e+04
singulaer,handed,9.223632812e-01,7.763671875e-02,3.111834692e+04
singulaer,handed,9.228515625e-01,7.714843750e-02,3.111834692e+04
singulaer,handed,9.233398438e-01,7.666015625e-02,3.111834692e+04
singulaer,handed,9.238281250e-01,7.617187500e-02,3.111834692e+04
singulaer,handed,9.243164062e-01,7.568359375e-02,3.111834692e+04
singulaer,handed,9.248046875e-01,7.519531250e-02,3.111834692e+04
singulaer,handed,9.252929688e-01,7.470703125e-02,3.111834692e+04
singulaer,handed,9.257812500e-01,7.421875000e-02,3.111834692e+04
singulaer,handed,9.262695312e-01,7.373046875e-02,3.111834692e+04
singulaer,handed,9.267578125e-01,7.324218750e-02,3.111834692e+04
singulaer,handed,9.272460938e-01,7.275390625e-02,3.111834692e+04
singulaer,handed,9.277343750e-01,7.226562500e-02,3.111834692e+04
singulaer,handed,9.282226562e-01,7.177734375e-02,3.111834692e+04
singulaer,handed,9.287109375e-01,7.128906250e-02,3.111834692e+04
singulaer,handed,9.291992188e-01,7.080078125e-02,3.111834692e+04
singulaer,handed,9.296875000e-01,7.031250000e-02,3.111834692e+04
singulaer,handed,9.301757812e-01,6.982421875e-02,3.068083243e+04
singulaer,handed,9.306640625e-01,6.933593750e-02,3.033265947e+04
singulaer,handed,9.311523438e-01,6.884765625e-02,3.007464104e+04
singulaer,handed,9.316406250e-01,6.835937500e-02,2.990738200e+04
singulaer,handed,9.321289062e-01,6.787109375e-02,2.983127554e+04
singulaer,handed,9.326171875e-01,6.738281250e-02,2.984650081e+04
singulaer,handed,9.331054688e-01,6.689453125e-02,2.995302198e+04
singulaer,handed,9.335937500e-01,6.640625000e-02,3.015058835e+04
singulaer,handed,9.340820312e-01,6.591796875e-02,3.043873586e+04
singulaer,handed,9.345703125e-01,6.542968750e-02,3.081678982e+04
singulaer,handed,9.350585938e-01,6.494140625e-02,3.128386883e+04
singulaer,handed,9.355468750e-01,6.445312500e-02,3.183888991e+04
singulaer,handed,9.360351562e-01,6.396484375e-02,3.248057469e+04
singulaer,handed,9.365234375e-01,6.347656250e-02,3.320745672e+04
singulaer,handed,9.370117188e-01,6.298828125e-02,3.401788973e+04
singulaer,handed,9.375000000e-01,6.250000000e-02,3.491005674e+04
singulaer,handed,9.379882812e-01,6.201171875e-02,3.612446162e+04
singulaer,handed,9.384765625e-01,6.152343750e-02,3.721107158e+04
singulaer,handed,9.389648438e-01,6.103515625e-02,3.817254857e+04
singulaer,handed,9.394531250e-01,6.054687500e-02,3.901122415e+04
singulaer,handed,9.399414062e-01,6.005859375e-02,3.972911394e+04
singulaer,handed,9.404296875e-01,5.957031250e-02,4.032792986e+04
singulaer,handed,9.409179688e-01,5.908203125e-02,4.080909043e+04
singulaer,handed,9.414062500e-01,5.859375000e-02,4.117372928e+04
singulaer,handed,9.418945312e-01,5.810546875e-02,4.142270184e+04
singulaer,handed,9.423828125e-01,5.761718750e-02,4.155659038e+04
singulaer,handed,9.428710938e-01,5.712890625e-02,4.157570741e+04
singulaer,handed,9.433593750e-01,5.664062500e-02,4.148009751e+04
singulaer,handed,9.438476562e-01,5.615234375e-02,4.126953761e+04
singulaer,handed,9.443359375e-01,5.566406250e-02,4.094353565e+04
singulaer,handed,9.448242188e-01,5.517578125e-02,4.050132776e+04
singulaer,handed,9.453125000e-01,5.468750000e-02,3.994187368e+04
singulaer,handed,9.458007812e-01,5.419921875e-02,3.994187368e+04
singulaer,handed,9.462890625e-01,5.371093750e-02,3.994187368e+04
singulaer,handed,9.467773438e-01,5.322265625e-02,3.994187368e+04
singulaer,handed,9.472656250e-01,5.273437500e-02,3.994187368e+04
singulaer,handed,9.477539062e-01,5.224609375e-02,3.994187368e+04
singulaer,handed,9.482421875e-01,5.175781250e-02,3.994187368e+04
singulaer,handed,9.487304688e-01,5.126953125e-02,3.994187368e+04
singulaer,handed,9.492187500e-01,5.078125000e-02,3.994187368e+04
singulaer,handed,9.497070312e-01,5.029296875e-02,3.994187368e+04
singulaer,handed,9.501953125e-01,4.980468750e-02,3.994187368e+04
singulaer,handed,9.506835938e-01,4.931640625e-02,3.994187368e+04
singulaer,handed,9.511718750e-01,4.882812500e-02,3.994187368e+04
singulaer,handed,9.516601562e-01,4.833984375e-02,3.994187368e+04
singulaer,handed,9.521484375e-01,4.785156250e-02,3.994187368e+04
singulaer,handed,9.526367188e-01,4.736328125e-02,3.994187368e+04
singulaer,handed,9.531250000e-01,4.687500000e-02,3.994187368e+04
singulaer,handed,9.536132812e-01,4.638671875e-02,3.994187368e+04
singulaer,handed,9.541015625e-01,4.589843750e-02,3.994187368e+04
singulaer,handed,9.545898438e-01,4.541015625e-02,3.994187368e+04
singulaer,handed,9.550781250e-01,4.492187500e-02,3.994187368e+04
singulaer,handed,9.555664062e-01,4.443359375e-02,3.994187368e+04
singulaer,handed,9.560546875e-01,4.394531250e-02,3.994187368e+04
singulaer,handed,9.565429688e-01,4.345703125e-02,3.994187368e+04
singulaer,handed,9.570312500e-01,4.296875000e-02,3.994187368e+04
singulaer,handed,9.575195312e-01,4.248046875e-02,3.994187368e+04
singulaer,handed,9.580078125e-01,4.199218750e-02,3.994187368e+04
singulaer,handed,9.584960938e-01,4.150390625e-02,3.994187368e+04
singulaer,handed,9.589843750e-01,4.101562500e-02,3.994187368e+04
singulaer,handed,9.594726562e-01,4.052734375e-02,3.994187368e+04
singulaer,handed,9.599609375e-01,4.003906250e-02,3.994187368e+04
singulaer,handed,9.604492188e-01,3.955078125e-02,3.994187368e+04
singulaer,handed,9.609375000e-01,3.906250000e-02,3.994187368e+04
singulaer,handed,9.614257812e-01,3.857421875e-02,3.846997847e+04
singulaer,handed,9.619140625e-01,3.808593750e-02,3.729877619e+04
singulaer,handed,9.624023438e-01,3.759765625e-02,3.643091379e+04
singulaer,handed,9.628906250e-01,3.710937500e-02,3.586836010e+04
singulaer,handed,9.633789062e-01,3.662109375e-02,3.561239472e+04
singulaer,handed,9.638671875e-01,3.613281250e-02,3.566360076e+04
singulaer,handed,9.643554688e-01,3.564453125e-02,3.602186154e+04
singulaer,handed,9.648437500e-01,3.515625000e-02,3.668636121e+04
singulaer,handed,9.653320312e-01,3.466796875e-02,3.765558941e+04
singulaer,handed,9.658203125e-01,3.417968750e-02,3.892734986e+04
singulaer,handed,9.663085938e-01,3.369140625e-02,4.049877272e+04
singulaer,handed,9.667968750e-01,3.320312500e-02,4.236633071e+04
singulaer,handed,9.672851562e-01,3.271484375e-02,4.452585876e+04
singulaer,handed,9.677734375e-01,3.222656250e-02,4.697257699e+04
singulaer,handed,9.682617188e-01,3.173828125e-02,4.970111674e+04
singulaer,handed,9.687500000e-01,3.125000000e-02,5.270554957e+04
singulaer,handed,9.692382812e-01,3.076171875e-02,5.896908999e+04
singulaer,handed,9.697265625e-01,3.027343750e-02,6.457490292e+04
singulaer,handed,9.702148438e-01,2.978515625e-02,6.953625938e+04
singulaer,handed,9.707031250e-01,2.929687500e-02,7.386478975e+04
singulaer,handed,9.711914062e-01,2.880859375e-02,7.757055320e+04
singulaer,handed,9.716796875e-01,2.832031250e-02,8.066209683e+04
singulaer,handed,9.721679688e-01,2.783203125e-02,8.314650554e+04
singulaer,handed,9.726562500e-01,2.734375000e-02,8.502944290e+04
singulaer,handed,9.731445312e-01,2.685546875e-02,8.631518357e+04
singulaer,handed,9.736328125e-01,2.636718750e-02,8.700663768e+04
singulaer,handed,9.741210938e-01,2.587890625e-02,8.710536731e+04
singulaer,handed,9.746093750e-01,2.539062500e-02,8.661159535e+04
singulaer,handed,9.750976562e-01,2.490234375e-02,8.552420671e+04
singulaer,handed,9.755859375e-01,2.441406250e-02,8.384074208e+04
singulaer,handed,9.760742188e-01,2.392578125e-02,8.155738392e+04
singulaer,handed,9.765625000e-01,2.343750000e-02,7.866893486e+04
singulaer,handed,9.770507812e-01,2.294921875e-02,7.866893486e+04
singulaer,handed,9.775390625e-01,2.246093750e-02,7.866893486e+04
singulaer,handed,9.780273438e-01,2.197265625e-02,7.866893486e+04
singulaer,handed,9.785156250e-01,2.148437500e-02,7.866893486e+04
singulaer,handed,9.790039062e-01,2.099609375e-02,7.866893486e+04
singulaer,handed,9.794921875e-01,2.050781250e-02,7.866893486e+04
singulaer,handed,9.799804688e-01,2.001953125e-02,7.866893486e+04
singulaer,handed,9.804687500e-01,1.953125000e-02,7.866893486e+04
singulaer,handed,9.809570312e-01,1.904296875e-02,7.866893486e+04
singulaer,handed,9.814453125e-01,1.855468750e-02,7.866893486e+04
singulaer,handed,9.819335938e-01,1.806640625e-02,7.866893486e+04
singulaer,handed,9.824218750e-01,1.757812500e-02,7.866893486e+04
singulaer,handed,9.829101562e-01,1.708984375e-02,7.866893486e+04
singulaer,handed,9.833984375e-01,1.660156250e-02,7.866893486e+04
singulaer,handed,9.838867188e-01,1.611328125e-02,7.866893486e+04
singulaer,handed,9.843750000e-01,1.562500000e-02,7.866893486e+04
singulaer,handed,9.848632812e-01,1.513671875e-02,7.866893486e+04
singulaer,handed,9.853515625e-01,1.464843750e-02,7.866893486e+04
singulaer,handed,9.858398438e-01,1.416015625e-02,7.866893486e+04
singulaer,handed,9.863281250e-01,1.367187500e-02,7.866893486e+04
singulaer,handed,9.868164062e-01,1.318359375e-02,7.866893486e+04
singulaer,handed,9.873046875e-01,1.269531250e-02,7.866893486e+04
singulaer,handed,9.877929688e-01,1.220703125e-02,7.866893486e+04
singulaer,handed,9.882812500e-01,1.171875000e-02,7.866893486e+04
singulaer,handed,9.887695312e-01,1.123046875e-02,7.866893486e+04
singulaer,handed,9.892578125e-01,1.074218750e-02,7.866893486e+04
singulaer,handed,9.897460938e-01,1.025390625e-02,7.866893486e+04
singulaer,handed,9.902343750e-01,9.765625000e-03,7.866893486e+04
singulaer,handed,9.907226562e-01,9.277343750e-03,7.866893486e+04
singulaer,handed,9.912109375e-01,8.789062500e-03,7.866893486e+04
singulaer,handed,9.916992188e-01,8.300781250e-03,7.866893486e+04
singulaer,handed,9.921875000e-01,7.812500000e-03,7.866893486e+04
singulaer,handed,9.926757812e-01,7.324218750e-03,7.866893486e+04
singulaer,handed,9.931640625e-01,6.835937500e-03,7.866893486e+04
singulaer,handed,9.936523438e-01,6.347656250e-03,7.866893486e+04
singulaer,handed,9.941406250e-01,5.859375000e-03,7.866893486e+04
singulaer,handed,9.946289062e-01,5.371093750e-03,7.866893486e+04
singulaer,handed,9.951171875e-01,4.882812500e-03,7.866893486e+04
singulaer,handed,9.956054688e-01,4.394531250e-03,7.866893486e+04
singulaer,handed,9.960937500e-01,3.906250000e-03,7.866893486e+04
singulaer,handed,9.965820312e-01,3.417968750e-03,7.866893486e+04
singulaer,handed,9.970703125e-01,2.929687500e-03,7.866893486e+04
singulaer,handed,9.975585938e-01,2.441406250e-03,7.866893486e+04
singulaer,handed,9.980468750e-01,1.953125000e-03,7.866893486e+04
singulaer,handed,9.985351562e-01,1.464843750e-03,7.866893486e+04
singulaer,handed,9.990234375e-01,9.765625000e-04,7.866893486e+04
singulaer,handed,9.995117188e-01,4.882812500e-04,7.866893486e+04
singulaer,handed,1.000000000e+00,0.000000000e+00,7.866893486e+04
singulaer,cumulative,0.000000000e+00,nan,0.000000000e+00
singulaer,cumulative,7.812500000e-03,nan,1.935458657e-10
singulaer,cumulative,1.562500000e-02,nan,3.870917314e-10
singulaer,cumulative,2.343750000e-02,nan,5.806375971e-10
singulaer,cumulative,3.125000000e-02,nan,7.741834628e-10
singulaer,cumulative,3.906250000e-02,nan,1.362227951e-09
singulaer,cumulative,4.687500000e-02,nan,1.950272440e-09
singulaer,cumulative,5.468750000e-02,nan,2.538316929e-09
singulaer,cumulative,6.250000000e-02,nan,3.126361417e-09
singulaer,cumulative,7.031250000e-02,nan,4.120620702e-09
singulaer,cumulative,7.812500000e-02,nan,5.114879986e-09
singulaer,cumulative,8.593750000e-02,nan,6.109139271e-09
singulaer,cumulative,9.375000000e-02,nan,7.103398555e-09
singulaer,cumulative,1.015625000e-01,nan,8.516470271e-09
singulaer,cumulative,1.093750000e-01,nan,9.929541986e-09
singulaer,cumulative,1.171875000e-01,nan,1.134261370e-08
singulaer,cumulative,1.250000000e-01,nan,1.275568542e-08
singulaer,cumulative,1.328125000e-01,nan,1.460115211e-08
singulaer,cumulative,1.406250000e-01,nan,1.644661880e-08
singulaer,cumulative,1.484375000e-01,nan,1.829208549e-08
singulaer,cumulative,1.562500000e-01,nan,2.013755218e-08
singulaer,cumulative,1.640625000e-01,nan,2.243010139e-08
singulaer,cumulative,1.718750000e-01,nan,2.472265060e-08
singulaer,cumulative,1.796875000e-01,nan,2.701519981e-08
singulaer,cumulative,1.875000000e-01,nan,2.930774903e-08
singulaer,cumulative,1.953125000e-01,nan,3.206331350e-08
singulaer,cumulative,2.031250000e-01,nan,3.481887797e-08
singulaer,cumulative,2.109375000e-01,nan,3.757444245e-08
singulaer,cumulative,2.187500000e-01,nan,4.033000692e-08
singulaer,cumulative,2.265625000e-01,nan,4.356592922e-08
singulaer,cumulative,2.343750000e-01,nan,4.680185152e-08
singulaer,cumulative,2.421875000e-01,nan,5.003777382e-08
singulaer,cumulative,2.500000000e-01,nan,5.327369612e-08
singulaer,cumulative,2.578125000e-01,nan,5.700892318e-08
singulaer,cumulative,2.656250000e-01,nan,6.074415024e-08
singulaer,cumulative,2.734375000e-01,nan,6.447937730e-08
singulaer,cumulative,2.812500000e-01,nan,6.821460436e-08
singulaer,cumulative,2.890625000e-01,nan,7.246991903e-08
singulaer,cumulative,2.968750000e-01,nan,7.672523370e-08
singulaer,cumulative,3.046875000e-01,nan,8.098054837e-08
singulaer,cumulative,3.125000000e-01,nan,8.523586303e-08
singulaer,cumulative,3.203125000e-01,nan,9.003416164e-08
singulaer,cumulative,3.281250000e-01,nan,9.483246025e-08
singulaer,cumulative,3.359375000e-01,nan,9.963075886e-08
singulaer,cumulative,3.437500000e-01,nan,1.044290575e-07
singulaer,cumulative,3.515625000e-01,nan,1.097956854e-07
singulaer,cumulative,3.593750000e-01,nan,1.151623133e-07
singulaer,cumulative,3.671875000e-01,nan,1.205289413e-07
singulaer,cumulative,3.750000000e-01,nan,1.258955692e-07
singulaer,cumulative,3.828125000e-01,nan,1.318587301e-07
singulaer,cumulative,3.906250000e-01,nan,1.378218910e-07
singulaer,cumulative,3.984375000e-01,nan,1.437850519e-07
singulaer,cumulative,4.062500000e-01,nan,1.497482128e-07
singulaer,cumulative,4.140625000e-01,nan,1.563394727e-07
singulaer,cumulative,4.218750000e-01,nan,1.629307326e-07
singulaer,cumulative,4.296875000e-01,nan,1.695219925e-07
singulaer,cumulative,4.375000000e-01,nan,1.761132524e-07
singulaer,cumulative,4.453125000e-01,nan,1.833681670e-07
singulaer,cumulative,4.531250000e-01,nan,1.906230817e-07
singulaer,cumulative,4.609375000e-01,nan,1.978779963e-07
singulaer,cumulative,4.687500000e-01,nan,2.051329110e-07
singulaer,cumulative,4.765625000e-01,nan,2.130918167e-07
singulaer,cumulative,4.843750000e-01,nan,2.210507225e-07
singulaer,cumulative,4.921875000e-01,nan,2.290096282e-07
singulaer,cumulative,5.000000000e-01,nan,2.369685339e-07
singulaer,cumulative,5.078125000e-01,nan,2.456775570e-07
singulaer,cumulative,5.156250000e-01,nan,2.543865801e-07
singulaer,cumulative,5.234375000e-01,nan,2.630956032e-07
singulaer,cumulative,5.312500000e-01,nan,2.718046263e-07
singulaer,cumulative,5.390625000e-01,nan,2.813169916e-07
singulaer,cumulative,5.468750000e-01,nan,2.908293569e-07
singulaer,cumulative,5.546875000e-01,nan,3.003417222e-07
singulaer,cumulative,5.625000000e-01,nan,3.098540875e-07
singulaer,cumulative,5.703125000e-01,nan,3.202318431e-07
singulaer,cumulative,5.781250000e-01,nan,3.306095987e-07
singulaer,cumulative,5.859375000e-01,nan,3.409873544e-07
singulaer,cumulative,5.937500000e-01,nan,3.513651100e-07
singulaer,cumulative,6.015625000e-01,nan,3.626814452e-07
singulaer,cumulative,6.093750000e-01,nan,3.739977804e-07
singulaer,cumulative,6.171875000e-01,nan,3.853141157e-07
singulaer,cumulative,6.250000000e-01,nan,3.966304509e-07
singulaer,cumulative,6.328125000e-01,nan,4.089728804e-07
singulaer,cumulative,6.406250000e-01,nan,4.213153100e-07
singulaer,cumulative,6.484375000e-01,nan,4.336577395e-07
singulaer,cumulative,6.562500000e-01,nan,4.460001691e-07
singulaer,cumulative,6.640625000e-01,nan,4.594750219e-07
singulaer,cumulative,6.718750000e-01,nan,4.729498747e-07
singulaer,cumulative,6.796875000e-01,nan,4.864247276e-07
singulaer,cumulative,6.875000000e-01,nan,4.998995804e-07
singulaer,cumulative,6.953125000e-01,nan,5.146385218e-07
singulaer,cumulative,7.031250000e-01,nan,5.293774632e-07
singulaer,cumulative,7.109375000e-01,nan,5.441164046e-07
singulaer,cumulative,7.187500000e-01,nan,5.588553460e-07
singulaer,cumulative,7.265625000e-01,nan,5.750252040e-07
singulaer,cumulative,7.343750000e-01,nan,5.911950620e-07
singulaer,cumulative,7.421875000e-01,nan,6.073649200e-07
singulaer,cumulative,7.500000000e-01,nan,6.235347780e-07
singulaer,cumulative,7.578125000e-01,nan,6.413530164e-07
singulaer,cumulative,7.656250000e-01,nan,6.591712549e-07
singulaer,cumulative,7.734375000e-01,nan,6.769894933e-07
singulaer,cumulative,7.812500000e-01,nan,6.948077318e-07
singulaer,cumulative,7.890625000e-01,nan,7.145681970e-07
singulaer,cumulative,7.968750000e-01,nan,7.343286623e-07
singulaer,cumulative,8.046875000e-01,nan,7.540891275e-07
singulaer,cumulative,8.125000000e-01,nan,7.738495928e-07
singulaer,cumulative,8.203125000e-01,nan,7.959685104e-07
singulaer,cumulative,8.281250000e-01,nan,8.180874281e-07
singulaer,cumulative,8.359375000e-01,nan,8.402063458e-07
singulaer,cumulative,8.437500000e-01,nan,8.623252635e-07
singulaer,cumulative,8.515625000e-01,nan,8.874316503e-07
singulaer,cumulative,8.593750000e-01,nan,9.125380371e-07
singulaer,cumulative,8.671875000e-01,nan,9.376444240e-07
singulaer,cumulative,8.750000000e-01,nan,9.627508108e-07
singulaer,cumulative,8.828125000e-01,nan,9.918902127e-07
singulaer,cumulative,8.906250000e-01,nan,1.021029615e-06
singulaer,cumulative,8.984375000e-01,nan,1.050169016e-06
singulaer,cumulative,9.062500000e-01,nan,1.079308418e-06
singulaer,cumulative,9.140625000e-01,nan,1.114512941e-06
singulaer,cumulative,9.218750000e-01,nan,1.149717464e-06
singulaer,cumulative,9.296875000e-01,nan,1.184921987e-06
singulaer,cumulative,9.375000000e-01,nan,1.220126510e-06
singulaer,cumulative,9.453125000e-01,nan,1.266844936e-06
singulaer,cumulative,9.531250000e-01,nan,1.313563362e-06
singulaer,cumulative,9.609375000e-01,nan,1.360281788e-06
singulaer,cumulative,9.687500000e-01,nan,1.407000214e-06
singulaer,cumulative,9.765625000e-01,nan,1.502033064e-06
singulaer,cumulative,9.843750000e-01,nan,1.597065913e-06
singulaer,cumulative,9.921875000e-01,nan,1.692098763e-06
singulaer,cumulative,1.000000000e+00,nan,1.787131613e-06
glatt,node,0.000000000e+00,1.000000000e+00,1.000000000e+04
glatt,node,3.125000000e-02,9.687500000e-01,1.000976562e+04
glatt,node,6.250000000e-02,9.375000000e-01,1.003906250e+04
glatt,node,9.375000000e-02,9.062500000e-01,1.008789062e+04
glatt,node,1.250000000e-01,8.750000000e-01,1.015625000e+04
glatt,node,1.562500000e-01,8.437500000e-01,1.024414062e+04
glatt,node,1.875000000e-01,8.125000000e-01,1.035156250e+04
glatt,node,2.187500000e-01,7.812500000e-01,1.047851562e+04
glatt,node,2.500000000e-01,7.500000000e-01,1.062500000e+04
glatt,node,2.812500000e-01,7.187500000e-01,1.079101562e+04
glatt,node,3.125000000e-01,6.875000000e-01,1.097656250e+04
glatt,node,3.437500000e-01,6.562500000e-01,1.118164062e+04
glatt,node,3.750000000e-01,6.250000000e-01,1.140625000e+04
glatt,node,4.062500000e-01,5.937500000e-01,1.165039062e+04
glatt,node,4.375000000e-01,5.625000000e-01,1.191406250e+04
glatt,node,4.687500000e-01,5.312500000e-01,1.219726562e+04
glatt,node,5.000000000e-01,5.000000000e-01,1.250000000e+04
glatt,node,5.312500000e-01,4.687500000e-01,1.282226562e+04
glatt,node,5.625000000e-01,4.375000000e-01,1.316406250e+04
glatt,node,5.937500000e-01,4.062500000e-01,1.352539062e+04
glatt,node,6.250000000e-01,3.750000000e-01,1.390625000e+04
glatt,node,6.562500000e-01,3.437500000e-01,1.430664062e+04
glatt,node,6.875000000e-01,3.125000000e-01,1.472656250e+04
glatt,node,7.187500000e-01,2.812500000e-01,1.516601562e+04
glatt,node,7.500000000e-01,2.500000000e-01,1.562500000e+04
glatt,node,7.812500000e-01,2.187500000e-01,1.610351563e+04
glatt,node,8.125000000e-01,1.875000000e-01,1.660156250e+04
glatt,node,8.437500000e-01,1.562500000e-01,1.711914062e+04
glatt,node,8.750000000e-01,1.250000000e-01,1.765625000e+04
glatt,node,9.062500000e-01,9.375000000e-02,1.821289063e+04
glatt,node,9.375000000e-01,6.250000000e-02,1.878906250e+04
glatt,node,9.687500000e-01,3.125000000e-02,1.938476562e+04
glatt,node,1.000000000e+00,0.000000000e+00,1.984456380e+04
glatt,segment,0.000000000e+00,9.843750000e-01,1.000651042e+04
glatt,segment,3.125000000e-02,9.843750000e-01,1.000651042e+04
glatt,segment,3.125000000e-02,9.531250000e-01,1.002604167e+04
glatt,segment,6.250000000e-02,9.531250000e-01,1.002604167e+04
glatt,segment,6.250000000e-02,9.218750000e-01,1.006510417e+04
glatt,segment,9.375000000e-02,9.218750000e-01,1.006510417e+04
glatt,segment,9.375000000e-02,8.906250000e-01,1.012369792e+04
glatt,segment,1.250000000e-01,8.906250000e-01,1.012369792e+04
glatt,segment,1.250000000e-01,8.593750000e-01,1.020182292e+04
glatt,segment,1.562500000e-01,8.593750000e-01,1.020182292e+04
glatt,segment,1.562500000e-01,8.281250000e-01,1.029947917e+04
glatt,segment,1.875000000e-01,8.281250000e-01,1.029947917e+04
glatt,segment,1.875000000e-01,7.968750000e-01,1.041666667e+04
glatt,segment,2.187500000e-01,7.968750000e-01,1.041666667e+04
glatt,segment,2.187500000e-01,7.656250000e-01,1.055338542e+04
glatt,segment,2.500000000e-01,7.656250000e-01,1.055338542e+04
glatt,segment,2.500000000e-01,7.343750000e-01,1.070963542e+04
glatt,segment,2.812500000e-01,7.343750000e-01,1.070963542e+04
glatt,segment,2.812500000e-01,7.031250000e-01,1.088541667e+04
glatt,segment,3.125000000e-01,7.031250000e-01,1.088541667e+04
glatt,segment,3.125000000e-01,6.718750000e-01,1.108072917e+04
glatt,segment,3.437500000e-01,6.718750000e-01,1.108072917e+04
glatt,segment,3.437500000e-01,6.406250000e-01,1.129557292e+04
glatt,segment,3.750000000e-01,6.406250000e-01,1.129557292e+04
glatt,segment,3.750000000e-01,6.093750000e-01,1.152994792e+04
glatt,segment,4.062500000e-01,6.093750000e-01,1.152994792e+04
glatt,segment,4.062500000e-01,5.781250000e-01,1.178385417e+04
glatt,segment,4.375000000e-01,5.781250000e-01,1.178385417e+04
glatt,segment,4.375000000e-01,5.468750000e-01,1.205729167e+04
glatt,segment,4.687500000e-01,5.468750000e-01,1.205729167e+04
glatt,segment,4.687500000e-01,5.156250000e-01,1.235026042e+04
glatt,segment,5.000000000e-01,5.156250000e-01,1.235026042e+04
glatt,segment,5.000000000e-01,4.843750000e-01,1.266276042e+04
glatt,segment,5.312500000e-01,4.843750000e-01,1.266276042e+04
glatt,segment,5.312500000e-01,4.531250000e-01,1.299479167e+04
glatt,segment,5.625000000e-01,4.531250000e-01,1.299479167e+04
glatt,segment,5.625000000e-01,4.218750000e-01,1.334635417e+04
glatt,segment,5.937500000e-01,4.218750000e-01,1.334635417e+04
glatt,segment,5.937500000e-01,3.906250000e-01,1.371744792e+04
glatt,segment,6.250000000e-01,3.906250000e-01,1.371744792e+04
glatt,segment,6.250000000e-01,3.593750000e-01,1.410807292e+04
glatt,segment,6.562500000e-01,3.593750000e-01,1.410807292e+04
glatt,segment,6.562500000e-01,3.281250000e-01,1.451822917e+04
glatt,segment,6.875000000e-01,3.281250000e-01,1.451822917e+04
glatt,segment,6.875000000e-01,2.968750000e-01,1.494791667e+04
glatt,segment,7.187500000e-01,2.968750000e-01,1.494791667e+04
glatt,segment,7.187500000e-01,2.656250000e-01,1.539713542e+04
glatt,segment,7.500000000e-01,2.656250000e-01,1.539713542e+04
glatt,segment,7.500000000e-01,2.343750000e-01,1.586588542e+04
glatt,segment,7.812500000e-01,2.343750000e-01,1.586588542e+04
glatt,segment,7.812500000e-01,2.031250000e-01,1.635416667e+04
glatt,segment,8.125000000e-01,2.031250000e-01,1.635416667e+04
glatt,segment,8.125000000e-01,1.718750000e-01,1.686197917e+04
glatt,segment,8.437500000e-01,1.718750000e-01,1.686197917e+04
glatt,segment,8.437500000e-01,1.406250000e-01,1.738932292e+04
glatt,segment,8.750000000e-01,1.406250000e-01,1.738932292e+04
glatt,segment,8.750000000e-01,1.093750000e-01,1.793619792e+04
glatt,segment,9.062500000e-01,1.093750000e-01,1.793619792e+04
glatt,segment,9.062500000e-01,7.812500000e-02,1.850260417e+04
glatt,segment,9.375000000e-01,7.812500000e-02,1.850260417e+04
glatt,segment,9.375000000e-01,4.687500000e-02,1.908854167e+04
glatt,segment,9.687500000e-01,4.687500000e-02,1.908854167e+04
glatt,segment,9.687500000e-01,1.562500000e-02,1.961588111e+04
glatt,segment,1.000000000e+00,1.562500000e-02,1.961588111e+04
glatt,handed,0.000000000e+00,1.000000000e+00,1.000651042e+04
glatt,handed,4.882812500e-04,9.995117188e-01,1.000651042e+04
glatt,handed,9.765625000e-04,9.990234375e-01,1.000651042e+04
glatt,handed,1.464843750e-03,9.985351563e-01,1.000651042e+04
glatt,handed,1.953125000e-03,9.980468750e-01,1.000651042e+04
glatt,handed,2.441406250e-03,9.975585937e-01,1.000651042e+04
glatt,handed,2.929687500e-03,9.970703125e-01,1.000651042e+04
glatt,handed,3.417968750e-03,9.965820312e-01,1.000651042e+04
glatt,handed,3.906250000e-03,9.960937500e-01,1.000651042e+04
glatt,handed,4.394531250e-03,9.956054688e-01,1.000651042e+04
glatt,handed,4.882812500e-03,9.951171875e-01,1.000651042e+04
glatt,handed,5.371093750e-03,9.946289062e-01,1.000651042e+04
glatt,handed,5.859375000e-03,9.941406250e-01,1.000651042e+04
glatt,handed,6.347656250e-03,9.936523437e-01,1.000651042e+04
glatt,handed,6.835937500e-03,9.931640625e-01,1.000651042e+04
glatt,handed,7.324218750e-03,9.926757812e-01,1.000651042e+04
glatt,handed,7.812500000e-03,9.921875000e-01,1.000651042e+04
glatt,handed,8.300781250e-03,9.916992188e-01,1.000651042e+04
glatt,handed,8.789062500e-03,9.912109375e-01,1.000651042e+04
glatt,handed,9.277343750e-03,9.907226562e-01,1.000651042e+04
glatt,handed,9.765625000e-03,9.902343750e-01,1.000651042e+04
glatt,handed,1.025390625e-02,9.897460938e-01,1.000651042e+04
glatt,handed,1.074218750e-02,9.892578125e-01,1.000651042e+04
glatt,handed,1.123046875e-02,9.887695312e-01,1.000651042e+04
glatt,handed,1.171875000e-02,9.882812500e-01,1.000651042e+04
glatt,handed,1.220703125e-02,9.877929688e-01,1.000651042e+04
glatt,handed,1.269531250e-02,9.873046875e-01,1.000651042e+04
glatt,handed,1.318359375e-02,9.868164062e-01,1.000651042e+04
glatt,handed,1.367187500e-02,9.863281250e-01,1.000651042e+04
glatt,handed,1.416015625e-02,9.858398438e-01,1.000651042e+04
glatt,handed,1.464843750e-02,9.853515625e-01,1.000651042e+04
glatt,handed,1.513671875e-02,9.848632812e-01,1.000651042e+04
glatt,handed,1.562500000e-02,9.843750000e-01,1.000651042e+04
glatt,handed,1.611328125e-02,9.838867188e-01,1.000651042e+04
glatt,handed,1.660156250e-02,9.833984375e-01,1.000651042e+04
glatt,handed,1.708984375e-02,9.829101562e-01,1.000651042e+04
glatt,handed,1.757812500e-02,9.824218750e-01,1.000651042e+04
glatt,handed,1.806640625e-02,9.819335938e-01,1.000651042e+04
glatt,handed,1.855468750e-02,9.814453125e-01,1.000651042e+04
glatt,handed,1.904296875e-02,9.809570312e-01,1.000651042e+04
glatt,handed,1.953125000e-02,9.804687500e-01,1.000651042e+04
glatt,handed,2.001953125e-02,9.799804688e-01,1.000651042e+04
glatt,handed,2.050781250e-02,9.794921875e-01,1.000651042e+04
glatt,handed,2.099609375e-02,9.790039062e-01,1.000651042e+04
glatt,handed,2.148437500e-02,9.785156250e-01,1.000651042e+04
glatt,handed,2.197265625e-02,9.780273438e-01,1.000651042e+04
glatt,handed,2.246093750e-02,9.775390625e-01,1.000651042e+04
glatt,handed,2.294921875e-02,9.770507812e-01,1.000651042e+04
glatt,handed,2.343750000e-02,9.765625000e-01,1.000651042e+04
glatt,handed,2.392578125e-02,9.760742188e-01,1.000563219e+04
glatt,handed,2.441406250e-02,9.755859375e-01,1.000485693e+04
glatt,handed,2.490234375e-02,9.750976562e-01,1.000423217e+04
glatt,handed,2.539062500e-02,9.746093750e-01,1.000380171e+04
glatt,handed,2.587890625e-02,9.741210938e-01,1.000359871e+04
glatt,handed,2.636718750e-02,9.736328125e-01,1.000363969e+04
glatt,handed,2.685546875e-02,9.731445313e-01,1.000392127e+04
glatt,handed,2.734375000e-02,9.726562500e-01,1.000442084e+04
glatt,handed,2.783203125e-02,9.721679688e-01,1.000510096e+04
glatt,handed,2.832031250e-02,9.716796875e-01,1.000591582e+04
glatt,handed,2.880859375e-02,9.711914062e-01,1.000681806e+04
glatt,handed,2.929687500e-02,9.707031250e-01,1.000776416e+04
glatt,handed,2.978515625e-02,9.702148438e-01,1.000871781e+04
glatt,handed,3.027343750e-02,9.697265625e-01,1.000965119e+04
glatt,handed,3.076171875e-02,9.692382813e-01,1.001054474e+04
glatt,handed,3.125000000e-02,9.687500000e-01,1.001138609e+04
glatt,handed,3.173828125e-02,9.682617187e-01,1.001702641e+04
glatt,handed,3.222656250e-02,9.677734375e-01,1.002052613e+04
glatt,handed,3.271484375e-02,9.672851562e-01,1.002287383e+04
glatt,handed,3.320312500e-02,9.667968750e-01,1.002452557e+04
glatt,handed,3.369140625e-02,9.663085938e-01,1.002571989e+04
glatt,handed,3.417968750e-02,9.658203125e-01,1.002659263e+04
glatt,handed,3.466796875e-02,9.653320312e-01,1.002722569e+04
glatt,handed,3.515625000e-02,9.648437500e-01,1.002767006e+04
glatt,handed,3.564453125e-02,9.643554687e-01,1.002795759e+04
glatt,handed,3.613281250e-02,9.638671875e-01,1.002810722e+04
glatt,handed,3.662109375e-02,9.633789062e-01,1.002812831e+04
glatt,handed,3.710937500e-02,9.628906250e-01,1.002802215e+04
glatt,handed,3.759765625e-02,9.624023438e-01,1.002778217e+04
glatt,handed,3.808593750e-02,9.619140625e-01,1.002739289e+04
glatt,handed,3.857421875e-02,9.614257812e-01,1.002682727e+04
glatt,handed,3.906250000e-02,9.609375000e-01,1.002604167e+04
glatt,handed,3.955078125e-02,9.604492188e-01,1.002604167e+04
glatt,handed,4.003906250e-02,9.599609375e-01,1.002604167e+04
glatt,handed,4.052734375e-02,9.594726562e-01,1.002604167e+04
glatt,handed,4.101562500e-02,9.589843750e-01,1.002604167e+04
glatt,handed,4.150390625e-02,9.584960938e-01,1.002604167e+04
glatt,handed,4.199218750e-02,9.580078125e-01,1.002604167e+04
glatt,handed,4.248046875e-02,9.575195312e-01,1.002604167e+04
glatt,handed,4.296875000e-02,9.570312500e-01,1.002604167e+04
glatt,handed,4.345703125e-02,9.565429688e-01,1.002604167e+04
glatt,handed,4.394531250e-02,9.560546875e-01,1.002604167e+04
glatt,handed,4.443359375e-02,9.555664062e-01,1.002604167e+04
glatt,handed,4.492187500e-02,9.550781250e-01,1.002604167e+04
glatt,handed,4.541015625e-02,9.545898438e-01,1.002604167e+04
glatt,handed,4.589843750e-02,9.541015625e-01,1.002604167e+04
glatt,handed,4.638671875e-02,9.536132812e-01,1.002604167e+04
glatt,handed,4.687500000e-02,9.531250000e-01,1.002604167e+04
glatt,handed,4.736328125e-02,9.526367188e-01,1.002604167e+04
glatt,handed,4.785156250e-02,9.521484375e-01,1.002604167e+04
glatt,handed,4.833984375e-02,9.516601562e-01,1.002604167e+04
glatt,handed,4.882812500e-02,9.511718750e-01,1.002604167e+04
glatt,handed,4.931640625e-02,9.506835938e-01,1.002604167e+04
glatt,handed,4.980468750e-02,9.501953125e-01,1.002604167e+04
glatt,handed,5.029296875e-02,9.497070312e-01,1.002604167e+04
glatt,handed,5.078125000e-02,9.492187500e-01,1.002604167e+04
glatt,handed,5.126953125e-02,9.487304688e-01,1.002604167e+04
glatt,handed,5.175781250e-02,9.482421875e-01,1.002604167e+04
glatt,handed,5.224609375e-02,9.477539062e-01,1.002604167e+04
glatt,handed,5.273437500e-02,9.472656250e-01,1.002604167e+04
glatt,handed,5.322265625e-02,9.467773438e-01,1.002604167e+04
glatt,handed,5.371093750e-02,9.462890625e-01,1.002604167e+04
glatt,handed,5.419921875e-02,9.458007812e-01,1.002604167e+04
glatt,handed,5.468750000e-02,9.453125000e-01,1.002604167e+04
glatt,handed,5.517578125e-02,9.448242188e-01,1.002391216e+04
glatt,handed,5.566406250e-02,9.443359375e-01,1.002213288e+04
glatt,handed,5.615234375e-02,9.438476563e-01,1.002076268e+04
glatt,handed,5.664062500e-02,9.433593750e-01,1.001984978e+04
glatt,handed,5.712890625e-02,9.428710938e-01,1.001942775e+04
glatt,handed,5.761718750e-02,9.423828125e-01,1.001951252e+04
glatt,handed,5.810546875e-02,9.418945312e-01,1.002010085e+04
glatt,handed,5.859375000e-02,9.414062500e-01,1.002117072e+04
glatt,handed,5.908203125e-02,9.409179688e-01,1.002268325e+04
glatt,handed,5.957031250e-02,9.404296875e-01,1.002458620e+04
glatt,handed,6.005859375e-02,9.399414063e-01,1.002681820e+04
glatt,handed,6.054687500e-02,9.394531250e-01,1.002931320e+04
glatt,handed,6.103515625e-02,9.389648437e-01,1.003200476e+04
glatt,handed,6.152343750e-02,9.384765625e-01,1.003482947e+04
glatt,handed,6.201171875e-02,9.379882812e-01,1.003772955e+04
glatt,handed,6.250000000e-02,9.375000000e-01,1.004065452e+04
glatt,handed,6.298828125e-02,9.370117188e-01,1.004785080e+04
glatt,handed,6.347656250e-02,9.365234375e-01,1.005348782e+04
glatt,handed,6.396484375e-02,9.360351563e-01,1.005795009e+04
glatt,handed,6.445312500e-02,9.355468750e-01,1.006149684e+04
glatt,handed,6.494140625e-02,9.350585937e-01,1.006430768e+04
glatt,handed,6.542968750e-02,9.345703125e-01,1.006650932e+04
glatt,handed,6.591796875e-02,9.340820312e-01,1.006819182e+04
glatt,handed,6.640625000e-02,9.335937500e-01,1.006941881e+04
glatt,handed,6.689453125e-02,9.331054688e-01,1.007023393e+04
glatt,handed,6.738281250e-02,9.326171875e-01,1.007066492e+04
glatt,handed,6.787109375e-02,9.321289062e-01,1.007072604e+04
glatt,handed,6.835937500e-02,9.316406250e-01,1.007041931e+04
glatt,handed,6.884765625e-02,9.311523437e-01,1.006973461e+04
glatt,handed,6.933593750e-02,9.306640625e-01,1.006864891e+04
glatt,handed,6.982421875e-02,9.301757812e-01,1.006712422e+04
glatt,handed,7.031250000e-02,9.296875000e-01,1.006510417e+04
glatt,handed,7.080078125e-02,9.291992188e-01,1.006510417e+04
glatt,handed,7.128906250e-02,9.287109375e-01,1.006510417e+04
glatt,handed,7.177734375e-02,9.282226562e-01,1.006510417e+04
glatt,handed,7.226562500e-02,9.277343750e-01,1.006510417e+04
glatt,handed,7.275390625e-02,9.272460938e-01,1.006510417e+04
glatt,handed,7.324218750e-02,9.267578125e-01,1.006510417e+04
glatt,handed,7.373046875e-02,9.262695312e-01,1.006510417e+04
glatt,handed,7.421875000e-02,9.257812500e-01,1.006510417e+04
glatt,handed,7.470703125e-02,9.252929688e-01,1.006510417e+04
glatt,handed,7.519531250e-02,9.248046875e-01,1.006510417e+04
glatt,handed,7.568359375e-02,9.243164062e-01,1.006510417e+04
glatt,handed,7.617187500e-02,9.238281250e-01,1.006510417e+04
glatt,handed,7.666015625e-02,9.233398438e-01,1.006510417e+04
glatt,handed,7.714843750e-02,9.228515625e-01,1.006510417e+04
glatt,handed,7.763671875e-02,9.223632812e-01,1.006510417e+04
glatt,handed,7.812500000e-02,9.218750000e-01,1.006510417e+04
glatt,handed,7.861328125e-02,9.213867188e-01,1.006510417e+04
glatt,handed,7.910156250e-02,9.208984375e-01,1.006510417e+04
glatt,handed,7.958984375e-02,9.204101562e-01,1.006510417e+04
glatt,handed,8.007812500e-02,9.199218750e-01,1.006510417e+04
glatt,handed,8.056640625e-02,9.194335938e-01,1.006510417e+04
glatt,handed,8.105468750e-02,9.189453125e-01,1.006510417e+04
glatt,handed,8.154296875e-02,9.184570312e-01,1.006510417e+04
glatt,handed,8.203125000e-02,9.179687500e-01,1.006510417e+04
glatt,handed,8.251953125e-02,9.174804688e-01,1.006510417e+04
glatt,handed,8.300781250e-02,9.169921875e-01,1.006510417e+04
glatt,handed,8.349609375e-02,9.165039062e-01,1.006510417e+04
glatt,handed,8.398437500e-02,9.160156250e-01,1.006510417e+04
glatt,handed,8.447265625e-02,9.155273438e-01,1.006510417e+04
glatt,handed,8.496093750e-02,9.150390625e-01,1.006510417e+04
glatt,handed,8.544921875e-02,9.145507812e-01,1.006510417e+04
glatt,handed,8.593750000e-02,9.140625000e-01,1.006510417e+04
glatt,handed,8.642578125e-02,9.135742188e-01,1.006182661e+04
glatt,handed,8.691406250e-02,9.130859375e-01,1.005913608e+04
glatt,handed,8.740234375e-02,9.125976562e-01,1.005709320e+04
glatt,handed,8.789062500e-02,9.121093750e-01,1.005574592e+04
glatt,handed,8.837890625e-02,9.116210938e-01,1.005512677e+04
glatt,handed,8.886718750e-02,9.111328125e-01,1.005525094e+04
glatt,handed,8.935546875e-02,9.106445313e-01,1.005611538e+04
glatt,handed,8.984375000e-02,9.101562500e-01,1.005769895e+04
glatt,handed,9.033203125e-02,9.096679688e-01,1.005996372e+04
glatt,handed,9.082031250e-02,9.091796875e-01,1.006285720e+04
glatt,handed,9.130859375e-02,9.086914062e-01,1.006631523e+04
glatt,handed,9.179687500e-02,9.082031250e-01,1.007026538e+04
glatt,handed,9.228515625e-02,9.077148438e-01,1.007463037e+04
glatt,handed,9.277343750e-02,9.072265625e-01,1.007933138e+04
glatt,handed,9.326171875e-02,9.067382813e-01,1.008429100e+04
glatt,handed,9.375000000e-02,9.062500000e-01,1.008943560e+04
glatt,handed,9.423828125e-02,9.057617187e-01,1.009878684e+04
glatt,handed,9.472656250e-02,9.052734375e-01,1.010651767e+04
glatt,handed,9.521484375e-02,9.047851562e-01,1.011290944e+04
glatt,handed,9.570312500e-02,9.042968750e-01,1.011817174e+04
glatt,handed,9.619140625e-02,9.038085938e-01,1.012246223e+04
glatt,handed,9.667968750e-02,9.033203125e-01,1.012589986e+04
glatt,handed,9.716796875e-02,9.028320312e-01,1.012857396e+04
glatt,handed,9.765625000e-02,9.023437500e-01,1.013055038e+04
glatt,handed,9.814453125e-02,9.018554687e-01,1.013187584e+04
glatt,handed,9.863281250e-02,9.013671875e-01,1.013258074e+04
glatt,handed,9.912109375e-02,9.008789062e-01,1.013268094e+04
glatt,handed,9.960937500e-02,9.003906250e-01,1.013217869e+04
glatt,handed,1.000976562e-01,8.999023438e-01,1.013106271e+04
glatt,handed,1.005859375e-01,8.994140625e-01,1.012930762e+04
glatt,handed,1.010742188e-01,8.989257812e-01,1.012687238e+04
glatt,handed,1.015625000e-01,8.984375000e-01,1.012369792e+04
glatt,handed,1.020507812e-01,8.979492188e-01,1.012369792e+04
glatt,handed,1.025390625e-01,8.974609375e-01,1.012369792e+04
glatt,handed,1.030273438e-01,8.969726562e-01,1.012369792e+04
glatt,handed,1.035156250e-01,8.964843750e-01,1.012369792e+04
glatt,handed,1.040039062e-01,8.959960938e-01,1.012369792e+04
glatt,handed,1.044921875e-01,8.955078125e-01,1.012369792e+04
glatt,handed,1.049804688e-01,8.950195312e-01,1.012369792e+04
glatt,handed,1.054687500e-01,8.945312500e-01,1.012369792e+04
glatt,handed,1.059570312e-01,8.940429688e-01,1.012369792e+04
glatt,handed,1.064453125e-01,8.935546875e-01,1.012369792e+04
glatt,handed,1.069335938e-01,8.930664062e-01,1.012369792e+04
glatt,handed,1.074218750e-01,8.925781250e-01,1.012369792e+04
glatt,handed,1.079101562e-01,8.920898438e-01,1.012369792e+04
glatt,handed,1.083984375e-01,8.916015625e-01,1.012369792e+04
glatt,handed,1.088867188e-01,8.911132812e-01,1.012369792e+04
glatt,handed,1.093750000e-01,8.906250000e-01,1.012369792e+04
glatt,handed,1.098632812e-01,8.901367188e-01,1.012369792e+04
glatt,handed,1.103515625e-01,8.896484375e-01,1.012369792e+04
glatt,handed,1.108398438e-01,8.891601562e-01,1.012369792e+04
glatt,handed,1.113281250e-01,8.886718750e-01,1.012369792e+04
glatt,handed,1.118164062e-01,8.881835938e-01,1.012369792e+04
glatt,handed,1.123046875e-01,8.876953125e-01,1.012369792e+04
glatt,handed,1.127929688e-01,8.872070312e-01,1.012369792e+04
glatt,handed,1.132812500e-01,8.867187500e-01,1.012369792e+04
glatt,handed,1.137695312e-01,8.862304688e-01,1.012369792e+04
glatt,handed,1.142578125e-01,8.857421875e-01,1.012369792e+04
glatt,handed,1.147460938e-01,8.852539062e-01,1.012369792e+04
glatt,handed,1.152343750e-01,8.847656250e-01,1.012369792e+04
glatt,handed,1.157226562e-01,8.842773438e-01,1.012369792e+04
glatt,handed,1.162109375e-01,8.837890625e-01,1.012369792e+04
glatt,handed,1.166992188e-01,8.833007812e-01,1.012369792e+04
glatt,handed,1.171875000e-01,8.828125000e-01,1.012369792e+04
glatt,handed,1.176757812e-01,8.823242188e-01,1.011929854e+04
glatt,handed,1.181640625e-01,8.818359375e-01,1.011571848e+04
glatt,handed,1.186523438e-01,8.813476563e-01,1.011301886e+04
glatt,handed,1.191406250e-01,8.808593750e-01,1.011124720e+04
glatt,handed,1.196289062e-01,8.803710938e-01,1.011043533e+04
glatt,handed,1.201171875e-01,8.798828125e-01,1.011059804e+04
glatt,handed,1.206054688e-01,8.793945312e-01,1.011173234e+04
glatt,handed,1.210937500e-01,8.789062500e-01,1.011381767e+04
glatt,handed,1.215820312e-01,8.784179688e-01,1.011681677e+04
glatt,handed,1.220703125e-01,8.779296875e-01,1.012067733e+04
glatt,handed,1.225585938e-01,8.774414063e-01,1.012533423e+04
glatt,handed,1.230468750e-01,8.769531250e-01,1.013071214e+04
glatt,handed,1.235351562e-01,8.764648437e-01,1.013672839e+04
glatt,handed,1.240234375e-01,8.759765625e-01,1.014329585e+04
glatt,handed,1.245117188e-01,8.754882812e-01,1.015032569e+04
glatt,handed,1.250000000e-01,8.750000000e-01,1.015772988e+04
glatt,handed,1.254882812e-01,8.745117188e-01,1.016934208e+04
glatt,handed,1.259765625e-01,8.740234375e-01,1.017917555e+04
glatt,handed,1.264648438e-01,8.735351563e-01,1.018747071e+04
glatt,handed,1.269531250e-01,8.730468750e-01,1.019441529e+04
glatt,handed,1.274414062e-01,8.725585937e-01,1.020015617e+04
glatt,handed,1.279296875e-01,8.720703125e-01,1.020480794e+04
glatt,handed,1.284179688e-01,8.715820312e-01,1.020845899e+04
glatt,handed,1.289062500e-01,8.710937500e-01,1.021117599e+04
glatt,handed,1.293945312e-01,8.706054688e-01,1.021300699e+04
glatt,handed,1.298828125e-01,8.701171875e-01,1.021398366e+04
glatt,handed,1.303710938e-01,8.696289062e-01,1.021412266e+04
glatt,handed,1.308593750e-01,8.691406250e-01,1.021342635e+04
glatt,handed,1.313476562e-01,8.686523437e-01,1.021188288e+04
glatt,handed,1.318359375e-01,8.681640625e-01,1.020946571e+04
glatt,handed,1.323242188e-01,8.676757812e-01,1.020613244e+04
glatt,handed,1.328125000e-01,8.671875000e-01,1.020182292e+04
glatt,handed,1.333007812e-01,8.666992188e-01,1.020182292e+04
glatt,handed,1.337890625e-01,8.662109375e-01,1.020182292e+04
glatt,handed,1.342773438e-01,8.657226562e-01,1.020182292e+04
glatt,handed,1.347656250e-01,8.652343750e-01,1.020182292e+04
glatt,handed,1.352539062e-01,8.647460938e-01,1.020182292e+04
glatt,handed,1.357421875e-01,8.642578125e-01,1.020182292e+04
glatt,handed,1.362304688e-01,8.637695312e-01,1.020182292e+04
glatt,handed,1.367187500e-01,8.632812500e-01,1.020182292e+04
glatt,handed,1.372070312e-01,8.627929688e-01,1.020182292e+04
glatt,handed,1.376953125e-01,8.623046875e-01,1.020182292e+04
glatt,handed,1.381835938e-01,8.618164062e-01,1.020182292e+04
glatt,handed,1.386718750e-01,8.613281250e-01,1.020182292e+04
glatt,handed,1.391601562e-01,8.608398438e-01,1.020182292e+04
glatt,handed,1.396484375e-01,8.603515625e-01,1.020182292e+04
glatt,handed,1.401367188e-01,8.598632812e-01,1.020182292e+04
glatt,handed,1.406250000e-01,8.593750000e-01,1.020182292e+04
glatt,handed,1.411132812e-01,8.588867188e-01,1.020182292e+04
glatt,handed,1.416015625e-01,8.583984375e-01,1.020182292e+04
glatt,handed,1.420898438e-01,8.579101562e-01,1.020182292e+04
glatt,handed,1.425781250e-01,8.574218750e-01,1.020182292e+04
glatt,handed,1.430664062e-01,8.569335938e-01,1.020182292e+04
glatt,handed,1.435546875e-01,8.564453125e-01,1.020182292e+04
glatt,handed,1.440429688e-01,8.559570312e-01,1.020182292e+04
glatt,handed,1.445312500e-01,8.554687500e-01,1.020182292e+04
glatt,handed,1.450195312e-01,8.549804688e-01,1.020182292e+04
glatt,handed,1.455078125e-01,8.544921875e-01,1.020182292e+04
glatt,handed,1.459960938e-01,8.540039062e-01,1.020182292e+04
glatt,handed,1.464843750e-01,8.535156250e-01,1.020182292e+04
glatt,handed,1.469726562e-01,8.530273438e-01,1.020182292e+04
glatt,handed,1.474609375e-01,8.525390625e-01,1.020182292e+04
glatt,handed,1.479492188e-01,8.520507812e-01,1.020182292e+04
glatt,handed,1.484375000e-01,8.515625000e-01,1.020182292e+04
glatt,handed,1.489257812e-01,8.510742188e-01,1.019631318e+04
glatt,handed,1.494140625e-01,8.505859375e-01,1.019185279e+04
glatt,handed,1.499023438e-01,8.500976562e-01,1.018850304e+04
glatt,handed,1.503906250e-01,8.496093750e-01,1.018631109e+04
glatt,handed,1.508789062e-01,8.491210938e-01,1.018530830e+04
glatt,handed,1.513671875e-01,8.486328125e-01,1.018550918e+04
glatt,handed,1.518554688e-01,8.481445313e-01,1.018691082e+04
glatt,handed,1.523437500e-01,8.476562500e-01,1.018949300e+04
glatt,handed,1.528320312e-01,8.471679688e-01,1.019321894e+04
glatt,handed,1.533203125e-01,8.466796875e-01,1.019803656e+04
glatt,handed,1.538085938e-01,8.461914062e-01,1.020388030e+04
glatt,handed,1.542968750e-01,8.457031250e-01,1.021067322e+04
glatt,handed,1.547851562e-01,8.452148438e-01,1.021832947e+04
glatt,handed,1.552734375e-01,8.447265625e-01,1.022675675e+04
glatt,handed,1.557617188e-01,8.442382813e-01,1.023585886e+04
glatt,handed,1.562500000e-01,8.437500000e-01,1.024553808e+04
glatt,handed,1.567382812e-01,8.432617187e-01,1.025945100e+04
glatt,handed,1.572265625e-01,8.427734375e-01,1.027139414e+04
glatt,handed,1.577148438e-01,8.422851562e-01,1.028158619e+04
glatt,handed,1.582031250e-01,8.417968750e-01,1.029020267e+04
glatt,handed,1.586914062e-01,8.413085938e-01,1.029738416e+04
glatt,handed,1.591796875e-01,8.408203125e-01,1.030324250e+04
glatt,handed,1.596679688e-01,8.403320312e-01,1.030786540e+04
glatt,handed,1.601562500e-01,8.398437500e-01,1.031131989e+04
glatt,handed,1.606445312e-01,8.393554687e-01,1.031365481e+04
glatt,handed,1.611328125e-01,8.388671875e-01,1.031490256e+04
glatt,handed,1.616210938e-01,8.383789062e-01,1.031508028e+04
glatt,handed,1.621093750e-01,8.378906250e-01,1.031419037e+04
glatt,handed,1.625976562e-01,8.374023438e-01,1.031222067e+04
glatt,handed,1.630859375e-01,8.369140625e-01,1.030914396e+04
glatt,handed,1.635742188e-01,8.364257812e-01,1.030491703e+04
glatt,handed,1.640625000e-01,8.359375000e-01,1.029947917e+04
glatt,handed,1.645507812e-01,8.354492188e-01,1.029947917e+04
glatt,handed,1.650390625e-01,8.349609375e-01,1.029947917e+04
glatt,handed,1.655273438e-01,8.344726562e-01,1.029947917e+04
glatt,handed,1.660156250e-01,8.339843750e-01,1.029947917e+04
glatt,handed,1.665039062e-01,8.334960938e-01,1.029947917e+04
glatt,handed,1.669921875e-01,8.330078125e-01,1.029947917e+04
glatt,handed,1.674804688e-01,8.325195312e-01,1.029947917e+04
glatt,handed,1.679687500e-01,8.320312500e-01,1.029947917e+04
glatt,handed,1.684570312e-01,8.315429688e-01,1.029947917e+04
glatt,handed,1.689453125e-01,8.310546875e-01,1.029947917e+04
glatt,handed,1.694335938e-01,8.305664062e-01,1.029947917e+04
glatt,handed,1.699218750e-01,8.300781250e-01,1.029947917e+04
glatt,handed,1.704101562e-01,8.295898438e-01,1.029947917e+04
glatt,handed,1.708984375e-01,8.291015625e-01,1.029947917e+04
glatt,handed,1.713867188e-01,8.286132812e-01,1.029947917e+04
glatt,handed,1.718750000e-01,8.281250000e-01,1.029947917e+04
glatt,handed,1.723632812e-01,8.276367188e-01,1.029947917e+04
glatt,handed,1.728515625e-01,8.271484375e-01,1.029947917e+04
glatt,handed,1.733398438e-01,8.266601562e-01,1.029947917e+04
glatt,handed,1.738281250e-01,8.261718750e-01,1.029947917e+04
glatt,handed,1.743164062e-01,8.256835938e-01,1.029947917e+04
glatt,handed,1.748046875e-01,8.251953125e-01,1.029947917e+04
glatt,handed,1.752929688e-01,8.247070312e-01,1.029947917e+04
glatt,handed,1.757812500e-01,8.242187500e-01,1.029947917e+04
glatt,handed,1.762695312e-01,8.237304688e-01,1.029947917e+04
glatt,handed,1.767578125e-01,8.232421875e-01,1.029947917e+04
glatt,handed,1.772460938e-01,8.227539062e-01,1.029947917e+04
glatt,handed,1.777343750e-01,8.222656250e-01,1.029947917e+04
glatt,handed,1.782226562e-01,8.217773438e-01,1.029947917e+04
glatt,handed,1.787109375e-01,8.212890625e-01,1.029947917e+04
glatt,handed,1.791992188e-01,8.208007812e-01,1.029947917e+04
glatt,handed,1.796875000e-01,8.203125000e-01,1.029947917e+04
glatt,handed,1.801757812e-01,8.198242188e-01,1.029286563e+04
glatt,handed,1.806640625e-01,8.193359375e-01,1.028753010e+04
glatt,handed,1.811523438e-01,8.188476563e-01,1.028353391e+04
glatt,handed,1.816406250e-01,8.183593750e-01,1.028092395e+04
glatt,handed,1.821289062e-01,8.178710938e-01,1.027973124e+04
glatt,handed,1.826171875e-01,8.173828125e-01,1.027997010e+04
glatt,handed,1.831054688e-01,8.168945312e-01,1.028163766e+04
glatt,handed,1.835937500e-01,8.164062500e-01,1.028471395e+04
glatt,handed,1.840820312e-01,8.159179688e-01,1.028916254e+04
glatt,handed,1.845703125e-01,8.154296875e-01,1.029493156e+04
glatt,handed,1.850585938e-01,8.149414063e-01,1.030195520e+04
glatt,handed,1.855468750e-01,8.144531250e-01,1.031015555e+04
glatt,handed,1.860351562e-01,8.139648437e-01,1.031944465e+04
glatt,handed,1.865234375e-01,8.134765625e-01,1.032972672e+04
glatt,handed,1.870117188e-01,8.129882812e-01,1.034090041e+04
glatt,handed,1.875000000e-01,8.125000000e-01,1.035286111e+04
glatt,handed,1.879882812e-01,8.120117188e-01,1.036909526e+04
glatt,handed,1.884765625e-01,8.115234375e-01,1.038315351e+04
glatt,handed,1.889648438e-01,8.110351563e-01,1.039524118e+04
glatt,handed,1.894531250e-01,8.105468750e-01,1.040552601e+04
glatt,handed,1.899414062e-01,8.100585937e-01,1.041414446e+04
glatt,handed,1.904296875e-01,8.095703125e-01,1.042120652e+04
glatt,handed,1.909179688e-01,8.090820312e-01,1.042679941e+04
glatt,handed,1.914062500e-01,8.085937500e-01,1.043099036e+04
glatt,handed,1.918945312e-01,8.081054688e-01,1.043382872e+04
glatt,handed,1.923828125e-01,8.076171875e-01,1.043534738e+04
glatt,handed,1.928710938e-01,8.071289062e-01,1.043556378e+04
glatt,handed,1.933593750e-01,8.066406250e-01,1.043448040e+04
glatt,handed,1.938476562e-01,8.061523437e-01,1.043208482e+04
glatt,handed,1.943359375e-01,8.056640625e-01,1.042834937e+04
glatt,handed,1.948242188e-01,8.051757812e-01,1.042323035e+04
glatt,handed,1.953125000e-01,8.046875000e-01,1.041666667e+04
glatt,handed,1.958007812e-01,8.041992188e-01,1.041666667e+04
glatt,handed,1.962890625e-01,8.037109375e-01,1.041666667e+04
glatt,handed,1.967773438e-01,8.032226562e-01,1.041666667e+04
glatt,handed,1.972656250e-01,8.027343750e-01,1.041666667e+04
glatt,handed,1.977539062e-01,8.022460938e-01,1.041666667e+04
glatt,handed,1.982421875e-01,8.017578125e-01,1.041666667e+04
glatt,handed,1.987304688e-01,8.012695312e-01,1.041666667e+04
glatt,handed,1.992187500e-01,8.007812500e-01,1.041666667e+04
glatt,handed,1.997070312e-01,8.002929688e-01,1.041666667e+04
glatt,handed,2.001953125e-01,7.998046875e-01,1.041666667e+04
glatt,handed,2.006835938e-01,7.993164062e-01,1.041666667e+04
glatt,handed,2.011718750e-01,7.988281250e-01,1.041666667e+04
glatt,handed,2.016601562e-01,7.983398438e-01,1.041666667e+04
glatt,handed,2.021484375e-01,7.978515625e-01,1.041666667e+04
glatt,handed,2.026367188e-01,7.973632812e-01,1.041666667e+04
glatt,handed,2.031250000e-01,7.968750000e-01,1.041666667e+04
glatt,handed,2.036132812e-01,7.963867188e-01,1.041666667e+04
glatt,handed,2.041015625e-01,7.958984375e-01,1.041666667e+04
glatt,handed,2.045898438e-01,7.954101562e-01,1.041666667e+04
glatt,handed,2.050781250e-01,7.949218750e-01,1.041666667e+04
glatt,handed,2.055664062e-01,7.944335938e-01,1.041666667e+04
glatt,handed,2.060546875e-01,7.939453125e-01,1.041666667e+04
glatt,handed,2.065429688e-01,7.934570312e-01,1.041666667e+04
glatt,handed,2.070312500e-01,7.929687500e-01,1.041666667e+04
glatt,handed,2.075195312e-01,7.924804688e-01,1.041666667e+04
glatt,handed,2.080078125e-01,7.919921875e-01,1.041666667e+04
glatt,handed,2.084960938e-01,7.915039062e-01,1.041666667e+04
glatt,handed,2.089843750e-01,7.910156250e-01,1.041666667e+04
glatt,handed,2.094726562e-01,7.905273438e-01,1.041666667e+04
glatt,handed,2.099609375e-01,7.900390625e-01,1.041666667e+04
glatt,handed,2.104492188e-01,7.895507812e-01,1.041666667e+04
glatt,handed,2.109375000e-01,7.890625000e-01,1.041666667e+04
glatt,handed,2.114257812e-01,7.885742188e-01,1.040895372e+04
glatt,handed,2.119140625e-01,7.880859375e-01,1.040274650e+04
glatt,handed,2.124023438e-01,7.875976562e-01,1.039810635e+04
glatt,handed,2.128906250e-01,7.871093750e-01,1.039507990e+04
glatt,handed,2.133789062e-01,7.866210938e-01,1.039369795e+04
glatt,handed,2.138671875e-01,7.861328125e-01,1.039397466e+04
glatt,handed,2.143554688e-01,7.856445313e-01,1.039590718e+04
glatt,handed,2.148437500e-01,7.851562500e-01,1.039947575e+04
glatt,handed,2.153320312e-01,7.846679688e-01,1.040464420e+04
glatt,handed,2.158203125e-01,7.841796875e-01,1.041136083e+04
glatt,handed,2.163085938e-01,7.836914062e-01,1.041955971e+04
glatt,handed,2.167968750e-01,7.832031250e-01,1.042916227e+04
glatt,handed,2.172851562e-01,7.827148438e-01,1.044007906e+04
glatt,handed,2.177734375e-01,7.822265625e-01,1.045221179e+04
glatt,handed,2.182617188e-01,7.817382813e-01,1.046545539e+04
glatt,handed,2.187500000e-01,7.812500000e-01,1.047970003e+04
glatt,handed,2.192382812e-01,7.807617187e-01,1.049826814e+04
glatt,handed,2.197265625e-01,7.802734375e-01,1.051444598e+04
glatt,handed,2.202148438e-01,7.797851562e-01,1.052842984e+04
glatt,handed,2.207031250e-01,7.792968750e-01,1.054038211e+04
glatt,handed,2.211914062e-01,7.788085938e-01,1.055043635e+04
glatt,handed,2.216796875e-01,7.783203125e-01,1.055870123e+04
glatt,handed,2.221679688e-01,7.778320312e-01,1.056526361e+04
glatt,handed,2.226562500e-01,7.773437500e-01,1.057019086e+04
glatt,handed,2.231445312e-01,7.768554687e-01,1.057353267e+04
glatt,handed,2.236328125e-01,7.763671875e-01,1.057532229e+04
glatt,handed,2.241210938e-01,7.758789062e-01,1.057557739e+04
glatt,handed,2.246093750e-01,7.753906250e-01,1.057430048e+04
glatt,handed,2.250976562e-01,7.749023438e-01,1.057147898e+04
glatt,handed,2.255859375e-01,7.744140625e-01,1.056708490e+04
glatt,handed,2.260742188e-01,7.739257812e-01,1.056107415e+04
glatt,handed,2.265625000e-01,7.734375000e-01,1.055338542e+04
glatt,handed,2.270507812e-01,7.729492188e-01,1.055338542e+04
glatt,handed,2.275390625e-01,7.724609375e-01,1.055338542e+04
glatt,handed,2.280273438e-01,7.719726562e-01,1.055338542e+04
glatt,handed,2.285156250e-01,7.714843750e-01,1.055338542e+04
glatt,handed,2.290039062e-01,7.709960938e-01,1.055338542e+04
glatt,handed,2.294921875e-01,7.705078125e-01,1.055338542e+04
glatt,handed,2.299804688e-01,7.700195312e-01,1.055338542e+04
glatt,handed,2.304687500e-01,7.695312500e-01,1.055338542e+04
glatt,handed,2.309570312e-01,7.690429688e-01,1.055338542e+04
glatt,handed,2.314453125e-01,7.685546875e-01,1.055338542e+04
glatt,handed,2.319335938e-01,7.680664062e-01,1.055338542e+04
glatt,handed,2.324218750e-01,7.675781250e-01,1.055338542e+04
glatt,handed,2.329101562e-01,7.670898438e-01,1.055338542e+04
glatt,handed,2.333984375e-01,7.666015625e-01,1.055338542e+04
glatt,handed,2.338867188e-01,7.661132812e-01,1.055338542e+04
glatt,handed,2.343750000e-01,7.656250000e-01,1.055338542e+04
glatt,handed,2.348632812e-01,7.651367188e-01,1.055338542e+04
glatt,handed,2.353515625e-01,7.646484375e-01,1.055338542e+04
glatt,handed,2.358398438e-01,7.641601562e-01,1.055338542e+04
glatt,handed,2.363281250e-01,7.636718750e-01,1.055338542e+04
glatt,handed,2.368164062e-01,7.631835938e-01,1.055338542e+04
glatt,handed,2.373046875e-01,7.626953125e-01,1.055338542e+04
glatt,handed,2.377929688e-01,7.622070312e-01,1.055338542e+04
glatt,handed,2.382812500e-01,7.617187500e-01,1.055338542e+04
glatt,handed,2.387695312e-01,7.612304688e-01,1.055338542e+04
glatt,handed,2.392578125e-01,7.607421875e-01,1.055338542e+04
glatt,handed,2.397460938e-01,7.602539062e-01,1.055338542e+04
glatt,handed,2.402343750e-01,7.597656250e-01,1.055338542e+04
glatt,handed,2.407226562e-01,7.592773438e-01,1.055338542e+04
glatt,handed,2.412109375e-01,7.587890625e-01,1.055338542e+04
glatt,handed,2.416992188e-01,7.583007812e-01,1.055338542e+04
glatt,handed,2.421875000e-01,7.578125000e-01,1.055338542e+04
glatt,handed,2.426757812e-01,7.573242188e-01,1.054457632e+04
glatt,handed,2.431640625e-01,7.568359375e-01,1.053749996e+04
glatt,handed,2.436523438e-01,7.563476562e-01,1.053221765e+04
glatt,handed,2.441406250e-01,7.558593750e-01,1.052877585e+04
glatt,handed,2.446289062e-01,7.553710938e-01,1.052720516e+04
glatt,handed,2.451171875e-01,7.548828125e-01,1.052751961e+04
glatt,handed,2.456054688e-01,7.543945312e-01,1.052971639e+04
glatt,handed,2.460937500e-01,7.539062500e-01,1.053377589e+04
glatt,handed,2.465820312e-01,7.534179688e-01,1.053966214e+04
glatt,handed,2.470703125e-01,7.529296875e-01,1.054732359e+04
glatt,handed,2.475585938e-01,7.524414062e-01,1.055669426e+04
glatt,handed,2.480468750e-01,7.519531250e-01,1.056769507e+04
glatt,handed,2.485351562e-01,7.514648438e-01,1.058023553e+04
glatt,handed,2.490234375e-01,7.509765625e-01,1.059421545e+04
glatt,handed,2.495117188e-01,7.504882812e-01,1.060952688e+04
glatt,handed,2.500000000e-01,7.500000000e-01,1.062605601e+04
glatt,handed,2.504882812e-01,7.495117188e-01,1.064696693e+04
glatt,handed,2.509765625e-01,7.490234375e-01,1.066526819e+04
glatt,handed,2.514648438e-01,7.485351562e-01,1.068114955e+04
glatt,handed,2.519531250e-01,7.480468750e-01,1.069476951e+04
glatt,handed,2.524414062e-01,7.475585938e-01,1.070625950e+04
glatt,handed,2.529296875e-01,7.470703125e-01,1.071572721e+04
glatt,handed,2.534179688e-01,7.465820312e-01,1.072325920e+04
glatt,handed,2.539062500e-01,7.460937500e-01,1.072892297e+04
glatt,handed,2.543945312e-01,7.456054688e-01,1.073276847e+04
glatt,handed,2.548828125e-01,7.451171875e-01,1.073482921e+04
glatt,handed,2.553710938e-01,7.446289062e-01,1.073512304e+04
glatt,handed,2.558593750e-01,7.441406250e-01,1.073365249e+04
glatt,handed,2.563476562e-01,7.436523438e-01,1.073040485e+04
glatt,handed,2.568359375e-01,7.431640625e-01,1.072535189e+04
glatt,handed,2.573242188e-01,7.426757812e-01,1.071844924e+04
glatt,handed,2.578125000e-01,7.421875000e-01,1.070963542e+04
glatt,handed,2.583007812e-01,7.416992188e-01,1.070963542e+04
glatt,handed,2.587890625e-01,7.412109375e-01,1.070963542e+04
glatt,handed,2.592773438e-01,7.407226562e-01,1.070963542e+04
glatt,handed,2.597656250e-01,7.402343750e-01,1.070963542e+04
glatt,handed,2.602539062e-01,7.397460938e-01,1.070963542e+04
glatt,handed,2.607421875e-01,7.392578125e-01,1.070963542e+04
glatt,handed,2.612304688e-01,7.387695312e-01,1.070963542e+04
glatt,handed,2.617187500e-01,7.382812500e-01,1.070963542e+04
glatt,handed,2.622070312e-01,7.377929688e-01,1.070963542e+04
glatt,handed,2.626953125e-01,7.373046875e-01,1.070963542e+04
glatt,handed,2.631835938e-01,7.368164062e-01,1.070963542e+04
glatt,handed,2.636718750e-01,7.363281250e-01,1.070963542e+04
glatt,handed,2.641601562e-01,7.358398438e-01,1.070963542e+04
glatt,handed,2.646484375e-01,7.353515625e-01,1.070963542e+04
glatt,handed,2.651367188e-01,7.348632812e-01,1.070963542e+04
glatt,handed,2.656250000e-01,7.343750000e-01,1.070963542e+04
glatt,handed,2.661132812e-01,7.338867188e-01,1.070963542e+04
glatt,handed,2.666015625e-01,7.333984375e-01,1.070963542e+04
glatt,handed,2.670898438e-01,7.329101562e-01,1.070963542e+04
glatt,handed,2.675781250e-01,7.324218750e-01,1.070963542e+04
glatt,handed,2.680664062e-01,7.319335938e-01,1.070963542e+04
glatt,handed,2.685546875e-01,7.314453125e-01,1.070963542e+04
glatt,handed,2.690429688e-01,7.309570312e-01,1.070963542e+04
glatt,handed,2.695312500e-01,7.304687500e-01,1.070963542e+04
glatt,handed,2.700195312e-01,7.299804688e-01,1.070963542e+04
glatt,handed,2.705078125e-01,7.294921875e-01,1.070963542e+04
glatt,handed,2.709960938e-01,7.290039062e-01,1.070963542e+04
glatt,handed,2.714843750e-01,7.285156250e-01,1.070963542e+04
glatt,handed,2.719726562e-01,7.280273438e-01,1.070963542e+04
glatt,handed,2.724609375e-01,7.275390625e-01,1.070963542e+04
glatt,handed,2.729492188e-01,7.270507812e-01,1.070963542e+04
glatt,handed,2.734375000e-01,7.265625000e-01,1.070963542e+04
glatt,handed,2.739257812e-01,7.260742188e-01,1.069973271e+04
glatt,handed,2.744140625e-01,7.255859375e-01,1.069178920e+04
glatt,handed,2.749023438e-01,7.250976562e-01,1.068586616e+04
glatt,handed,2.753906250e-01,7.246093750e-01,1.068200991e+04
glatt,handed,2.758789062e-01,7.241210938e-01,1.068025087e+04
glatt,handed,2.763671875e-01,7.236328125e-01,1.068060299e+04
glatt,handed,2.768554688e-01,7.231445312e-01,1.068306347e+04
glatt,handed,2.773437500e-01,7.226562500e-01,1.068761283e+04
glatt,handed,2.778320312e-01,7.221679688e-01,1.069421526e+04
glatt,handed,2.783203125e-01,7.216796875e-01,1.070281936e+04
glatt,handed,2.788085938e-01,7.211914062e-01,1.071335909e+04
glatt,handed,2.792968750e-01,7.207031250e-01,1.072575504e+04
glatt,handed,2.797851562e-01,7.202148438e-01,1.073991589e+04
glatt,handed,2.802734375e-01,7.197265625e-01,1.075573999e+04
glatt,handed,2.807617188e-01,7.192382812e-01,1.077311713e+04
glatt,handed,2.812500000e-01,7.187500000e-01,1.079193034e+04
glatt,handed,2.817382812e-01,7.182617188e-01,1.081519070e+04
glatt,handed,2.822265625e-01,7.177734375e-01,1.083561867e+04
glatt,handed,2.827148438e-01,7.172851562e-01,1.085339910e+04
glatt,handed,2.832031250e-01,7.167968750e-01,1.086868753e+04
glatt,handed,2.836914062e-01,7.163085938e-01,1.088161376e+04
glatt,handed,2.841796875e-01,7.158203125e-01,1.089228472e+04
glatt,handed,2.846679688e-01,7.153320312e-01,1.090078676e+04
glatt,handed,2.851562500e-01,7.148437500e-01,1.090718746e+04
glatt,handed,2.856445312e-01,7.143554688e-01,1.091153697e+04
glatt,handed,2.861328125e-01,7.138671875e-01,1.091386903e+04
glatt,handed,2.866210938e-01,7.133789062e-01,1.091420161e+04
glatt,handed,2.871093750e-01,7.128906250e-01,1.091253727e+04
glatt,handed,2.875976562e-01,7.124023438e-01,1.090886321e+04
glatt,handed,2.880859375e-01,7.119140625e-01,1.090315098e+04
glatt,handed,2.885742188e-01,7.114257812e-01,1.089535602e+04
glatt,handed,2.890625000e-01,7.109375000e-01,1.088541667e+04
glatt,handed,2.895507812e-01,7.104492188e-01,1.088541667e+04
glatt,handed,2.900390625e-01,7.099609375e-01,1.088541667e+04
glatt,handed,2.905273438e-01,7.094726562e-01,1.088541667e+04
glatt,handed,2.910156250e-01,7.089843750e-01,1.088541667e+04
glatt,handed,2.915039062e-01,7.084960938e-01,1.088541667e+04
glatt,handed,2.919921875e-01,7.080078125e-01,1.088541667e+04
glatt,handed,2.924804688e-01,7.075195312e-01,1.088541667e+04
glatt,handed,2.929687500e-01,7.070312500e-01,1.088541667e+04
glatt,handed,2.934570312e-01,7.065429688e-01,1.088541667e+04
glatt,handed,2.939453125e-01,7.060546875e-01,1.088541667e+04
glatt,handed,2.944335938e-01,7.055664062e-01,1.088541667e+04
glatt,handed,2.949218750e-01,7.050781250e-01,1.088541667e+04
glatt,handed,2.954101562e-01,7.045898438e-01,1.088541667e+04
glatt,handed,2.958984375e-01,7.041015625e-01,1.088541667e+04
glatt,handed,2.963867188e-01,7.036132812e-01,1.088541667e+04
glatt,handed,2.968750000e-01,7.031250000e-01,1.088541667e+04
glatt,handed,2.973632812e-01,7.026367188e-01,1.088541667e+04
glatt,handed,2.978515625e-01,7.021484375e-01,1.088541667e+04
glatt,handed,2.983398438e-01,7.016601562e-01,1.088541667e+04
glatt,handed,2.988281250e-01,7.011718750e-01,1.088541667e+04
glatt,handed,2.993164062e-01,7.006835938e-01,1.088541667e+04
glatt,handed,2.998046875e-01,7.001953125e-01,1.088541667e+04
glatt,handed,3.002929688e-01,6.997070312e-01,1.088541667e+04
glatt,handed,3.007812500e-01,6.992187500e-01,1.088541667e+04
glatt,handed,3.012695312e-01,6.987304688e-01,1.088541667e+04
glatt,handed,3.017578125e-01,6.982421875e-01,1.088541667e+04
glatt,handed,3.022460938e-01,6.977539062e-01,1.088541667e+04
glatt,handed,3.027343750e-01,6.972656250e-01,1.088541667e+04
glatt,handed,3.032226562e-01,6.967773438e-01,1.088541667e+04
glatt,handed,3.037109375e-01,6.962890625e-01,1.088541667e+04
glatt,handed,3.041992188e-01,6.958007812e-01,1.088541667e+04
glatt,handed,3.046875000e-01,6.953125000e-01,1.088541667e+04
glatt,handed,3.051757812e-01,6.948242188e-01,1.087442241e+04
glatt,handed,3.056640625e-01,6.943359375e-01,1.086561335e+04
glatt,handed,3.061523438e-01,6.938476562e-01,1.085905075e+04
glatt,handed,3.066406250e-01,6.933593750e-01,1.085478077e+04
glatt,handed,3.071289062e-01,6.928710938e-01,1.085283371e+04
glatt,handed,3.076171875e-01,6.923828125e-01,1.085322343e+04
glatt,handed,3.081054688e-01,6.918945312e-01,1.085594716e+04
glatt,handed,3.085937500e-01,6.914062500e-01,1.086098551e+04
glatt,handed,3.090820312e-01,6.909179688e-01,1.086830282e+04
glatt,handed,3.095703125e-01,6.904296875e-01,1.087784780e+04
glatt,handed,3.100585938e-01,6.899414062e-01,1.088955439e+04
glatt,handed,3.105468750e-01,6.894531250e-01,1.090334293e+04
glatt,handed,3.110351562e-01,6.889648438e-01,1.091912144e+04
glatt,handed,3.115234375e-01,6.884765625e-01,1.093678712e+04
glatt,handed,3.120117188e-01,6.879882812e-01,1.095622795e+04
glatt,handed,3.125000000e-01,6.875000000e-01,1.097732435e+04
glatt,handed,3.129882812e-01,6.870117188e-01,1.100293935e+04
glatt,handed,3.134765625e-01,6.865234375e-01,1.102549687e+04
glatt,handed,3.139648438e-01,6.860351562e-01,1.104517798e+04
glatt,handed,3.144531250e-01,6.855468750e-01,1.106213587e+04
glatt,handed,3.149414062e-01,6.850585938e-01,1.107649906e+04
glatt,handed,3.154296875e-01,6.845703125e-01,1.108837388e+04
glatt,handed,3.159179688e-01,6.840820312e-01,1.109784652e+04
glatt,handed,3.164062500e-01,6.835937500e-01,1.110498462e+04
glatt,handed,3.168945312e-01,6.831054688e-01,1.110983851e+04
glatt,handed,3.173828125e-01,6.826171875e-01,1.111244210e+04
glatt,handed,3.178710938e-01,6.821289062e-01,1.111281347e+04
glatt,handed,3.183593750e-01,6.816406250e-01,1.111095519e+04
glatt,handed,3.188476562e-01,6.811523438e-01,1.110685438e+04
glatt,handed,3.193359375e-01,6.806640625e-01,1.110048245e+04
glatt,handed,3.198242188e-01,6.801757812e-01,1.109179463e+04
glatt,handed,3.203125000e-01,6.796875000e-01,1.108072917e+04
glatt,handed,3.208007812e-01,6.791992188e-01,1.108072917e+04
glatt,handed,3.212890625e-01,6.787109375e-01,1.108072917e+04
glatt,handed,3.217773438e-01,6.782226562e-01,1.108072917e+04
glatt,handed,3.222656250e-01,6.777343750e-01,1.108072917e+04
glatt,handed,3.227539062e-01,6.772460938e-01,1.108072917e+04
glatt,handed,3.232421875e-01,6.767578125e-01,1.108072917e+04
glatt,handed,3.237304688e-01,6.762695312e-01,1.108072917e+04
glatt,handed,3.242187500e-01,6.757812500e-01,1.108072917e+04
glatt,handed,3.247070312e-01,6.752929688e-01,1.108072917e+04
glatt,handed,3.251953125e-01,6.748046875e-01,1.108072917e+04
glatt,handed,3.256835938e-01,6.743164062e-01,1.108072917e+04
glatt,handed,3.261718750e-01,6.738281250e-01,1.108072917e+04
glatt,handed,3.266601562e-01,6.733398438e-01,1.108072917e+04
glatt,handed,3.271484375e-01,6.728515625e-01,1.108072917e+04
glatt,handed,3.276367188e-01,6.723632812e-01,1.108072917e+04
glatt,handed,3.281250000e-01,6.718750000e-01,1.108072917e+04
glatt,handed,3.286132812e-01,6.713867188e-01,1.108072917e+04
glatt,handed,3.291015625e-01,6.708984375e-01,1.108072917e+04
glatt,handed,3.295898438e-01,6.704101562e-01,1.108072917e+04
glatt,handed,3.300781250e-01,6.699218750e-01,1.108072917e+04
glatt,handed,3.305664062e-01,6.694335938e-01,1.108072917e+04
glatt,handed,3.310546875e-01,6.689453125e-01,1.108072917e+04
glatt,handed,3.315429688e-01,6.684570312e-01,1.108072917e+04
glatt,handed,3.320312500e-01,6.679687500e-01,1.108072917e+04
glatt,handed,3.325195312e-01,6.674804688e-01,1.108072917e+04
glatt,handed,3.330078125e-01,6.669921875e-01,1.108072917e+04
glatt,handed,3.334960938e-01,6.665039062e-01,1.108072917e+04
glatt,handed,3.339843750e-01,6.660156250e-01,1.108072917e+04
glatt,handed,3.344726562e-01,6.655273438e-01,1.108072917e+04
glatt,handed,3.349609375e-01,6.650390625e-01,1.108072917e+04
glatt,handed,3.354492188e-01,6.645507812e-01,1.108072917e+04
glatt,handed,3.359375000e-01,6.640625000e-01,1.108072917e+04
glatt,handed,3.364257812e-01,6.635742188e-01,1.106864505e+04
glatt,handed,3.369140625e-01,6.630859375e-01,1.105897177e+04
glatt,handed,3.374023438e-01,6.625976562e-01,1.105177056e+04
glatt,handed,3.378906250e-01,6.621093750e-01,1.104708744e+04
glatt,handed,3.383789062e-01,6.616210938e-01,1.104495262e+04
glatt,handed,3.388671875e-01,6.611328125e-01,1.104537989e+04
glatt,handed,3.393554688e-01,6.606445312e-01,1.104836650e+04
glatt,handed,3.398437500e-01,6.601562500e-01,1.105389313e+04
glatt,handed,3.403320312e-01,6.596679688e-01,1.106192424e+04
glatt,handed,3.408203125e-01,6.591796875e-01,1.107240865e+04
glatt,handed,3.413085938e-01,6.586914062e-01,1.108528031e+04
glatt,handed,3.417968750e-01,6.582031250e-01,1.110045933e+04
glatt,handed,3.422851562e-01,6.577148438e-01,1.111785322e+04
glatt,handed,3.427734375e-01,6.572265625e-01,1.113735823e+04
glatt,handed,3.432617188e-01,6.567382812e-01,1.115886087e+04
glatt,handed,3.437500000e-01,6.562500000e-01,1.118223941e+04
glatt,handed,3.442382812e-01,6.557617188e-01,1.121021321e+04
glatt,handed,3.447265625e-01,6.552734375e-01,1.123490276e+04
glatt,handed,3.452148438e-01,6.547851562e-01,1.125648605e+04
glatt,handed,3.457031250e-01,6.542968750e-01,1.127511443e+04
glatt,handed,3.461914062e-01,6.538085938e-01,1.129091538e+04
glatt,handed,3.466796875e-01,6.533203125e-01,1.130399473e+04
glatt,handed,3.471679688e-01,6.528320312e-01,1.131443854e+04
glatt,handed,3.476562500e-01,6.523437500e-01,1.132231453e+04
glatt,handed,3.481445312e-01,6.518554688e-01,1.132767316e+04
glatt,handed,3.486328125e-01,6.513671875e-01,1.133054848e+04
glatt,handed,3.491210938e-01,6.508789062e-01,1.133095866e+04
glatt,handed,3.496093750e-01,6.503906250e-01,1.132890630e+04
glatt,handed,3.500976562e-01,6.499023438e-01,1.132437843e+04
glatt,handed,3.505859375e-01,6.494140625e-01,1.131734635e+04
glatt,handed,3.510742188e-01,6.489257812e-01,1.130776513e+04
glatt,handed,3.515625000e-01,6.484375000e-01,1.129557292e+04
glatt,handed,3.520507812e-01,6.479492188e-01,1.129557292e+04
glatt,handed,3.525390625e-01,6.474609375e-01,1.129557292e+04
glatt,handed,3.530273438e-01,6.469726562e-01,1.129557292e+04
glatt,handed,3.535156250e-01,6.464843750e-01,1.129557292e+04
glatt,handed,3.540039062e-01,6.459960938e-01,1.129557292e+04
glatt,handed,3.544921875e-01,6.455078125e-01,1.129557292e+04
glatt,handed,3.549804688e-01,6.450195312e-01,1.129557292e+04
glatt,handed,3.554687500e-01,6.445312500e-01,1.129557292e+04
glatt,handed,3.559570312e-01,6.440429688e-01,1.129557292e+04
glatt,handed,3.564453125e-01,6.435546875e-01,1.129557292e+04
glatt,handed,3.569335938e-01,6.430664062e-01,1.129557292e+04
glatt,handed,3.574218750e-01,6.425781250e-01,1.129557292e+04
glatt,handed,3.579101562e-01,6.420898438e-01,1.129557292e+04
glatt,handed,3.583984375e-01,6.416015625e-01,1.129557292e+04
glatt,handed,3.588867188e-01,6.411132812e-01,1.129557292e+04
glatt,handed,3.593750000e-01,6.406250000e-01,1.129557292e+04
glatt,handed,3.598632812e-01,6.401367188e-01,1.129557292e+04
glatt,handed,3.603515625e-01,6.396484375e-01,1.129557292e+04
glatt,handed,3.608398438e-01,6.391601562e-01,1.129557292e+04
glatt,handed,3.613281250e-01,6.386718750e-01,1.129557292e+04
glatt,handed,3.618164062e-01,6.381835938e-01,1.129557292e+04
glatt,handed,3.623046875e-01,6.376953125e-01,1.129557292e+04
glatt,handed,3.627929688e-01,6.372070312e-01,1.129557292e+04
glatt,handed,3.632812500e-01,6.367187500e-01,1.129557292e+04
glatt,handed,3.637695312e-01,6.362304688e-01,1.129557292e+04
glatt,handed,3.642578125e-01,6.357421875e-01,1.129557292e+04
glatt,handed,3.647460938e-01,6.352539062e-01,1.129557292e+04
glatt,handed,3.652343750e-01,6.347656250e-01,1.129557292e+04
glatt,handed,3.657226562e-01,6.342773438e-01,1.129557292e+04
glatt,handed,3.662109375e-01,6.337890625e-01,1.129557292e+04
glatt,handed,3.666992188e-01,6.333007812e-01,1.129557292e+04
glatt,handed,3.671875000e-01,6.328125000e-01,1.129557292e+04
glatt,handed,3.676757812e-01,6.323242188e-01,1.128240033e+04
glatt,handed,3.681640625e-01,6.318359375e-01,1.127186392e+04
glatt,handed,3.686523438e-01,6.313476562e-01,1.126402487e+04
glatt,handed,3.691406250e-01,6.308593750e-01,1.125892912e+04
glatt,handed,3.696289062e-01,6.303710938e-01,1.125660675e+04
glatt,handed,3.701171875e-01,6.298828125e-01,1.125707153e+04
glatt,handed,3.706054688e-01,6.293945312e-01,1.126032070e+04
glatt,handed,3.710937500e-01,6.289062500e-01,1.126633502e+04
glatt,handed,3.715820312e-01,6.284179688e-01,1.127507907e+04
glatt,handed,3.720703125e-01,6.279296875e-01,1.128650172e+04
glatt,handed,3.725585938e-01,6.274414062e-01,1.130053695e+04
glatt,handed,3.730468750e-01,6.269531250e-01,1.131710470e+04
glatt,handed,3.735351562e-01,6.264648438e-01,1.133611207e+04
glatt,handed,3.740234375e-01,6.259765625e-01,1.135745452e+04
glatt,handed,3.745117188e-01,6.254882812e-01,1.138101731e+04
glatt,handed,3.750000000e-01,6.250000000e-01,1.140667691e+04
glatt,handed,3.754882812e-01,6.245117188e-01,1.143701289e+04
glatt,handed,3.759765625e-01,6.240234375e-01,1.146383655e+04
glatt,handed,3.764648438e-01,6.235351562e-01,1.148732340e+04
glatt,handed,3.769531250e-01,6.230468750e-01,1.150762325e+04
glatt,handed,3.774414062e-01,6.225585938e-01,1.152486271e+04
glatt,handed,3.779296875e-01,6.220703125e-01,1.153914725e+04
glatt,handed,3.784179688e-01,6.215820312e-01,1.155056280e+04
glatt,handed,3.789062500e-01,6.210937500e-01,1.155917712e+04
glatt,handed,3.793945312e-01,6.206054688e-01,1.156504082e+04
glatt,handed,3.798828125e-01,6.201171875e-01,1.156818805e+04
glatt,handed,3.803710938e-01,6.196289062e-01,1.156863708e+04
glatt,handed,3.808593750e-01,6.191406250e-01,1.156639050e+04
glatt,handed,3.813476562e-01,6.186523438e-01,1.156143530e+04
glatt,handed,3.818359375e-01,6.181640625e-01,1.155374264e+04
glatt,handed,3.823242188e-01,6.176757812e-01,1.154326750e+04
glatt,handed,3.828125000e-01,6.171875000e-01,1.152994792e+04
glatt,handed,3.833007812e-01,6.166992188e-01,1.152994792e+04
glatt,handed,3.837890625e-01,6.162109375e-01,1.152994792e+04
glatt,handed,3.842773438e-01,6.157226562e-01,1.152994792e+04
glatt,handed,3.847656250e-01,6.152343750e-01,1.152994792e+04
glatt,handed,3.852539062e-01,6.147460938e-01,1.152994792e+04
glatt,handed,3.857421875e-01,6.142578125e-01,1.152994792e+04
glatt,handed,3.862304688e-01,6.137695312e-01,1.152994792e+04
glatt,handed,3.867187500e-01,6.132812500e-01,1.152994792e+04
glatt,handed,3.872070312e-01,6.127929688e-01,1.152994792e+04
glatt,handed,3.876953125e-01,6.123046875e-01,1.152994792e+04
glatt,handed,3.881835938e-01,6.118164062e-01,1.152994792e+04
glatt,handed,3.886718750e-01,6.113281250e-01,1.152994792e+04
glatt,handed,3.891601562e-01,6.108398438e-01,1.152994792e+04
glatt,handed,3.896484375e-01,6.103515625e-01,1.152994792e+04
glatt,handed,3.901367188e-01,6.098632812e-01,1.152994792e+04
glatt,handed,3.906250000e-01,6.093750000e-01,1.152994792e+04
glatt,handed,3.911132812e-01,6.088867188e-01,1.152994792e+04
glatt,handed,3.916015625e-01,6.083984375e-01,1.152994792e+04
glatt,handed,3.920898438e-01,6.079101562e-01,1.152994792e+04
glatt,handed,3.925781250e-01,6.074218750e-01,1.152994792e+04
glatt,handed,3.930664062e-01,6.069335938e-01,1.152994792e+04
glatt,handed,3.935546875e-01,6.064453125e-01,1.152994792e+04
glatt,handed,3.940429688e-01,6.059570312e-01,1.152994792e+04
glatt,handed,3.945312500e-01,6.054687500e-01,1.152994792e+04
glatt,handed,3.950195312e-01,6.049804688e-01,1.152994792e+04
glatt,handed,3.955078125e-01,6.044921875e-01,1.152994792e+04
glatt,handed,3.959960938e-01,6.040039062e-01,1.152994792e+04
glatt,handed,3.964843750e-01,6.035156250e-01,1.152994792e+04
glatt,handed,3.969726562e-01,6.030273438e-01,1.152994792e+04
glatt,handed,3.974609375e-01,6.025390625e-01,1.152994792e+04
glatt,handed,3.979492188e-01,6.020507812e-01,1.152994792e+04
glatt,handed,3.984375000e-01,6.015625000e-01,1.152994792e+04
glatt,handed,3.989257812e-01,6.010742188e-01,1.151568799e+04
glatt,handed,3.994140625e-01,6.005859375e-01,1.150428935e+04
glatt,handed,3.999023438e-01,6.000976562e-01,1.149581310e+04
glatt,handed,4.003906250e-01,5.996093750e-01,1.149030511e+04
glatt,handed,4.008789062e-01,5.991210938e-01,1.148779539e+04
glatt,handed,4.013671875e-01,5.986328125e-01,1.148829764e+04
glatt,handed,4.018554688e-01,5.981445312e-01,1.149180912e+04
glatt,handed,4.023437500e-01,5.976562500e-01,1.149831065e+04
glatt,handed,4.028320312e-01,5.971679688e-01,1.150776690e+04
glatt,handed,4.033203125e-01,5.966796875e-01,1.152012682e+04
glatt,handed,4.038085938e-01,5.961914062e-01,1.153532440e+04
glatt,handed,4.042968750e-01,5.957031250e-01,1.155327946e+04
glatt,handed,4.047851562e-01,5.952148438e-01,1.157389872e+04
glatt,handed,4.052734375e-01,5.947265625e-01,1.159707702e+04
glatt,handed,4.057617188e-01,5.942382812e-01,1.162269854e+04
glatt,handed,4.062500000e-01,5.937500000e-01,1.165063823e+04
glatt,handed,4.067382812e-01,5.932617188e-01,1.168333912e+04
glatt,handed,4.072265625e-01,5.927734375e-01,1.171229865e+04
glatt,handed,4.077148438e-01,5.922851562e-01,1.173769023e+04
glatt,handed,4.082031250e-01,5.917968750e-01,1.175966241e+04
glatt,handed,4.086914062e-01,5.913085938e-01,1.177834109e+04
glatt,handed,4.091796875e-01,5.908203125e-01,1.179383139e+04
glatt,handed,4.096679688e-01,5.903320312e-01,1.180621918e+04
glatt,handed,4.101562500e-01,5.898437500e-01,1.181557225e+04
glatt,handed,4.106445312e-01,5.893554688e-01,1.182194130e+04
glatt,handed,4.111328125e-01,5.888671875e-01,1.182536062e+04
glatt,handed,4.116210938e-01,5.883789062e-01,1.182584851e+04
glatt,handed,4.121093750e-01,5.878906250e-01,1.182340759e+04
glatt,handed,4.125976562e-01,5.874023438e-01,1.181802480e+04
glatt,handed,4.130859375e-01,5.869140625e-01,1.180967121e+04
glatt,handed,4.135742188e-01,5.864257812e-01,1.179830167e+04
glatt,handed,4.140625000e-01,5.859375000e-01,1.178385417e+04
glatt,handed,4.145507812e-01,5.854492188e-01,1.178385417e+04
glatt,handed,4.150390625e-01,5.849609375e-01,1.178385417e+04
glatt,handed,4.155273438e-01,5.844726562e-01,1.178385417e+04
glatt,handed,4.160156250e-01,5.839843750e-01,1.178385417e+04
glatt,handed,4.165039062e-01,5.834960938e-01,1.178385417e+04
glatt,handed,4.169921875e-01,5.830078125e-01,1.178385417e+04
glatt,handed,4.174804688e-01,5.825195312e-01,1.178385417e+04
glatt,handed,4.179687500e-01,5.820312500e-01,1.178385417e+04
glatt,handed,4.184570312e-01,5.815429688e-01,1.178385417e+04
glatt,handed,4.189453125e-01,5.810546875e-01,1.178385417e+04
glatt,handed,4.194335938e-01,5.805664062e-01,1.178385417e+04
glatt,handed,4.199218750e-01,5.800781250e-01,1.178385417e+04
glatt,handed,4.204101562e-01,5.795898438e-01,1.178385417e+04
glatt,handed,4.208984375e-01,5.791015625e-01,1.178385417e+04
glatt,handed,4.213867188e-01,5.786132812e-01,1.178385417e+04
glatt,handed,4.218750000e-01,5.781250000e-01,1.178385417e+04
glatt,handed,4.223632812e-01,5.776367188e-01,1.178385417e+04
glatt,handed,4.228515625e-01,5.771484375e-01,1.178385417e+04
glatt,handed,4.233398438e-01,5.766601562e-01,1.178385417e+04
glatt,handed,4.238281250e-01,5.761718750e-01,1.178385417e+04
glatt,handed,4.243164062e-01,5.756835938e-01,1.178385417e+04
glatt,handed,4.248046875e-01,5.751953125e-01,1.178385417e+04
glatt,handed,4.252929688e-01,5.747070312e-01,1.178385417e+04
glatt,handed,4.257812500e-01,5.742187500e-01,1.178385417e+04
glatt,handed,4.262695312e-01,5.737304688e-01,1.178385417e+04
glatt,handed,4.267578125e-01,5.732421875e-01,1.178385417e+04
glatt,handed,4.272460938e-01,5.727539062e-01,1.178385417e+04
glatt,handed,4.277343750e-01,5.722656250e-01,1.178385417e+04
glatt,handed,4.282226562e-01,5.717773438e-01,1.178385417e+04
glatt,handed,4.287109375e-01,5.712890625e-01,1.178385417e+04
glatt,handed,4.291992188e-01,5.708007812e-01,1.178385417e+04
glatt,handed,4.296875000e-01,5.703125000e-01,1.178385417e+04
glatt,handed,4.301757812e-01,5.698242188e-01,1.176850783e+04
glatt,handed,4.306640625e-01,5.693359375e-01,1.175624765e+04
glatt,handed,4.311523438e-01,5.688476562e-01,1.174713472e+04
glatt,handed,4.316406250e-01,5.683593750e-01,1.174121483e+04
glatt,handed,4.321289062e-01,5.678710938e-01,1.173851789e+04
glatt,handed,4.326171875e-01,5.673828125e-01,1.173905758e+04
glatt,handed,4.331054688e-01,5.668945312e-01,1.174283117e+04
glatt,handed,4.335937500e-01,5.664062500e-01,1.174981952e+04
glatt,handed,4.340820312e-01,5.659179688e-01,1.175998739e+04
glatt,handed,4.345703125e-01,5.654296875e-01,1.177328381e+04
glatt,handed,4.350585938e-01,5.649414062e-01,1.178964276e+04
glatt,handed,4.355468750e-01,5.644531250e-01,1.180898396e+04
glatt,handed,4.360351562e-01,5.639648438e-01,1.183121385e+04
glatt,handed,4.365234375e-01,5.634765625e-01,1.185622668e+04
glatt,handed,4.370117188e-01,5.629882812e-01,1.188390576e+04
glatt,handed,4.375000000e-01,5.625000000e-01,1.191412470e+04
glatt,handed,4.379882812e-01,5.620117188e-01,1.194919270e+04
glatt,handed,4.384765625e-01,5.615234375e-01,1.198028951e+04
glatt,handed,4.389648438e-01,5.610351562e-01,1.200758681e+04
glatt,handed,4.394531250e-01,5.605468750e-01,1.203123206e+04
glatt,handed,4.399414062e-01,5.600585938e-01,1.205135055e+04
glatt,handed,4.404296875e-01,5.595703125e-01,1.206804712e+04
glatt,handed,4.409179688e-01,5.590820312e-01,1.208140755e+04
glatt,handed,4.414062500e-01,5.585937500e-01,1.209149970e+04
glatt,handed,4.418945312e-01,5.581054688e-01,1.209837436e+04
glatt,handed,4.423828125e-01,5.576171875e-01,1.210206589e+04
glatt,handed,4.428710938e-01,5.571289062e-01,1.210259267e+04
glatt,handed,4.433593750e-01,5.566406250e-01,1.209995732e+04
glatt,handed,4.438476562e-01,5.561523438e-01,1.209414673e+04
glatt,handed,4.443359375e-01,5.556640625e-01,1.208513189e+04
glatt,handed,4.448242188e-01,5.551757812e-01,1.207286756e+04
glatt,handed,4.453125000e-01,5.546875000e-01,1.205729167e+04
glatt,handed,4.458007812e-01,5.541992188e-01,1.205729167e+04
glatt,handed,4.462890625e-01,5.537109375e-01,1.205729167e+04
glatt,handed,4.467773438e-01,5.532226562e-01,1.205729167e+04
glatt,handed,4.472656250e-01,5.527343750e-01,1.205729167e+04
glatt,handed,4.477539062e-01,5.522460938e-01,1.205729167e+04
glatt,handed,4.482421875e-01,5.517578125e-01,1.205729167e+04
glatt,handed,4.487304688e-01,5.512695312e-01,1.205729167e+04
glatt,handed,4.492187500e-01,5.507812500e-01,1.205729167e+04
glatt,handed,4.497070312e-01,5.502929688e-01,1.205729167e+04
glatt,handed,4.501953125e-01,5.498046875e-01,1.205729167e+04
glatt,handed,4.506835938e-01,5.493164062e-01,1.205729167e+04
glatt,handed,4.511718750e-01,5.488281250e-01,1.205729167e+04
glatt,handed,4.516601562e-01,5.483398438e-01,1.205729167e+04
glatt,handed,4.521484375e-01,5.478515625e-01,1.205729167e+04
glatt,handed,4.526367188e-01,5.473632812e-01,1.205729167e+04
glatt,handed,4.531250000e-01,5.468750000e-01,1.205729167e+04
glatt,handed,4.536132812e-01,5.463867188e-01,1.205729167e+04
glatt,handed,4.541015625e-01,5.458984375e-01,1.205729167e+04
glatt,handed,4.545898438e-01,5.454101562e-01,1.205729167e+04
glatt,handed,4.550781250e-01,5.449218750e-01,1.205729167e+04
glatt,handed,4.555664062e-01,5.444335938e-01,1.205729167e+04
glatt,handed,4.560546875e-01,5.439453125e-01,1.205729167e+04
glatt,handed,4.565429688e-01,5.434570312e-01,1.205729167e+04
glatt,handed,4.570312500e-01,5.429687500e-01,1.205729167e+04
glatt,handed,4.575195312e-01,5.424804688e-01,1.205729167e+04
glatt,handed,4.580078125e-01,5.419921875e-01,1.205729167e+04
glatt,handed,4.584960938e-01,5.415039062e-01,1.205729167e+04
glatt,handed,4.589843750e-01,5.410156250e-01,1.205729167e+04
glatt,handed,4.594726562e-01,5.405273438e-01,1.205729167e+04
glatt,handed,4.599609375e-01,5.400390625e-01,1.205729167e+04
glatt,handed,4.604492188e-01,5.395507812e-01,1.205729167e+04
glatt,handed,4.609375000e-01,5.390625000e-01,1.205729167e+04
glatt,handed,4.614257812e-01,5.385742188e-01,1.204085963e+04
glatt,handed,4.619140625e-01,5.380859375e-01,1.202773849e+04
glatt,handed,4.624023438e-01,5.375976562e-01,1.201798928e+04
glatt,handed,4.628906250e-01,5.371093750e-01,1.201165773e+04
glatt,handed,4.633789062e-01,5.366210938e-01,1.200877369e+04
glatt,handed,4.638671875e-01,5.361328125e-01,1.200935080e+04
glatt,handed,4.643554688e-01,5.356445312e-01,1.201338633e+04
glatt,handed,4.648437500e-01,5.351562500e-01,1.202086121e+04
glatt,handed,4.653320312e-01,5.346679688e-01,1.203174025e+04
glatt,handed,4.658203125e-01,5.341796875e-01,1.204597254e+04
glatt,handed,4.663085938e-01,5.336914062e-01,1.206349209e+04
glatt,handed,4.667968750e-01,5.332031250e-01,1.208421852e+04
glatt,handed,4.672851562e-01,5.327148438e-01,1.210805803e+04
glatt,handed,4.677734375e-01,5.322265625e-01,1.213490437e+04
glatt,handed,4.682617188e-01,5.317382812e-01,1.216464007e+04
glatt,handed,4.687500000e-01,5.312500000e-01,1.219713760e+04
glatt,handed,4.692382812e-01,5.307617188e-01,1.223457444e+04
glatt,handed,4.697265625e-01,5.302734375e-01,1.226780967e+04
glatt,handed,4.702148438e-01,5.297851562e-01,1.229701347e+04
glatt,handed,4.707031250e-01,5.292968750e-01,1.232233236e+04
glatt,handed,4.711914062e-01,5.288085938e-01,1.234389111e+04
glatt,handed,4.716796875e-01,5.283203125e-01,1.236179434e+04
glatt,handed,4.721679688e-01,5.278320312e-01,1.237612777e+04
glatt,handed,4.726562500e-01,5.273437500e-01,1.238695927e+04
glatt,handed,4.731445312e-01,5.268554688e-01,1.239433973e+04
glatt,handed,4.736328125e-01,5.263671875e-01,1.239830359e+04
glatt,handed,4.741210938e-01,5.258789062e-01,1.239886927e+04
glatt,handed,4.746093750e-01,5.253906250e-01,1.239603940e+04
glatt,handed,4.750976562e-01,5.249023438e-01,1.238980084e+04
glatt,handed,4.755859375e-01,5.244140625e-01,1.238012451e+04
glatt,handed,4.760742188e-01,5.239257812e-01,1.236696508e+04
glatt,handed,4.765625000e-01,5.234375000e-01,1.235026042e+04
glatt,handed,4.770507812e-01,5.229492188e-01,1.235026042e+04
glatt,handed,4.775390625e-01,5.224609375e-01,1.235026042e+04
glatt,handed,4.780273438e-01,5.219726562e-01,1.235026042e+04
glatt,handed,4.785156250e-01,5.214843750e-01,1.235026042e+04
glatt,handed,4.790039062e-01,5.209960938e-01,1.235026042e+04
glatt,handed,4.794921875e-01,5.205078125e-01,1.235026042e+04
glatt,handed,4.799804688e-01,5.200195312e-01,1.235026042e+04
glatt,handed,4.804687500e-01,5.195312500e-01,1.235026042e+04
glatt,handed,4.809570312e-01,5.190429688e-01,1.235026042e+04
glatt,handed,4.814453125e-01,5.185546875e-01,1.235026042e+04
glatt,handed,4.819335938e-01,5.180664062e-01,1.235026042e+04
glatt,handed,4.824218750e-01,5.175781250e-01,1.235026042e+04
glatt,handed,4.829101562e-01,5.170898438e-01,1.235026042e+04
glatt,handed,4.833984375e-01,5.166015625e-01,1.235026042e+04
glatt,handed,4.838867188e-01,5.161132812e-01,1.235026042e+04
glatt,handed,4.843750000e-01,5.156250000e-01,1.235026042e+04
glatt,handed,4.848632812e-01,5.151367188e-01,1.235026042e+04
glatt,handed,4.853515625e-01,5.146484375e-01,1.235026042e+04
glatt,handed,4.858398438e-01,5.141601562e-01,1.235026042e+04
glatt,handed,4.863281250e-01,5.136718750e-01,1.235026042e+04
glatt,handed,4.868164062e-01,5.131835938e-01,1.235026042e+04
glatt,handed,4.873046875e-01,5.126953125e-01,1.235026042e+04
glatt,handed,4.877929688e-01,5.122070312e-01,1.235026042e+04
glatt,handed,4.882812500e-01,5.117187500e-01,1.235026042e+04
glatt,handed,4.887695312e-01,5.112304688e-01,1.235026042e+04
glatt,handed,4.892578125e-01,5.107421875e-01,1.235026042e+04
glatt,handed,4.897460938e-01,5.102539062e-01,1.235026042e+04
glatt,handed,4.902343750e-01,5.097656250e-01,1.235026042e+04
glatt,handed,4.907226562e-01,5.092773438e-01,1.235026042e+04
glatt,handed,4.912109375e-01,5.087890625e-01,1.235026042e+04
glatt,handed,4.916992188e-01,5.083007812e-01,1.235026042e+04
glatt,handed,4.921875000e-01,5.078125000e-01,1.235026042e+04
glatt,handed,4.926757812e-01,5.073242188e-01,1.233274323e+04
glatt,handed,4.931640625e-01,5.068359375e-01,1.231876154e+04
glatt,handed,4.936523438e-01,5.063476562e-01,1.230837636e+04
glatt,handed,4.941406250e-01,5.058593750e-01,1.230163334e+04
glatt,handed,4.946289062e-01,5.053710938e-01,1.229856228e+04
glatt,handed,4.951171875e-01,5.048828125e-01,1.229917680e+04
glatt,handed,4.956054688e-01,5.043945312e-01,1.230347416e+04
glatt,handed,4.960937500e-01,5.039062500e-01,1.231143533e+04
glatt,handed,4.965820312e-01,5.034179688e-01,1.232302519e+04
glatt,handed,4.970703125e-01,5.029296875e-01,1.233819290e+04
glatt,handed,4.975585938e-01,5.024414062e-01,1.235687247e+04
glatt,handed,4.980468750e-01,5.019531250e-01,1.237898344e+04
glatt,handed,4.985351562e-01,5.014648438e-01,1.240443179e+04
glatt,handed,4.990234375e-01,5.009765625e-01,1.243311087e+04
glatt,handed,4.995117188e-01,5.004882812e-01,1.246490251e+04
glatt,handed,5.000000000e-01,5.000000000e-01,1.249967816e+04
glatt,handed,5.004882812e-01,4.995117188e-01,1.253948516e+04
glatt,handed,5.009765625e-01,4.990234375e-01,1.257485965e+04
glatt,handed,5.014648438e-01,4.985351562e-01,1.260597051e+04
glatt,handed,5.019531250e-01,4.980468750e-01,1.263296346e+04
glatt,handed,5.024414062e-01,4.975585938e-01,1.265596283e+04
glatt,handed,5.029296875e-01,4.970703125e-01,1.267507301e+04
glatt,handed,5.034179688e-01,4.965820312e-01,1.269037966e+04
glatt,handed,5.039062500e-01,4.960937500e-01,1.270195073e+04
glatt,handed,5.043945312e-01,4.956054688e-01,1.270983713e+04
glatt,handed,5.048828125e-01,4.951171875e-01,1.271407339e+04
glatt,handed,5.053710938e-01,4.946289062e-01,1.271467799e+04
glatt,handed,5.058593750e-01,4.941406250e-01,1.271165355e+04
glatt,handed,5.063476562e-01,4.936523438e-01,1.270498690e+04
glatt,handed,5.068359375e-01,4.931640625e-01,1.269464889e+04
glatt,handed,5.073242188e-01,4.926757812e-01,1.268059413e+04
glatt,handed,5.078125000e-01,4.921875000e-01,1.266276042e+04
glatt,handed,5.083007812e-01,4.916992188e-01,1.266276042e+04
glatt,handed,5.087890625e-01,4.912109375e-01,1.266276042e+04
glatt,handed,5.092773438e-01,4.907226563e-01,1.266276042e+04
glatt,handed,5.097656250e-01,4.902343750e-01,1.266276042e+04
glatt,handed,5.102539062e-01,4.897460938e-01,1.266276042e+04
glatt,handed,5.107421875e-01,4.892578125e-01,1.266276042e+04
glatt,handed,5.112304688e-01,4.887695313e-01,1.266276042e+04
glatt,handed,5.117187500e-01,4.882812500e-01,1.266276042e+04
glatt,handed,5.122070312e-01,4.877929688e-01,1.266276042e+04
glatt,handed,5.126953125e-01,4.873046875e-01,1.266276042e+04
glatt,handed,5.131835938e-01,4.868164063e-01,1.266276042e+04
glatt,handed,5.136718750e-01,4.863281250e-01,1.266276042e+04
glatt,handed,5.141601562e-01,4.858398438e-01,1.266276042e+04
glatt,handed,5.146484375e-01,4.853515625e-01,1.266276042e+04
glatt,handed,5.151367188e-01,4.848632812e-01,1.266276042e+04
glatt,handed,5.156250000e-01,4.843750000e-01,1.266276042e+04
glatt,handed,5.161132812e-01,4.838867188e-01,1.266276042e+04
glatt,handed,5.166015625e-01,4.833984375e-01,1.266276042e+04
glatt,handed,5.170898438e-01,4.829101562e-01,1.266276042e+04
glatt,handed,5.175781250e-01,4.824218750e-01,1.266276042e+04
glatt,handed,5.180664062e-01,4.819335937e-01,1.266276042e+04
glatt,handed,5.185546875e-01,4.814453125e-01,1.266276042e+04
glatt,handed,5.190429688e-01,4.809570312e-01,1.266276042e+04
glatt,handed,5.195312500e-01,4.804687500e-01,1.266276042e+04
glatt,handed,5.200195312e-01,4.799804687e-01,1.266276042e+04
glatt,handed,5.205078125e-01,4.794921875e-01,1.266276042e+04
glatt,handed,5.209960938e-01,4.790039062e-01,1.266276042e+04
glatt,handed,5.214843750e-01,4.785156250e-01,1.266276042e+04
glatt,handed,5.219726562e-01,4.780273437e-01,1.266276042e+04
glatt,handed,5.224609375e-01,4.775390625e-01,1.266276042e+04
glatt,handed,5.229492188e-01,4.770507812e-01,1.266276042e+04
glatt,handed,5.234375000e-01,4.765625000e-01,1.266276042e+04
glatt,handed,5.239257812e-01,4.760742188e-01,1.264415847e+04
glatt,handed,5.244140625e-01,4.755859375e-01,1.262931653e+04
glatt,handed,5.249023438e-01,4.750976562e-01,1.261829558e+04
glatt,handed,5.253906250e-01,4.746093750e-01,1.261114123e+04
glatt,handed,5.258789062e-01,4.741210938e-01,1.260788321e+04
glatt,handed,5.263671875e-01,4.736328125e-01,1.260853512e+04
glatt,handed,5.268554688e-01,4.731445312e-01,1.261309423e+04
glatt,handed,5.273437500e-01,4.726562500e-01,1.262154154e+04
glatt,handed,5.278320312e-01,4.721679688e-01,1.263384199e+04
glatt,handed,5.283203125e-01,4.716796875e-01,1.264994478e+04
glatt,handed,5.288085938e-01,4.711914062e-01,1.266978394e+04
glatt,handed,5.292968750e-01,4.707031250e-01,1.269327896e+04
glatt,handed,5.297851562e-01,4.702148438e-01,1.272033562e+04
glatt,handed,5.302734375e-01,4.697265625e-01,1.275084689e+04
glatt,handed,5.307617188e-01,4.692382812e-01,1.278469400e+04
glatt,handed,5.312500000e-01,4.687500000e-01,1.282174752e+04
glatt,handed,5.317382812e-01,4.682617188e-01,1.286392563e+04
glatt,handed,5.322265625e-01,4.677734375e-01,1.290143996e+04
glatt,handed,5.327148438e-01,4.672851562e-01,1.293445827e+04
glatt,handed,5.332031250e-01,4.667968750e-01,1.296312555e+04
glatt,handed,5.336914062e-01,4.663085938e-01,1.298756573e+04
glatt,handed,5.341796875e-01,4.658203125e-01,1.300788304e+04
glatt,handed,5.346679688e-01,4.653320312e-01,1.302416309e+04
glatt,handed,5.351562500e-01,4.648437500e-01,1.303647383e+04
glatt,handed,5.356445312e-01,4.643554688e-01,1.304486628e+04
glatt,handed,5.361328125e-01,4.638671875e-01,1.304937501e+04
glatt,handed,5.366210938e-01,4.633789062e-01,1.305001852e+04
glatt,handed,5.371093750e-01,4.628906250e-01,1.304679947e+04
glatt,handed,5.375976562e-01,4.624023438e-01,1.303970464e+04
glatt,handed,5.380859375e-01,4.619140625e-01,1.302870484e+04
glatt,handed,5.385742188e-01,4.614257812e-01,1.301375459e+04
glatt,handed,5.390625000e-01,4.609375000e-01,1.299479167e+04
glatt,handed,5.395507812e-01,4.604492188e-01,1.299479167e+04
glatt,handed,5.400390625e-01,4.599609375e-01,1.299479167e+04
glatt,handed,5.405273438e-01,4.594726563e-01,1.299479167e+04
glatt,handed,5.410156250e-01,4.589843750e-01,1.299479167e+04
glatt,handed,5.415039062e-01,4.584960938e-01,1.299479167e+04
glatt,handed,5.419921875e-01,4.580078125e-01,1.299479167e+04
glatt,handed,5.424804688e-01,4.575195313e-01,1.299479167e+04
glatt,handed,5.429687500e-01,4.570312500e-01,1.299479167e+04
glatt,handed,5.434570312e-01,4.565429688e-01,1.299479167e+04
glatt,handed,5.439453125e-01,4.560546875e-01,1.299479167e+04
glatt,handed,5.444335938e-01,4.555664063e-01,1.299479167e+04
glatt,handed,5.449218750e-01,4.550781250e-01,1.299479167e+04
glatt,handed,5.454101562e-01,4.545898438e-01,1.299479167e+04
glatt,handed,5.458984375e-01,4.541015625e-01,1.299479167e+04
glatt,handed,5.463867188e-01,4.536132812e-01,1.299479167e+04
glatt,handed,5.468750000e-01,4.531250000e-01,1.299479167e+04
glatt,handed,5.473632812e-01,4.526367188e-01,1.299479167e+04
glatt,handed,5.478515625e-01,4.521484375e-01,1.299479167e+04
glatt,handed,5.483398438e-01,4.516601562e-01,1.299479167e+04
glatt,handed,5.488281250e-01,4.511718750e-01,1.299479167e+04
glatt,handed,5.493164062e-01,4.506835937e-01,1.299479167e+04
glatt,handed,5.498046875e-01,4.501953125e-01,1.299479167e+04
glatt,handed,5.502929688e-01,4.497070312e-01,1.299479167e+04
glatt,handed,5.507812500e-01,4.492187500e-01,1.299479167e+04
glatt,handed,5.512695312e-01,4.487304687e-01,1.299479167e+04
glatt,handed,5.517578125e-01,4.482421875e-01,1.299479167e+04
glatt,handed,5.522460938e-01,4.477539062e-01,1.299479167e+04
glatt,handed,5.527343750e-01,4.472656250e-01,1.299479167e+04
glatt,handed,5.532226562e-01,4.467773437e-01,1.299479167e+04
glatt,handed,5.537109375e-01,4.462890625e-01,1.299479167e+04
glatt,handed,5.541992188e-01,4.458007812e-01,1.299479167e+04
glatt,handed,5.546875000e-01,4.453125000e-01,1.299479167e+04
glatt,handed,5.551757812e-01,4.448242188e-01,1.297510520e+04
glatt,handed,5.556640625e-01,4.443359375e-01,1.295940320e+04
glatt,handed,5.561523438e-01,4.438476562e-01,1.294774662e+04
glatt,handed,5.566406250e-01,4.433593750e-01,1.294018101e+04
glatt,handed,5.571289062e-01,4.428710938e-01,1.293673607e+04
glatt,handed,5.576171875e-01,4.423828125e-01,1.293742536e+04
glatt,handed,5.581054688e-01,4.418945312e-01,1.294224617e+04
glatt,handed,5.585937500e-01,4.414062500e-01,1.295117952e+04
glatt,handed,5.590820312e-01,4.409179688e-01,1.296419041e+04
glatt,handed,5.595703125e-01,4.404296875e-01,1.298122808e+04
glatt,handed,5.600585938e-01,4.399414062e-01,1.300222658e+04
glatt,handed,5.605468750e-01,4.394531250e-01,1.302710533e+04
glatt,handed,5.610351562e-01,4.389648438e-01,1.305576995e+04
glatt,handed,5.615234375e-01,4.384765625e-01,1.308811308e+04
glatt,handed,5.620117188e-01,4.379882812e-01,1.312401541e+04
glatt,handed,5.625000000e-01,4.375000000e-01,1.316334672e+04
glatt,handed,5.629882812e-01,4.370117188e-01,1.320789658e+04
glatt,handed,5.634765625e-01,4.365234375e-01,1.324755111e+04
glatt,handed,5.639648438e-01,4.360351562e-01,1.328247705e+04
glatt,handed,5.644531250e-01,4.355468750e-01,1.331281877e+04
glatt,handed,5.649414062e-01,4.350585938e-01,1.333869986e+04
glatt,handed,5.654296875e-01,4.345703125e-01,1.336022437e+04
glatt,handed,5.659179688e-01,4.340820312e-01,1.337747788e+04
glatt,handed,5.664062500e-01,4.335937500e-01,1.339052838e+04
glatt,handed,5.668945312e-01,4.331054688e-01,1.339942692e+04
glatt,handed,5.673828125e-01,4.326171875e-01,1.340420813e+04
glatt,handed,5.678710938e-01,4.321289062e-01,1.340489058e+04
glatt,handed,5.683593750e-01,4.316406250e-01,1.340147689e+04
glatt,handed,5.688476562e-01,4.311523438e-01,1.339395384e+04
glatt,handed,5.693359375e-01,4.306640625e-01,1.338229219e+04
glatt,handed,5.698242188e-01,4.301757812e-01,1.336644639e+04
glatt,handed,5.703125000e-01,4.296875000e-01,1.334635417e+04
glatt,handed,5.708007812e-01,4.291992188e-01,1.334635417e+04
glatt,handed,5.712890625e-01,4.287109375e-01,1.334635417e+04
glatt,handed,5.717773438e-01,4.282226563e-01,1.334635417e+04
glatt,handed,5.722656250e-01,4.277343750e-01,1.334635417e+04
glatt,handed,5.727539062e-01,4.272460938e-01,1.334635417e+04
glatt,handed,5.732421875e-01,4.267578125e-01,1.334635417e+04
glatt,handed,5.737304688e-01,4.262695313e-01,1.334635417e+04
glatt,handed,5.742187500e-01,4.257812500e-01,1.334635417e+04
glatt,handed,5.747070312e-01,4.252929688e-01,1.334635417e+04
glatt,handed,5.751953125e-01,4.248046875e-01,1.334635417e+04
glatt,handed,5.756835938e-01,4.243164063e-01,1.334635417e+04
glatt,handed,5.761718750e-01,4.238281250e-01,1.334635417e+04
glatt,handed,5.766601562e-01,4.233398438e-01,1.334635417e+04
glatt,handed,5.771484375e-01,4.228515625e-01,1.334635417e+04
glatt,handed,5.776367188e-01,4.223632812e-01,1.334635417e+04
glatt,handed,5.781250000e-01,4.218750000e-01,1.334635417e+04
glatt,handed,5.786132812e-01,4.213867188e-01,1.334635417e+04
glatt,handed,5.791015625e-01,4.208984375e-01,1.334635417e+04
glatt,handed,5.795898438e-01,4.204101562e-01,1.334635417e+04
glatt,handed,5.800781250e-01,4.199218750e-01,1.334635417e+04
glatt,handed,5.805664062e-01,4.194335937e-01,1.334635417e+04
glatt,handed,5.810546875e-01,4.189453125e-01,1.334635417e+04
glatt,handed,5.815429688e-01,4.184570312e-01,1.334635417e+04
glatt,handed,5.820312500e-01,4.179687500e-01,1.334635417e+04
glatt,handed,5.825195312e-01,4.174804687e-01,1.334635417e+04
glatt,handed,5.830078125e-01,4.169921875e-01,1.334635417e+04
glatt,handed,5.834960938e-01,4.165039062e-01,1.334635417e+04
glatt,handed,5.839843750e-01,4.160156250e-01,1.334635417e+04
glatt,handed,5.844726562e-01,4.155273437e-01,1.334635417e+04
glatt,handed,5.849609375e-01,4.150390625e-01,1.334635417e+04
glatt,handed,5.854492188e-01,4.145507812e-01,1.334635417e+04
glatt,handed,5.859375000e-01,4.140625000e-01,1.334635417e+04
glatt,handed,5.864257812e-01,4.135742188e-01,1.332558330e+04
glatt,handed,5.869140625e-01,4.130859375e-01,1.330902133e+04
glatt,handed,5.874023438e-01,4.125976562e-01,1.329672917e+04
glatt,handed,5.878906250e-01,4.121093750e-01,1.328875234e+04
glatt,handed,5.883789062e-01,4.116210938e-01,1.328512050e+04
glatt,handed,5.888671875e-01,4.111328125e-01,1.328584717e+04
glatt,handed,5.893554688e-01,4.106445312e-01,1.329092965e+04
glatt,handed,5.898437500e-01,4.101562500e-01,1.330034900e+04
glatt,handed,5.903320312e-01,4.096679688e-01,1.331407026e+04
glatt,handed,5.908203125e-01,4.091796875e-01,1.333204271e+04
glatt,handed,5.913085938e-01,4.086914062e-01,1.335420041e+04
glatt,handed,5.917968750e-01,4.082031250e-01,1.338046274e+04
glatt,handed,5.922851562e-01,4.077148438e-01,1.341073516e+04
glatt,handed,5.927734375e-01,4.072265625e-01,1.344491002e+04
glatt,handed,5.932617188e-01,4.067382812e-01,1.348286752e+04
glatt,handed,5.937500000e-01,4.062500000e-01,1.352447672e+04
glatt,handed,5.942382812e-01,4.057617188e-01,1.357139870e+04
glatt,handed,5.947265625e-01,4.052734375e-01,1.361319356e+04
glatt,handed,5.952148438e-01,4.047851562e-01,1.365002714e+04
glatt,handed,5.957031250e-01,4.042968750e-01,1.368204328e+04
glatt,handed,5.961914062e-01,4.038085938e-01,1.370936525e+04
glatt,handed,5.966796875e-01,4.033203125e-01,1.373209694e+04
glatt,handed,5.971679688e-01,4.028320312e-01,1.375032391e+04
glatt,handed,5.976562500e-01,4.023437500e-01,1.376411415e+04
glatt,handed,5.981445312e-01,4.018554688e-01,1.377351879e+04
glatt,handed,5.986328125e-01,4.013671875e-01,1.377857251e+04
glatt,handed,5.991210938e-01,4.008789062e-01,1.377929388e+04
glatt,handed,5.996093750e-01,4.003906250e-01,1.377568555e+04
glatt,handed,6.000976562e-01,3.999023438e-01,1.376773428e+04
glatt,handed,6.005859375e-01,3.994140625e-01,1.375541076e+04
glatt,handed,6.010742188e-01,3.989257812e-01,1.373866941e+04
glatt,handed,6.015625000e-01,3.984375000e-01,1.371744792e+04
glatt,handed,6.020507812e-01,3.979492188e-01,1.371744792e+04
glatt,handed,6.025390625e-01,3.974609375e-01,1.371744792e+04
glatt,handed,6.030273438e-01,3.969726563e-01,1.371744792e+04
glatt,handed,6.035156250e-01,3.964843750e-01,1.371744792e+04
glatt,handed,6.040039062e-01,3.959960938e-01,1.371744792e+04
glatt,handed,6.044921875e-01,3.955078125e-01,1.371744792e+04
glatt,handed,6.049804688e-01,3.950195313e-01,1.371744792e+04
glatt,handed,6.054687500e-01,3.945312500e-01,1.371744792e+04
glatt,handed,6.059570312e-01,3.940429688e-01,1.371744792e+04
glatt,handed,6.064453125e-01,3.935546875e-01,1.371744792e+04
glatt,handed,6.069335938e-01,3.930664063e-01,1.371744792e+04
glatt,handed,6.074218750e-01,3.925781250e-01,1.371744792e+04
glatt,handed,6.079101562e-01,3.920898438e-01,1.371744792e+04
glatt,handed,6.083984375e-01,3.916015625e-01,1.371744792e+04
glatt,handed,6.088867188e-01,3.911132812e-01,1.371744792e+04
glatt,handed,6.093750000e-01,3.906250000e-01,1.371744792e+04
glatt,handed,6.098632812e-01,3.901367188e-01,1.371744792e+04
glatt,handed,6.103515625e-01,3.896484375e-01,1.371744792e+04
glatt,handed,6.108398438e-01,3.891601562e-01,1.371744792e+04
glatt,handed,6.113281250e-01,3.886718750e-01,1.371744792e+04
glatt,handed,6.118164062e-01,3.881835937e-01,1.371744792e+04
glatt,handed,6.123046875e-01,3.876953125e-01,1.371744792e+04
glatt,handed,6.127929688e-01,3.872070312e-01,1.371744792e+04
glatt,handed,6.132812500e-01,3.867187500e-01,1.371744792e+04
glatt,handed,6.137695312e-01,3.862304687e-01,1.371744792e+04
glatt,handed,6.142578125e-01,3.857421875e-01,1.371744792e+04
glatt,handed,6.147460938e-01,3.852539062e-01,1.371744792e+04
glatt,handed,6.152343750e-01,3.847656250e-01,1.371744792e+04
glatt,handed,6.157226562e-01,3.842773437e-01,1.371744792e+04
glatt,handed,6.162109375e-01,3.837890625e-01,1.371744792e+04
glatt,handed,6.166992188e-01,3.833007812e-01,1.371744792e+04
glatt,handed,6.171875000e-01,3.828125000e-01,1.371744792e+04
glatt,handed,6.176757812e-01,3.823242188e-01,1.369559266e+04
glatt,handed,6.181640625e-01,3.818359375e-01,1.367817071e+04
glatt,handed,6.186523438e-01,3.813476562e-01,1.366524298e+04
glatt,handed,6.191406250e-01,3.808593750e-01,1.365685492e+04
glatt,handed,6.196289062e-01,3.803710938e-01,1.365303616e+04
glatt,handed,6.201171875e-01,3.798828125e-01,1.365380021e+04
glatt,handed,6.206054688e-01,3.793945312e-01,1.365914438e+04
glatt,handed,6.210937500e-01,3.789062500e-01,1.366904974e+04
glatt,handed,6.215820312e-01,3.784179688e-01,1.368348137e+04
glatt,handed,6.220703125e-01,3.779296875e-01,1.370238860e+04
glatt,handed,6.225585938e-01,3.774414062e-01,1.372570549e+04
glatt,handed,6.230468750e-01,3.769531250e-01,1.375335139e+04
glatt,handed,6.235351562e-01,3.764648438e-01,1.378523160e+04
glatt,handed,6.240234375e-01,3.759765625e-01,1.382123823e+04
glatt,handed,6.245117188e-01,3.754882812e-01,1.386125103e+04
glatt,handed,6.250000000e-01,3.750000000e-01,1.390513841e+04
glatt,handed,6.254882812e-01,3.745117188e-01,1.395443261e+04
glatt,handed,6.259765625e-01,3.740234375e-01,1.399836773e+04
glatt,handed,6.264648438e-01,3.735351562e-01,1.403710883e+04
glatt,handed,6.269531250e-01,3.730468750e-01,1.407079923e+04
glatt,handed,6.274414062e-01,3.725585938e-01,1.409956193e+04
glatt,handed,6.279296875e-01,3.720703125e-01,1.412350069e+04
glatt,handed,6.284179688e-01,3.715820312e-01,1.414270102e+04
glatt,handed,6.289062500e-01,3.710937500e-01,1.415723096e+04
glatt,handed,6.293945312e-01,3.706054688e-01,1.416714167e+04
glatt,handed,6.298828125e-01,3.701171875e-01,1.417246786e+04
glatt,handed,6.303710938e-01,3.696289062e-01,1.417322816e+04
glatt,handed,6.308593750e-01,3.691406250e-01,1.416942521e+04
glatt,handed,6.313476562e-01,3.686523438e-01,1.416104573e+04
glatt,handed,6.318359375e-01,3.681640625e-01,1.414806040e+04
glatt,handed,6.323242188e-01,3.676757812e-01,1.413042358e+04
glatt,handed,6.328125000e-01,3.671875000e-01,1.410807292e+04
glatt,handed,6.333007812e-01,3.666992188e-01,1.410807292e+04
glatt,handed,6.337890625e-01,3.662109375e-01,1.410807292e+04
glatt,handed,6.342773438e-01,3.657226562e-01,1.410807292e+04
glatt,handed,6.347656250e-01,3.652343750e-01,1.410807292e+04
glatt,handed,6.352539062e-01,3.647460938e-01,1.410807292e+04
glatt,handed,6.357421875e-01,3.642578125e-01,1.410807292e+04
glatt,handed,6.362304688e-01,3.637695312e-01,1.410807292e+04
glatt,handed,6.367187500e-01,3.632812500e-01,1.410807292e+04
glatt,handed,6.372070312e-01,3.627929688e-01,1.410807292e+04
glatt,handed,6.376953125e-01,3.623046875e-01,1.410807292e+04
glatt,handed,6.381835938e-01,3.618164062e-01,1.410807292e+04
glatt,handed,6.386718750e-01,3.613281250e-01,1.410807292e+04
glatt,handed,6.391601562e-01,3.608398438e-01,1.410807292e+04
glatt,handed,6.396484375e-01,3.603515625e-01,1.410807292e+04
glatt,handed,6.401367188e-01,3.598632812e-01,1.410807292e+04
glatt,handed,6.406250000e-01,3.593750000e-01,1.410807292e+04
glatt,handed,6.411132812e-01,3.588867188e-01,1.410807292e+04
glatt,handed,6.416015625e-01,3.583984375e-01,1.410807292e+04
glatt,handed,6.420898438e-01,3.579101562e-01,1.410807292e+04
glatt,handed,6.425781250e-01,3.574218750e-01,1.410807292e+04
glatt,handed,6.430664062e-01,3.569335938e-01,1.410807292e+04
glatt,handed,6.435546875e-01,3.564453125e-01,1.410807292e+04
glatt,handed,6.440429688e-01,3.559570312e-01,1.410807292e+04
glatt,handed,6.445312500e-01,3.554687500e-01,1.410807292e+04
glatt,handed,6.450195312e-01,3.549804688e-01,1.410807292e+04
glatt,handed,6.455078125e-01,3.544921875e-01,1.410807292e+04
glatt,handed,6.459960938e-01,3.540039062e-01,1.410807292e+04
glatt,handed,6.464843750e-01,3.535156250e-01,1.410807292e+04
glatt,handed,6.469726562e-01,3.530273438e-01,1.410807292e+04
glatt,handed,6.474609375e-01,3.525390625e-01,1.410807292e+04
glatt,handed,6.479492188e-01,3.520507812e-01,1.410807292e+04
glatt,handed,6.484375000e-01,3.515625000e-01,1.410807292e+04
glatt,handed,6.489257812e-01,3.510742188e-01,1.408513318e+04
glatt,handed,6.494140625e-01,3.505859375e-01,1.406685118e+04
glatt,handed,6.499023438e-01,3.500976562e-01,1.405328781e+04
glatt,handed,6.503906250e-01,3.496093750e-01,1.404448848e+04
glatt,handed,6.508789062e-01,3.491210938e-01,1.404048278e+04
glatt,handed,6.513671875e-01,3.486328125e-01,1.404128422e+04
glatt,handed,6.518554688e-01,3.481445312e-01,1.404689009e+04
glatt,handed,6.523437500e-01,3.476562500e-01,1.405728151e+04
glatt,handed,6.528320312e-01,3.471679688e-01,1.407242359e+04
glatt,handed,6.533203125e-01,3.466796875e-01,1.409226568e+04
glatt,handed,6.538085938e-01,3.461914062e-01,1.411674186e+04
glatt,handed,6.542968750e-01,3.457031250e-01,1.414577142e+04
glatt,handed,6.547851562e-01,3.452148438e-01,1.417925957e+04
glatt,handed,6.552734375e-01,3.447265625e-01,1.421709816e+04
glatt,handed,6.557617188e-01,3.442382812e-01,1.425916655e+04
glatt,handed,6.562500000e-01,3.437500000e-01,1.430533255e+04
glatt,handed,6.567382812e-01,3.432617188e-01,1.435699885e+04
glatt,handed,6.572265625e-01,3.427734375e-01,1.440307400e+04
glatt,handed,6.577148438e-01,3.422851562e-01,1.444372234e+04
glatt,handed,6.582031250e-01,3.417968750e-01,1.447908674e+04
glatt,handed,6.586914062e-01,3.413085938e-01,1.450928993e+04
glatt,handed,6.591796875e-01,3.408203125e-01,1.453443556e+04
glatt,handed,6.596679688e-01,3.403320312e-01,1.455460911e+04
glatt,handed,6.601562500e-01,3.398437500e-01,1.456987864e+04
glatt,handed,6.606445312e-01,3.393554688e-01,1.458029534e+04
glatt,handed,6.611328125e-01,3.388671875e-01,1.458589398e+04
glatt,handed,6.616210938e-01,3.383789062e-01,1.458669320e+04
glatt,handed,6.621093750e-01,3.378906250e-01,1.458269565e+04
glatt,handed,6.625976562e-01,3.374023438e-01,1.457388803e+04
glatt,handed,6.630859375e-01,3.369140625e-01,1.456024098e+04
glatt,handed,6.635742188e-01,3.364257812e-01,1.454170881e+04
glatt,handed,6.640625000e-01,3.359375000e-01,1.451822917e+04
glatt,handed,6.645507812e-01,3.354492188e-01,1.451822917e+04
glatt,handed,6.650390625e-01,3.349609375e-01,1.451822917e+04
glatt,handed,6.655273438e-01,3.344726562e-01,1.451822917e+04
glatt,handed,6.660156250e-01,3.339843750e-01,1.451822917e+04
glatt,handed,6.665039062e-01,3.334960938e-01,1.451822917e+04
glatt,handed,6.669921875e-01,3.330078125e-01,1.451822917e+04
glatt,handed,6.674804688e-01,3.325195312e-01,1.451822917e+04
glatt,handed,6.679687500e-01,3.320312500e-01,1.451822917e+04
glatt,handed,6.684570312e-01,3.315429688e-01,1.451822917e+04
glatt,handed,6.689453125e-01,3.310546875e-01,1.451822917e+04
glatt,handed,6.694335938e-01,3.305664062e-01,1.451822917e+04
glatt,handed,6.699218750e-01,3.300781250e-01,1.451822917e+04
glatt,handed,6.704101562e-01,3.295898438e-01,1.451822917e+04
glatt,handed,6.708984375e-01,3.291015625e-01,1.451822917e+04
glatt,handed,6.713867188e-01,3.286132812e-01,1.451822917e+04
glatt,handed,6.718750000e-01,3.281250000e-01,1.451822917e+04
glatt,handed,6.723632812e-01,3.276367188e-01,1.451822917e+04
glatt,handed,6.728515625e-01,3.271484375e-01,1.451822917e+04
glatt,handed,6.733398438e-01,3.266601562e-01,1.451822917e+04
glatt,handed,6.738281250e-01,3.261718750e-01,1.451822917e+04
glatt,handed,6.743164062e-01,3.256835938e-01,1.451822917e+04
glatt,handed,6.748046875e-01,3.251953125e-01,1.451822917e+04
glatt,handed,6.752929688e-01,3.247070312e-01,1.451822917e+04
glatt,handed,6.757812500e-01,3.242187500e-01,1.451822917e+04
glatt,handed,6.762695312e-01,3.237304688e-01,1.451822917e+04
glatt,handed,6.767578125e-01,3.232421875e-01,1.451822917e+04
glatt,handed,6.772460938e-01,3.227539062e-01,1.451822917e+04
glatt,handed,6.777343750e-01,3.222656250e-01,1.451822917e+04
glatt,handed,6.782226562e-01,3.217773438e-01,1.451822917e+04
glatt,handed,6.787109375e-01,3.212890625e-01,1.451822917e+04
glatt,handed,6.791992188e-01,3.208007812e-01,1.451822917e+04
glatt,handed,6.796875000e-01,3.203125000e-01,1.451822917e+04
glatt,handed,6.801757812e-01,3.198242188e-01,1.449420478e+04
glatt,handed,6.806640625e-01,3.193359375e-01,1.447506258e+04
glatt,handed,6.811523438e-01,3.188476562e-01,1.446086345e+04
glatt,handed,6.816406250e-01,3.183593750e-01,1.445165278e+04
glatt,handed,6.821289062e-01,3.178710938e-01,1.444746011e+04
glatt,handed,6.826171875e-01,3.173828125e-01,1.444829895e+04
glatt,handed,6.831054688e-01,3.168945312e-01,1.445416658e+04
glatt,handed,6.835937500e-01,3.164062500e-01,1.446504414e+04
glatt,handed,6.840820312e-01,3.159179688e-01,1.448089678e+04
glatt,handed,6.845703125e-01,3.154296875e-01,1.450167388e+04
glatt,handed,6.850585938e-01,3.149414062e-01,1.452730954e+04
glatt,handed,6.855468750e-01,3.144531250e-01,1.455772300e+04
glatt,handed,6.860351562e-01,3.139648438e-01,1.459281935e+04
glatt,handed,6.865234375e-01,3.134765625e-01,1.463249023e+04
glatt,handed,6.870117188e-01,3.129882812e-01,1.467661463e+04
glatt,handed,6.875000000e-01,3.125000000e-01,1.472505982e+04
glatt,handed,6.879882812e-01,3.120117188e-01,1.477909792e+04
glatt,handed,6.884765625e-01,3.115234375e-01,1.482731273e+04
glatt,handed,6.889648438e-01,3.110351562e-01,1.486986790e+04
glatt,handed,6.894531250e-01,3.105468750e-01,1.490690592e+04
glatt,handed,6.899414062e-01,3.100585938e-01,1.493854927e+04
glatt,handed,6.904296875e-01,3.095703125e-01,1.496490150e+04
glatt,handed,6.909179688e-01,3.090820312e-01,1.498604807e+04
glatt,handed,6.914062500e-01,3.085937500e-01,1.500205703e+04
glatt,handed,6.918945312e-01,3.081054688e-01,1.501297963e+04
glatt,handed,6.923828125e-01,3.076171875e-01,1.501885066e+04
glatt,handed,6.928710938e-01,3.071289062e-01,1.501968879e+04
glatt,handed,6.933593750e-01,3.066406250e-01,1.501549667e+04
glatt,handed,6.938476562e-01,3.061523438e-01,1.500626099e+04
glatt,handed,6.943359375e-01,3.056640625e-01,1.499195236e+04
glatt,handed,6.948242188e-01,3.051757812e-01,1.497252505e+04
glatt,handed,6.953125000e-01,3.046875000e-01,1.494791667e+04
glatt,handed,6.958007812e-01,3.041992188e-01,1.494791667e+04
glatt,handed,6.962890625e-01,3.037109375e-01,1.494791667e+04
glatt,handed,6.967773438e-01,3.032226562e-01,1.494791667e+04
glatt,handed,6.972656250e-01,3.027343750e-01,1.494791667e+04
glatt,handed,6.977539062e-01,3.022460938e-01,1.494791667e+04
glatt,handed,6.982421875e-01,3.017578125e-01,1.494791667e+04
glatt,handed,6.987304688e-01,3.012695312e-01,1.494791667e+04
glatt,handed,6.992187500e-01,3.007812500e-01,1.494791667e+04
glatt,handed,6.997070312e-01,3.002929688e-01,1.494791667e+04
glatt,handed,7.001953125e-01,2.998046875e-01,1.494791667e+04
glatt,handed,7.006835938e-01,2.993164062e-01,1.494791667e+04
glatt,handed,7.011718750e-01,2.988281250e-01,1.494791667e+04
glatt,handed,7.016601562e-01,2.983398438e-01,1.494791667e+04
glatt,handed,7.021484375e-01,2.978515625e-01,1.494791667e+04
glatt,handed,7.026367188e-01,2.973632812e-01,1.494791667e+04
glatt,handed,7.031250000e-01,2.968750000e-01,1.494791667e+04
glatt,handed,7.036132812e-01,2.963867188e-01,1.494791667e+04
glatt,handed,7.041015625e-01,2.958984375e-01,1.494791667e+04
glatt,handed,7.045898438e-01,2.954101562e-01,1.494791667e+04
glatt,handed,7.050781250e-01,2.949218750e-01,1.494791667e+04
glatt,handed,7.055664062e-01,2.944335938e-01,1.494791667e+04
glatt,handed,7.060546875e-01,2.939453125e-01,1.494791667e+04
glatt,handed,7.065429688e-01,2.934570312e-01,1.494791667e+04
glatt,handed,7.070312500e-01,2.929687500e-01,1.494791667e+04
glatt,handed,7.075195312e-01,2.924804688e-01,1.494791667e+04
glatt,handed,7.080078125e-01,2.919921875e-01,1.494791667e+04
glatt,handed,7.084960938e-01,2.915039062e-01,1.494791667e+04
glatt,handed,7.089843750e-01,2.910156250e-01,1.494791667e+04
glatt,handed,7.094726562e-01,2.905273438e-01,1.494791667e+04
glatt,handed,7.099609375e-01,2.900390625e-01,1.494791667e+04
glatt,handed,7.104492188e-01,2.895507812e-01,1.494791667e+04
glatt,handed,7.109375000e-01,2.890625000e-01,1.494791667e+04
glatt,handed,7.114257812e-01,2.885742188e-01,1.492280737e+04
glatt,handed,7.119140625e-01,2.880859375e-01,1.490280478e+04
glatt,handed,7.124023438e-01,2.875976562e-01,1.488796974e+04
glatt,handed,7.128906250e-01,2.871093750e-01,1.487834762e+04
glatt,handed,7.133789062e-01,2.866210938e-01,1.487396794e+04
glatt,handed,7.138671875e-01,2.861328125e-01,1.487484417e+04
glatt,handed,7.143554688e-01,2.856445312e-01,1.488097363e+04
glatt,handed,7.148437500e-01,2.851562500e-01,1.489233746e+04
glatt,handed,7.153320312e-01,2.846679688e-01,1.490890083e+04
glatt,handed,7.158203125e-01,2.841796875e-01,1.493061317e+04
glatt,handed,7.163085938e-01,2.836914062e-01,1.495740856e+04
glatt,handed,7.167968750e-01,2.832031250e-01,1.498920623e+04
glatt,handed,7.172851562e-01,2.827148438e-01,1.502591115e+04
glatt,handed,7.177734375e-01,2.822265625e-01,1.506741477e+04
glatt,handed,7.182617188e-01,2.817382812e-01,1.511359573e+04
glatt,handed,7.187500000e-01,2.812500000e-01,1.516432082e+04
glatt,handed,7.192382812e-01,2.807617188e-01,1.522073026e+04
glatt,handed,7.197265625e-01,2.802734375e-01,1.527108420e+04
glatt,handed,7.202148438e-01,2.797851562e-01,1.531554571e+04
glatt,handed,7.207031250e-01,2.792968750e-01,1.535425688e+04
glatt,handed,7.211914062e-01,2.788085938e-01,1.538733999e+04
glatt,handed,7.216796875e-01,2.783203125e-01,1.541489848e+04
glatt,handed,7.221679688e-01,2.778320312e-01,1.543701779e+04
glatt,handed,7.226562500e-01,2.773437500e-01,1.545376599e+04
glatt,handed,7.231445312e-01,2.768554688e-01,1.546519435e+04
glatt,handed,7.236328125e-01,2.763671875e-01,1.547133771e+04
glatt,handed,7.241210938e-01,2.758789062e-01,1.547221474e+04
glatt,handed,7.246093750e-01,2.753906250e-01,1.546782811e+04
glatt,handed,7.250976562e-01,2.749023438e-01,1.545816449e+04
glatt,handed,7.255859375e-01,2.744140625e-01,1.544319444e+04
glatt,handed,7.260742188e-01,2.739257812e-01,1.542287223e+04
glatt,handed,7.265625000e-01,2.734375000e-01,1.539713542e+04
glatt,handed,7.270507812e-01,2.729492188e-01,1.539713542e+04
glatt,handed,7.275390625e-01,2.724609375e-01,1.539713542e+04
glatt,handed,7.280273438e-01,2.719726562e-01,1.539713542e+04
glatt,handed,7.285156250e-01,2.714843750e-01,1.539713542e+04
glatt,handed,7.290039062e-01,2.709960938e-01,1.539713542e+04
glatt,handed,7.294921875e-01,2.705078125e-01,1.539713542e+04
glatt,handed,7.299804688e-01,2.700195312e-01,1.539713542e+04
glatt,handed,7.304687500e-01,2.695312500e-01,1.539713542e+04
glatt,handed,7.309570312e-01,2.690429688e-01,1.539713542e+04
glatt,handed,7.314453125e-01,2.685546875e-01,1.539713542e+04
glatt,handed,7.319335938e-01,2.680664062e-01,1.539713542e+04
glatt,handed,7.324218750e-01,2.675781250e-01,1.539713542e+04
glatt,handed,7.329101562e-01,2.670898438e-01,1.539713542e+04
glatt,handed,7.333984375e-01,2.666015625e-01,1.539713542e+04
glatt,handed,7.338867188e-01,2.661132812e-01,1.539713542e+04
glatt,handed,7.343750000e-01,2.656250000e-01,1.539713542e+04
glatt,handed,7.348632812e-01,2.651367188e-01,1.539713542e+04
glatt,handed,7.353515625e-01,2.646484375e-01,1.539713542e+04
glatt,handed,7.358398438e-01,2.641601562e-01,1.539713542e+04
glatt,handed,7.363281250e-01,2.636718750e-01,1.539713542e+04
glatt,handed,7.368164062e-01,2.631835938e-01,1.539713542e+04
glatt,handed,7.373046875e-01,2.626953125e-01,1.539713542e+04
glatt,handed,7.377929688e-01,2.622070312e-01,1.539713542e+04
glatt,handed,7.382812500e-01,2.617187500e-01,1.539713542e+04
glatt,handed,7.387695312e-01,2.612304688e-01,1.539713542e+04
glatt,handed,7.392578125e-01,2.607421875e-01,1.539713542e+04
glatt,handed,7.397460938e-01,2.602539062e-01,1.539713542e+04
glatt,handed,7.402343750e-01,2.597656250e-01,1.539713542e+04
glatt,handed,7.407226562e-01,2.592773438e-01,1.539713542e+04
glatt,handed,7.412109375e-01,2.587890625e-01,1.539713542e+04
glatt,handed,7.416992188e-01,2.583007812e-01,1.539713542e+04
glatt,handed,7.421875000e-01,2.578125000e-01,1.539713542e+04
glatt,handed,7.426757812e-01,2.573242188e-01,1.537094091e+04
glatt,handed,7.431640625e-01,2.568359375e-01,1.535007766e+04
glatt,handed,7.436523438e-01,2.563476562e-01,1.533460652e+04
glatt,handed,7.441406250e-01,2.558593750e-01,1.532457282e+04
glatt,handed,7.446289062e-01,2.553710938e-01,1.532000607e+04
glatt,handed,7.451171875e-01,2.548828125e-01,1.532091972e+04
glatt,handed,7.456054688e-01,2.543945312e-01,1.532731108e+04
glatt,handed,7.460937500e-01,2.539062500e-01,1.533916132e+04
glatt,handed,7.465820312e-01,2.534179688e-01,1.535643564e+04
glatt,handed,7.470703125e-01,2.529296875e-01,1.537908349e+04
glatt,handed,7.475585938e-01,2.524414062e-01,1.540703895e+04
glatt,handed,7.480468750e-01,2.519531250e-01,1.544022122e+04
glatt,handed,7.485351562e-01,2.514648438e-01,1.547853518e+04
glatt,handed,7.490234375e-01,2.509765625e-01,1.552187208e+04
glatt,handed,7.495117188e-01,2.504882812e-01,1.557011027e+04
glatt,handed,7.500000000e-01,2.500000000e-01,1.562311607e+04
glatt,handed,7.504882812e-01,2.495117188e-01,1.568189624e+04
glatt,handed,7.509765625e-01,2.490234375e-01,1.573438868e+04
glatt,handed,7.514648438e-01,2.485351563e-01,1.578075592e+04
glatt,handed,7.519531250e-01,2.480468750e-01,1.582113969e+04
glatt,handed,7.524414062e-01,2.475585938e-01,1.585566209e+04
glatt,handed,7.529296875e-01,2.470703125e-01,1.588442646e+04
glatt,handed,7.534179688e-01,2.465820312e-01,1.590751820e+04
glatt,handed,7.539062500e-01,2.460937500e-01,1.592500541e+04
glatt,handed,7.543945312e-01,2.456054688e-01,1.593693938e+04
glatt,handed,7.548828125e-01,2.451171875e-01,1.594335498e+04
glatt,handed,7.553710938e-01,2.446289062e-01,1.594427090e+04
glatt,handed,7.558593750e-01,2.441406250e-01,1.593968981e+04
glatt,handed,7.563476562e-01,2.436523438e-01,1.592959837e+04
glatt,handed,7.568359375e-01,2.431640625e-01,1.591396713e+04
glatt,handed,7.573242188e-01,2.426757812e-01,1.589275029e+04
glatt,handed,7.578125000e-01,2.421875000e-01,1.586588542e+04
glatt,handed,7.583007812e-01,2.416992188e-01,1.586588542e+04
glatt,handed,7.587890625e-01,2.412109375e-01,1.586588542e+04
glatt,handed,7.592773438e-01,2.407226562e-01,1.586588542e+04
glatt,handed,7.597656250e-01,2.402343750e-01,1.586588542e+04
glatt,handed,7.602539062e-01,2.397460938e-01,1.586588542e+04
glatt,handed,7.607421875e-01,2.392578125e-01,1.586588542e+04
glatt,handed,7.612304688e-01,2.387695312e-01,1.586588542e+04
glatt,handed,7.617187500e-01,2.382812500e-01,1.586588542e+04
glatt,handed,7.622070312e-01,2.377929688e-01,1.586588542e+04
glatt,handed,7.626953125e-01,2.373046875e-01,1.586588542e+04
glatt,handed,7.631835938e-01,2.368164062e-01,1.586588542e+04
glatt,handed,7.636718750e-01,2.363281250e-01,1.586588542e+04
glatt,handed,7.641601562e-01,2.358398437e-01,1.586588542e+04
glatt,handed,7.646484375e-01,2.353515625e-01,1.586588542e+04
glatt,handed,7.651367188e-01,2.348632812e-01,1.586588542e+04
glatt,handed,7.656250000e-01,2.343750000e-01,1.586588542e+04
glatt,handed,7.661132812e-01,2.338867188e-01,1.586588542e+04
glatt,handed,7.666015625e-01,2.333984375e-01,1.586588542e+04
glatt,handed,7.670898438e-01,2.329101563e-01,1.586588542e+04
glatt,handed,7.675781250e-01,2.324218750e-01,1.586588542e+04
glatt,handed,7.680664062e-01,2.319335938e-01,1.586588542e+04
glatt,handed,7.685546875e-01,2.314453125e-01,1.586588542e+04
glatt,handed,7.690429688e-01,2.309570312e-01,1.586588542e+04
glatt,handed,7.695312500e-01,2.304687500e-01,1.586588542e+04
glatt,handed,7.700195312e-01,2.299804688e-01,1.586588542e+04
glatt,handed,7.705078125e-01,2.294921875e-01,1.586588542e+04
glatt,handed,7.709960938e-01,2.290039062e-01,1.586588542e+04
glatt,handed,7.714843750e-01,2.285156250e-01,1.586588542e+04
glatt,handed,7.719726562e-01,2.280273438e-01,1.586588542e+04
glatt,handed,7.724609375e-01,2.275390625e-01,1.586588542e+04
glatt,handed,7.729492188e-01,2.270507812e-01,1.586588542e+04
glatt,handed,7.734375000e-01,2.265625000e-01,1.586588542e+04
glatt,handed,7.739257812e-01,2.260742188e-01,1.583860532e+04
glatt,handed,7.744140625e-01,2.255859375e-01,1.581688113e+04
glatt,handed,7.749023438e-01,2.250976562e-01,1.580077367e+04
glatt,handed,7.753906250e-01,2.246093750e-01,1.579032825e+04
glatt,handed,7.758789062e-01,2.241210938e-01,1.578557436e+04
glatt,handed,7.763671875e-01,2.236328125e-01,1.578652544e+04
glatt,handed,7.768554688e-01,2.231445312e-01,1.579317880e+04
glatt,handed,7.773437500e-01,2.226562500e-01,1.580551562e+04
glatt,handed,7.778320312e-01,2.221679688e-01,1.582350114e+04
glatt,handed,7.783203125e-01,2.216796875e-01,1.584708481e+04
glatt,handed,7.788085938e-01,2.211914062e-01,1.587620073e+04
glatt,handed,7.792968750e-01,2.207031250e-01,1.591076806e+04
glatt,handed,7.797851562e-01,2.202148437e-01,1.595069161e+04
glatt,handed,7.802734375e-01,2.197265625e-01,1.599586242e+04
glatt,handed,7.807617188e-01,2.192382812e-01,1.604615858e+04
glatt,handed,7.812500000e-01,2.187500000e-01,1.610144598e+04
glatt,handed,7.817382812e-01,2.182617188e-01,1.616259617e+04
glatt,handed,7.822265625e-01,2.177734375e-01,1.621722639e+04
glatt,handed,7.827148438e-01,2.172851563e-01,1.626549867e+04
glatt,handed,7.832031250e-01,2.167968750e-01,1.630755445e+04
glatt,handed,7.836914062e-01,2.163085938e-01,1.634351560e+04
glatt,handed,7.841796875e-01,2.158203125e-01,1.637348541e+04
glatt,handed,7.846679688e-01,2.153320312e-01,1.639754924e+04
glatt,handed,7.851562500e-01,2.148437500e-01,1.641577519e+04
glatt,handed,7.856445312e-01,2.143554688e-01,1.642821459e+04
glatt,handed,7.861328125e-01,2.138671875e-01,1.643490233e+04
glatt,handed,7.866210938e-01,2.133789062e-01,1.643585713e+04
glatt,handed,7.871093750e-01,2.128906250e-01,1.643108166e+04
glatt,handed,7.875976562e-01,2.124023438e-01,1.642056255e+04
glatt,handed,7.880859375e-01,2.119140625e-01,1.640427033e+04
glatt,handed,7.885742188e-01,2.114257812e-01,1.638215919e+04
glatt,handed,7.890625000e-01,2.109375000e-01,1.635416667e+04
glatt,handed,7.895507812e-01,2.104492188e-01,1.635416667e+04
glatt,handed,7.900390625e-01,2.099609375e-01,1.635416667e+04
glatt,handed,7.905273438e-01,2.094726562e-01,1.635416667e+04
glatt,handed,7.910156250e-01,2.089843750e-01,1.635416667e+04
glatt,handed,7.915039062e-01,2.084960938e-01,1.635416667e+04
glatt,handed,7.919921875e-01,2.080078125e-01,1.635416667e+04
glatt,handed,7.924804688e-01,2.075195312e-01,1.635416667e+04
glatt,handed,7.929687500e-01,2.070312500e-01,1.635416667e+04
glatt,handed,7.934570312e-01,2.065429688e-01,1.635416667e+04
glatt,handed,7.939453125e-01,2.060546875e-01,1.635416667e+04
glatt,handed,7.944335938e-01,2.055664062e-01,1.635416667e+04
glatt,handed,7.949218750e-01,2.050781250e-01,1.635416667e+04
glatt,handed,7.954101562e-01,2.045898437e-01,1.635416667e+04
glatt,handed,7.958984375e-01,2.041015625e-01,1.635416667e+04
glatt,handed,7.963867188e-01,2.036132812e-01,1.635416667e+04
glatt,handed,7.968750000e-01,2.031250000e-01,1.635416667e+04
glatt,handed,7.973632812e-01,2.026367188e-01,1.635416667e+04
glatt,handed,7.978515625e-01,2.021484375e-01,1.635416667e+04
glatt,handed,7.983398438e-01,2.016601563e-01,1.635416667e+04
glatt,handed,7.988281250e-01,2.011718750e-01,1.635416667e+04
glatt,handed,7.993164062e-01,2.006835938e-01,1.635416667e+04
glatt,handed,7.998046875e-01,2.001953125e-01,1.635416667e+04
glatt,handed,8.002929688e-01,1.997070312e-01,1.635416667e+04
glatt,handed,8.007812500e-01,1.992187500e-01,1.635416667e+04
glatt,handed,8.012695312e-01,1.987304688e-01,1.635416667e+04
glatt,handed,8.017578125e-01,1.982421875e-01,1.635416667e+04
glatt,handed,8.022460938e-01,1.977539062e-01,1.635416667e+04
glatt,handed,8.027343750e-01,1.972656250e-01,1.635416667e+04
glatt,handed,8.032226562e-01,1.967773438e-01,1.635416667e+04
glatt,handed,8.037109375e-01,1.962890625e-01,1.635416667e+04
glatt,handed,8.041992188e-01,1.958007812e-01,1.635416667e+04
glatt,handed,8.046875000e-01,1.953125000e-01,1.635416667e+04
glatt,handed,8.051757812e-01,1.948242188e-01,1.632580058e+04
glatt,handed,8.056640625e-01,1.943359375e-01,1.630321511e+04
glatt,handed,8.061523438e-01,1.938476562e-01,1.628647109e+04
glatt,handed,8.066406250e-01,1.933593750e-01,1.627561379e+04
glatt,handed,8.071289062e-01,1.928710938e-01,1.627067268e+04
glatt,handed,8.076171875e-01,1.923828125e-01,1.627166120e+04
glatt,handed,8.081054688e-01,1.918945312e-01,1.627857666e+04
glatt,handed,8.085937500e-01,1.914062500e-01,1.629140026e+04
glatt,handed,8.090820312e-01,1.909179688e-01,1.631009724e+04
glatt,handed,8.095703125e-01,1.904296875e-01,1.633461709e+04
glatt,handed,8.100585938e-01,1.899414062e-01,1.636489391e+04
glatt,handed,8.105468750e-01,1.894531250e-01,1.640084683e+04
glatt,handed,8.110351562e-01,1.889648438e-01,1.644238056e+04
glatt,handed,8.115234375e-01,1.884765625e-01,1.648938600e+04
glatt,handed,8.120117188e-01,1.879882812e-01,1.654174096e+04
glatt,handed,8.125000000e-01,1.875000000e-01,1.659931093e+04
glatt,handed,8.129882812e-01,1.870117188e-01,1.666283031e+04
glatt,handed,8.134765625e-01,1.865234375e-01,1.671959751e+04
glatt,handed,8.139648438e-01,1.860351562e-01,1.676977409e+04
glatt,handed,8.144531250e-01,1.855468750e-01,1.681350119e+04
glatt,handed,8.149414062e-01,1.850585938e-01,1.685090053e+04
glatt,handed,8.154296875e-01,1.845703125e-01,1.688207530e+04
glatt,handed,8.159179688e-01,1.840820312e-01,1.690711083e+04
glatt,handed,8.164062500e-01,1.835937500e-01,1.692607524e+04
glatt,handed,8.168945312e-01,1.831054688e-01,1.693901988e+04
glatt,handed,8.173828125e-01,1.826171875e-01,1.694597967e+04
glatt,handed,8.178710938e-01,1.821289062e-01,1.694697333e+04
glatt,handed,8.183593750e-01,1.816406250e-01,1.694200354e+04
glatt,handed,8.188476562e-01,1.811523438e-01,1.693105693e+04
glatt,handed,8.193359375e-01,1.806640625e-01,1.691410399e+04
glatt,handed,8.198242188e-01,1.801757812e-01,1.689109890e+04
glatt,handed,8.203125000e-01,1.796875000e-01,1.686197917e+04
glatt,handed,8.208007812e-01,1.791992188e-01,1.686197917e+04
glatt,handed,8.212890625e-01,1.787109375e-01,1.686197917e+04
glatt,handed,8.217773438e-01,1.782226562e-01,1.686197917e+04
glatt,handed,8.222656250e-01,1.777343750e-01,1.686197917e+04
glatt,handed,8.227539062e-01,1.772460938e-01,1.686197917e+04
glatt,handed,8.232421875e-01,1.767578125e-01,1.686197917e+04
glatt,handed,8.237304688e-01,1.762695312e-01,1.686197917e+04
glatt,handed,8.242187500e-01,1.757812500e-01,1.686197917e+04
glatt,handed,8.247070312e-01,1.752929688e-01,1.686197917e+04
glatt,handed,8.251953125e-01,1.748046875e-01,1.686197917e+04
glatt,handed,8.256835938e-01,1.743164062e-01,1.686197917e+04
glatt,handed,8.261718750e-01,1.738281250e-01,1.686197917e+04
glatt,handed,8.266601562e-01,1.733398438e-01,1.686197917e+04
glatt,handed,8.271484375e-01,1.728515625e-01,1.686197917e+04
glatt,handed,8.276367188e-01,1.723632812e-01,1.686197917e+04
glatt,handed,8.281250000e-01,1.718750000e-01,1.686197917e+04
glatt,handed,8.286132812e-01,1.713867188e-01,1.686197917e+04
glatt,handed,8.291015625e-01,1.708984375e-01,1.686197917e+04
glatt,handed,8.295898438e-01,1.704101562e-01,1.686197917e+04
glatt,handed,8.300781250e-01,1.699218750e-01,1.686197917e+04
glatt,handed,8.305664062e-01,1.694335938e-01,1.686197917e+04
glatt,handed,8.310546875e-01,1.689453125e-01,1.686197917e+04
glatt,handed,8.315429688e-01,1.684570312e-01,1.686197917e+04
glatt,handed,8.320312500e-01,1.679687500e-01,1.686197917e+04
glatt,handed,8.325195312e-01,1.674804688e-01,1.686197917e+04
glatt,handed,8.330078125e-01,1.669921875e-01,1.686197917e+04
glatt,handed,8.334960938e-01,1.665039062e-01,1.686197917e+04
glatt,handed,8.339843750e-01,1.660156250e-01,1.686197917e+04
glatt,handed,8.344726562e-01,1.655273438e-01,1.686197917e+04
glatt,handed,8.349609375e-01,1.650390625e-01,1.686197917e+04
glatt,handed,8.354492188e-01,1.645507812e-01,1.686197917e+04
glatt,handed,8.359375000e-01,1.640625000e-01,1.686197917e+04
glatt,handed,8.364257812e-01,1.635742188e-01,1.683252664e+04
glatt,handed,8.369140625e-01,1.630859375e-01,1.680907954e+04
glatt,handed,8.374023438e-01,1.625976562e-01,1.679169868e+04
glatt,handed,8.378906250e-01,1.621093750e-01,1.678042933e+04
glatt,handed,8.383789062e-01,1.616210938e-01,1.677530093e+04
glatt,handed,8.388671875e-01,1.611328125e-01,1.677632691e+04
glatt,handed,8.393554688e-01,1.606445312e-01,1.678350458e+04
glatt,handed,8.398437500e-01,1.601562500e-01,1.679681516e+04
glatt,handed,8.403320312e-01,1.596679688e-01,1.681622390e+04
glatt,handed,8.408203125e-01,1.591796875e-01,1.684168032e+04
glatt,handed,8.413085938e-01,1.586914062e-01,1.687311851e+04
glatt,handed,8.417968750e-01,1.582031250e-01,1.691045758e+04
glatt,handed,8.422851562e-01,1.577148438e-01,1.695360215e+04
glatt,handed,8.427734375e-01,1.572265625e-01,1.700244298e+04
glatt,handed,8.432617188e-01,1.567382812e-01,1.705685762e+04
glatt,handed,8.437500000e-01,1.562500000e-01,1.711671120e+04
glatt,handed,8.442382812e-01,1.557617188e-01,1.718259887e+04
glatt,handed,8.447265625e-01,1.552734375e-01,1.724150218e+04
glatt,handed,8.452148438e-01,1.547851562e-01,1.729358227e+04
glatt,handed,8.457031250e-01,1.542968750e-01,1.733897999e+04
glatt,handed,8.461914062e-01,1.538085938e-01,1.737781690e+04
glatt,handed,8.466796875e-01,1.533203125e-01,1.741019610e+04
glatt,handed,8.471679688e-01,1.528320312e-01,1.743620293e+04
glatt,handed,8.476562500e-01,1.523437500e-01,1.745590550e+04
glatt,handed,8.481445312e-01,1.518554688e-01,1.746935517e+04
glatt,handed,8.486328125e-01,1.513671875e-01,1.747658689e+04
glatt,handed,8.491210938e-01,1.508789062e-01,1.747761940e+04
glatt,handed,8.496093750e-01,1.503906250e-01,1.747245537e+04
glatt,handed,8.500976562e-01,1.499023438e-01,1.746108143e+04
glatt,handed,8.505859375e-01,1.494140625e-01,1.744346805e+04
glatt,handed,8.510742188e-01,1.489257812e-01,1.741956938e+04
glatt,handed,8.515625000e-01,1.484375000e-01,1.738932292e+04
glatt,handed,8.520507812e-01,1.479492188e-01,1.738932292e+04
glatt,handed,8.525390625e-01,1.474609375e-01,1.738932292e+04
glatt,handed,8.530273438e-01,1.469726562e-01,1.738932292e+04
glatt,handed,8.535156250e-01,1.464843750e-01,1.738932292e+04
glatt,handed,8.540039062e-01,1.459960938e-01,1.738932292e+04
glatt,handed,8.544921875e-01,1.455078125e-01,1.738932292e+04
glatt,handed,8.549804688e-01,1.450195312e-01,1.738932292e+04
glatt,handed,8.554687500e-01,1.445312500e-01,1.738932292e+04
glatt,handed,8.559570312e-01,1.440429688e-01,1.738932292e+04
glatt,handed,8.564453125e-01,1.435546875e-01,1.738932292e+04
glatt,handed,8.569335938e-01,1.430664062e-01,1.738932292e+04
glatt,handed,8.574218750e-01,1.425781250e-01,1.738932292e+04
glatt,handed,8.579101562e-01,1.420898438e-01,1.738932292e+04
glatt,handed,8.583984375e-01,1.416015625e-01,1.738932292e+04
glatt,handed,8.588867188e-01,1.411132812e-01,1.738932292e+04
glatt,handed,8.593750000e-01,1.406250000e-01,1.738932292e+04
glatt,handed,8.598632812e-01,1.401367188e-01,1.738932292e+04
glatt,handed,8.603515625e-01,1.396484375e-01,1.738932292e+04
glatt,handed,8.608398438e-01,1.391601562e-01,1.738932292e+04
glatt,handed,8.613281250e-01,1.386718750e-01,1.738932292e+04
glatt,handed,8.618164062e-01,1.381835938e-01,1.738932292e+04
glatt,handed,8.623046875e-01,1.376953125e-01,1.738932292e+04
glatt,handed,8.627929688e-01,1.372070312e-01,1.738932292e+04
glatt,handed,8.632812500e-01,1.367187500e-01,1.738932292e+04
glatt,handed,8.637695312e-01,1.362304688e-01,1.738932292e+04
glatt,handed,8.642578125e-01,1.357421875e-01,1.738932292e+04
glatt,handed,8.647460938e-01,1.352539062e-01,1.738932292e+04
glatt,handed,8.652343750e-01,1.347656250e-01,1.738932292e+04
glatt,handed,8.657226562e-01,1.342773438e-01,1.738932292e+04
glatt,handed,8.662109375e-01,1.337890625e-01,1.738932292e+04
glatt,handed,8.666992188e-01,1.333007812e-01,1.738932292e+04
glatt,handed,8.671875000e-01,1.328125000e-01,1.738932292e+04
glatt,handed,8.676757812e-01,1.323242188e-01,1.735878348e+04
glatt,handed,8.681640625e-01,1.318359375e-01,1.733447437e+04
glatt,handed,8.686523438e-01,1.313476562e-01,1.731645639e+04
glatt,handed,8.691406250e-01,1.308593750e-01,1.730477480e+04
glatt,handed,8.696289062e-01,1.303710938e-01,1.729945902e+04
glatt,handed,8.701171875e-01,1.298828125e-01,1.730052248e+04
glatt,handed,8.706054688e-01,1.293945312e-01,1.730796247e+04
glatt,handed,8.710937500e-01,1.289062500e-01,1.732176025e+04
glatt,handed,8.715820312e-01,1.284179688e-01,1.734188108e+04
glatt,handed,8.720703125e-01,1.279296875e-01,1.736827447e+04
glatt,handed,8.725585938e-01,1.274414062e-01,1.740087455e+04
glatt,handed,8.730468750e-01,1.269531250e-01,1.743960036e+04
glatt,handed,8.735351562e-01,1.264648438e-01,1.748435648e+04
glatt,handed,8.740234375e-01,1.259765625e-01,1.753503350e+04
glatt,handed,8.745117188e-01,1.254882812e-01,1.759150876e+04
glatt,handed,8.750000000e-01,1.250000000e-01,1.765364703e+04
glatt,handed,8.754882812e-01,1.245117188e-01,1.772190202e+04
glatt,handed,8.759765625e-01,1.240234375e-01,1.778294053e+04
glatt,handed,8.764648438e-01,1.235351562e-01,1.783692328e+04
glatt,handed,8.769531250e-01,1.230468750e-01,1.788399087e+04
glatt,handed,8.774414062e-01,1.225585938e-01,1.792426470e+04
glatt,handed,8.779296875e-01,1.220703125e-01,1.795784782e+04
glatt,handed,8.784179688e-01,1.215820312e-01,1.798482551e+04
glatt,handed,8.789062500e-01,1.210937500e-01,1.800526591e+04
glatt,handed,8.793945312e-01,1.206054688e-01,1.801922040e+04
glatt,handed,8.798828125e-01,1.201171875e-01,1.802672393e+04
glatt,handed,8.803710938e-01,1.196289062e-01,1.802779527e+04
glatt,handed,8.808593750e-01,1.191406250e-01,1.802243709e+04
glatt,handed,8.813476562e-01,1.186523438e-01,1.801063600e+04
glatt,handed,8.818359375e-01,1.181640625e-01,1.799236247e+04
glatt,handed,8.823242188e-01,1.176757812e-01,1.796757060e+04
glatt,handed,8.828125000e-01,1.171875000e-01,1.793619792e+04
glatt,handed,8.833007812e-01,1.166992188e-01,1.793619792e+04
glatt,handed,8.837890625e-01,1.162109375e-01,1.793619792e+04
glatt,handed,8.842773438e-01,1.157226562e-01,1.793619792e+04
glatt,handed,8.847656250e-01,1.152343750e-01,1.793619792e+04
glatt,handed,8.852539062e-01,1.147460938e-01,1.793619792e+04
glatt,handed,8.857421875e-01,1.142578125e-01,1.793619792e+04
glatt,handed,8.862304688e-01,1.137695312e-01,1.793619792e+04
glatt,handed,8.867187500e-01,1.132812500e-01,1.793619792e+04
glatt,handed,8.872070312e-01,1.127929688e-01,1.793619792e+04
glatt,handed,8.876953125e-01,1.123046875e-01,1.793619792e+04
glatt,handed,8.881835938e-01,1.118164062e-01,1.793619792e+04
glatt,handed,8.886718750e-01,1.113281250e-01,1.793619792e+04
glatt,handed,8.891601562e-01,1.108398438e-01,1.793619792e+04
glatt,handed,8.896484375e-01,1.103515625e-01,1.793619792e+04
glatt,handed,8.901367188e-01,1.098632812e-01,1.793619792e+04
glatt,handed,8.906250000e-01,1.093750000e-01,1.793619792e+04
glatt,handed,8.911132812e-01,1.088867188e-01,1.793619792e+04
glatt,handed,8.916015625e-01,1.083984375e-01,1.793619792e+04
glatt,handed,8.920898438e-01,1.079101562e-01,1.793619792e+04
glatt,handed,8.925781250e-01,1.074218750e-01,1.793619792e+04
glatt,handed,8.930664062e-01,1.069335938e-01,1.793619792e+04
glatt,handed,8.935546875e-01,1.064453125e-01,1.793619792e+04
glatt,handed,8.940429688e-01,1.059570312e-01,1.793619792e+04
glatt,handed,8.945312500e-01,1.054687500e-01,1.793619792e+04
glatt,handed,8.950195312e-01,1.049804688e-01,1.793619792e+04
glatt,handed,8.955078125e-01,1.044921875e-01,1.793619792e+04
glatt,handed,8.959960938e-01,1.040039062e-01,1.793619792e+04
glatt,handed,8.964843750e-01,1.035156250e-01,1.793619792e+04
glatt,handed,8.969726562e-01,1.030273438e-01,1.793619792e+04
glatt,handed,8.974609375e-01,1.025390625e-01,1.793619792e+04
glatt,handed,8.979492188e-01,1.020507812e-01,1.793619792e+04
glatt,handed,8.984375000e-01,1.015625000e-01,1.793619792e+04
glatt,handed,8.989257812e-01,1.010742188e-01,1.790457107e+04
glatt,handed,8.994140625e-01,1.005859375e-01,1.787939955e+04
glatt,handed,8.999023438e-01,1.000976562e-01,1.786074416e+04
glatt,handed,9.003906250e-01,9.960937500e-02,1.784865014e+04
glatt,handed,9.008789062e-01,9.912109375e-02,1.784314690e+04
glatt,handed,9.013671875e-01,9.863281250e-02,1.784424784e+04
glatt,handed,9.018554688e-01,9.814453125e-02,1.785195029e+04
glatt,handed,9.023437500e-01,9.765625000e-02,1.786623549e+04
glatt,handed,9.028320312e-01,9.716796875e-02,1.788706873e+04
glatt,handed,9.033203125e-01,9.667968750e-02,1.791439954e+04
glatt,handed,9.038085938e-01,9.619140625e-02,1.794816201e+04
glatt,handed,9.042968750e-01,9.570312500e-02,1.798827521e+04
glatt,handed,9.047851562e-01,9.521484375e-02,1.803464360e+04
glatt,handed,9.052734375e-01,9.472656250e-02,1.808715767e+04
glatt,handed,9.057617188e-01,9.423828125e-02,1.814569452e+04
glatt,handed,9.062500000e-01,9.375000000e-02,1.821011860e+04
glatt,handed,9.067382812e-01,9.326171875e-02,1.828073990e+04
glatt,handed,9.072265625e-01,9.277343750e-02,1.834391265e+04
glatt,handed,9.077148438e-01,9.228515625e-02,1.839979718e+04
glatt,handed,9.082031250e-01,9.179687500e-02,1.844853386e+04
glatt,handed,9.086914062e-01,9.130859375e-02,1.849024396e+04
glatt,handed,9.091796875e-01,9.082031250e-02,1.852503042e+04
glatt,handed,9.096679688e-01,9.033203125e-02,1.855297854e+04
glatt,handed,9.101562500e-01,8.984375000e-02,1.857415643e+04
glatt,handed,9.106445312e-01,8.935546875e-02,1.858861550e+04
glatt,handed,9.111328125e-01,8.886718750e-02,1.859639073e+04
glatt,handed,9.116210938e-01,8.837890625e-02,1.859750088e+04
glatt,handed,9.121093750e-01,8.789062500e-02,1.859194863e+04
glatt,handed,9.125976562e-01,8.740234375e-02,1.857972059e+04
glatt,handed,9.130859375e-01,8.691406250e-02,1.856078720e+04
glatt,handed,9.135742188e-01,8.642578125e-02,1.853510256e+04
glatt,handed,9.140625000e-01,8.593750000e-02,1.850260417e+04
glatt,handed,9.145507812e-01,8.544921875e-02,1.850260417e+04
glatt,handed,9.150390625e-01,8.496093750e-02,1.850260417e+04
glatt,handed,9.155273438e-01,8.447265625e-02,1.850260417e+04
glatt,handed,9.160156250e-01,8.398437500e-02,1.850260417e+04
glatt,handed,9.165039062e-01,8.349609375e-02,1.850260417e+04
glatt,handed,9.169921875e-01,8.300781250e-02,1.850260417e+04
glatt,handed,9.174804688e-01,8.251953125e-02,1.850260417e+04
glatt,handed,9.179687500e-01,8.203125000e-02,1.850260417e+04
glatt,handed,9.184570312e-01,8.154296875e-02,1.850260417e+04
glatt,handed,9.189453125e-01,8.105468750e-02,1.850260417e+04
glatt,handed,9.194335938e-01,8.056640625e-02,1.850260417e+04
glatt,handed,9.199218750e-01,8.007812500e-02,1.850260417e+04
glatt,handed,9.204101562e-01,7.958984375e-02,1.850260417e+04
glatt,handed,9.208984375e-01,7.910156250e-02,1.850260417e+04
glatt,handed,9.213867188e-01,7.861328125e-02,1.850260417e+04
glatt,handed,9.218750000e-01,7.812500000e-02,1.850260417e+04
glatt,handed,9.223632812e-01,7.763671875e-02,1.850260417e+04
glatt,handed,9.228515625e-01,7.714843750e-02,1.850260417e+04
glatt,handed,9.233398438e-01,7.666015625e-02,1.850260417e+04
glatt,handed,9.238281250e-01,7.617187500e-02,1.850260417e+04
glatt,handed,9.243164062e-01,7.568359375e-02,1.850260417e+04
glatt,handed,9.248046875e-01,7.519531250e-02,1.850260417e+04
glatt,handed,9.252929688e-01,7.470703125e-02,1.850260417e+04
glatt,handed,9.257812500e-01,7.421875000e-02,1.850260417e+04
glatt,handed,9.262695312e-01,7.373046875e-02,1.850260417e+04
glatt,handed,9.267578125e-01,7.324218750e-02,1.850260417e+04
glatt,handed,9.272460938e-01,7.275390625e-02,1.850260417e+04
glatt,handed,9.277343750e-01,7.226562500e-02,1.850260417e+04
glatt,handed,9.282226562e-01,7.177734375e-02,1.850260417e+04
glatt,handed,9.287109375e-01,7.128906250e-02,1.850260417e+04
glatt,handed,9.291992188e-01,7.080078125e-02,1.850260417e+04
glatt,handed,9.296875000e-01,7.031250000e-02,1.850260417e+04
glatt,handed,9.301757812e-01,6.982421875e-02,1.846988940e+04
glatt,handed,9.306640625e-01,6.933593750e-02,1.844385506e+04
glatt,handed,9.311523438e-01,6.884765625e-02,1.842456195e+04
glatt,handed,9.316406250e-01,6.835937500e-02,1.841205530e+04
glatt,handed,9.321289062e-01,6.787109375e-02,1.840636451e+04
glatt,handed,9.326171875e-01,6.738281250e-02,1.840750296e+04
glatt,handed,9.331054688e-01,6.689453125e-02,1.841546799e+04
glatt,handed,9.335937500e-01,6.640625000e-02,1.843024085e+04
glatt,handed,9.340820312e-01,6.591796875e-02,1.845178683e+04
glatt,handed,9.345703125e-01,6.542968750e-02,1.848005549e+04
glatt,handed,9.350585938e-01,6.494140625e-02,1.851498093e+04
glatt,handed,9.355468750e-01,6.445312500e-02,1.855648215e+04
glatt,handed,9.360351562e-01,6.396484375e-02,1.860446358e+04
glatt,handed,9.365234375e-01,6.347656250e-02,1.865881556e+04
glatt,handed,9.370117188e-01,6.298828125e-02,1.871941500e+04
glatt,handed,9.375000000e-01,6.250000000e-02,1.878612602e+04
glatt,handed,9.379882812e-01,6.201171875e-02,1.885911259e+04
glatt,handed,9.384765625e-01,6.152343750e-02,1.892441859e+04
glatt,handed,9.389648438e-01,6.103515625e-02,1.898220402e+04
glatt,handed,9.394531250e-01,6.054687500e-02,1.903260899e+04
glatt,handed,9.399414062e-01,6.005859375e-02,1.907575466e+04
glatt,handed,9.404296875e-01,5.957031250e-02,1.911174391e+04
glatt,handed,9.409179688e-01,5.908203125e-02,1.914066199e+04
glatt,handed,9.414062500e-01,5.859375000e-02,1.916257703e+04
glatt,handed,9.418945312e-01,5.810546875e-02,1.917754045e+04
glatt,handed,9.423828125e-01,5.761718750e-02,1.918558725e+04
glatt,handed,9.428710938e-01,5.712890625e-02,1.918673619e+04
glatt,handed,9.433593750e-01,5.664062500e-02,1.918098997e+04
glatt,handed,9.438476562e-01,5.615234375e-02,1.916833518e+04
glatt,handed,9.443359375e-01,5.566406250e-02,1.914874224e+04
glatt,handed,9.448242188e-01,5.517578125e-02,1.912216524e+04
glatt,handed,9.453125000e-01,5.468750000e-02,1.908854167e+04
glatt,handed,9.458007812e-01,5.419921875e-02,1.908854167e+04
glatt,handed,9.462890625e-01,5.371093750e-02,1.908854167e+04
glatt,handed,9.467773438e-01,5.322265625e-02,1.908854167e+04
glatt,handed,9.472656250e-01,5.273437500e-02,1.908854167e+04
glatt,handed,9.477539062e-01,5.224609375e-02,1.908854167e+04
glatt,handed,9.482421875e-01,5.175781250e-02,1.908854167e+04
glatt,handed,9.487304688e-01,5.126953125e-02,1.908854167e+04
glatt,handed,9.492187500e-01,5.078125000e-02,1.908854167e+04
glatt,handed,9.497070312e-01,5.029296875e-02,1.908854167e+04
glatt,handed,9.501953125e-01,4.980468750e-02,1.908854167e+04
glatt,handed,9.506835938e-01,4.931640625e-02,1.908854167e+04
glatt,handed,9.511718750e-01,4.882812500e-02,1.908854167e+04
glatt,handed,9.516601562e-01,4.833984375e-02,1.908854167e+04
glatt,handed,9.521484375e-01,4.785156250e-02,1.908854167e+04
glatt,handed,9.526367188e-01,4.736328125e-02,1.908854167e+04
glatt,handed,9.531250000e-01,4.687500000e-02,1.908854167e+04
glatt,handed,9.536132812e-01,4.638671875e-02,1.908854167e+04
glatt,handed,9.541015625e-01,4.589843750e-02,1.908854167e+04
glatt,handed,9.545898438e-01,4.541015625e-02,1.908854167e+04
glatt,handed,9.550781250e-01,4.492187500e-02,1.908854167e+04
glatt,handed,9.555664062e-01,4.443359375e-02,1.908854167e+04
glatt,handed,9.560546875e-01,4.394531250e-02,1.908854167e+04
glatt,handed,9.565429688e-01,4.345703125e-02,1.908854167e+04
glatt,handed,9.570312500e-01,4.296875000e-02,1.908854167e+04
glatt,handed,9.575195312e-01,4.248046875e-02,1.908854167e+04
glatt,handed,9.580078125e-01,4.199218750e-02,1.908854167e+04
glatt,handed,9.584960938e-01,4.150390625e-02,1.908854167e+04
glatt,handed,9.589843750e-01,4.101562500e-02,1.908854167e+04
glatt,handed,9.594726562e-01,4.052734375e-02,1.908854167e+04
glatt,handed,9.599609375e-01,4.003906250e-02,1.908854167e+04
glatt,handed,9.604492188e-01,3.955078125e-02,1.908854167e+04
glatt,handed,9.609375000e-01,3.906250000e-02,1.908854167e+04
glatt,handed,9.614257812e-01,3.857421875e-02,1.905904002e+04
glatt,handed,9.619140625e-01,3.808593750e-02,1.903556525e+04
glatt,handed,9.624023438e-01,3.759765625e-02,1.901817042e+04
glatt,handed,9.628906250e-01,3.710937500e-02,1.900689499e+04
glatt,handed,9.633789062e-01,3.662109375e-02,1.900176459e+04
glatt,handed,9.638671875e-01,3.613281250e-02,1.900279093e+04
glatt,handed,9.643554688e-01,3.564453125e-02,1.900997166e+04
glatt,handed,9.648437500e-01,3.515625000e-02,1.902329043e+04
glatt,handed,9.653320312e-01,3.466796875e-02,1.904271697e+04
glatt,handed,9.658203125e-01,3.417968750e-02,1.906820725e+04
glatt,handed,9.663085938e-01,3.369140625e-02,1.909970376e+04
glatt,handed,9.667968750e-01,3.320312500e-02,1.913713580e+04
glatt,handed,9.672851562e-01,3.271484375e-02,1.918041988e+04
glatt,handed,9.677734375e-01,3.222656250e-02,1.922946021e+04
glatt,handed,9.682617188e-01,3.173828125e-02,1.928414916e+04
glatt,handed,9.687500000e-01,3.125000000e-02,1.934436793e+04
glatt,handed,9.692382812e-01,3.076171875e-02,1.940986917e+04
glatt,handed,9.697265625e-01,3.027343750e-02,1.946849219e+04
glatt,handed,9.702148438e-01,2.978515625e-02,1.952037578e+04
glatt,handed,9.707031250e-01,2.929687500e-02,1.956564156e+04
glatt,handed,9.711914062e-01,2.880859375e-02,1.960439474e+04
glatt,handed,9.716796875e-01,2.832031250e-02,1.963672468e+04
glatt,handed,9.721679688e-01,2.783203125e-02,1.966270549e+04
glatt,handed,9.726562500e-01,2.734375000e-02,1.968239639e+04
glatt,handed,9.731445312e-01,2.685546875e-02,1.969584207e+04
glatt,handed,9.736328125e-01,2.636718750e-02,1.970307298e+04
glatt,handed,9.741210938e-01,2.587890625e-02,1.970410545e+04
glatt,handed,9.746093750e-01,2.539062500e-02,1.969894181e+04
glatt,handed,9.750976562e-01,2.490234375e-02,1.968757040e+04
glatt,handed,9.755859375e-01,2.441406250e-02,1.966996550e+04
glatt,handed,9.760742188e-01,2.392578125e-02,1.964608719e+04
glatt,handed,9.765625000e-01,2.343750000e-02,1.961588111e+04
glatt,handed,9.770507812e-01,2.294921875e-02,1.961588111e+04
glatt,handed,9.775390625e-01,2.246093750e-02,1.961588111e+04
glatt,handed,9.780273438e-01,2.197265625e-02,1.961588111e+04
glatt,handed,9.785156250e-01,2.148437500e-02,1.961588111e+04
glatt,handed,9.790039062e-01,2.099609375e-02,1.961588111e+04
glatt,handed,9.794921875e-01,2.050781250e-02,1.961588111e+04
glatt,handed,9.799804688e-01,2.001953125e-02,1.961588111e+04
glatt,handed,9.804687500e-01,1.953125000e-02,1.961588111e+04
glatt,handed,9.809570312e-01,1.904296875e-02,1.961588111e+04
glatt,handed,9.814453125e-01,1.855468750e-02,1.961588111e+04
glatt,handed,9.819335938e-01,1.806640625e-02,1.961588111e+04
glatt,handed,9.824218750e-01,1.757812500e-02,1.961588111e+04
glatt,handed,9.829101562e-01,1.708984375e-02,1.961588111e+04
glatt,handed,9.833984375e-01,1.660156250e-02,1.961588111e+04
glatt,handed,9.838867188e-01,1.611328125e-02,1.961588111e+04
glatt,handed,9.843750000e-01,1.562500000e-02,1.961588111e+04
glatt,handed,9.848632812e-01,1.513671875e-02,1.961588111e+04
glatt,handed,9.853515625e-01,1.464843750e-02,1.961588111e+04
glatt,handed,9.858398438e-01,1.416015625e-02,1.961588111e+04
glatt,handed,9.863281250e-01,1.367187500e-02,1.961588111e+04
glatt,handed,9.868164062e-01,1.318359375e-02,1.961588111e+04
glatt,handed,9.873046875e-01,1.269531250e-02,1.961588111e+04
glatt,handed,9.877929688e-01,1.220703125e-02,1.961588111e+04
glatt,handed,9.882812500e-01,1.171875000e-02,1.961588111e+04
glatt,handed,9.887695312e-01,1.123046875e-02,1.961588111e+04
glatt,handed,9.892578125e-01,1.074218750e-02,1.961588111e+04
glatt,handed,9.897460938e-01,1.025390625e-02,1.961588111e+04
glatt,handed,9.902343750e-01,9.765625000e-03,1.961588111e+04
glatt,handed,9.907226562e-01,9.277343750e-03,1.961588111e+04
glatt,handed,9.912109375e-01,8.789062500e-03,1.961588111e+04
glatt,handed,9.916992188e-01,8.300781250e-03,1.961588111e+04
glatt,handed,9.921875000e-01,7.812500000e-03,1.961588111e+04
glatt,handed,9.926757812e-01,7.324218750e-03,1.961588111e+04
glatt,handed,9.931640625e-01,6.835937500e-03,1.961588111e+04
glatt,handed,9.936523438e-01,6.347656250e-03,1.961588111e+04
glatt,handed,9.941406250e-01,5.859375000e-03,1.961588111e+04
glatt,handed,9.946289062e-01,5.371093750e-03,1.961588111e+04
glatt,handed,9.951171875e-01,4.882812500e-03,1.961588111e+04
glatt,handed,9.956054688e-01,4.394531250e-03,1.961588111e+04
glatt,handed,9.960937500e-01,3.906250000e-03,1.961588111e+04
glatt,handed,9.965820312e-01,3.417968750e-03,1.961588111e+04
glatt,handed,9.970703125e-01,2.929687500e-03,1.961588111e+04
glatt,handed,9.975585938e-01,2.441406250e-03,1.961588111e+04
glatt,handed,9.980468750e-01,1.953125000e-03,1.961588111e+04
glatt,handed,9.985351562e-01,1.464843750e-03,1.961588111e+04
glatt,handed,9.990234375e-01,9.765625000e-04,1.961588111e+04
glatt,handed,9.995117188e-01,4.882812500e-04,1.961588111e+04
glatt,handed,1.000000000e+00,0.000000000e+00,1.961588111e+04
glatt,cumulative,0.000000000e+00,nan,0.000000000e+00
glatt,cumulative,7.812500000e-03,nan,1.918724342e-10
glatt,cumulative,1.562500000e-02,nan,3.837448683e-10
glatt,cumulative,2.343750000e-02,nan,5.756173025e-10
glatt,cumulative,3.125000000e-02,nan,7.674897366e-10
glatt,cumulative,3.906250000e-02,nan,1.344230560e-09
glatt,cumulative,4.687500000e-02,nan,1.920971384e-09
glatt,cumulative,5.468750000e-02,nan,2.497712207e-09
glatt,cumulative,6.250000000e-02,nan,3.074453031e-09
glatt,cumulative,7.031250000e-02,nan,4.039432807e-09
glatt,cumulative,7.812500000e-02,nan,5.004412583e-09
glatt,cumulative,8.593750000e-02,nan,5.969392360e-09
glatt,cumulative,9.375000000e-02,nan,6.934372136e-09
glatt,cumulative,1.015625000e-01,nan,8.293208470e-09
glatt,cumulative,1.093750000e-01,nan,9.652044805e-09
glatt,cumulative,1.171875000e-01,nan,1.101088114e-08
glatt,cumulative,1.250000000e-01,nan,1.236971747e-08
glatt,cumulative,1.328125000e-01,nan,1.413027501e-08
glatt,cumulative,1.406250000e-01,nan,1.589083255e-08
glatt,cumulative,1.484375000e-01,nan,1.765139009e-08
glatt,cumulative,1.562500000e-01,nan,1.941194763e-08
glatt,cumulative,1.640625000e-01,nan,2.158433807e-08
glatt,cumulative,1.718750000e-01,nan,2.375672850e-08
glatt,cumulative,1.796875000e-01,nan,2.592911894e-08
glatt,cumulative,1.875000000e-01,nan,2.810150937e-08
glatt,cumulative,1.953125000e-01,nan,3.069809144e-08
glatt,cumulative,2.031250000e-01,nan,3.329467350e-08
glatt,cumulative,2.109375000e-01,nan,3.589125556e-08
glatt,cumulative,2.187500000e-01,nan,3.848783763e-08
glatt,cumulative,2.265625000e-01,nan,4.152321709e-08
glatt,cumulative,2.343750000e-01,nan,4.455859655e-08
glatt,cumulative,2.421875000e-01,nan,4.759397602e-08
glatt,cumulative,2.500000000e-01,nan,5.062935548e-08
glatt,cumulative,2.578125000e-01,nan,5.412038517e-08
glatt,cumulative,2.656250000e-01,nan,5.761141485e-08
glatt,cumulative,2.734375000e-01,nan,6.110244453e-08
glatt,cumulative,2.812500000e-01,nan,6.459347421e-08
glatt,cumulative,2.890625000e-01,nan,6.855925397e-08
glatt,cumulative,2.968750000e-01,nan,7.252503373e-08
glatt,cumulative,3.046875000e-01,nan,7.649081349e-08
glatt,cumulative,3.125000000e-01,nan,8.045659324e-08
glatt,cumulative,3.203125000e-01,nan,8.491846998e-08
glatt,cumulative,3.281250000e-01,nan,8.938034671e-08
glatt,cumulative,3.359375000e-01,nan,9.384222345e-08
glatt,cumulative,3.437500000e-01,nan,9.830410019e-08
glatt,cumulative,3.515625000e-01,nan,1.032856678e-07
glatt,cumulative,3.593750000e-01,nan,1.082672355e-07
glatt,cumulative,3.671875000e-01,nan,1.132488031e-07
glatt,cumulative,3.750000000e-01,nan,1.182303708e-07
glatt,cumulative,3.828125000e-01,nan,1.237574704e-07
glatt,cumulative,3.906250000e-01,nan,1.292845699e-07
glatt,cumulative,3.984375000e-01,nan,1.348116695e-07
glatt,cumulative,4.062500000e-01,nan,1.403387690e-07
glatt,cumulative,4.140625000e-01,nan,1.464394885e-07
glatt,cumulative,4.218750000e-01,nan,1.525402080e-07
glatt,cumulative,4.296875000e-01,nan,1.586409275e-07
glatt,cumulative,4.375000000e-01,nan,1.647416470e-07
glatt,cumulative,4.453125000e-01,nan,1.714463215e-07
glatt,cumulative,4.531250000e-01,nan,1.781509960e-07
glatt,cumulative,4.609375000e-01,nan,1.848556705e-07
glatt,cumulative,4.687500000e-01,nan,1.915603450e-07
glatt,cumulative,4.765625000e-01,nan,1.989015566e-07
glatt,cumulative,4.843750000e-01,nan,2.062427682e-07
glatt,cumulative,4.921875000e-01,nan,2.135839798e-07
glatt,cumulative,5.000000000e-01,nan,2.209251914e-07
glatt,cumulative,5.078125000e-01,nan,2.289377693e-07
glatt,cumulative,5.156250000e-01,nan,2.369503471e-07
glatt,cumulative,5.234375000e-01,nan,2.449629250e-07
glatt,cumulative,5.312500000e-01,nan,2.529755029e-07
glatt,cumulative,5.390625000e-01,nan,2.616965232e-07
glatt,cumulative,5.468750000e-01,nan,2.704175435e-07
glatt,cumulative,5.546875000e-01,nan,2.791385639e-07
glatt,cumulative,5.625000000e-01,nan,2.878595842e-07
glatt,cumulative,5.703125000e-01,nan,2.973283702e-07
glatt,cumulative,5.781250000e-01,nan,3.067971563e-07
glatt,cumulative,5.859375000e-01,nan,3.162659423e-07
glatt,cumulative,5.937500000e-01,nan,3.257347283e-07
glatt,cumulative,6.015625000e-01,nan,3.359928503e-07
glatt,cumulative,6.093750000e-01,nan,3.462509724e-07
glatt,cumulative,6.171875000e-01,nan,3.565090944e-07
glatt,cumulative,6.250000000e-01,nan,3.667672164e-07
glatt,cumulative,6.328125000e-01,nan,3.778584917e-07
glatt,cumulative,6.406250000e-01,nan,3.889497670e-07
glatt,cumulative,6.484375000e-01,nan,4.000410423e-07
glatt,cumulative,6.562500000e-01,nan,4.111323176e-07
glatt,cumulative,6.640625000e-01,nan,4.231028106e-07
glatt,cumulative,6.718750000e-01,nan,4.350733036e-07
glatt,cumulative,6.796875000e-01,nan,4.470437966e-07
glatt,cumulative,6.875000000e-01,nan,4.590142896e-07
glatt,cumulative,6.953125000e-01,nan,4.719123116e-07
glatt,cumulative,7.031250000e-01,nan,4.848103337e-07
glatt,cumulative,7.109375000e-01,nan,4.977083557e-07
glatt,cumulative,7.187500000e-01,nan,5.106063778e-07
glatt,cumulative,7.265625000e-01,nan,5.244824873e-07
glatt,cumulative,7.343750000e-01,nan,5.383585969e-07
glatt,cumulative,7.421875000e-01,nan,5.522347065e-07
glatt,cumulative,7.500000000e-01,nan,5.661108161e-07
glatt,cumulative,7.578125000e-01,nan,5.810178187e-07
glatt,cumulative,7.656250000e-01,nan,5.959248213e-07
glatt,cumulative,7.734375000e-01,nan,6.108318238e-07
glatt,cumulative,7.812500000e-01,nan,6.257388264e-07
glatt,cumulative,7.890625000e-01,nan,6.417317746e-07
glatt,cumulative,7.968750000e-01,nan,6.577247227e-07
glatt,cumulative,8.046875000e-01,nan,6.737176708e-07
glatt,cumulative,8.125000000e-01,nan,6.897106190e-07
glatt,cumulative,8.203125000e-01,nan,7.068468122e-07
glatt,cumulative,8.281250000e-01,nan,7.239830055e-07
glatt,cumulative,8.359375000e-01,nan,7.411191988e-07
glatt,cumulative,8.437500000e-01,nan,7.582553920e-07
glatt,cumulative,8.515625000e-01,nan,7.765943770e-07
glatt,cumulative,8.593750000e-01,nan,7.949333620e-07
glatt,cumulative,8.671875000e-01,nan,8.132723470e-07
glatt,cumulative,8.750000000e-01,nan,8.316113320e-07
glatt,cumulative,8.828125000e-01,nan,8.512149024e-07
glatt,cumulative,8.906250000e-01,nan,8.708184728e-07
glatt,cumulative,8.984375000e-01,nan,8.904220432e-07
glatt,cumulative,9.062500000e-01,nan,9.100256136e-07
glatt,cumulative,9.140625000e-01,nan,9.309578101e-07
glatt,cumulative,9.218750000e-01,nan,9.518900066e-07
glatt,cumulative,9.296875000e-01,nan,9.728222031e-07
glatt,cumulative,9.375000000e-01,nan,9.937543996e-07
glatt,cumulative,9.453125000e-01,nan,1.016081510e-06
glatt,cumulative,9.531250000e-01,nan,1.038408620e-06
glatt,cumulative,9.609375000e-01,nan,1.060735731e-06
glatt,cumulative,9.687500000e-01,nan,1.083062841e-06
glatt,cumulative,9.765625000e-01,nan,1.106759019e-06
glatt,cumulative,9.843750000e-01,nan,1.130455197e-06
glatt,cumulative,9.921875000e-01,nan,1.154151375e-06
glatt,cumulative,1.000000000e+00,nan,1.177847553e-06
feld,node,0.000000000e+00,1.000000000e+00,5.125000473e+03
feld,node,6.915856607e-02,9.308414339e-01,5.149471068e+03
feld,node,1.478092463e-01,8.521907537e-01,5.203554708e+03
feld,node,2.373136917e-01,7.626863083e-01,5.311136571e+03
feld,node,3.392170624e-01,6.607829376e-01,5.495759589e+03
feld,node,4.484073147e-01,5.515926853e-01,5.762213722e+03
feld,node,5.457577267e-01,4.542422733e-01,6.133452559e+03
feld,node,6.312340084e-01,3.687659916e-01,6.610417667e+03
feld,node,7.063739521e-01,2.936260479e-01,7.216983758e+03
feld,node,7.724099381e-01,2.275900619e-01,7.999985201e+03
feld,node,8.303922298e-01,1.696077702e-01,9.046533111e+03
feld,node,8.813438298e-01,1.186561702e-01,1.053290965e+04
feld,node,9.260959672e-01,7.390403282e-02,1.288757048e+04
feld,node,9.654212362e-01,3.457876383e-02,1.773805674e+04
feld,node,1.000000000e+00,0.000000000e+00,1.991962549e+04
feld,segment,0.000000000e+00,9.654207170e-01,5.141314203e+03
feld,segment,6.915856607e-02,9.654207170e-01,5.141314203e+03
feld,segment,6.915856607e-02,8.915160938e-01,5.179780435e+03
feld,segment,1.478092463e-01,8.915160938e-01,5.179780435e+03
feld,segment,1.478092463e-01,8.074385310e-01,5.261512731e+03
feld,segment,2.373136917e-01,8.074385310e-01,5.261512731e+03
feld,segment,2.373136917e-01,7.117346229e-01,5.408886850e+03
feld,segment,3.392170624e-01,7.117346229e-01,5.408886850e+03
feld,segment,3.392170624e-01,6.061878114e-01,5.635143185e+03
feld,segment,4.484073147e-01,6.061878114e-01,5.635143185e+03
feld,segment,4.484073147e-01,5.029174793e-01,5.953891868e+03
feld,segment,5.457577267e-01,5.029174793e-01,5.953891868e+03
feld,segment,5.457577267e-01,4.115041324e-01,6.377708193e+03
feld,segment,6.312340084e-01,4.115041324e-01,6.377708193e+03
feld,segment,6.312340084e-01,3.311960198e-01,6.919379674e+03
feld,segment,7.063739521e-01,3.311960198e-01,6.919379674e+03
feld,segment,7.063739521e-01,2.606080549e-01,7.614312046e+03
feld,segment,7.724099381e-01,2.606080549e-01,7.614312046e+03
feld,segment,7.724099381e-01,1.985989160e-01,8.529569068e+03
feld,segment,8.303922298e-01,1.985989160e-01,8.529569068e+03
feld,segment,8.303922298e-01,1.441319702e-01,9.797095303e+03
feld,segment,8.813438298e-01,1.441319702e-01,9.797095303e+03
feld,segment,8.813438298e-01,9.628010150e-02,1.171995695e+04
feld,segment,9.260959672e-01,9.628010150e-02,1.171995695e+04
feld,segment,9.260959672e-01,5.424139833e-02,1.532962081e+04
feld,segment,9.654212362e-01,5.424139833e-02,1.532962081e+04
feld,segment,9.654212362e-01,1.728938192e-02,1.883523804e+04
feld,segment,1.000000000e+00,1.728938192e-02,1.883523804e+04
feld,handed,0.000000000e+00,1.000000000e+00,5.141314203e+03
feld,handed,4.882812500e-04,9.995117188e-01,5.141314203e+03
feld,handed,9.765625000e-04,9.990234375e-01,5.141314203e+03
feld,handed,1.464843750e-03,9.985351563e-01,5.141314203e+03
feld,handed,1.953125000e-03,9.980468750e-01,5.141314203e+03
feld,handed,2.441406250e-03,9.975585937e-01,5.141314203e+03
feld,handed,2.929687500e-03,9.970703125e-01,5.141314203e+03
feld,handed,3.417968750e-03,9.965820312e-01,5.141314203e+03
feld,handed,3.906250000e-03,9.960937500e-01,5.141314203e+03
feld,handed,4.394531250e-03,9.956054688e-01,5.141314203e+03
feld,handed,4.882812500e-03,9.951171875e-01,5.141314203e+03
feld,handed,5.371093750e-03,9.946289062e-01,5.141314203e+03
feld,handed,5.859375000e-03,9.941406250e-01,5.141314203e+03
feld,handed,6.347656250e-03,9.936523437e-01,5.141314203e+03
feld,handed,6.835937500e-03,9.931640625e-01,5.141314203e+03
feld,handed,7.324218750e-03,9.926757812e-01,5.141314203e+03
feld,handed,7.812500000e-03,9.921875000e-01,5.141314203e+03
feld,handed,8.300781250e-03,9.916992188e-01,5.141314203e+03
feld,handed,8.789062500e-03,9.912109375e-01,5.141314203e+03
feld,handed,9.277343750e-03,9.907226562e-01,5.141314203e+03
feld,handed,9.765625000e-03,9.902343750e-01,5.141314203e+03
feld,handed,1.025390625e-02,9.897460938e-01,5.141314203e+03
feld,handed,1.074218750e-02,9.892578125e-01,5.141314203e+03
feld,handed,1.123046875e-02,9.887695312e-01,5.141314203e+03
feld,handed,1.171875000e-02,9.882812500e-01,5.141314203e+03
feld,handed,1.220703125e-02,9.877929688e-01,5.141314203e+03
feld,handed,1.269531250e-02,9.873046875e-01,5.141314203e+03
feld,handed,1.318359375e-02,9.868164062e-01,5.141314203e+03
feld,handed,1.367187500e-02,9.863281250e-01,5.141314203e+03
feld,handed,1.416015625e-02,9.858398438e-01,5.141314203e+03
feld,handed,1.464843750e-02,9.853515625e-01,5.141314203e+03
feld,handed,1.513671875e-02,9.848632812e-01,5.141314203e+03
feld,handed,1.562500000e-02,9.843750000e-01,5.141314203e+03
feld,handed,1.611328125e-02,9.838867188e-01,5.141314203e+03
feld,handed,1.660156250e-02,9.833984375e-01,5.141314203e+03
feld,handed,1.708984375e-02,9.829101562e-01,5.141314203e+03
feld,handed,1.757812500e-02,9.824218750e-01,5.141314203e+03
feld,handed,1.806640625e-02,9.819335938e-01,5.141314203e+03
feld,handed,1.855468750e-02,9.814453125e-01,5.141314203e+03
feld,handed,1.904296875e-02,9.809570312e-01,5.141314203e+03
feld,handed,1.953125000e-02,9.804687500e-01,5.141314203e+03
feld,handed,2.001953125e-02,9.799804688e-01,5.141314203e+03
feld,handed,2.050781250e-02,9.794921875e-01,5.141314203e+03
feld,handed,2.099609375e-02,9.790039062e-01,5.141314203e+03
feld,handed,2.148437500e-02,9.785156250e-01,5.141314203e+03
feld,handed,2.197265625e-02,9.780273438e-01,5.141314203e+03
feld,handed,2.246093750e-02,9.775390625e-01,5.141314203e+03
feld,handed,2.294921875e-02,9.770507812e-01,5.141314203e+03
feld,handed,2.343750000e-02,9.765625000e-01,5.141314203e+03
feld,handed,2.392578125e-02,9.760742188e-01,5.141314203e+03
feld,handed,2.441406250e-02,9.755859375e-01,5.141314203e+03
feld,handed,2.490234375e-02,9.750976562e-01,5.141314203e+03
feld,handed,2.539062500e-02,9.746093750e-01,5.141314203e+03
feld,handed,2.587890625e-02,9.741210938e-01,5.141314203e+03
feld,handed,2.636718750e-02,9.736328125e-01,5.141314203e+03
feld,handed,2.685546875e-02,9.731445313e-01,5.141314203e+03
feld,handed,2.734375000e-02,9.726562500e-01,5.141314203e+03
feld,handed,2.783203125e-02,9.721679688e-01,5.141314203e+03
feld,handed,2.832031250e-02,9.716796875e-01,5.141314203e+03
feld,handed,2.880859375e-02,9.711914062e-01,5.141314203e+03
feld,handed,2.929687500e-02,9.707031250e-01,5.141314203e+03
feld,handed,2.978515625e-02,9.702148438e-01,5.141314203e+03
feld,handed,3.027343750e-02,9.697265625e-01,5.141314203e+03
feld,handed,3.076171875e-02,9.692382813e-01,5.141314203e+03
feld,handed,3.125000000e-02,9.687500000e-01,5.141314203e+03
feld,handed,3.173828125e-02,9.682617187e-01,5.141314203e+03
feld,handed,3.222656250e-02,9.677734375e-01,5.141314203e+03
feld,handed,3.271484375e-02,9.672851562e-01,5.141314203e+03
feld,handed,3.320312500e-02,9.667968750e-01,5.141314203e+03
feld,handed,3.369140625e-02,9.663085938e-01,5.141314203e+03
feld,handed,3.417968750e-02,9.658203125e-01,5.141314203e+03
feld,handed,3.466796875e-02,9.653320312e-01,5.141314203e+03
feld,handed,3.515625000e-02,9.648437500e-01,5.141314203e+03
feld,handed,3.564453125e-02,9.643554687e-01,5.141314203e+03
feld,handed,3.613281250e-02,9.638671875e-01,5.141314203e+03
feld,handed,3.662109375e-02,9.633789062e-01,5.141314203e+03
feld,handed,3.710937500e-02,9.628906250e-01,5.141314203e+03
feld,handed,3.759765625e-02,9.624023438e-01,5.141314203e+03
feld,handed,3.808593750e-02,9.619140625e-01,5.141314203e+03
feld,handed,3.857421875e-02,9.614257812e-01,5.141314203e+03
feld,handed,3.906250000e-02,9.609375000e-01,5.141314203e+03
feld,handed,3.955078125e-02,9.604492188e-01,5.141314203e+03
feld,handed,4.003906250e-02,9.599609375e-01,5.141314203e+03
feld,handed,4.052734375e-02,9.594726562e-01,5.141314203e+03
feld,handed,4.101562500e-02,9.589843750e-01,5.141314203e+03
feld,handed,4.150390625e-02,9.584960938e-01,5.141314203e+03
feld,handed,4.199218750e-02,9.580078125e-01,5.141314203e+03
feld,handed,4.248046875e-02,9.575195312e-01,5.141314203e+03
feld,handed,4.296875000e-02,9.570312500e-01,5.141314203e+03
feld,handed,4.345703125e-02,9.565429688e-01,5.141314203e+03
feld,handed,4.394531250e-02,9.560546875e-01,5.141314203e+03
feld,handed,4.443359375e-02,9.555664062e-01,5.141314203e+03
feld,handed,4.492187500e-02,9.550781250e-01,5.141314203e+03
feld,handed,4.541015625e-02,9.545898438e-01,5.141314203e+03
feld,handed,4.589843750e-02,9.541015625e-01,5.141314203e+03
feld,handed,4.638671875e-02,9.536132812e-01,5.141314203e+03
feld,handed,4.687500000e-02,9.531250000e-01,5.141314203e+03
feld,handed,4.736328125e-02,9.526367188e-01,5.141314203e+03
feld,handed,4.785156250e-02,9.521484375e-01,5.141314203e+03
feld,handed,4.833984375e-02,9.516601562e-01,5.141314203e+03
feld,handed,4.882812500e-02,9.511718750e-01,5.141314203e+03
feld,handed,4.931640625e-02,9.506835938e-01,5.141314203e+03
feld,handed,4.980468750e-02,9.501953125e-01,5.141314203e+03
feld,handed,5.029296875e-02,9.497070312e-01,5.141314203e+03
feld,handed,5.078125000e-02,9.492187500e-01,5.141314203e+03
feld,handed,5.126953125e-02,9.487304688e-01,5.141314203e+03
feld,handed,5.175781250e-02,9.482421875e-01,5.141314203e+03
feld,handed,5.224609375e-02,9.477539062e-01,5.141314203e+03
feld,handed,5.273437500e-02,9.472656250e-01,5.141314203e+03
feld,handed,5.322265625e-02,9.467773438e-01,5.141314203e+03
feld,handed,5.371093750e-02,9.462890625e-01,5.141314203e+03
feld,handed,5.419921875e-02,9.458007812e-01,5.141314203e+03
feld,handed,5.468750000e-02,9.453125000e-01,5.141314203e+03
feld,handed,5.517578125e-02,9.448242188e-01,5.140550437e+03
feld,handed,5.566406250e-02,9.443359375e-01,5.139927440e+03
feld,handed,5.615234375e-02,9.438476563e-01,5.139456782e+03
feld,handed,5.664062500e-02,9.433593750e-01,5.139147495e+03
feld,handed,5.712890625e-02,9.428710938e-01,5.139005656e+03
feld,handed,5.761718750e-02,9.423828125e-01,5.139034087e+03
feld,handed,5.810546875e-02,9.418945312e-01,5.139232221e+03
feld,handed,5.859375000e-02,9.414062500e-01,5.139596127e+03
feld,handed,5.908203125e-02,9.409179688e-01,5.140118703e+03
feld,handed,5.957031250e-02,9.404296875e-01,5.140790019e+03
feld,handed,6.005859375e-02,9.399414063e-01,5.141597772e+03
feld,handed,6.054687500e-02,9.394531250e-01,5.142527824e+03
feld,handed,6.103515625e-02,9.389648437e-01,5.143564777e+03
feld,handed,6.152343750e-02,9.384765625e-01,5.144692548e+03
feld,handed,6.201171875e-02,9.379882812e-01,5.145894903e+03
feld,handed,6.250000000e-02,9.375000000e-01,5.147155934e+03
feld,handed,6.298828125e-02,9.370117188e-01,5.147518239e+03
feld,handed,6.347656250e-02,9.365234375e-01,5.148047935e+03
feld,handed,6.396484375e-02,9.360351563e-01,5.148737402e+03
feld,handed,6.445312500e-02,9.355468750e-01,5.149571629e+03
feld,handed,6.494140625e-02,9.350585937e-01,5.150529284e+03
feld,handed,6.542968750e-02,9.345703125e-01,5.151584464e+03
feld,handed,6.591796875e-02,9.340820312e-01,5.152708827e+03
feld,handed,6.640625000e-02,9.335937500e-01,5.153873776e+03
feld,handed,6.689453125e-02,9.331054688e-01,5.155052377e+03
feld,handed,6.738281250e-02,9.326171875e-01,5.156220803e+03
feld,handed,6.787109375e-02,9.321289062e-01,5.157359226e+03
feld,handed,6.835937500e-02,9.316406250e-01,5.158452167e+03
feld,handed,6.884765625e-02,9.311523437e-01,5.159488412e+03
feld,handed,6.933593750e-02,9.306640625e-01,5.160460625e+03
feld,handed,6.982421875e-02,9.301757812e-01,5.161364778e+03
feld,handed,7.031250000e-02,9.296875000e-01,5.162199527e+03
feld,handed,7.080078125e-02,9.291992188e-01,5.168284928e+03
feld,handed,7.128906250e-02,9.287109375e-01,5.172461626e+03
feld,handed,7.177734375e-02,9.282226562e-01,5.175459076e+03
feld,handed,7.226562500e-02,9.277343750e-01,5.177670668e+03
feld,handed,7.275390625e-02,9.272460938e-01,5.179326044e+03
feld,handed,7.324218750e-02,9.267578125e-01,5.180566943e+03
feld,handed,7.373046875e-02,9.262695312e-01,5.181484126e+03
feld,handed,7.421875000e-02,9.257812500e-01,5.182136722e+03
feld,handed,7.470703125e-02,9.252929688e-01,5.182562905e+03
feld,handed,7.519531250e-02,9.248046875e-01,5.182785922e+03
feld,handed,7.568359375e-02,9.243164062e-01,5.182817423e+03
feld,handed,7.617187500e-02,9.238281250e-01,5.182659025e+03
feld,handed,7.666015625e-02,9.233398438e-01,5.182302526e+03
feld,handed,7.714843750e-02,9.228515625e-01,5.181728812e+03
feld,handed,7.763671875e-02,9.223632812e-01,5.180905197e+03
feld,handed,7.812500000e-02,9.218750000e-01,5.179780435e+03
feld,handed,7.861328125e-02,9.213867188e-01,5.179780435e+03
feld,handed,7.910156250e-02,9.208984375e-01,5.179780435e+03
feld,handed,7.958984375e-02,9.204101562e-01,5.179780435e+03
feld,handed,8.007812500e-02,9.199218750e-01,5.179780435e+03
feld,handed,8.056640625e-02,9.194335938e-01,5.179780435e+03
feld,handed,8.105468750e-02,9.189453125e-01,5.179780435e+03
feld,handed,8.154296875e-02,9.184570312e-01,5.179780435e+03
feld,handed,8.203125000e-02,9.179687500e-01,5.179780435e+03
feld,handed,8.251953125e-02,9.174804688e-01,5.179780435e+03
feld,handed,8.300781250e-02,9.169921875e-01,5.179780435e+03
feld,handed,8.349609375e-02,9.165039062e-01,5.179780435e+03
feld,handed,8.398437500e-02,9.160156250e-01,5.179780435e+03
feld,handed,8.447265625e-02,9.155273438e-01,5.179780435e+03
feld,handed,8.496093750e-02,9.150390625e-01,5.179780435e+03
feld,handed,8.544921875e-02,9.145507812e-01,5.179780435e+03
feld,handed,8.593750000e-02,9.140625000e-01,5.179780435e+03
feld,handed,8.642578125e-02,9.135742188e-01,5.179780435e+03
feld,handed,8.691406250e-02,9.130859375e-01,5.179780435e+03
feld,handed,8.740234375e-02,9.125976562e-01,5.179780435e+03
feld,handed,8.789062500e-02,9.121093750e-01,5.179780435e+03
feld,handed,8.837890625e-02,9.116210938e-01,5.179780435e+03
feld,handed,8.886718750e-02,9.111328125e-01,5.179780435e+03
feld,handed,8.935546875e-02,9.106445313e-01,5.179780435e+03
feld,handed,8.984375000e-02,9.101562500e-01,5.179780435e+03
feld,handed,9.033203125e-02,9.096679688e-01,5.179780435e+03
feld,handed,9.082031250e-02,9.091796875e-01,5.179780435e+03
feld,handed,9.130859375e-02,9.086914062e-01,5.179780435e+03
feld,handed,9.179687500e-02,9.082031250e-01,5.179780435e+03
feld,handed,9.228515625e-02,9.077148438e-01,5.179780435e+03
feld,handed,9.277343750e-02,9.072265625e-01,5.179780435e+03
feld,handed,9.326171875e-02,9.067382813e-01,5.179780435e+03
feld,handed,9.375000000e-02,9.062500000e-01,5.179780435e+03
feld,handed,9.423828125e-02,9.057617187e-01,5.179780435e+03
feld,handed,9.472656250e-02,9.052734375e-01,5.179780435e+03
feld,handed,9.521484375e-02,9.047851562e-01,5.179780435e+03
feld,handed,9.570312500e-02,9.042968750e-01,5.179780435e+03
feld,handed,9.619140625e-02,9.038085938e-01,5.179780435e+03
feld,handed,9.667968750e-02,9.033203125e-01,5.179780435e+03
feld,handed,9.716796875e-02,9.028320312e-01,5.179780435e+03
feld,handed,9.765625000e-02,9.023437500e-01,5.179780435e+03
feld,handed,9.814453125e-02,9.018554687e-01,5.179780435e+03
feld,handed,9.863281250e-02,9.013671875e-01,5.179780435e+03
feld,handed,9.912109375e-02,9.008789062e-01,5.179780435e+03
feld,handed,9.960937500e-02,9.003906250e-01,5.179780435e+03
feld,handed,1.000976562e-01,8.999023438e-01,5.179780435e+03
feld,handed,1.005859375e-01,8.994140625e-01,5.179780435e+03
feld,handed,1.010742188e-01,8.989257812e-01,5.179780435e+03
feld,handed,1.015625000e-01,8.984375000e-01,5.179780435e+03
feld,handed,1.020507812e-01,8.979492188e-01,5.179780435e+03
feld,handed,1.025390625e-01,8.974609375e-01,5.179780435e+03
feld,handed,1.030273438e-01,8.969726562e-01,5.179780435e+03
feld,handed,1.035156250e-01,8.964843750e-01,5.179780435e+03
feld,handed,1.040039062e-01,8.959960938e-01,5.179780435e+03
feld,handed,1.044921875e-01,8.955078125e-01,5.179780435e+03
feld,handed,1.049804688e-01,8.950195312e-01,5.179780435e+03
feld,handed,1.054687500e-01,8.945312500e-01,5.179780435e+03
feld,handed,1.059570312e-01,8.940429688e-01,5.179780435e+03
feld,handed,1.064453125e-01,8.935546875e-01,5.179780435e+03
feld,handed,1.069335938e-01,8.930664062e-01,5.179780435e+03
feld,handed,1.074218750e-01,8.925781250e-01,5.179780435e+03
feld,handed,1.079101562e-01,8.920898438e-01,5.179780435e+03
feld,handed,1.083984375e-01,8.916015625e-01,5.179780435e+03
feld,handed,1.088867188e-01,8.911132812e-01,5.179780435e+03
feld,handed,1.093750000e-01,8.906250000e-01,5.179780435e+03
feld,handed,1.098632812e-01,8.901367188e-01,5.179780435e+03
feld,handed,1.103515625e-01,8.896484375e-01,5.179780435e+03
feld,handed,1.108398438e-01,8.891601562e-01,5.179780435e+03
feld,handed,1.113281250e-01,8.886718750e-01,5.179780435e+03
feld,handed,1.118164062e-01,8.881835938e-01,5.179780435e+03
feld,handed,1.123046875e-01,8.876953125e-01,5.179780435e+03
feld,handed,1.127929688e-01,8.872070312e-01,5.179780435e+03
feld,handed,1.132812500e-01,8.867187500e-01,5.179780435e+03
feld,handed,1.137695312e-01,8.862304688e-01,5.179780435e+03
feld,handed,1.142578125e-01,8.857421875e-01,5.179780435e+03
feld,handed,1.147460938e-01,8.852539062e-01,5.179780435e+03
feld,handed,1.152343750e-01,8.847656250e-01,5.179780435e+03
feld,handed,1.157226562e-01,8.842773438e-01,5.179780435e+03
feld,handed,1.162109375e-01,8.837890625e-01,5.179780435e+03
feld,handed,1.166992188e-01,8.833007812e-01,5.179780435e+03
feld,handed,1.171875000e-01,8.828125000e-01,5.179780435e+03
feld,handed,1.176757812e-01,8.823242188e-01,5.179780435e+03
feld,handed,1.181640625e-01,8.818359375e-01,5.179780435e+03
feld,handed,1.186523438e-01,8.813476563e-01,5.179780435e+03
feld,handed,1.191406250e-01,8.808593750e-01,5.179780435e+03
feld,handed,1.196289062e-01,8.803710938e-01,5.179780435e+03
feld,handed,1.201171875e-01,8.798828125e-01,5.179780435e+03
feld,handed,1.206054688e-01,8.793945312e-01,5.179780435e+03
feld,handed,1.210937500e-01,8.789062500e-01,5.179780435e+03
feld,handed,1.215820312e-01,8.784179688e-01,5.179780435e+03
feld,handed,1.220703125e-01,8.779296875e-01,5.179780435e+03
feld,handed,1.225585938e-01,8.774414063e-01,5.179780435e+03
feld,handed,1.230468750e-01,8.769531250e-01,5.179780435e+03
feld,handed,1.235351562e-01,8.764648437e-01,5.179780435e+03
feld,handed,1.240234375e-01,8.759765625e-01,5.179780435e+03
feld,handed,1.245117188e-01,8.754882812e-01,5.179780435e+03
feld,handed,1.250000000e-01,8.750000000e-01,5.179780435e+03
feld,handed,1.254882812e-01,8.745117188e-01,5.179780435e+03
feld,handed,1.259765625e-01,8.740234375e-01,5.179780435e+03
feld,handed,1.264648438e-01,8.735351563e-01,5.179780435e+03
feld,handed,1.269531250e-01,8.730468750e-01,5.179780435e+03
feld,handed,1.274414062e-01,8.725585937e-01,5.179780435e+03
feld,handed,1.279296875e-01,8.720703125e-01,5.179780435e+03
feld,handed,1.284179688e-01,8.715820312e-01,5.179780435e+03
feld,handed,1.289062500e-01,8.710937500e-01,5.179780435e+03
feld,handed,1.293945312e-01,8.706054688e-01,5.179780435e+03
feld,handed,1.298828125e-01,8.701171875e-01,5.179780435e+03
feld,handed,1.303710938e-01,8.696289062e-01,5.179780435e+03
feld,handed,1.308593750e-01,8.691406250e-01,5.179780435e+03
feld,handed,1.313476562e-01,8.686523437e-01,5.179780435e+03
feld,handed,1.318359375e-01,8.681640625e-01,5.179780435e+03
feld,handed,1.323242188e-01,8.676757812e-01,5.179780435e+03
feld,handed,1.328125000e-01,8.671875000e-01,5.179780435e+03
feld,handed,1.333007812e-01,8.666992188e-01,5.179157515e+03
feld,handed,1.337890625e-01,8.662109375e-01,5.178660424e+03
feld,handed,1.342773438e-01,8.657226562e-01,5.178291260e+03
feld,handed,1.347656250e-01,8.652343750e-01,5.178051591e+03
feld,handed,1.352539062e-01,8.647460938e-01,5.177942444e+03
feld,handed,1.357421875e-01,8.642578125e-01,5.177964283e+03
feld,handed,1.362304688e-01,8.637695312e-01,5.178117018e+03
feld,handed,1.367187500e-01,8.632812500e-01,5.178399992e+03
feld,handed,1.372070312e-01,8.627929688e-01,5.178812000e+03
feld,handed,1.376953125e-01,8.623046875e-01,5.179351292e+03
feld,handed,1.381835938e-01,8.618164062e-01,5.180015600e+03
feld,handed,1.386718750e-01,8.613281250e-01,5.180802155e+03
feld,handed,1.391601562e-01,8.608398438e-01,5.181707718e+03
feld,handed,1.396484375e-01,8.603515625e-01,5.182728614e+03
feld,handed,1.401367188e-01,8.598632812e-01,5.183860766e+03
feld,handed,1.406250000e-01,8.593750000e-01,5.185099734e+03
feld,handed,1.411132812e-01,8.588867188e-01,5.182427645e+03
feld,handed,1.416015625e-01,8.583984375e-01,5.180382864e+03
feld,handed,1.420898438e-01,8.579101562e-01,5.179032691e+03
feld,handed,1.425781250e-01,8.574218750e-01,5.178424823e+03
feld,handed,1.430664062e-01,8.569335938e-01,5.178583486e+03
feld,handed,1.435546875e-01,8.564453125e-01,5.179507347e+03
feld,handed,1.440429688e-01,8.559570312e-01,5.181169509e+03
feld,handed,1.445312500e-01,8.554687500e-01,5.183519617e+03
feld,handed,1.450195312e-01,8.549804688e-01,5.186487753e+03
feld,handed,1.455078125e-01,8.544921875e-01,5.189989573e+03
feld,handed,1.459960938e-01,8.540039062e-01,5.193932012e+03
feld,handed,1.464843750e-01,8.535156250e-01,5.198218894e+03
feld,handed,1.469726562e-01,8.530273438e-01,5.202755902e+03
feld,handed,1.474609375e-01,8.525390625e-01,5.207454557e+03
feld,handed,1.479492188e-01,8.520507812e-01,5.212235058e+03
feld,handed,1.484375000e-01,8.515625000e-01,5.217027987e+03
feld,handed,1.489257812e-01,8.510742188e-01,5.230135817e+03
feld,handed,1.494140625e-01,8.505859375e-01,5.240394983e+03
feld,handed,1.499023438e-01,8.500976562e-01,5.248510847e+03
feld,handed,1.503906250e-01,8.496093750e-01,5.254958249e+03
feld,handed,1.508789062e-01,8.491210938e-01,5.260065788e+03
feld,handed,1.513671875e-01,8.486328125e-01,5.264065055e+03
feld,handed,1.518554688e-01,8.481445313e-01,5.267120549e+03
feld,handed,1.523437500e-01,8.476562500e-01,5.269348394e+03
feld,handed,1.528320312e-01,8.471679688e-01,5.270828210e+03
feld,handed,1.533203125e-01,8.466796875e-01,5.271610589e+03
feld,handed,1.538085938e-01,8.461914062e-01,5.271721547e+03
feld,handed,1.542968750e-01,8.457031250e-01,5.271164736e+03
feld,handed,1.547851562e-01,8.452148438e-01,5.269921738e+03
feld,handed,1.552734375e-01,8.447265625e-01,5.267950529e+03
feld,handed,1.557617188e-01,8.442382813e-01,5.265181823e+03
feld,handed,1.562500000e-01,8.437500000e-01,5.261512731e+03
feld,handed,1.567382812e-01,8.432617187e-01,5.261512731e+03
feld,handed,1.572265625e-01,8.427734375e-01,5.261512731e+03
feld,handed,1.577148438e-01,8.422851562e-01,5.261512731e+03
feld,handed,1.582031250e-01,8.417968750e-01,5.261512731e+03
feld,handed,1.586914062e-01,8.413085938e-01,5.261512731e+03
feld,handed,1.591796875e-01,8.408203125e-01,5.261512731e+03
feld,handed,1.596679688e-01,8.403320312e-01,5.261512731e+03
feld,handed,1.601562500e-01,8.398437500e-01,5.261512731e+03
feld,handed,1.606445312e-01,8.393554687e-01,5.261512731e+03
feld,handed,1.611328125e-01,8.388671875e-01,5.261512731e+03
feld,handed,1.616210938e-01,8.383789062e-01,5.261512731e+03
feld,handed,1.621093750e-01,8.378906250e-01,5.261512731e+03
feld,handed,1.625976562e-01,8.374023438e-01,5.261512731e+03
feld,handed,1.630859375e-01,8.369140625e-01,5.261512731e+03
feld,handed,1.635742188e-01,8.364257812e-01,5.261512731e+03
feld,handed,1.640625000e-01,8.359375000e-01,5.261512731e+03
feld,handed,1.645507812e-01,8.354492188e-01,5.261512731e+03
feld,handed,1.650390625e-01,8.349609375e-01,5.261512731e+03
feld,handed,1.655273438e-01,8.344726562e-01,5.261512731e+03
feld,handed,1.660156250e-01,8.339843750e-01,5.261512731e+03
feld,handed,1.665039062e-01,8.334960938e-01,5.261512731e+03
feld,handed,1.669921875e-01,8.330078125e-01,5.261512731e+03
feld,handed,1.674804688e-01,8.325195312e-01,5.261512731e+03
feld,handed,1.679687500e-01,8.320312500e-01,5.261512731e+03
feld,handed,1.684570312e-01,8.315429688e-01,5.261512731e+03
feld,handed,1.689453125e-01,8.310546875e-01,5.261512731e+03
feld,handed,1.694335938e-01,8.305664062e-01,5.261512731e+03
feld,handed,1.699218750e-01,8.300781250e-01,5.261512731e+03
feld,handed,1.704101562e-01,8.295898438e-01,5.261512731e+03
feld,handed,1.708984375e-01,8.291015625e-01,5.261512731e+03
feld,handed,1.713867188e-01,8.286132812e-01,5.261512731e+03
feld,handed,1.718750000e-01,8.281250000e-01,5.261512731e+03
feld,handed,1.723632812e-01,8.276367188e-01,5.261512731e+03
feld,handed,1.728515625e-01,8.271484375e-01,5.261512731e+03
feld,handed,1.733398438e-01,8.266601562e-01,5.261512731e+03
feld,handed,1.738281250e-01,8.261718750e-01,5.261512731e+03
feld,handed,1.743164062e-01,8.256835938e-01,5.261512731e+03
feld,handed,1.748046875e-01,8.251953125e-01,5.261512731e+03
feld,handed,1.752929688e-01,8.247070312e-01,5.261512731e+03
feld,handed,1.757812500e-01,8.242187500e-01,5.261512731e+03
feld,handed,1.762695312e-01,8.237304688e-01,5.261512731e+03
feld,handed,1.767578125e-01,8.232421875e-01,5.261512731e+03
feld,handed,1.772460938e-01,8.227539062e-01,5.261512731e+03
feld,handed,1.777343750e-01,8.222656250e-01,5.261512731e+03
feld,handed,1.782226562e-01,8.217773438e-01,5.261512731e+03
feld,handed,1.787109375e-01,8.212890625e-01,5.261512731e+03
feld,handed,1.791992188e-01,8.208007812e-01,5.261512731e+03
feld,handed,1.796875000e-01,8.203125000e-01,5.261512731e+03
feld,handed,1.801757812e-01,8.198242188e-01,5.261512731e+03
feld,handed,1.806640625e-01,8.193359375e-01,5.261512731e+03
feld,handed,1.811523438e-01,8.188476563e-01,5.261512731e+03
feld,handed,1.816406250e-01,8.183593750e-01,5.261512731e+03
feld,handed,1.821289062e-01,8.178710938e-01,5.261512731e+03
feld,handed,1.826171875e-01,8.173828125e-01,5.261512731e+03
feld,handed,1.831054688e-01,8.168945312e-01,5.261512731e+03
feld,handed,1.835937500e-01,8.164062500e-01,5.261512731e+03
feld,handed,1.840820312e-01,8.159179688e-01,5.261512731e+03
feld,handed,1.845703125e-01,8.154296875e-01,5.261512731e+03
feld,handed,1.850585938e-01,8.149414063e-01,5.261512731e+03
feld,handed,1.855468750e-01,8.144531250e-01,5.261512731e+03
feld,handed,1.860351562e-01,8.139648437e-01,5.261512731e+03
feld,handed,1.865234375e-01,8.134765625e-01,5.261512731e+03
feld,handed,1.870117188e-01,8.129882812e-01,5.261512731e+03
feld,handed,1.875000000e-01,8.125000000e-01,5.261512731e+03
feld,handed,1.879882812e-01,8.120117188e-01,5.261512731e+03
feld,handed,1.884765625e-01,8.115234375e-01,5.261512731e+03
feld,handed,1.889648438e-01,8.110351563e-01,5.261512731e+03
feld,handed,1.894531250e-01,8.105468750e-01,5.261512731e+03
feld,handed,1.899414062e-01,8.100585937e-01,5.261512731e+03
feld,handed,1.904296875e-01,8.095703125e-01,5.261512731e+03
feld,handed,1.909179688e-01,8.090820312e-01,5.261512731e+03
feld,handed,1.914062500e-01,8.085937500e-01,5.261512731e+03
feld,handed,1.918945312e-01,8.081054688e-01,5.261512731e+03
feld,handed,1.923828125e-01,8.076171875e-01,5.261512731e+03
feld,handed,1.928710938e-01,8.071289062e-01,5.261512731e+03
feld,handed,1.933593750e-01,8.066406250e-01,5.261512731e+03
feld,handed,1.938476562e-01,8.061523437e-01,5.261512731e+03
feld,handed,1.943359375e-01,8.056640625e-01,5.261512731e+03
feld,handed,1.948242188e-01,8.051757812e-01,5.261512731e+03
feld,handed,1.953125000e-01,8.046875000e-01,5.261512731e+03
feld,handed,1.958007812e-01,8.041992188e-01,5.261512731e+03
feld,handed,1.962890625e-01,8.037109375e-01,5.261512731e+03
feld,handed,1.967773438e-01,8.032226562e-01,5.261512731e+03
feld,handed,1.972656250e-01,8.027343750e-01,5.261512731e+03
feld,handed,1.977539062e-01,8.022460938e-01,5.261512731e+03
feld,handed,1.982421875e-01,8.017578125e-01,5.261512731e+03
feld,handed,1.987304688e-01,8.012695312e-01,5.261512731e+03
feld,handed,1.992187500e-01,8.007812500e-01,5.261512731e+03
feld,handed,1.997070312e-01,8.002929688e-01,5.261512731e+03
feld,handed,2.001953125e-01,7.998046875e-01,5.261512731e+03
feld,handed,2.006835938e-01,7.993164062e-01,5.261512731e+03
feld,handed,2.011718750e-01,7.988281250e-01,5.261512731e+03
feld,handed,2.016601562e-01,7.983398438e-01,5.261512731e+03
feld,handed,2.021484375e-01,7.978515625e-01,5.261512731e+03
feld,handed,2.026367188e-01,7.973632812e-01,5.261512731e+03
feld,handed,2.031250000e-01,7.968750000e-01,5.261512731e+03
feld,handed,2.036132812e-01,7.963867188e-01,5.261512731e+03
feld,handed,2.041015625e-01,7.958984375e-01,5.261512731e+03
feld,handed,2.045898438e-01,7.954101562e-01,5.261512731e+03
feld,handed,2.050781250e-01,7.949218750e-01,5.261512731e+03
feld,handed,2.055664062e-01,7.944335938e-01,5.261512731e+03
feld,handed,2.060546875e-01,7.939453125e-01,5.261512731e+03
feld,handed,2.065429688e-01,7.934570312e-01,5.261512731e+03
feld,handed,2.070312500e-01,7.929687500e-01,5.261512731e+03
feld,handed,2.075195312e-01,7.924804688e-01,5.261512731e+03
feld,handed,2.080078125e-01,7.919921875e-01,5.261512731e+03
feld,handed,2.084960938e-01,7.915039062e-01,5.261512731e+03
feld,handed,2.089843750e-01,7.910156250e-01,5.261512731e+03
feld,handed,2.094726562e-01,7.905273438e-01,5.261512731e+03
feld,handed,2.099609375e-01,7.900390625e-01,5.261512731e+03
feld,handed,2.104492188e-01,7.895507812e-01,5.261512731e+03
feld,handed,2.109375000e-01,7.890625000e-01,5.261512731e+03
feld,handed,2.114257812e-01,7.885742188e-01,5.261512731e+03
feld,handed,2.119140625e-01,7.880859375e-01,5.261512731e+03
feld,handed,2.124023438e-01,7.875976562e-01,5.261512731e+03
feld,handed,2.128906250e-01,7.871093750e-01,5.261512731e+03
feld,handed,2.133789062e-01,7.866210938e-01,5.261512731e+03
feld,handed,2.138671875e-01,7.861328125e-01,5.261512731e+03
feld,handed,2.143554688e-01,7.856445313e-01,5.261512731e+03
feld,handed,2.148437500e-01,7.851562500e-01,5.261512731e+03
feld,handed,2.153320312e-01,7.846679688e-01,5.261512731e+03
feld,handed,2.158203125e-01,7.841796875e-01,5.261512731e+03
feld,handed,2.163085938e-01,7.836914062e-01,5.261512731e+03
feld,handed,2.167968750e-01,7.832031250e-01,5.261512731e+03
feld,handed,2.172851562e-01,7.827148438e-01,5.261512731e+03
feld,handed,2.177734375e-01,7.822265625e-01,5.261512731e+03
feld,handed,2.182617188e-01,7.817382813e-01,5.261512731e+03
feld,handed,2.187500000e-01,7.812500000e-01,5.261512731e+03
feld,handed,2.192382812e-01,7.807617187e-01,5.261512731e+03
feld,handed,2.197265625e-01,7.802734375e-01,5.261512731e+03
feld,handed,2.202148438e-01,7.797851562e-01,5.261512731e+03
feld,handed,2.207031250e-01,7.792968750e-01,5.261512731e+03
feld,handed,2.211914062e-01,7.788085938e-01,5.261512731e+03
feld,handed,2.216796875e-01,7.783203125e-01,5.261512731e+03
feld,handed,2.221679688e-01,7.778320312e-01,5.261512731e+03
feld,handed,2.226562500e-01,7.773437500e-01,5.261512731e+03
feld,handed,2.231445312e-01,7.768554687e-01,5.261512731e+03
feld,handed,2.236328125e-01,7.763671875e-01,5.261512731e+03
feld,handed,2.241210938e-01,7.758789062e-01,5.261512731e+03
feld,handed,2.246093750e-01,7.753906250e-01,5.261512731e+03
feld,handed,2.250976562e-01,7.749023438e-01,5.261512731e+03
feld,handed,2.255859375e-01,7.744140625e-01,5.261512731e+03
feld,handed,2.260742188e-01,7.739257812e-01,5.261512731e+03
feld,handed,2.265625000e-01,7.734375000e-01,5.261512731e+03
feld,handed,2.270507812e-01,7.729492188e-01,5.255645544e+03
feld,handed,2.275390625e-01,7.724609375e-01,5.250861838e+03
feld,handed,2.280273438e-01,7.719726562e-01,5.247249120e+03
feld,handed,2.285156250e-01,7.714843750e-01,5.244875660e+03
feld,handed,2.290039062e-01,7.709960938e-01,5.243787342e+03
feld,handed,2.294921875e-01,7.705078125e-01,5.244005483e+03
feld,handed,2.299804688e-01,7.700195312e-01,5.245525797e+03
feld,handed,2.304687500e-01,7.695312500e-01,5.248318602e+03
feld,handed,2.309570312e-01,7.690429688e-01,5.252330257e+03
feld,handed,2.314453125e-01,7.685546875e-01,5.257485691e+03
feld,handed,2.319335938e-01,7.680664062e-01,5.263691811e+03
feld,handed,2.324218750e-01,7.675781250e-01,5.270841512e+03
feld,handed,2.329101562e-01,7.670898438e-01,5.278817980e+03
feld,handed,2.333984375e-01,7.666015625e-01,5.287498992e+03
feld,handed,2.338867188e-01,7.661132812e-01,5.296760958e+03
feld,handed,2.343750000e-01,7.656250000e-01,5.306482504e+03
feld,handed,2.348632812e-01,7.651367188e-01,5.319387948e+03
feld,handed,2.353515625e-01,7.646484375e-01,5.330746108e+03
feld,handed,2.358398438e-01,7.641601562e-01,5.340728314e+03
feld,handed,2.363281250e-01,7.636718750e-01,5.349476336e+03
feld,handed,2.368164062e-01,7.631835938e-01,5.357107927e+03
feld,handed,2.373046875e-01,7.626953125e-01,5.363721102e+03
feld,handed,2.377929688e-01,7.622070312e-01,5.369397465e+03
feld,handed,2.382812500e-01,7.617187500e-01,5.374204814e+03
feld,handed,2.387695312e-01,7.612304688e-01,5.378199188e+03
feld,handed,2.392578125e-01,7.607421875e-01,5.381426473e+03
feld,handed,2.397460938e-01,7.602539062e-01,5.383923673e+03
feld,handed,2.402343750e-01,7.597656250e-01,5.385719888e+03
feld,handed,2.407226562e-01,7.592773438e-01,5.386837075e+03
feld,handed,2.412109375e-01,7.587890625e-01,5.387290605e+03
feld,handed,2.416992188e-01,7.583007812e-01,5.387089665e+03
feld,handed,2.421875000e-01,7.578125000e-01,5.386237499e+03
feld,handed,2.426757812e-01,7.573242188e-01,5.391922834e+03
feld,handed,2.431640625e-01,7.568359375e-01,5.396888411e+03
feld,handed,2.436523438e-01,7.563476562e-01,5.401189694e+03
feld,handed,2.441406250e-01,7.558593750e-01,5.404872804e+03
feld,handed,2.446289062e-01,7.553710938e-01,5.407975844e+03
feld,handed,2.451171875e-01,7.548828125e-01,5.410529934e+03
feld,handed,2.456054688e-01,7.543945312e-01,5.412560023e+03
feld,handed,2.460937500e-01,7.539062500e-01,5.414085520e+03
feld,handed,2.465820312e-01,7.534179688e-01,5.415120761e+03
feld,handed,2.470703125e-01,7.529296875e-01,5.415675361e+03
feld,handed,2.475585938e-01,7.524414062e-01,5.415754428e+03
feld,handed,2.480468750e-01,7.519531250e-01,5.415358689e+03
feld,handed,2.485351562e-01,7.514648438e-01,5.414484504e+03
feld,handed,2.490234375e-01,7.509765625e-01,5.413123779e+03
feld,handed,2.495117188e-01,7.504882812e-01,5.411263786e+03
feld,handed,2.500000000e-01,7.500000000e-01,5.408886850e+03
feld,handed,2.504882812e-01,7.495117188e-01,5.408886850e+03
feld,handed,2.509765625e-01,7.490234375e-01,5.408886850e+03
feld,handed,2.514648438e-01,7.485351562e-01,5.408886850e+03
feld,handed,2.519531250e-01,7.480468750e-01,5.408886850e+03
feld,handed,2.524414062e-01,7.475585938e-01,5.408886850e+03
feld,handed,2.529296875e-01,7.470703125e-01,5.408886850e+03
feld,handed,2.534179688e-01,7.465820312e-01,5.408886850e+03
feld,handed,2.539062500e-01,7.460937500e-01,5.408886850e+03
feld,handed,2.543945312e-01,7.456054688e-01,5.408886850e+03
feld,handed,2.548828125e-01,7.451171875e-01,5.408886850e+03
feld,handed,2.553710938e-01,7.446289062e-01,5.408886850e+03
feld,handed,2.558593750e-01,7.441406250e-01,5.408886850e+03
feld,handed,2.563476562e-01,7.436523438e-01,5.408886850e+03
feld,handed,2.568359375e-01,7.431640625e-01,5.408886850e+03
feld,handed,2.573242188e-01,7.426757812e-01,5.408886850e+03
feld,handed,2.578125000e-01,7.421875000e-01,5.408886850e+03
feld,handed,2.583007812e-01,7.416992188e-01,5.408886850e+03
feld,handed,2.587890625e-01,7.412109375e-01,5.408886850e+03
feld,handed,2.592773438e-01,7.407226562e-01,5.408886850e+03
feld,handed,2.597656250e-01,7.402343750e-01,5.408886850e+03
feld,handed,2.602539062e-01,7.397460938e-01,5.408886850e+03
feld,handed,2.607421875e-01,7.392578125e-01,5.408886850e+03
feld,handed,2.612304688e-01,7.387695312e-01,5.408886850e+03
feld,handed,2.617187500e-01,7.382812500e-01,5.408886850e+03
feld,handed,2.622070312e-01,7.377929688e-01,5.408886850e+03
feld,handed,2.626953125e-01,7.373046875e-01,5.408886850e+03
feld,handed,2.631835938e-01,7.368164062e-01,5.408886850e+03
feld,handed,2.636718750e-01,7.363281250e-01,5.408886850e+03
feld,handed,2.641601562e-01,7.358398438e-01,5.408886850e+03
feld,handed,2.646484375e-01,7.353515625e-01,5.408886850e+03
feld,handed,2.651367188e-01,7.348632812e-01,5.408886850e+03
feld,handed,2.656250000e-01,7.343750000e-01,5.408886850e+03
feld,handed,2.661132812e-01,7.338867188e-01,5.408886850e+03
feld,handed,2.666015625e-01,7.333984375e-01,5.408886850e+03
feld,handed,2.670898438e-01,7.329101562e-01,5.408886850e+03
feld,handed,2.675781250e-01,7.324218750e-01,5.408886850e+03
feld,handed,2.680664062e-01,7.319335938e-01,5.408886850e+03
feld,handed,2.685546875e-01,7.314453125e-01,5.408886850e+03
feld,handed,2.690429688e-01,7.309570312e-01,5.408886850e+03
feld,handed,2.695312500e-01,7.304687500e-01,5.408886850e+03
feld,handed,2.700195312e-01,7.299804688e-01,5.408886850e+03
feld,handed,2.705078125e-01,7.294921875e-01,5.408886850e+03
feld,handed,2.709960938e-01,7.290039062e-01,5.408886850e+03
feld,handed,2.714843750e-01,7.285156250e-01,5.408886850e+03
feld,handed,2.719726562e-01,7.280273438e-01,5.408886850e+03
feld,handed,2.724609375e-01,7.275390625e-01,5.408886850e+03
feld,handed,2.729492188e-01,7.270507812e-01,5.408886850e+03
feld,handed,2.734375000e-01,7.265625000e-01,5.408886850e+03
feld,handed,2.739257812e-01,7.260742188e-01,5.408886850e+03
feld,handed,2.744140625e-01,7.255859375e-01,5.408886850e+03
feld,handed,2.749023438e-01,7.250976562e-01,5.408886850e+03
feld,handed,2.753906250e-01,7.246093750e-01,5.408886850e+03
feld,handed,2.758789062e-01,7.241210938e-01,5.408886850e+03
feld,handed,2.763671875e-01,7.236328125e-01,5.408886850e+03
feld,handed,2.768554688e-01,7.231445312e-01,5.408886850e+03
feld,handed,2.773437500e-01,7.226562500e-01,5.408886850e+03
feld,handed,2.778320312e-01,7.221679688e-01,5.408886850e+03
feld,handed,2.783203125e-01,7.216796875e-01,5.408886850e+03
feld,handed,2.788085938e-01,7.211914062e-01,5.408886850e+03
feld,handed,2.792968750e-01,7.207031250e-01,5.408886850e+03
feld,handed,2.797851562e-01,7.202148438e-01,5.408886850e+03
feld,handed,2.802734375e-01,7.197265625e-01,5.408886850e+03
feld,handed,2.807617188e-01,7.192382812e-01,5.408886850e+03
feld,handed,2.812500000e-01,7.187500000e-01,5.408886850e+03
feld,handed,2.817382812e-01,7.182617188e-01,5.408886850e+03
feld,handed,2.822265625e-01,7.177734375e-01,5.408886850e+03
feld,handed,2.827148438e-01,7.172851562e-01,5.408886850e+03
feld,handed,2.832031250e-01,7.167968750e-01,5.408886850e+03
feld,handed,2.836914062e-01,7.163085938e-01,5.408886850e+03
feld,handed,2.841796875e-01,7.158203125e-01,5.408886850e+03
feld,handed,2.846679688e-01,7.153320312e-01,5.408886850e+03
feld,handed,2.851562500e-01,7.148437500e-01,5.408886850e+03
feld,handed,2.856445312e-01,7.143554688e-01,5.408886850e+03
feld,handed,2.861328125e-01,7.138671875e-01,5.408886850e+03
feld,handed,2.866210938e-01,7.133789062e-01,5.408886850e+03
feld,handed,2.871093750e-01,7.128906250e-01,5.408886850e+03
feld,handed,2.875976562e-01,7.124023438e-01,5.408886850e+03
feld,handed,2.880859375e-01,7.119140625e-01,5.408886850e+03
feld,handed,2.885742188e-01,7.114257812e-01,5.408886850e+03
feld,handed,2.890625000e-01,7.109375000e-01,5.408886850e+03
feld,handed,2.895507812e-01,7.104492188e-01,5.408886850e+03
feld,handed,2.900390625e-01,7.099609375e-01,5.408886850e+03
feld,handed,2.905273438e-01,7.094726562e-01,5.408886850e+03
feld,handed,2.910156250e-01,7.089843750e-01,5.408886850e+03
feld,handed,2.915039062e-01,7.084960938e-01,5.408886850e+03
feld,handed,2.919921875e-01,7.080078125e-01,5.408886850e+03
feld,handed,2.924804688e-01,7.075195312e-01,5.408886850e+03
feld,handed,2.929687500e-01,7.070312500e-01,5.408886850e+03
feld,handed,2.934570312e-01,7.065429688e-01,5.408886850e+03
feld,handed,2.939453125e-01,7.060546875e-01,5.408886850e+03
feld,handed,2.944335938e-01,7.055664062e-01,5.408886850e+03
feld,handed,2.949218750e-01,7.050781250e-01,5.408886850e+03
feld,handed,2.954101562e-01,7.045898438e-01,5.408886850e+03
feld,handed,2.958984375e-01,7.041015625e-01,5.408886850e+03
feld,handed,2.963867188e-01,7.036132812e-01,5.408886850e+03
feld,handed,2.968750000e-01,7.031250000e-01,5.408886850e+03
feld,handed,2.973632812e-01,7.026367188e-01,5.408886850e+03
feld,handed,2.978515625e-01,7.021484375e-01,5.408886850e+03
feld,handed,2.983398438e-01,7.016601562e-01,5.408886850e+03
feld,handed,2.988281250e-01,7.011718750e-01,5.408886850e+03
feld,handed,2.993164062e-01,7.006835938e-01,5.408886850e+03
feld,handed,2.998046875e-01,7.001953125e-01,5.408886850e+03
feld,handed,3.002929688e-01,6.997070312e-01,5.408886850e+03
feld,handed,3.007812500e-01,6.992187500e-01,5.408886850e+03
feld,handed,3.012695312e-01,6.987304688e-01,5.408886850e+03
feld,handed,3.017578125e-01,6.982421875e-01,5.408886850e+03
feld,handed,3.022460938e-01,6.977539062e-01,5.408886850e+03
feld,handed,3.027343750e-01,6.972656250e-01,5.408886850e+03
feld,handed,3.032226562e-01,6.967773438e-01,5.408886850e+03
feld,handed,3.037109375e-01,6.962890625e-01,5.408886850e+03
feld,handed,3.041992188e-01,6.958007812e-01,5.408886850e+03
feld,handed,3.046875000e-01,6.953125000e-01,5.408886850e+03
feld,handed,3.051757812e-01,6.948242188e-01,5.408886850e+03
feld,handed,3.056640625e-01,6.943359375e-01,5.408886850e+03
feld,handed,3.061523438e-01,6.938476562e-01,5.408886850e+03
feld,handed,3.066406250e-01,6.933593750e-01,5.408886850e+03
feld,handed,3.071289062e-01,6.928710938e-01,5.408886850e+03
feld,handed,3.076171875e-01,6.923828125e-01,5.408886850e+03
feld,handed,3.081054688e-01,6.918945312e-01,5.408886850e+03
feld,handed,3.085937500e-01,6.914062500e-01,5.408886850e+03
feld,handed,3.090820312e-01,6.909179688e-01,5.408886850e+03
feld,handed,3.095703125e-01,6.904296875e-01,5.408886850e+03
feld,handed,3.100585938e-01,6.899414062e-01,5.408886850e+03
feld,handed,3.105468750e-01,6.894531250e-01,5.408886850e+03
feld,handed,3.110351562e-01,6.889648438e-01,5.408886850e+03
feld,handed,3.115234375e-01,6.884765625e-01,5.408886850e+03
feld,handed,3.120117188e-01,6.879882812e-01,5.408886850e+03
feld,handed,3.125000000e-01,6.875000000e-01,5.408886850e+03
feld,handed,3.129882812e-01,6.870117188e-01,5.408886850e+03
feld,handed,3.134765625e-01,6.865234375e-01,5.408886850e+03
feld,handed,3.139648438e-01,6.860351562e-01,5.408886850e+03
feld,handed,3.144531250e-01,6.855468750e-01,5.408886850e+03
feld,handed,3.149414062e-01,6.850585938e-01,5.408886850e+03
feld,handed,3.154296875e-01,6.845703125e-01,5.408886850e+03
feld,handed,3.159179688e-01,6.840820312e-01,5.408886850e+03
feld,handed,3.164062500e-01,6.835937500e-01,5.408886850e+03
feld,handed,3.168945312e-01,6.831054688e-01,5.408886850e+03
feld,handed,3.173828125e-01,6.826171875e-01,5.408886850e+03
feld,handed,3.178710938e-01,6.821289062e-01,5.408886850e+03
feld,handed,3.183593750e-01,6.816406250e-01,5.408886850e+03
feld,handed,3.188476562e-01,6.811523438e-01,5.408886850e+03
feld,handed,3.193359375e-01,6.806640625e-01,5.408886850e+03
feld,handed,3.198242188e-01,6.801757812e-01,5.408886850e+03
feld,handed,3.203125000e-01,6.796875000e-01,5.408886850e+03
feld,handed,3.208007812e-01,6.791992188e-01,5.408886850e+03
feld,handed,3.212890625e-01,6.787109375e-01,5.408886850e+03
feld,handed,3.217773438e-01,6.782226562e-01,5.408886850e+03
feld,handed,3.222656250e-01,6.777343750e-01,5.408886850e+03
feld,handed,3.227539062e-01,6.772460938e-01,5.408886850e+03
feld,handed,3.232421875e-01,6.767578125e-01,5.408886850e+03
feld,handed,3.237304688e-01,6.762695312e-01,5.408886850e+03
feld,handed,3.242187500e-01,6.757812500e-01,5.408886850e+03
feld,handed,3.247070312e-01,6.752929688e-01,5.408886850e+03
feld,handed,3.251953125e-01,6.748046875e-01,5.408886850e+03
feld,handed,3.256835938e-01,6.743164062e-01,5.408886850e+03
feld,handed,3.261718750e-01,6.738281250e-01,5.408886850e+03
feld,handed,3.266601562e-01,6.733398438e-01,5.408886850e+03
feld,handed,3.271484375e-01,6.728515625e-01,5.408886850e+03
feld,handed,3.276367188e-01,6.723632812e-01,5.408886850e+03
feld,handed,3.281250000e-01,6.718750000e-01,5.408886850e+03
feld,handed,3.286132812e-01,6.713867188e-01,5.400618468e+03
feld,handed,3.291015625e-01,6.708984375e-01,5.393930337e+03
feld,handed,3.295898438e-01,6.704101562e-01,5.388910798e+03
feld,handed,3.300781250e-01,6.699218750e-01,5.385627695e+03
feld,handed,3.305664062e-01,6.694335938e-01,5.384126124e+03
feld,handed,3.310546875e-01,6.689453125e-01,5.384426903e+03
feld,handed,3.315429688e-01,6.684570312e-01,5.386525853e+03
feld,handed,3.320312500e-01,6.679687500e-01,5.390393942e+03
feld,handed,3.325195312e-01,6.674804688e-01,5.395978281e+03
feld,handed,3.330078125e-01,6.669921875e-01,5.403203913e+03
feld,handed,3.334960938e-01,6.665039062e-01,5.411976271e+03
feld,handed,3.339843750e-01,6.660156250e-01,5.422184176e+03
feld,handed,3.344726562e-01,6.655273438e-01,5.433703189e+03
feld,handed,3.349609375e-01,6.650390625e-01,5.446399143e+03
feld,handed,3.354492188e-01,6.645507812e-01,5.460131693e+03
feld,handed,3.359375000e-01,6.640625000e-01,5.474757714e+03
feld,handed,3.364257812e-01,6.635742188e-01,5.490634322e+03
feld,handed,3.369140625e-01,6.630859375e-01,5.505029781e+03
feld,handed,3.374023438e-01,6.625976562e-01,5.518054354e+03
feld,handed,3.378906250e-01,6.621093750e-01,5.529804221e+03
feld,handed,3.383789062e-01,6.616210938e-01,5.540363360e+03
feld,handed,3.388671875e-01,6.611328125e-01,5.549805107e+03
feld,handed,3.393554688e-01,6.606445312e-01,5.558193462e+03
feld,handed,3.398437500e-01,6.601562500e-01,5.565584180e+03
feld,handed,3.403320312e-01,6.596679688e-01,5.572025681e+03
feld,handed,3.408203125e-01,6.591796875e-01,5.577559819e+03
feld,handed,3.413085938e-01,6.586914062e-01,5.582222518e+03
feld,handed,3.417968750e-01,6.582031250e-01,5.586044309e+03
feld,handed,3.422851562e-01,6.577148438e-01,5.589050777e+03
feld,handed,3.427734375e-01,6.572265625e-01,5.591262923e+03
feld,handed,3.432617188e-01,6.567382812e-01,5.592697462e+03
feld,handed,3.437500000e-01,6.562500000e-01,5.593367061e+03
feld,handed,3.442382812e-01,6.557617188e-01,5.603794995e+03
feld,handed,3.447265625e-01,6.552734375e-01,5.612934725e+03
feld,handed,3.452148438e-01,6.547851562e-01,5.620875947e+03
feld,handed,3.457031250e-01,6.542968750e-01,5.627693808e+03
feld,handed,3.461914062e-01,6.538085938e-01,5.633450781e+03
feld,handed,3.466796875e-01,6.533203125e-01,5.638198175e+03
feld,handed,3.471679688e-01,6.528320312e-01,5.641977317e+03
feld,handed,3.476562500e-01,6.523437500e-01,5.644820471e+03
feld,handed,3.481445312e-01,6.518554688e-01,5.646751548e+03
feld,handed,3.486328125e-01,6.513671875e-01,5.647786610e+03
feld,handed,3.491210938e-01,6.508789062e-01,5.647934206e+03
feld,handed,3.496093750e-01,6.503906250e-01,5.647195552e+03
feld,handed,3.500976562e-01,6.499023438e-01,5.645564555e+03
feld,handed,3.505859375e-01,6.494140625e-01,5.643027686e+03
feld,handed,3.510742188e-01,6.489257812e-01,5.639563701e+03
feld,handed,3.515625000e-01,6.484375000e-01,5.635143185e+03
feld,handed,3.520507812e-01,6.479492188e-01,5.635143185e+03
feld,handed,3.525390625e-01,6.474609375e-01,5.635143185e+03
feld,handed,3.530273438e-01,6.469726562e-01,5.635143185e+03
feld,handed,3.535156250e-01,6.464843750e-01,5.635143185e+03
feld,handed,3.540039062e-01,6.459960938e-01,5.635143185e+03
feld,handed,3.544921875e-01,6.455078125e-01,5.635143185e+03
feld,handed,3.549804688e-01,6.450195312e-01,5.635143185e+03
feld,handed,3.554687500e-01,6.445312500e-01,5.635143185e+03
feld,handed,3.559570312e-01,6.440429688e-01,5.635143185e+03
feld,handed,3.564453125e-01,6.435546875e-01,5.635143185e+03
feld,handed,3.569335938e-01,6.430664062e-01,5.635143185e+03
feld,handed,3.574218750e-01,6.425781250e-01,5.635143185e+03
feld,handed,3.579101562e-01,6.420898438e-01,5.635143185e+03
feld,handed,3.583984375e-01,6.416015625e-01,5.635143185e+03
feld,handed,3.588867188e-01,6.411132812e-01,5.635143185e+03
feld,handed,3.593750000e-01,6.406250000e-01,5.635143185e+03
feld,handed,3.598632812e-01,6.401367188e-01,5.635143185e+03
feld,handed,3.603515625e-01,6.396484375e-01,5.635143185e+03
feld,handed,3.608398438e-01,6.391601562e-01,5.635143185e+03
feld,handed,3.613281250e-01,6.386718750e-01,5.635143185e+03
feld,handed,3.618164062e-01,6.381835938e-01,5.635143185e+03
feld,handed,3.623046875e-01,6.376953125e-01,5.635143185e+03
feld,handed,3.627929688e-01,6.372070312e-01,5.635143185e+03
feld,handed,3.632812500e-01,6.367187500e-01,5.635143185e+03
feld,handed,3.637695312e-01,6.362304688e-01,5.635143185e+03
feld,handed,3.642578125e-01,6.357421875e-01,5.635143185e+03
feld,handed,3.647460938e-01,6.352539062e-01,5.635143185e+03
feld,handed,3.652343750e-01,6.347656250e-01,5.635143185e+03
feld,handed,3.657226562e-01,6.342773438e-01,5.635143185e+03
feld,handed,3.662109375e-01,6.337890625e-01,5.635143185e+03
feld,handed,3.666992188e-01,6.333007812e-01,5.635143185e+03
feld,handed,3.671875000e-01,6.328125000e-01,5.635143185e+03
feld,handed,3.676757812e-01,6.323242188e-01,5.635143185e+03
feld,handed,3.681640625e-01,6.318359375e-01,5.635143185e+03
feld,handed,3.686523438e-01,6.313476562e-01,5.635143185e+03
feld,handed,3.691406250e-01,6.308593750e-01,5.635143185e+03
feld,handed,3.696289062e-01,6.303710938e-01,5.635143185e+03
feld,handed,3.701171875e-01,6.298828125e-01,5.635143185e+03
feld,handed,3.706054688e-01,6.293945312e-01,5.635143185e+03
feld,handed,3.710937500e-01,6.289062500e-01,5.635143185e+03
feld,handed,3.715820312e-01,6.284179688e-01,5.635143185e+03
feld,handed,3.720703125e-01,6.279296875e-01,5.635143185e+03
feld,handed,3.725585938e-01,6.274414062e-01,5.635143185e+03
feld,handed,3.730468750e-01,6.269531250e-01,5.635143185e+03
feld,handed,3.735351562e-01,6.264648438e-01,5.635143185e+03
feld,handed,3.740234375e-01,6.259765625e-01,5.635143185e+03
feld,handed,3.745117188e-01,6.254882812e-01,5.635143185e+03
feld,handed,3.750000000e-01,6.250000000e-01,5.635143185e+03
feld,handed,3.754882812e-01,6.245117188e-01,5.635143185e+03
feld,handed,3.759765625e-01,6.240234375e-01,5.635143185e+03
feld,handed,3.764648438e-01,6.235351562e-01,5.635143185e+03
feld,handed,3.769531250e-01,6.230468750e-01,5.635143185e+03
feld,handed,3.774414062e-01,6.225585938e-01,5.635143185e+03
feld,handed,3.779296875e-01,6.220703125e-01,5.635143185e+03
feld,handed,3.784179688e-01,6.215820312e-01,5.635143185e+03
feld,handed,3.789062500e-01,6.210937500e-01,5.635143185e+03
feld,handed,3.793945312e-01,6.206054688e-01,5.635143185e+03
feld,handed,3.798828125e-01,6.201171875e-01,5.635143185e+03
feld,handed,3.803710938e-01,6.196289062e-01,5.635143185e+03
feld,handed,3.808593750e-01,6.191406250e-01,5.635143185e+03
feld,handed,3.813476562e-01,6.186523438e-01,5.635143185e+03
feld,handed,3.818359375e-01,6.181640625e-01,5.635143185e+03
feld,handed,3.823242188e-01,6.176757812e-01,5.635143185e+03
feld,handed,3.828125000e-01,6.171875000e-01,5.635143185e+03
feld,handed,3.833007812e-01,6.166992188e-01,5.635143185e+03
feld,handed,3.837890625e-01,6.162109375e-01,5.635143185e+03
feld,handed,3.842773438e-01,6.157226562e-01,5.635143185e+03
feld,handed,3.847656250e-01,6.152343750e-01,5.635143185e+03
feld,handed,3.852539062e-01,6.147460938e-01,5.635143185e+03
feld,handed,3.857421875e-01,6.142578125e-01,5.635143185e+03
feld,handed,3.862304688e-01,6.137695312e-01,5.635143185e+03
feld,handed,3.867187500e-01,6.132812500e-01,5.635143185e+03
feld,handed,3.872070312e-01,6.127929688e-01,5.635143185e+03
feld,handed,3.876953125e-01,6.123046875e-01,5.635143185e+03
feld,handed,3.881835938e-01,6.118164062e-01,5.635143185e+03
feld,handed,3.886718750e-01,6.113281250e-01,5.635143185e+03
feld,handed,3.891601562e-01,6.108398438e-01,5.635143185e+03
feld,handed,3.896484375e-01,6.103515625e-01,5.635143185e+03
feld,handed,3.901367188e-01,6.098632812e-01,5.635143185e+03
feld,handed,3.906250000e-01,6.093750000e-01,5.635143185e+03
feld,handed,3.911132812e-01,6.088867188e-01,5.635143185e+03
feld,handed,3.916015625e-01,6.083984375e-01,5.635143185e+03
feld,handed,3.920898438e-01,6.079101562e-01,5.635143185e+03
feld,handed,3.925781250e-01,6.074218750e-01,5.635143185e+03
feld,handed,3.930664062e-01,6.069335938e-01,5.635143185e+03
feld,handed,3.935546875e-01,6.064453125e-01,5.635143185e+03
feld,handed,3.940429688e-01,6.059570312e-01,5.635143185e+03
feld,handed,3.945312500e-01,6.054687500e-01,5.635143185e+03
feld,handed,3.950195312e-01,6.049804688e-01,5.635143185e+03
feld,handed,3.955078125e-01,6.044921875e-01,5.635143185e+03
feld,handed,3.959960938e-01,6.040039062e-01,5.635143185e+03
feld,handed,3.964843750e-01,6.035156250e-01,5.635143185e+03
feld,handed,3.969726562e-01,6.030273438e-01,5.635143185e+03
feld,handed,3.974609375e-01,6.025390625e-01,5.635143185e+03
feld,handed,3.979492188e-01,6.020507812e-01,5.635143185e+03
feld,handed,3.984375000e-01,6.015625000e-01,5.635143185e+03
feld,handed,3.989257812e-01,6.010742188e-01,5.635143185e+03
feld,handed,3.994140625e-01,6.005859375e-01,5.635143185e+03
feld,handed,3.999023438e-01,6.000976562e-01,5.635143185e+03
feld,handed,4.003906250e-01,5.996093750e-01,5.635143185e+03
feld,handed,4.008789062e-01,5.991210938e-01,5.635143185e+03
feld,handed,4.013671875e-01,5.986328125e-01,5.635143185e+03
feld,handed,4.018554688e-01,5.981445312e-01,5.635143185e+03
feld,handed,4.023437500e-01,5.976562500e-01,5.635143185e+03
feld,handed,4.028320312e-01,5.971679688e-01,5.635143185e+03
feld,handed,4.033203125e-01,5.966796875e-01,5.635143185e+03
feld,handed,4.038085938e-01,5.961914062e-01,5.635143185e+03
feld,handed,4.042968750e-01,5.957031250e-01,5.635143185e+03
feld,handed,4.047851562e-01,5.952148438e-01,5.635143185e+03
feld,handed,4.052734375e-01,5.947265625e-01,5.635143185e+03
feld,handed,4.057617188e-01,5.942382812e-01,5.635143185e+03
feld,handed,4.062500000e-01,5.937500000e-01,5.635143185e+03
feld,handed,4.067382812e-01,5.932617188e-01,5.635143185e+03
feld,handed,4.072265625e-01,5.927734375e-01,5.635143185e+03
feld,handed,4.077148438e-01,5.922851562e-01,5.635143185e+03
feld,handed,4.082031250e-01,5.917968750e-01,5.635143185e+03
feld,handed,4.086914062e-01,5.913085938e-01,5.635143185e+03
feld,handed,4.091796875e-01,5.908203125e-01,5.635143185e+03
feld,handed,4.096679688e-01,5.903320312e-01,5.635143185e+03
feld,handed,4.101562500e-01,5.898437500e-01,5.635143185e+03
feld,handed,4.106445312e-01,5.893554688e-01,5.635143185e+03
feld,handed,4.111328125e-01,5.888671875e-01,5.635143185e+03
feld,handed,4.116210938e-01,5.883789062e-01,5.635143185e+03
feld,handed,4.121093750e-01,5.878906250e-01,5.635143185e+03
feld,handed,4.125976562e-01,5.874023438e-01,5.635143185e+03
feld,handed,4.130859375e-01,5.869140625e-01,5.635143185e+03
feld,handed,4.135742188e-01,5.864257812e-01,5.635143185e+03
feld,handed,4.140625000e-01,5.859375000e-01,5.635143185e+03
feld,handed,4.145507812e-01,5.854492188e-01,5.635143185e+03
feld,handed,4.150390625e-01,5.849609375e-01,5.635143185e+03
feld,handed,4.155273438e-01,5.844726562e-01,5.635143185e+03
feld,handed,4.160156250e-01,5.839843750e-01,5.635143185e+03
feld,handed,4.165039062e-01,5.834960938e-01,5.635143185e+03
feld,handed,4.169921875e-01,5.830078125e-01,5.635143185e+03
feld,handed,4.174804688e-01,5.825195312e-01,5.635143185e+03
feld,handed,4.179687500e-01,5.820312500e-01,5.635143185e+03
feld,handed,4.184570312e-01,5.815429688e-01,5.635143185e+03
feld,handed,4.189453125e-01,5.810546875e-01,5.635143185e+03
feld,handed,4.194335938e-01,5.805664062e-01,5.635143185e+03
feld,handed,4.199218750e-01,5.800781250e-01,5.635143185e+03
feld,handed,4.204101562e-01,5.795898438e-01,5.635143185e+03
feld,handed,4.208984375e-01,5.791015625e-01,5.635143185e+03
feld,handed,4.213867188e-01,5.786132812e-01,5.635143185e+03
feld,handed,4.218750000e-01,5.781250000e-01,5.635143185e+03
feld,handed,4.223632812e-01,5.776367188e-01,5.635143185e+03
feld,handed,4.228515625e-01,5.771484375e-01,5.635143185e+03
feld,handed,4.233398438e-01,5.766601562e-01,5.635143185e+03
feld,handed,4.238281250e-01,5.761718750e-01,5.635143185e+03
feld,handed,4.243164062e-01,5.756835938e-01,5.635143185e+03
feld,handed,4.248046875e-01,5.751953125e-01,5.635143185e+03
feld,handed,4.252929688e-01,5.747070312e-01,5.635143185e+03
feld,handed,4.257812500e-01,5.742187500e-01,5.635143185e+03
feld,handed,4.262695312e-01,5.737304688e-01,5.635143185e+03
feld,handed,4.267578125e-01,5.732421875e-01,5.635143185e+03
feld,handed,4.272460938e-01,5.727539062e-01,5.635143185e+03
feld,handed,4.277343750e-01,5.722656250e-01,5.635143185e+03
feld,handed,4.282226562e-01,5.717773438e-01,5.635143185e+03
feld,handed,4.287109375e-01,5.712890625e-01,5.635143185e+03
feld,handed,4.291992188e-01,5.708007812e-01,5.635143185e+03
feld,handed,4.296875000e-01,5.703125000e-01,5.635143185e+03
feld,handed,4.301757812e-01,5.698242188e-01,5.635143185e+03
feld,handed,4.306640625e-01,5.693359375e-01,5.635143185e+03
feld,handed,4.311523438e-01,5.688476562e-01,5.635143185e+03
feld,handed,4.316406250e-01,5.683593750e-01,5.635143185e+03
feld,handed,4.321289062e-01,5.678710938e-01,5.635143185e+03
feld,handed,4.326171875e-01,5.673828125e-01,5.635143185e+03
feld,handed,4.331054688e-01,5.668945312e-01,5.635143185e+03
feld,handed,4.335937500e-01,5.664062500e-01,5.635143185e+03
feld,handed,4.340820312e-01,5.659179688e-01,5.635143185e+03
feld,handed,4.345703125e-01,5.654296875e-01,5.635143185e+03
feld,handed,4.350585938e-01,5.649414062e-01,5.635143185e+03
feld,handed,4.355468750e-01,5.644531250e-01,5.635143185e+03
feld,handed,4.360351562e-01,5.639648438e-01,5.635143185e+03
feld,handed,4.365234375e-01,5.634765625e-01,5.635143185e+03
feld,handed,4.370117188e-01,5.629882812e-01,5.635143185e+03
feld,handed,4.375000000e-01,5.625000000e-01,5.635143185e+03
feld,handed,4.379882812e-01,5.620117188e-01,5.623461522e+03
feld,handed,4.384765625e-01,5.615234375e-01,5.614056595e+03
feld,handed,4.389648438e-01,5.610351562e-01,5.607023830e+03
feld,handed,4.394531250e-01,5.605468750e-01,5.602435845e+03
feld,handed,4.399414062e-01,5.600585938e-01,5.600340595e+03
feld,handed,4.404296875e-01,5.595703125e-01,5.600760137e+03
feld,handed,4.409179688e-01,5.590820312e-01,5.603690047e+03
feld,handed,4.414062500e-01,5.585937500e-01,5.609099537e+03
feld,handed,4.418945312e-01,5.581054688e-01,5.616932261e+03
feld,handed,4.423828125e-01,5.576171875e-01,5.627107765e+03
feld,handed,4.428710938e-01,5.571289062e-01,5.639523525e+03
feld,handed,4.433593750e-01,5.566406250e-01,5.654057462e+03
feld,handed,4.438476562e-01,5.561523438e-01,5.670570837e+03
feld,handed,4.443359375e-01,5.556640625e-01,5.688911391e+03
feld,handed,4.448242188e-01,5.551757812e-01,5.708916616e+03
feld,handed,4.453125000e-01,5.546875000e-01,5.730417030e+03
feld,handed,4.458007812e-01,5.541992188e-01,5.752366082e+03
feld,handed,4.462890625e-01,5.537109375e-01,5.772393669e+03
feld,handed,4.467773438e-01,5.532226562e-01,5.790615672e+03
feld,handed,4.472656250e-01,5.527343750e-01,5.807134521e+03
feld,handed,4.477539062e-01,5.522460938e-01,5.822040705e+03
feld,handed,4.482421875e-01,5.517578125e-01,5.835414053e+03
feld,handed,4.487304688e-01,5.512695312e-01,5.847324827e+03
feld,handed,4.492187500e-01,5.507812500e-01,5.857834645e+03
feld,handed,4.497070312e-01,5.502929688e-01,5.866997275e+03
feld,handed,4.501953125e-01,5.498046875e-01,5.874859302e+03
feld,handed,4.506835938e-01,5.493164062e-01,5.881460691e+03
feld,handed,4.511718750e-01,5.488281250e-01,5.886835267e+03
feld,handed,4.516601562e-01,5.483398438e-01,5.891011109e+03
feld,handed,4.521484375e-01,5.478515625e-01,5.894010874e+03
feld,handed,4.526367188e-01,5.473632812e-01,5.895852061e+03
feld,handed,4.531250000e-01,5.468750000e-01,5.896547208e+03
feld,handed,4.536132812e-01,5.463867188e-01,5.910673132e+03
feld,handed,4.541015625e-01,5.458984375e-01,5.923155995e+03
feld,handed,4.545898438e-01,5.454101562e-01,5.934080199e+03
feld,handed,4.550781250e-01,5.449218750e-01,5.943517697e+03
feld,handed,4.555664062e-01,5.444335938e-01,5.951529228e+03
feld,handed,4.560546875e-01,5.439453125e-01,5.958165330e+03
feld,handed,4.565429688e-01,5.434570312e-01,5.963467162e+03
feld,handed,4.570312500e-01,5.429687500e-01,5.967467149e+03
feld,handed,4.575195312e-01,5.424804688e-01,5.970189487e+03
feld,handed,4.580078125e-01,5.419921875e-01,5.971650515e+03
feld,handed,4.584960938e-01,5.415039062e-01,5.971858958e+03
feld,handed,4.589843750e-01,5.410156250e-01,5.970816056e+03
feld,handed,4.594726562e-01,5.405273438e-01,5.968515590e+03
feld,handed,4.599609375e-01,5.400390625e-01,5.964943780e+03
feld,handed,4.604492188e-01,5.395507812e-01,5.960079084e+03
feld,handed,4.609375000e-01,5.390625000e-01,5.953891868e+03
feld,handed,4.614257812e-01,5.385742188e-01,5.953891868e+03
feld,handed,4.619140625e-01,5.380859375e-01,5.953891868e+03
feld,handed,4.624023438e-01,5.375976562e-01,5.953891868e+03
feld,handed,4.628906250e-01,5.371093750e-01,5.953891868e+03
feld,handed,4.633789062e-01,5.366210938e-01,5.953891868e+03
feld,handed,4.638671875e-01,5.361328125e-01,5.953891868e+03
feld,handed,4.643554688e-01,5.356445312e-01,5.953891868e+03
feld,handed,4.648437500e-01,5.351562500e-01,5.953891868e+03
feld,handed,4.653320312e-01,5.346679688e-01,5.953891868e+03
feld,handed,4.658203125e-01,5.341796875e-01,5.953891868e+03
feld,handed,4.663085938e-01,5.336914062e-01,5.953891868e+03
feld,handed,4.667968750e-01,5.332031250e-01,5.953891868e+03
feld,handed,4.672851562e-01,5.327148438e-01,5.953891868e+03
feld,handed,4.677734375e-01,5.322265625e-01,5.953891868e+03
feld,handed,4.682617188e-01,5.317382812e-01,5.953891868e+03
feld,handed,4.687500000e-01,5.312500000e-01,5.953891868e+03
feld,handed,4.692382812e-01,5.307617188e-01,5.953891868e+03
feld,handed,4.697265625e-01,5.302734375e-01,5.953891868e+03
feld,handed,4.702148438e-01,5.297851562e-01,5.953891868e+03
feld,handed,4.707031250e-01,5.292968750e-01,5.953891868e+03
feld,handed,4.711914062e-01,5.288085938e-01,5.953891868e+03
feld,handed,4.716796875e-01,5.283203125e-01,5.953891868e+03
feld,handed,4.721679688e-01,5.278320312e-01,5.953891868e+03
feld,handed,4.726562500e-01,5.273437500e-01,5.953891868e+03
feld,handed,4.731445312e-01,5.268554688e-01,5.953891868e+03
feld,handed,4.736328125e-01,5.263671875e-01,5.953891868e+03
feld,handed,4.741210938e-01,5.258789062e-01,5.953891868e+03
feld,handed,4.746093750e-01,5.253906250e-01,5.953891868e+03
feld,handed,4.750976562e-01,5.249023438e-01,5.953891868e+03
feld,handed,4.755859375e-01,5.244140625e-01,5.953891868e+03
feld,handed,4.760742188e-01,5.239257812e-01,5.953891868e+03
feld,handed,4.765625000e-01,5.234375000e-01,5.953891868e+03
feld,handed,4.770507812e-01,5.229492188e-01,5.953891868e+03
feld,handed,4.775390625e-01,5.224609375e-01,5.953891868e+03
feld,handed,4.780273438e-01,5.219726562e-01,5.953891868e+03
feld,handed,4.785156250e-01,5.214843750e-01,5.953891868e+03
feld,handed,4.790039062e-01,5.209960938e-01,5.953891868e+03
feld,handed,4.794921875e-01,5.205078125e-01,5.953891868e+03
feld,handed,4.799804688e-01,5.200195312e-01,5.953891868e+03
feld,handed,4.804687500e-01,5.195312500e-01,5.953891868e+03
feld,handed,4.809570312e-01,5.190429688e-01,5.953891868e+03
feld,handed,4.814453125e-01,5.185546875e-01,5.953891868e+03
feld,handed,4.819335938e-01,5.180664062e-01,5.953891868e+03
feld,handed,4.824218750e-01,5.175781250e-01,5.953891868e+03
feld,handed,4.829101562e-01,5.170898438e-01,5.953891868e+03
feld,handed,4.833984375e-01,5.166015625e-01,5.953891868e+03
feld,handed,4.838867188e-01,5.161132812e-01,5.953891868e+03
feld,handed,4.843750000e-01,5.156250000e-01,5.953891868e+03
feld,handed,4.848632812e-01,5.151367188e-01,5.953891868e+03
feld,handed,4.853515625e-01,5.146484375e-01,5.953891868e+03
feld,handed,4.858398438e-01,5.141601562e-01,5.953891868e+03
feld,handed,4.863281250e-01,5.136718750e-01,5.953891868e+03
feld,handed,4.868164062e-01,5.131835938e-01,5.953891868e+03
feld,handed,4.873046875e-01,5.126953125e-01,5.953891868e+03
feld,handed,4.877929688e-01,5.122070312e-01,5.953891868e+03
feld,handed,4.882812500e-01,5.117187500e-01,5.953891868e+03
feld,handed,4.887695312e-01,5.112304688e-01,5.953891868e+03
feld,handed,4.892578125e-01,5.107421875e-01,5.953891868e+03
feld,handed,4.897460938e-01,5.102539062e-01,5.953891868e+03
feld,handed,4.902343750e-01,5.097656250e-01,5.953891868e+03
feld,handed,4.907226562e-01,5.092773438e-01,5.953891868e+03
feld,handed,4.912109375e-01,5.087890625e-01,5.953891868e+03
feld,handed,4.916992188e-01,5.083007812e-01,5.953891868e+03
feld,handed,4.921875000e-01,5.078125000e-01,5.953891868e+03
feld,handed,4.926757812e-01,5.073242188e-01,5.953891868e+03
feld,handed,4.931640625e-01,5.068359375e-01,5.953891868e+03
feld,handed,4.936523438e-01,5.063476562e-01,5.953891868e+03
feld,handed,4.941406250e-01,5.058593750e-01,5.953891868e+03
feld,handed,4.946289062e-01,5.053710938e-01,5.953891868e+03
feld,handed,4.951171875e-01,5.048828125e-01,5.953891868e+03
feld,handed,4.956054688e-01,5.043945312e-01,5.953891868e+03
feld,handed,4.960937500e-01,5.039062500e-01,5.953891868e+03
feld,handed,4.965820312e-01,5.034179688e-01,5.953891868e+03
feld,handed,4.970703125e-01,5.029296875e-01,5.953891868e+03
feld,handed,4.975585938e-01,5.024414062e-01,5.953891868e+03
feld,handed,4.980468750e-01,5.019531250e-01,5.953891868e+03
feld,handed,4.985351562e-01,5.014648438e-01,5.953891868e+03
feld,handed,4.990234375e-01,5.009765625e-01,5.953891868e+03
feld,handed,4.995117188e-01,5.004882812e-01,5.953891868e+03
feld,handed,5.000000000e-01,5.000000000e-01,5.953891868e+03
feld,handed,5.004882812e-01,4.995117188e-01,5.953891868e+03
feld,handed,5.009765625e-01,4.990234375e-01,5.953891868e+03
feld,handed,5.014648438e-01,4.985351562e-01,5.953891868e+03
feld,handed,5.019531250e-01,4.980468750e-01,5.953891868e+03
feld,handed,5.024414062e-01,4.975585938e-01,5.953891868e+03
feld,handed,5.029296875e-01,4.970703125e-01,5.953891868e+03
feld,handed,5.034179688e-01,4.965820312e-01,5.953891868e+03
feld,handed,5.039062500e-01,4.960937500e-01,5.953891868e+03
feld,handed,5.043945312e-01,4.956054688e-01,5.953891868e+03
feld,handed,5.048828125e-01,4.951171875e-01,5.953891868e+03
feld,handed,5.053710938e-01,4.946289062e-01,5.953891868e+03
feld,handed,5.058593750e-01,4.941406250e-01,5.953891868e+03
feld,handed,5.063476562e-01,4.936523438e-01,5.953891868e+03
feld,handed,5.068359375e-01,4.931640625e-01,5.953891868e+03
feld,handed,5.073242188e-01,4.926757812e-01,5.953891868e+03
feld,handed,5.078125000e-01,4.921875000e-01,5.953891868e+03
feld,handed,5.083007812e-01,4.916992188e-01,5.953891868e+03
feld,handed,5.087890625e-01,4.912109375e-01,5.953891868e+03
feld,handed,5.092773438e-01,4.907226563e-01,5.953891868e+03
feld,handed,5.097656250e-01,4.902343750e-01,5.953891868e+03
feld,handed,5.102539062e-01,4.897460938e-01,5.953891868e+03
feld,handed,5.107421875e-01,4.892578125e-01,5.953891868e+03
feld,handed,5.112304688e-01,4.887695313e-01,5.953891868e+03
feld,handed,5.117187500e-01,4.882812500e-01,5.953891868e+03
feld,handed,5.122070312e-01,4.877929688e-01,5.953891868e+03
feld,handed,5.126953125e-01,4.873046875e-01,5.953891868e+03
feld,handed,5.131835938e-01,4.868164063e-01,5.953891868e+03
feld,handed,5.136718750e-01,4.863281250e-01,5.953891868e+03
feld,handed,5.141601562e-01,4.858398438e-01,5.953891868e+03
feld,handed,5.146484375e-01,4.853515625e-01,5.953891868e+03
feld,handed,5.151367188e-01,4.848632812e-01,5.953891868e+03
feld,handed,5.156250000e-01,4.843750000e-01,5.953891868e+03
feld,handed,5.161132812e-01,4.838867188e-01,5.953891868e+03
feld,handed,5.166015625e-01,4.833984375e-01,5.953891868e+03
feld,handed,5.170898438e-01,4.829101562e-01,5.953891868e+03
feld,handed,5.175781250e-01,4.824218750e-01,5.953891868e+03
feld,handed,5.180664062e-01,4.819335937e-01,5.953891868e+03
feld,handed,5.185546875e-01,4.814453125e-01,5.953891868e+03
feld,handed,5.190429688e-01,4.809570312e-01,5.953891868e+03
feld,handed,5.195312500e-01,4.804687500e-01,5.953891868e+03
feld,handed,5.200195312e-01,4.799804687e-01,5.953891868e+03
feld,handed,5.205078125e-01,4.794921875e-01,5.953891868e+03
feld,handed,5.209960938e-01,4.790039062e-01,5.953891868e+03
feld,handed,5.214843750e-01,4.785156250e-01,5.953891868e+03
feld,handed,5.219726562e-01,4.780273437e-01,5.953891868e+03
feld,handed,5.224609375e-01,4.775390625e-01,5.953891868e+03
feld,handed,5.229492188e-01,4.770507812e-01,5.953891868e+03
feld,handed,5.234375000e-01,4.765625000e-01,5.953891868e+03
feld,handed,5.239257812e-01,4.760742188e-01,5.953891868e+03
feld,handed,5.244140625e-01,4.755859375e-01,5.953891868e+03
feld,handed,5.249023438e-01,4.750976562e-01,5.953891868e+03
feld,handed,5.253906250e-01,4.746093750e-01,5.953891868e+03
feld,handed,5.258789062e-01,4.741210938e-01,5.953891868e+03
feld,handed,5.263671875e-01,4.736328125e-01,5.953891868e+03
feld,handed,5.268554688e-01,4.731445312e-01,5.953891868e+03
feld,handed,5.273437500e-01,4.726562500e-01,5.953891868e+03
feld,handed,5.278320312e-01,4.721679688e-01,5.953891868e+03
feld,handed,5.283203125e-01,4.716796875e-01,5.953891868e+03
feld,handed,5.288085938e-01,4.711914062e-01,5.953891868e+03
feld,handed,5.292968750e-01,4.707031250e-01,5.953891868e+03
feld,handed,5.297851562e-01,4.702148438e-01,5.953891868e+03
feld,handed,5.302734375e-01,4.697265625e-01,5.953891868e+03
feld,handed,5.307617188e-01,4.692382812e-01,5.953891868e+03
feld,handed,5.312500000e-01,4.687500000e-01,5.953891868e+03
feld,handed,5.317382812e-01,4.682617188e-01,5.949949963e+03
feld,handed,5.322265625e-01,4.677734375e-01,5.946815360e+03
feld,handed,5.327148438e-01,4.672851562e-01,5.944493764e+03
feld,handed,5.332031250e-01,4.667968750e-01,5.942989414e+03
feld,handed,5.336914062e-01,4.663085938e-01,5.942305062e+03
feld,handed,5.341796875e-01,4.658203125e-01,5.942441960e+03
feld,handed,5.346679688e-01,4.653320312e-01,5.943399859e+03
feld,handed,5.351562500e-01,4.648437500e-01,5.945177003e+03
feld,handed,5.356445312e-01,4.643554688e-01,5.947770145e+03
feld,handed,5.361328125e-01,4.638671875e-01,5.951174555e+03
feld,handed,5.366210938e-01,4.633789062e-01,5.955384043e+03
feld,handed,5.371093750e-01,4.628906250e-01,5.960390993e+03
feld,handed,5.375976562e-01,4.624023438e-01,5.966186387e+03
feld,handed,5.380859375e-01,4.619140625e-01,5.972759853e+03
feld,handed,5.385742188e-01,4.614257812e-01,5.980099711e+03
feld,handed,5.390625000e-01,4.609375000e-01,5.988193017e+03
feld,handed,5.395507812e-01,4.604492188e-01,5.976853741e+03
feld,handed,5.400390625e-01,4.599609375e-01,5.968726778e+03
feld,handed,5.405273438e-01,4.594726563e-01,5.963881986e+03
feld,handed,5.410156250e-01,4.589843750e-01,5.962362464e+03
feld,handed,5.415039062e-01,4.584960938e-01,5.964183633e+03
feld,handed,5.419921875e-01,4.580078125e-01,5.969332901e+03
feld,handed,5.424804688e-01,4.575195313e-01,5.977769903e+03
feld,handed,5.429687500e-01,4.570312500e-01,5.989427323e+03
feld,handed,5.434570312e-01,4.565429688e-01,6.004212262e+03
feld,handed,5.439453125e-01,4.560546875e-01,6.022008094e+03
feld,handed,5.444335938e-01,4.555664063e-01,6.042676750e+03
feld,handed,5.449218750e-01,4.550781250e-01,6.066061345e+03
feld,handed,5.454101562e-01,4.545898438e-01,6.091989056e+03
feld,handed,5.458984375e-01,4.541015625e-01,6.120274161e+03
feld,handed,5.463867188e-01,4.536132812e-01,6.150721139e+03
feld,handed,5.468750000e-01,4.531250000e-01,6.183127750e+03
feld,handed,5.473632812e-01,4.526367188e-01,6.232155566e+03
feld,handed,5.478515625e-01,4.521484375e-01,6.274874720e+03
feld,handed,5.483398438e-01,4.516601562e-01,6.311802442e+03
feld,handed,5.488281250e-01,4.511718750e-01,6.343366729e+03
feld,handed,5.493164062e-01,4.506835937e-01,6.369919630e+03
feld,handed,5.498046875e-01,4.501953125e-01,6.391747617e+03
feld,handed,5.502929688e-01,4.497070312e-01,6.409079654e+03
feld,handed,5.507812500e-01,4.492187500e-01,6.422093394e+03
feld,handed,5.512695312e-01,4.487304687e-01,6.430919833e+03
feld,handed,5.517578125e-01,4.482421875e-01,6.435646660e+03
feld,handed,5.522460938e-01,4.477539062e-01,6.436320451e+03
feld,handed,5.527343750e-01,4.472656250e-01,6.432947824e+03
feld,handed,5.532226562e-01,4.467773437e-01,6.425495600e+03
feld,handed,5.537109375e-01,4.462890625e-01,6.413889987e+03
feld,handed,5.541992188e-01,4.458007812e-01,6.398014735e+03
feld,handed,5.546875000e-01,4.453125000e-01,6.377708193e+03
feld,handed,5.551757812e-01,4.448242188e-01,6.377708193e+03
feld,handed,5.556640625e-01,4.443359375e-01,6.377708193e+03
feld,handed,5.561523438e-01,4.438476562e-01,6.377708193e+03
feld,handed,5.566406250e-01,4.433593750e-01,6.377708193e+03
feld,handed,5.571289062e-01,4.428710938e-01,6.377708193e+03
feld,handed,5.576171875e-01,4.423828125e-01,6.377708193e+03
feld,handed,5.581054688e-01,4.418945312e-01,6.377708193e+03
feld,handed,5.585937500e-01,4.414062500e-01,6.377708193e+03
feld,handed,5.590820312e-01,4.409179688e-01,6.377708193e+03
feld,handed,5.595703125e-01,4.404296875e-01,6.377708193e+03
feld,handed,5.600585938e-01,4.399414062e-01,6.377708193e+03
feld,handed,5.605468750e-01,4.394531250e-01,6.377708193e+03
feld,handed,5.610351562e-01,4.389648438e-01,6.377708193e+03
feld,handed,5.615234375e-01,4.384765625e-01,6.377708193e+03
feld,handed,5.620117188e-01,4.379882812e-01,6.377708193e+03
feld,handed,5.625000000e-01,4.375000000e-01,6.377708193e+03
feld,handed,5.629882812e-01,4.370117188e-01,6.377708193e+03
feld,handed,5.634765625e-01,4.365234375e-01,6.377708193e+03
feld,handed,5.639648438e-01,4.360351562e-01,6.377708193e+03
feld,handed,5.644531250e-01,4.355468750e-01,6.377708193e+03
feld,handed,5.649414062e-01,4.350585938e-01,6.377708193e+03
feld,handed,5.654296875e-01,4.345703125e-01,6.377708193e+03
feld,handed,5.659179688e-01,4.340820312e-01,6.377708193e+03
feld,handed,5.664062500e-01,4.335937500e-01,6.377708193e+03
feld,handed,5.668945312e-01,4.331054688e-01,6.377708193e+03
feld,handed,5.673828125e-01,4.326171875e-01,6.377708193e+03
feld,handed,5.678710938e-01,4.321289062e-01,6.377708193e+03
feld,handed,5.683593750e-01,4.316406250e-01,6.377708193e+03
feld,handed,5.688476562e-01,4.311523438e-01,6.377708193e+03
feld,handed,5.693359375e-01,4.306640625e-01,6.377708193e+03
feld,handed,5.698242188e-01,4.301757812e-01,6.377708193e+03
feld,handed,5.703125000e-01,4.296875000e-01,6.377708193e+03
feld,handed,5.708007812e-01,4.291992188e-01,6.377708193e+03
feld,handed,5.712890625e-01,4.287109375e-01,6.377708193e+03
feld,handed,5.717773438e-01,4.282226563e-01,6.377708193e+03
feld,handed,5.722656250e-01,4.277343750e-01,6.377708193e+03
feld,handed,5.727539062e-01,4.272460938e-01,6.377708193e+03
feld,handed,5.732421875e-01,4.267578125e-01,6.377708193e+03
feld,handed,5.737304688e-01,4.262695313e-01,6.377708193e+03
feld,handed,5.742187500e-01,4.257812500e-01,6.377708193e+03
feld,handed,5.747070312e-01,4.252929688e-01,6.377708193e+03
feld,handed,5.751953125e-01,4.248046875e-01,6.377708193e+03
feld,handed,5.756835938e-01,4.243164063e-01,6.377708193e+03
feld,handed,5.761718750e-01,4.238281250e-01,6.377708193e+03
feld,handed,5.766601562e-01,4.233398438e-01,6.377708193e+03
feld,handed,5.771484375e-01,4.228515625e-01,6.377708193e+03
feld,handed,5.776367188e-01,4.223632812e-01,6.377708193e+03
feld,handed,5.781250000e-01,4.218750000e-01,6.377708193e+03
feld,handed,5.786132812e-01,4.213867188e-01,6.377708193e+03
feld,handed,5.791015625e-01,4.208984375e-01,6.377708193e+03
feld,handed,5.795898438e-01,4.204101562e-01,6.377708193e+03
feld,handed,5.800781250e-01,4.199218750e-01,6.377708193e+03
feld,handed,5.805664062e-01,4.194335937e-01,6.377708193e+03
feld,handed,5.810546875e-01,4.189453125e-01,6.377708193e+03
feld,handed,5.815429688e-01,4.184570312e-01,6.377708193e+03
feld,handed,5.820312500e-01,4.179687500e-01,6.377708193e+03
feld,handed,5.825195312e-01,4.174804687e-01,6.377708193e+03
feld,handed,5.830078125e-01,4.169921875e-01,6.377708193e+03
feld,handed,5.834960938e-01,4.165039062e-01,6.377708193e+03
feld,handed,5.839843750e-01,4.160156250e-01,6.377708193e+03
feld,handed,5.844726562e-01,4.155273437e-01,6.377708193e+03
feld,handed,5.849609375e-01,4.150390625e-01,6.377708193e+03
feld,handed,5.854492188e-01,4.145507812e-01,6.377708193e+03
feld,handed,5.859375000e-01,4.140625000e-01,6.377708193e+03
feld,handed,5.864257812e-01,4.135742188e-01,6.377708193e+03
feld,handed,5.869140625e-01,4.130859375e-01,6.377708193e+03
feld,handed,5.874023438e-01,4.125976562e-01,6.377708193e+03
feld,handed,5.878906250e-01,4.121093750e-01,6.377708193e+03
feld,handed,5.883789062e-01,4.116210938e-01,6.377708193e+03
feld,handed,5.888671875e-01,4.111328125e-01,6.377708193e+03
feld,handed,5.893554688e-01,4.106445312e-01,6.377708193e+03
feld,handed,5.898437500e-01,4.101562500e-01,6.377708193e+03
feld,handed,5.903320312e-01,4.096679688e-01,6.377708193e+03
feld,handed,5.908203125e-01,4.091796875e-01,6.377708193e+03
feld,handed,5.913085938e-01,4.086914062e-01,6.377708193e+03
feld,handed,5.917968750e-01,4.082031250e-01,6.377708193e+03
feld,handed,5.922851562e-01,4.077148438e-01,6.377708193e+03
feld,handed,5.927734375e-01,4.072265625e-01,6.377708193e+03
feld,handed,5.932617188e-01,4.067382812e-01,6.377708193e+03
feld,handed,5.937500000e-01,4.062500000e-01,6.377708193e+03
feld,handed,5.942382812e-01,4.057617188e-01,6.377708193e+03
feld,handed,5.947265625e-01,4.052734375e-01,6.377708193e+03
feld,handed,5.952148438e-01,4.047851562e-01,6.377708193e+03
feld,handed,5.957031250e-01,4.042968750e-01,6.377708193e+03
feld,handed,5.961914062e-01,4.038085938e-01,6.377708193e+03
feld,handed,5.966796875e-01,4.033203125e-01,6.377708193e+03
feld,handed,5.971679688e-01,4.028320312e-01,6.377708193e+03
feld,handed,5.976562500e-01,4.023437500e-01,6.377708193e+03
feld,handed,5.981445312e-01,4.018554688e-01,6.377708193e+03
feld,handed,5.986328125e-01,4.013671875e-01,6.377708193e+03
feld,handed,5.991210938e-01,4.008789062e-01,6.377708193e+03
feld,handed,5.996093750e-01,4.003906250e-01,6.377708193e+03
feld,handed,6.000976562e-01,3.999023438e-01,6.377708193e+03
feld,handed,6.005859375e-01,3.994140625e-01,6.377708193e+03
feld,handed,6.010742188e-01,3.989257812e-01,6.377708193e+03
feld,handed,6.015625000e-01,3.984375000e-01,6.377708193e+03
feld,handed,6.020507812e-01,3.979492188e-01,6.377708193e+03
feld,handed,6.025390625e-01,3.974609375e-01,6.377708193e+03
feld,handed,6.030273438e-01,3.969726563e-01,6.377708193e+03
feld,handed,6.035156250e-01,3.964843750e-01,6.377708193e+03
feld,handed,6.040039062e-01,3.959960938e-01,6.377708193e+03
feld,handed,6.044921875e-01,3.955078125e-01,6.377708193e+03
feld,handed,6.049804688e-01,3.950195313e-01,6.377708193e+03
feld,handed,6.054687500e-01,3.945312500e-01,6.377708193e+03
feld,handed,6.059570312e-01,3.940429688e-01,6.377708193e+03
feld,handed,6.064453125e-01,3.935546875e-01,6.377708193e+03
feld,handed,6.069335938e-01,3.930664063e-01,6.377708193e+03
feld,handed,6.074218750e-01,3.925781250e-01,6.377708193e+03
feld,handed,6.079101562e-01,3.920898438e-01,6.377708193e+03
feld,handed,6.083984375e-01,3.916015625e-01,6.377708193e+03
feld,handed,6.088867188e-01,3.911132812e-01,6.377708193e+03
feld,handed,6.093750000e-01,3.906250000e-01,6.377708193e+03
feld,handed,6.098632812e-01,3.901367188e-01,6.377708193e+03
feld,handed,6.103515625e-01,3.896484375e-01,6.377708193e+03
feld,handed,6.108398438e-01,3.891601562e-01,6.377708193e+03
feld,handed,6.113281250e-01,3.886718750e-01,6.377708193e+03
feld,handed,6.118164062e-01,3.881835937e-01,6.377708193e+03
feld,handed,6.123046875e-01,3.876953125e-01,6.377708193e+03
feld,handed,6.127929688e-01,3.872070312e-01,6.377708193e+03
feld,handed,6.132812500e-01,3.867187500e-01,6.377708193e+03
feld,handed,6.137695312e-01,3.862304687e-01,6.377708193e+03
feld,handed,6.142578125e-01,3.857421875e-01,6.377708193e+03
feld,handed,6.147460938e-01,3.852539062e-01,6.377708193e+03
feld,handed,6.152343750e-01,3.847656250e-01,6.377708193e+03
feld,handed,6.157226562e-01,3.842773437e-01,6.377708193e+03
feld,handed,6.162109375e-01,3.837890625e-01,6.377708193e+03
feld,handed,6.166992188e-01,3.833007812e-01,6.377708193e+03
feld,handed,6.171875000e-01,3.828125000e-01,6.377708193e+03
feld,handed,6.176757812e-01,3.823242188e-01,6.370908467e+03
feld,handed,6.181640625e-01,3.818359375e-01,6.365500644e+03
feld,handed,6.186523438e-01,3.813476562e-01,6.361495034e+03
feld,handed,6.191406250e-01,3.808593750e-01,6.358899296e+03
feld,handed,6.196289062e-01,3.803710938e-01,6.357718409e+03
feld,handed,6.201171875e-01,3.798828125e-01,6.357954637e+03
feld,handed,6.206054688e-01,3.793945312e-01,6.359607527e+03
feld,handed,6.210937500e-01,3.789062500e-01,6.362673908e+03
feld,handed,6.215820312e-01,3.784179688e-01,6.367147906e+03
feld,handed,6.220703125e-01,3.779296875e-01,6.373020971e+03
feld,handed,6.225585938e-01,3.774414062e-01,6.380281922e+03
feld,handed,6.230468750e-01,3.769531250e-01,6.388916994e+03
feld,handed,6.235351562e-01,3.764648438e-01,6.398909907e+03
feld,handed,6.240234375e-01,3.759765625e-01,6.410241942e+03
feld,handed,6.245117188e-01,3.754882812e-01,6.422892025e+03
feld,handed,6.250000000e-01,3.750000000e-01,6.436836825e+03
feld,handed,6.254882812e-01,3.745117188e-01,6.428113062e+03
feld,handed,6.259765625e-01,3.740234375e-01,6.422798703e+03
feld,handed,6.264648438e-01,3.735351562e-01,6.420924393e+03
feld,handed,6.269531250e-01,3.730468750e-01,6.422502824e+03
feld,handed,6.274414062e-01,3.725585938e-01,6.427528564e+03
feld,handed,6.279296875e-01,3.720703125e-01,6.435978111e+03
feld,handed,6.284179688e-01,3.715820312e-01,6.447810191e+03
feld,handed,6.289062500e-01,3.710937500e-01,6.462966280e+03
feld,handed,6.293945312e-01,3.706054688e-01,6.481371345e+03
feld,handed,6.298828125e-01,3.701171875e-01,6.502934781e+03
feld,handed,6.303710938e-01,3.696289062e-01,6.527551534e+03
feld,handed,6.308593750e-01,3.691406250e-01,6.555103363e+03
feld,handed,6.313476562e-01,3.686523438e-01,6.585460236e+03
feld,handed,6.318359375e-01,3.681640625e-01,6.618481817e+03
feld,handed,6.323242188e-01,3.676757812e-01,6.654019018e+03
feld,handed,6.328125000e-01,3.671875000e-01,6.691915583e+03
feld,handed,6.333007812e-01,3.666992188e-01,6.748276239e+03
feld,handed,6.337890625e-01,3.662109375e-01,6.797901778e+03
feld,handed,6.342773438e-01,3.657226562e-01,6.841193386e+03
feld,handed,6.347656250e-01,3.652343750e-01,6.878490443e+03
feld,handed,6.352539062e-01,3.647460938e-01,6.910077520e+03
feld,handed,6.357421875e-01,3.642578125e-01,6.936190028e+03
feld,handed,6.362304688e-01,3.637695312e-01,6.957018738e+03
feld,handed,6.367187500e-01,3.632812500e-01,6.972713355e+03
feld,handed,6.372070312e-01,3.627929688e-01,6.983385241e+03
feld,handed,6.376953125e-01,3.623046875e-01,6.989109418e+03
feld,handed,6.381835938e-01,3.618164062e-01,6.989925893e+03
feld,handed,6.386718750e-01,3.613281250e-01,6.985840359e+03
feld,handed,6.391601562e-01,3.608398438e-01,6.976824294e+03
feld,handed,6.396484375e-01,3.603515625e-01,6.962814466e+03
feld,handed,6.401367188e-01,3.598632812e-01,6.943711812e+03
feld,handed,6.406250000e-01,3.593750000e-01,6.919379674e+03
feld,handed,6.411132812e-01,3.588867188e-01,6.919379674e+03
feld,handed,6.416015625e-01,3.583984375e-01,6.919379674e+03
feld,handed,6.420898438e-01,3.579101562e-01,6.919379674e+03
feld,handed,6.425781250e-01,3.574218750e-01,6.919379674e+03
feld,handed,6.430664062e-01,3.569335938e-01,6.919379674e+03
feld,handed,6.435546875e-01,3.564453125e-01,6.919379674e+03
feld,handed,6.440429688e-01,3.559570312e-01,6.919379674e+03
feld,handed,6.445312500e-01,3.554687500e-01,6.919379674e+03
feld,handed,6.450195312e-01,3.549804688e-01,6.919379674e+03
feld,handed,6.455078125e-01,3.544921875e-01,6.919379674e+03
feld,handed,6.459960938e-01,3.540039062e-01,6.919379674e+03
feld,handed,6.464843750e-01,3.535156250e-01,6.919379674e+03
feld,handed,6.469726562e-01,3.530273438e-01,6.919379674e+03
feld,handed,6.474609375e-01,3.525390625e-01,6.919379674e+03
feld,handed,6.479492188e-01,3.520507812e-01,6.919379674e+03
feld,handed,6.484375000e-01,3.515625000e-01,6.919379674e+03
feld,handed,6.489257812e-01,3.510742188e-01,6.919379674e+03
feld,handed,6.494140625e-01,3.505859375e-01,6.919379674e+03
feld,handed,6.499023438e-01,3.500976562e-01,6.919379674e+03
feld,handed,6.503906250e-01,3.496093750e-01,6.919379674e+03
feld,handed,6.508789062e-01,3.491210938e-01,6.919379674e+03
feld,handed,6.513671875e-01,3.486328125e-01,6.919379674e+03
feld,handed,6.518554688e-01,3.481445312e-01,6.919379674e+03
feld,handed,6.523437500e-01,3.476562500e-01,6.919379674e+03
feld,handed,6.528320312e-01,3.471679688e-01,6.919379674e+03
feld,handed,6.533203125e-01,3.466796875e-01,6.919379674e+03
feld,handed,6.538085938e-01,3.461914062e-01,6.919379674e+03
feld,handed,6.542968750e-01,3.457031250e-01,6.919379674e+03
feld,handed,6.547851562e-01,3.452148438e-01,6.919379674e+03
feld,handed,6.552734375e-01,3.447265625e-01,6.919379674e+03
feld,handed,6.557617188e-01,3.442382812e-01,6.919379674e+03
feld,handed,6.562500000e-01,3.437500000e-01,6.919379674e+03
feld,handed,6.567382812e-01,3.432617188e-01,6.919379674e+03
feld,handed,6.572265625e-01,3.427734375e-01,6.919379674e+03
feld,handed,6.577148438e-01,3.422851562e-01,6.919379674e+03
feld,handed,6.582031250e-01,3.417968750e-01,6.919379674e+03
feld,handed,6.586914062e-01,3.413085938e-01,6.919379674e+03
feld,handed,6.591796875e-01,3.408203125e-01,6.919379674e+03
feld,handed,6.596679688e-01,3.403320312e-01,6.919379674e+03
feld,handed,6.601562500e-01,3.398437500e-01,6.919379674e+03
feld,handed,6.606445312e-01,3.393554688e-01,6.919379674e+03
feld,handed,6.611328125e-01,3.388671875e-01,6.919379674e+03
feld,handed,6.616210938e-01,3.383789062e-01,6.919379674e+03
feld,handed,6.621093750e-01,3.378906250e-01,6.919379674e+03
feld,handed,6.625976562e-01,3.374023438e-01,6.919379674e+03
feld,handed,6.630859375e-01,3.369140625e-01,6.919379674e+03
feld,handed,6.635742188e-01,3.364257812e-01,6.919379674e+03
feld,handed,6.640625000e-01,3.359375000e-01,6.919379674e+03
feld,handed,6.645507812e-01,3.354492188e-01,6.919379674e+03
feld,handed,6.650390625e-01,3.349609375e-01,6.919379674e+03
feld,handed,6.655273438e-01,3.344726562e-01,6.919379674e+03
feld,handed,6.660156250e-01,3.339843750e-01,6.919379674e+03
feld,handed,6.665039062e-01,3.334960938e-01,6.919379674e+03
feld,handed,6.669921875e-01,3.330078125e-01,6.919379674e+03
feld,handed,6.674804688e-01,3.325195312e-01,6.919379674e+03
feld,handed,6.679687500e-01,3.320312500e-01,6.919379674e+03
feld,handed,6.684570312e-01,3.315429688e-01,6.919379674e+03
feld,handed,6.689453125e-01,3.310546875e-01,6.919379674e+03
feld,handed,6.694335938e-01,3.305664062e-01,6.919379674e+03
feld,handed,6.699218750e-01,3.300781250e-01,6.919379674e+03
feld,handed,6.704101562e-01,3.295898438e-01,6.919379674e+03
feld,handed,6.708984375e-01,3.291015625e-01,6.919379674e+03
feld,handed,6.713867188e-01,3.286132812e-01,6.919379674e+03
feld,handed,6.718750000e-01,3.281250000e-01,6.919379674e+03
feld,handed,6.723632812e-01,3.276367188e-01,6.919379674e+03
feld,handed,6.728515625e-01,3.271484375e-01,6.919379674e+03
feld,handed,6.733398438e-01,3.266601562e-01,6.919379674e+03
feld,handed,6.738281250e-01,3.261718750e-01,6.919379674e+03
feld,handed,6.743164062e-01,3.256835938e-01,6.919379674e+03
feld,handed,6.748046875e-01,3.251953125e-01,6.919379674e+03
feld,handed,6.752929688e-01,3.247070312e-01,6.919379674e+03
feld,handed,6.757812500e-01,3.242187500e-01,6.919379674e+03
feld,handed,6.762695312e-01,3.237304688e-01,6.919379674e+03
feld,handed,6.767578125e-01,3.232421875e-01,6.919379674e+03
feld,handed,6.772460938e-01,3.227539062e-01,6.919379674e+03
feld,handed,6.777343750e-01,3.222656250e-01,6.919379674e+03
feld,handed,6.782226562e-01,3.217773438e-01,6.919379674e+03
feld,handed,6.787109375e-01,3.212890625e-01,6.919379674e+03
feld,handed,6.791992188e-01,3.208007812e-01,6.919379674e+03
feld,handed,6.796875000e-01,3.203125000e-01,6.919379674e+03
feld,handed,6.801757812e-01,3.198242188e-01,6.919379674e+03
feld,handed,6.806640625e-01,3.193359375e-01,6.919379674e+03
feld,handed,6.811523438e-01,3.188476562e-01,6.919379674e+03
feld,handed,6.816406250e-01,3.183593750e-01,6.919379674e+03
feld,handed,6.821289062e-01,3.178710938e-01,6.919379674e+03
feld,handed,6.826171875e-01,3.173828125e-01,6.919379674e+03
feld,handed,6.831054688e-01,3.168945312e-01,6.919379674e+03
feld,handed,6.835937500e-01,3.164062500e-01,6.919379674e+03
feld,handed,6.840820312e-01,3.159179688e-01,6.919379674e+03
feld,handed,6.845703125e-01,3.154296875e-01,6.919379674e+03
feld,handed,6.850585938e-01,3.149414062e-01,6.919379674e+03
feld,handed,6.855468750e-01,3.144531250e-01,6.919379674e+03
feld,handed,6.860351562e-01,3.139648438e-01,6.919379674e+03
feld,handed,6.865234375e-01,3.134765625e-01,6.919379674e+03
feld,handed,6.870117188e-01,3.129882812e-01,6.919379674e+03
feld,handed,6.875000000e-01,3.125000000e-01,6.919379674e+03
feld,handed,6.879882812e-01,3.120117188e-01,6.919379674e+03
feld,handed,6.884765625e-01,3.115234375e-01,6.919379674e+03
feld,handed,6.889648438e-01,3.110351562e-01,6.919379674e+03
feld,handed,6.894531250e-01,3.105468750e-01,6.919379674e+03
feld,handed,6.899414062e-01,3.100585938e-01,6.919379674e+03
feld,handed,6.904296875e-01,3.095703125e-01,6.919379674e+03
feld,handed,6.909179688e-01,3.090820312e-01,6.919379674e+03
feld,handed,6.914062500e-01,3.085937500e-01,6.919379674e+03
feld,handed,6.918945312e-01,3.081054688e-01,6.919379674e+03
feld,handed,6.923828125e-01,3.076171875e-01,6.919379674e+03
feld,handed,6.928710938e-01,3.071289062e-01,6.919379674e+03
feld,handed,6.933593750e-01,3.066406250e-01,6.919379674e+03
feld,handed,6.938476562e-01,3.061523438e-01,6.919379674e+03
feld,handed,6.943359375e-01,3.056640625e-01,6.919379674e+03
feld,handed,6.948242188e-01,3.051757812e-01,6.919379674e+03
feld,handed,6.953125000e-01,3.046875000e-01,6.919379674e+03
feld,handed,6.958007812e-01,3.041992188e-01,6.896108939e+03
feld,handed,6.962890625e-01,3.037109375e-01,6.877540048e+03
feld,handed,6.967773438e-01,3.032226562e-01,6.863750565e+03
feld,handed,6.972656250e-01,3.027343750e-01,6.854798499e+03
feld,handed,6.977539062e-01,3.022460938e-01,6.850721697e+03
feld,handed,6.982421875e-01,3.017578125e-01,6.851537442e+03
feld,handed,6.987304688e-01,3.012695312e-01,6.857242274e+03
feld,handed,6.992187500e-01,3.007812500e-01,6.867812023e+03
feld,handed,6.997070312e-01,3.002929688e-01,6.883202068e+03
feld,handed,7.001953125e-01,2.998046875e-01,6.903347803e+03
feld,handed,7.006835938e-01,2.993164062e-01,6.928165314e+03
feld,handed,7.011718750e-01,2.988281250e-01,6.957552239e+03
feld,handed,7.016601562e-01,2.983398438e-01,6.991388814e+03
feld,handed,7.021484375e-01,2.978515625e-01,7.029539067e+03
feld,handed,7.026367188e-01,2.973632812e-01,7.071852146e+03
feld,handed,7.031250000e-01,2.968750000e-01,7.118163761e+03
feld,handed,7.036132812e-01,2.963867188e-01,7.156852803e+03
feld,handed,7.041015625e-01,2.958984375e-01,7.193123431e+03
feld,handed,7.045898438e-01,2.954101562e-01,7.227034617e+03
feld,handed,7.050781250e-01,2.949218750e-01,7.258641022e+03
feld,handed,7.055664062e-01,2.944335938e-01,7.287993212e+03
feld,handed,7.060546875e-01,2.939453125e-01,7.315137858e+03
feld,handed,7.065429688e-01,2.934570312e-01,7.340117924e+03
feld,handed,7.070312500e-01,2.929687500e-01,7.362972825e+03
feld,handed,7.075195312e-01,2.924804688e-01,7.383738581e+03
feld,handed,7.080078125e-01,2.919921875e-01,7.402447953e+03
feld,handed,7.084960938e-01,2.915039062e-01,7.419130562e+03
feld,handed,7.089843750e-01,2.910156250e-01,7.433813003e+03
feld,handed,7.094726562e-01,2.905273438e-01,7.446518937e+03
feld,handed,7.099609375e-01,2.900390625e-01,7.457269182e+03
feld,handed,7.104492188e-01,2.895507812e-01,7.466081786e+03
feld,handed,7.109375000e-01,2.890625000e-01,7.472972095e+03
feld,handed,7.114257812e-01,2.885742188e-01,7.507178457e+03
feld,handed,7.119140625e-01,2.880859375e-01,7.537734051e+03
feld,handed,7.124023438e-01,2.875976562e-01,7.564730705e+03
feld,handed,7.128906250e-01,2.871093750e-01,7.588248558e+03
feld,handed,7.133789062e-01,2.866210938e-01,7.608356662e+03
feld,handed,7.138671875e-01,2.861328125e-01,7.625113503e+03
feld,handed,7.143554688e-01,2.856445312e-01,7.638567427e+03
feld,handed,7.148437500e-01,2.851562500e-01,7.648756996e+03
feld,handed,7.153320312e-01,2.846679688e-01,7.655711263e+03
feld,handed,7.158203125e-01,2.841796875e-01,7.659449983e+03
feld,handed,7.163085938e-01,2.836914062e-01,7.659983750e+03
feld,handed,7.167968750e-01,2.832031250e-01,7.657314075e+03
feld,handed,7.172851562e-01,2.827148438e-01,7.651433398e+03
feld,handed,7.177734375e-01,2.822265625e-01,7.642325028e+03
feld,handed,7.182617188e-01,2.817382812e-01,7.629963032e+03
feld,handed,7.187500000e-01,2.812500000e-01,7.614312046e+03
feld,handed,7.192382812e-01,2.807617188e-01,7.614312046e+03
feld,handed,7.197265625e-01,2.802734375e-01,7.614312046e+03
feld,handed,7.202148438e-01,2.797851562e-01,7.614312046e+03
feld,handed,7.207031250e-01,2.792968750e-01,7.614312046e+03
feld,handed,7.211914062e-01,2.788085938e-01,7.614312046e+03
feld,handed,7.216796875e-01,2.783203125e-01,7.614312046e+03
feld,handed,7.221679688e-01,2.778320312e-01,7.614312046e+03
feld,handed,7.226562500e-01,2.773437500e-01,7.614312046e+03
feld,handed,7.231445312e-01,2.768554688e-01,7.614312046e+03
feld,handed,7.236328125e-01,2.763671875e-01,7.614312046e+03
feld,handed,7.241210938e-01,2.758789062e-01,7.614312046e+03
feld,handed,7.246093750e-01,2.753906250e-01,7.614312046e+03
feld,handed,7.250976562e-01,2.749023438e-01,7.614312046e+03
feld,handed,7.255859375e-01,2.744140625e-01,7.614312046e+03
feld,handed,7.260742188e-01,2.739257812e-01,7.614312046e+03
feld,handed,7.265625000e-01,2.734375000e-01,7.614312046e+03
feld,handed,7.270507812e-01,2.729492188e-01,7.614312046e+03
feld,handed,7.275390625e-01,2.724609375e-01,7.614312046e+03
feld,handed,7.280273438e-01,2.719726562e-01,7.614312046e+03
feld,handed,7.285156250e-01,2.714843750e-01,7.614312046e+03
feld,handed,7.290039062e-01,2.709960938e-01,7.614312046e+03
feld,handed,7.294921875e-01,2.705078125e-01,7.614312046e+03
feld,handed,7.299804688e-01,2.700195312e-01,7.614312046e+03
feld,handed,7.304687500e-01,2.695312500e-01,7.614312046e+03
feld,handed,7.309570312e-01,2.690429688e-01,7.614312046e+03
feld,handed,7.314453125e-01,2.685546875e-01,7.614312046e+03
feld,handed,7.319335938e-01,2.680664062e-01,7.614312046e+03
feld,handed,7.324218750e-01,2.675781250e-01,7.614312046e+03
feld,handed,7.329101562e-01,2.670898438e-01,7.614312046e+03
feld,handed,7.333984375e-01,2.666015625e-01,7.614312046e+03
feld,handed,7.338867188e-01,2.661132812e-01,7.614312046e+03
feld,handed,7.343750000e-01,2.656250000e-01,7.614312046e+03
feld,handed,7.348632812e-01,2.651367188e-01,7.614312046e+03
feld,handed,7.353515625e-01,2.646484375e-01,7.614312046e+03
feld,handed,7.358398438e-01,2.641601562e-01,7.614312046e+03
feld,handed,7.363281250e-01,2.636718750e-01,7.614312046e+03
feld,handed,7.368164062e-01,2.631835938e-01,7.614312046e+03
feld,handed,7.373046875e-01,2.626953125e-01,7.614312046e+03
feld,handed,7.377929688e-01,2.622070312e-01,7.614312046e+03
feld,handed,7.382812500e-01,2.617187500e-01,7.614312046e+03
feld,handed,7.387695312e-01,2.612304688e-01,7.614312046e+03
feld,handed,7.392578125e-01,2.607421875e-01,7.614312046e+03
feld,handed,7.397460938e-01,2.602539062e-01,7.614312046e+03
feld,handed,7.402343750e-01,2.597656250e-01,7.614312046e+03
feld,handed,7.407226562e-01,2.592773438e-01,7.614312046e+03
feld,handed,7.412109375e-01,2.587890625e-01,7.614312046e+03
feld,handed,7.416992188e-01,2.583007812e-01,7.614312046e+03
feld,handed,7.421875000e-01,2.578125000e-01,7.614312046e+03
feld,handed,7.426757812e-01,2.573242188e-01,7.614312046e+03
feld,handed,7.431640625e-01,2.568359375e-01,7.614312046e+03
feld,handed,7.436523438e-01,2.563476562e-01,7.614312046e+03
feld,handed,7.441406250e-01,2.558593750e-01,7.614312046e+03
feld,handed,7.446289062e-01,2.553710938e-01,7.614312046e+03
feld,handed,7.451171875e-01,2.548828125e-01,7.614312046e+03
feld,handed,7.456054688e-01,2.543945312e-01,7.614312046e+03
feld,handed,7.460937500e-01,2.539062500e-01,7.614312046e+03
feld,handed,7.465820312e-01,2.534179688e-01,7.614312046e+03
feld,handed,7.470703125e-01,2.529296875e-01,7.614312046e+03
feld,handed,7.475585938e-01,2.524414062e-01,7.614312046e+03
feld,handed,7.480468750e-01,2.519531250e-01,7.614312046e+03
feld,handed,7.485351562e-01,2.514648438e-01,7.614312046e+03
feld,handed,7.490234375e-01,2.509765625e-01,7.614312046e+03
feld,handed,7.495117188e-01,2.504882812e-01,7.614312046e+03
feld,handed,7.500000000e-01,2.500000000e-01,7.614312046e+03
feld,handed,7.504882812e-01,2.495117188e-01,7.614312046e+03
feld,handed,7.509765625e-01,2.490234375e-01,7.614312046e+03
feld,handed,7.514648438e-01,2.485351563e-01,7.614312046e+03
feld,handed,7.519531250e-01,2.480468750e-01,7.614312046e+03
feld,handed,7.524414062e-01,2.475585938e-01,7.614312046e+03
feld,handed,7.529296875e-01,2.470703125e-01,7.614312046e+03
feld,handed,7.534179688e-01,2.465820312e-01,7.614312046e+03
feld,handed,7.539062500e-01,2.460937500e-01,7.614312046e+03
feld,handed,7.543945312e-01,2.456054688e-01,7.614312046e+03
feld,handed,7.548828125e-01,2.451171875e-01,7.614312046e+03
feld,handed,7.553710938e-01,2.446289062e-01,7.614312046e+03
feld,handed,7.558593750e-01,2.441406250e-01,7.614312046e+03
feld,handed,7.563476562e-01,2.436523438e-01,7.614312046e+03
feld,handed,7.568359375e-01,2.431640625e-01,7.614312046e+03
feld,handed,7.573242188e-01,2.426757812e-01,7.614312046e+03
feld,handed,7.578125000e-01,2.421875000e-01,7.614312046e+03
feld,handed,7.583007812e-01,2.416992188e-01,7.607059810e+03
feld,handed,7.587890625e-01,2.412109375e-01,7.601301622e+03
feld,handed,7.592773438e-01,2.407226562e-01,7.597041916e+03
feld,handed,7.597656250e-01,2.402343750e-01,7.594283980e+03
feld,handed,7.602539062e-01,2.397460938e-01,7.593029941e+03
feld,handed,7.607421875e-01,2.392578125e-01,7.593280771e+03
feld,handed,7.612304688e-01,2.387695312e-01,7.595036273e+03
feld,handed,7.617187500e-01,2.382812500e-01,7.598295093e+03
feld,handed,7.622070312e-01,2.377929688e-01,7.603054715e+03
feld,handed,7.626953125e-01,2.373046875e-01,7.609311469e+03
feld,handed,7.631835938e-01,2.368164062e-01,7.617060537e+03
feld,handed,7.636718750e-01,2.363281250e-01,7.626295964e+03
feld,handed,7.641601562e-01,2.358398437e-01,7.637010665e+03
feld,handed,7.646484375e-01,2.353515625e-01,7.649196445e+03
feld,handed,7.651367188e-01,2.348632812e-01,7.662844011e+03
feld,handed,7.656250000e-01,2.343750000e-01,7.677942986e+03
feld,handed,7.661132812e-01,2.338867188e-01,7.650796740e+03
feld,handed,7.666015625e-01,2.333984375e-01,7.630880487e+03
feld,handed,7.670898438e-01,2.329101563e-01,7.618278377e+03
feld,handed,7.675781250e-01,2.324218750e-01,7.613044627e+03
feld,handed,7.680664062e-01,2.319335938e-01,7.615202949e+03
feld,handed,7.685546875e-01,2.314453125e-01,7.624746300e+03
feld,handed,7.690429688e-01,2.309570312e-01,7.641636949e+03
feld,handed,7.695312500e-01,2.304687500e-01,7.665806858e+03
feld,handed,7.700195312e-01,2.299804688e-01,7.697158384e+03
feld,handed,7.705078125e-01,2.294921875e-01,7.735565264e+03
feld,handed,7.709960938e-01,2.290039062e-01,7.780873892e+03
feld,handed,7.714843750e-01,2.285156250e-01,7.832904841e+03
feld,handed,7.719726562e-01,2.280273438e-01,7.891454621e+03
feld,handed,7.724609375e-01,2.275390625e-01,7.956297626e+03
feld,handed,7.729492188e-01,2.270507812e-01,8.027188242e+03
feld,handed,7.734375000e-01,2.265625000e-01,8.103863090e+03
feld,handed,7.739257812e-01,2.260742188e-01,8.208060310e+03
feld,handed,7.744140625e-01,2.255859375e-01,8.300499869e+03
feld,handed,7.749023438e-01,2.250976562e-01,8.381677343e+03
feld,handed,7.753906250e-01,2.246093750e-01,8.452018797e+03
feld,handed,7.758789062e-01,2.241210938e-01,8.511886568e+03
feld,handed,7.763671875e-01,2.236328125e-01,8.561584078e+03
feld,handed,7.768554688e-01,2.231445312e-01,8.601359751e+03
feld,handed,7.773437500e-01,2.226562500e-01,8.631410178e+03
feld,handed,7.778320312e-01,2.221679688e-01,8.651882565e+03
feld,handed,7.783203125e-01,2.216796875e-01,8.662876553e+03
feld,handed,7.788085938e-01,2.211914062e-01,8.664445436e+03
feld,handed,7.792968750e-01,2.207031250e-01,8.656596807e+03
feld,handed,7.797851562e-01,2.202148437e-01,8.639292649e+03
feld,handed,7.802734375e-01,2.197265625e-01,8.612448878e+03
feld,handed,7.807617188e-01,2.192382812e-01,8.575934314e+03
feld,handed,7.812500000e-01,2.187500000e-01,8.529569068e+03
feld,handed,7.817382812e-01,2.182617188e-01,8.529569068e+03
feld,handed,7.822265625e-01,2.177734375e-01,8.529569068e+03
feld,handed,7.827148438e-01,2.172851563e-01,8.529569068e+03
feld,handed,7.832031250e-01,2.167968750e-01,8.529569068e+03
feld,handed,7.836914062e-01,2.163085938e-01,8.529569068e+03
feld,handed,7.841796875e-01,2.158203125e-01,8.529569068e+03
feld,handed,7.846679688e-01,2.153320312e-01,8.529569068e+03
feld,handed,7.851562500e-01,2.148437500e-01,8.529569068e+03
feld,handed,7.856445312e-01,2.143554688e-01,8.529569068e+03
feld,handed,7.861328125e-01,2.138671875e-01,8.529569068e+03
feld,handed,7.866210938e-01,2.133789062e-01,8.529569068e+03
feld,handed,7.871093750e-01,2.128906250e-01,8.529569068e+03
feld,handed,7.875976562e-01,2.124023438e-01,8.529569068e+03
feld,handed,7.880859375e-01,2.119140625e-01,8.529569068e+03
feld,handed,7.885742188e-01,2.114257812e-01,8.529569068e+03
feld,handed,7.890625000e-01,2.109375000e-01,8.529569068e+03
feld,handed,7.895507812e-01,2.104492188e-01,8.529569068e+03
feld,handed,7.900390625e-01,2.099609375e-01,8.529569068e+03
feld,handed,7.905273438e-01,2.094726562e-01,8.529569068e+03
feld,handed,7.910156250e-01,2.089843750e-01,8.529569068e+03
feld,handed,7.915039062e-01,2.084960938e-01,8.529569068e+03
feld,handed,7.919921875e-01,2.080078125e-01,8.529569068e+03
feld,handed,7.924804688e-01,2.075195312e-01,8.529569068e+03
feld,handed,7.929687500e-01,2.070312500e-01,8.529569068e+03
feld,handed,7.934570312e-01,2.065429688e-01,8.529569068e+03
feld,handed,7.939453125e-01,2.060546875e-01,8.529569068e+03
feld,handed,7.944335938e-01,2.055664062e-01,8.529569068e+03
feld,handed,7.949218750e-01,2.050781250e-01,8.529569068e+03
feld,handed,7.954101562e-01,2.045898437e-01,8.529569068e+03
feld,handed,7.958984375e-01,2.041015625e-01,8.529569068e+03
feld,handed,7.963867188e-01,2.036132812e-01,8.529569068e+03
feld,handed,7.968750000e-01,2.031250000e-01,8.529569068e+03
feld,handed,7.973632812e-01,2.026367188e-01,8.529569068e+03
feld,handed,7.978515625e-01,2.021484375e-01,8.529569068e+03
feld,handed,7.983398438e-01,2.016601563e-01,8.529569068e+03
feld,handed,7.988281250e-01,2.011718750e-01,8.529569068e+03
feld,handed,7.993164062e-01,2.006835938e-01,8.529569068e+03
feld,handed,7.998046875e-01,2.001953125e-01,8.529569068e+03
feld,handed,8.002929688e-01,1.997070312e-01,8.529569068e+03
feld,handed,8.007812500e-01,1.992187500e-01,8.529569068e+03
feld,handed,8.012695312e-01,1.987304688e-01,8.529569068e+03
feld,handed,8.017578125e-01,1.982421875e-01,8.529569068e+03
feld,handed,8.022460938e-01,1.977539062e-01,8.529569068e+03
feld,handed,8.027343750e-01,1.972656250e-01,8.529569068e+03
feld,handed,8.032226562e-01,1.967773438e-01,8.529569068e+03
feld,handed,8.037109375e-01,1.962890625e-01,8.529569068e+03
feld,handed,8.041992188e-01,1.958007812e-01,8.529569068e+03
feld,handed,8.046875000e-01,1.953125000e-01,8.529569068e+03
feld,handed,8.051757812e-01,1.948242188e-01,8.529569068e+03
feld,handed,8.056640625e-01,1.943359375e-01,8.529569068e+03
feld,handed,8.061523438e-01,1.938476562e-01,8.529569068e+03
feld,handed,8.066406250e-01,1.933593750e-01,8.529569068e+03
feld,handed,8.071289062e-01,1.928710938e-01,8.529569068e+03
feld,handed,8.076171875e-01,1.923828125e-01,8.529569068e+03
feld,handed,8.081054688e-01,1.918945312e-01,8.529569068e+03
feld,handed,8.085937500e-01,1.914062500e-01,8.529569068e+03
feld,handed,8.090820312e-01,1.909179688e-01,8.529569068e+03
feld,handed,8.095703125e-01,1.904296875e-01,8.529569068e+03
feld,handed,8.100585938e-01,1.899414062e-01,8.529569068e+03
feld,handed,8.105468750e-01,1.894531250e-01,8.529569068e+03
feld,handed,8.110351562e-01,1.889648438e-01,8.529569068e+03
feld,handed,8.115234375e-01,1.884765625e-01,8.529569068e+03
feld,handed,8.120117188e-01,1.879882812e-01,8.529569068e+03
feld,handed,8.125000000e-01,1.875000000e-01,8.529569068e+03
feld,handed,8.129882812e-01,1.870117188e-01,8.529569068e+03
feld,handed,8.134765625e-01,1.865234375e-01,8.529569068e+03
feld,handed,8.139648438e-01,1.860351562e-01,8.529569068e+03
feld,handed,8.144531250e-01,1.855468750e-01,8.529569068e+03
feld,handed,8.149414062e-01,1.850585938e-01,8.529569068e+03
feld,handed,8.154296875e-01,1.845703125e-01,8.529569068e+03
feld,handed,8.159179688e-01,1.840820312e-01,8.529569068e+03
feld,handed,8.164062500e-01,1.835937500e-01,8.529569068e+03
feld,handed,8.168945312e-01,1.831054688e-01,8.529569068e+03
feld,handed,8.173828125e-01,1.826171875e-01,8.529569068e+03
feld,handed,8.178710938e-01,1.821289062e-01,8.529569068e+03
feld,handed,8.183593750e-01,1.816406250e-01,8.529569068e+03
feld,handed,8.188476562e-01,1.811523438e-01,8.529569068e+03
feld,handed,8.193359375e-01,1.806640625e-01,8.529569068e+03
feld,handed,8.198242188e-01,1.801757812e-01,8.529569068e+03
feld,handed,8.203125000e-01,1.796875000e-01,8.529569068e+03
feld,handed,8.208007812e-01,1.791992188e-01,8.480253785e+03
feld,handed,8.212890625e-01,1.787109375e-01,8.440953648e+03
feld,handed,8.217773438e-01,1.782226562e-01,8.411798141e+03
feld,handed,8.222656250e-01,1.777343750e-01,8.392883854e+03
feld,handed,8.227539062e-01,1.772460938e-01,8.384273696e+03
feld,handed,8.232421875e-01,1.767578125e-01,8.385996366e+03
feld,handed,8.237304688e-01,1.762695312e-01,8.398046120e+03
feld,handed,8.242187500e-01,1.757812500e-01,8.420382813e+03
feld,handed,8.247070312e-01,1.752929688e-01,8.452932239e+03
feld,handed,8.251953125e-01,1.748046875e-01,8.495586741e+03
feld,handed,8.256835938e-01,1.743164062e-01,8.548206096e+03
feld,handed,8.261718750e-01,1.738281250e-01,8.610618664e+03
feld,handed,8.266601562e-01,1.733398438e-01,8.682622765e+03
feld,handed,8.271484375e-01,1.728515625e-01,8.763988290e+03
feld,handed,8.276367188e-01,1.723632812e-01,8.854458494e+03
feld,handed,8.281250000e-01,1.718750000e-01,8.953751974e+03
feld,handed,8.286132812e-01,1.713867188e-01,9.052944323e+03
feld,handed,8.291015625e-01,1.708984375e-01,9.143777986e+03
feld,handed,8.295898438e-01,1.704101562e-01,9.226451914e+03
feld,handed,8.300781250e-01,1.699218750e-01,9.301145355e+03
feld,handed,8.305664062e-01,1.694335938e-01,9.368018839e+03
feld,handed,8.310546875e-01,1.689453125e-01,9.427215048e+03
feld,handed,8.315429688e-01,1.684570312e-01,9.478859578e+03
feld,handed,8.320312500e-01,1.679687500e-01,9.523061601e+03
feld,handed,8.325195312e-01,1.674804688e-01,9.559914438e+03
feld,handed,8.330078125e-01,1.669921875e-01,9.589496043e+03
feld,handed,8.334960938e-01,1.665039062e-01,9.611869403e+03
feld,handed,8.339843750e-01,1.660156250e-01,9.627082862e+03
feld,handed,8.344726562e-01,1.655273438e-01,9.635170370e+03
feld,handed,8.349609375e-01,1.650390625e-01,9.636151658e+03
feld,handed,8.354492188e-01,1.645507812e-01,9.630032342e+03
feld,handed,8.359375000e-01,1.640625000e-01,9.616803957e+03
feld,handed,8.364257812e-01,1.635742188e-01,9.660071178e+03
feld,handed,8.369140625e-01,1.630859375e-01,9.698917008e+03
feld,handed,8.374023438e-01,1.625976562e-01,9.733393635e+03
feld,handed,8.378906250e-01,1.621093750e-01,9.763547118e+03
feld,handed,8.383789062e-01,1.616210938e-01,9.789417538e+03
feld,handed,8.388671875e-01,1.611328125e-01,9.811039133e+03
feld,handed,8.393554688e-01,1.606445312e-01,9.828440410e+03
feld,handed,8.398437500e-01,1.601562500e-01,9.841644244e+03
feld,handed,8.403320312e-01,1.596679688e-01,9.850667951e+03
feld,handed,8.408203125e-01,1.591796875e-01,9.855523343e+03
feld,handed,8.413085938e-01,1.586914062e-01,9.856216769e+03
feld,handed,8.417968750e-01,1.582031250e-01,9.852749135e+03
feld,handed,8.422851562e-01,1.577148438e-01,9.845115909e+03
feld,handed,8.427734375e-01,1.572265625e-01,9.833307102e+03
feld,handed,8.432617188e-01,1.567382812e-01,9.817307238e+03
feld,handed,8.437500000e-01,1.562500000e-01,9.797095303e+03
feld,handed,8.442382812e-01,1.557617188e-01,9.797095303e+03
feld,handed,8.447265625e-01,1.552734375e-01,9.797095303e+03
feld,handed,8.452148438e-01,1.547851562e-01,9.797095303e+03
feld,handed,8.457031250e-01,1.542968750e-01,9.797095303e+03
feld,handed,8.461914062e-01,1.538085938e-01,9.797095303e+03
feld,handed,8.466796875e-01,1.533203125e-01,9.797095303e+03
feld,handed,8.471679688e-01,1.528320312e-01,9.797095303e+03
feld,handed,8.476562500e-01,1.523437500e-01,9.797095303e+03
feld,handed,8.481445312e-01,1.518554688e-01,9.797095303e+03
feld,handed,8.486328125e-01,1.513671875e-01,9.797095303e+03
feld,handed,8.491210938e-01,1.508789062e-01,9.797095303e+03
feld,handed,8.496093750e-01,1.503906250e-01,9.797095303e+03
feld,handed,8.500976562e-01,1.499023438e-01,9.797095303e+03
feld,handed,8.505859375e-01,1.494140625e-01,9.797095303e+03
feld,handed,8.510742188e-01,1.489257812e-01,9.797095303e+03
feld,handed,8.515625000e-01,1.484375000e-01,9.797095303e+03
feld,handed,8.520507812e-01,1.479492188e-01,9.797095303e+03
feld,handed,8.525390625e-01,1.474609375e-01,9.797095303e+03
feld,handed,8.530273438e-01,1.469726562e-01,9.797095303e+03
feld,handed,8.535156250e-01,1.464843750e-01,9.797095303e+03
feld,handed,8.540039062e-01,1.459960938e-01,9.797095303e+03
feld,handed,8.544921875e-01,1.455078125e-01,9.797095303e+03
feld,handed,8.549804688e-01,1.450195312e-01,9.797095303e+03
feld,handed,8.554687500e-01,1.445312500e-01,9.797095303e+03
feld,handed,8.559570312e-01,1.440429688e-01,9.797095303e+03
feld,handed,8.564453125e-01,1.435546875e-01,9.797095303e+03
feld,handed,8.569335938e-01,1.430664062e-01,9.797095303e+03
feld,handed,8.574218750e-01,1.425781250e-01,9.797095303e+03
feld,handed,8.579101562e-01,1.420898438e-01,9.797095303e+03
feld,handed,8.583984375e-01,1.416015625e-01,9.797095303e+03
feld,handed,8.588867188e-01,1.411132812e-01,9.797095303e+03
feld,handed,8.593750000e-01,1.406250000e-01,9.797095303e+03
feld,handed,8.598632812e-01,1.401367188e-01,9.797095303e+03
feld,handed,8.603515625e-01,1.396484375e-01,9.797095303e+03
feld,handed,8.608398438e-01,1.391601562e-01,9.797095303e+03
feld,handed,8.613281250e-01,1.386718750e-01,9.797095303e+03
feld,handed,8.618164062e-01,1.381835938e-01,9.797095303e+03
feld,handed,8.623046875e-01,1.376953125e-01,9.797095303e+03
feld,handed,8.627929688e-01,1.372070312e-01,9.797095303e+03
feld,handed,8.632812500e-01,1.367187500e-01,9.797095303e+03
feld,handed,8.637695312e-01,1.362304688e-01,9.797095303e+03
feld,handed,8.642578125e-01,1.357421875e-01,9.797095303e+03
feld,handed,8.647460938e-01,1.352539062e-01,9.797095303e+03
feld,handed,8.652343750e-01,1.347656250e-01,9.797095303e+03
feld,handed,8.657226562e-01,1.342773438e-01,9.797095303e+03
feld,handed,8.662109375e-01,1.337890625e-01,9.797095303e+03
feld,handed,8.666992188e-01,1.333007812e-01,9.797095303e+03
feld,handed,8.671875000e-01,1.328125000e-01,9.797095303e+03
feld,handed,8.676757812e-01,1.323242188e-01,9.776095912e+03
feld,handed,8.681640625e-01,1.318359375e-01,9.759423518e+03
feld,handed,8.686523438e-01,1.313476562e-01,9.747090364e+03
feld,handed,8.691406250e-01,1.308593750e-01,9.739105517e+03
feld,handed,8.696289062e-01,1.303710938e-01,9.735474853e+03
feld,handed,8.701171875e-01,1.298828125e-01,9.736201045e+03
feld,handed,8.706054688e-01,1.293945312e-01,9.741283559e+03
feld,handed,8.710937500e-01,1.289062500e-01,9.750718652e+03
feld,handed,8.715820312e-01,1.284179688e-01,9.764499384e+03
feld,handed,8.720703125e-01,1.279296875e-01,9.782615627e+03
feld,handed,8.725585938e-01,1.274414062e-01,9.805054085e+03
feld,handed,8.730468750e-01,1.269531250e-01,9.831798317e+03
feld,handed,8.735351562e-01,1.264648438e-01,9.862828768e+03
feld,handed,8.740234375e-01,1.259765625e-01,9.898122806e+03
feld,handed,8.745117188e-01,1.254882812e-01,9.937654761e+03
feld,handed,8.750000000e-01,1.250000000e-01,9.981395972e+03
feld,handed,8.754882812e-01,1.245117188e-01,9.945594318e+03
feld,handed,8.759765625e-01,1.240234375e-01,9.922183971e+03
feld,handed,8.764648438e-01,1.235351562e-01,9.911224579e+03
feld,handed,8.769531250e-01,1.230468750e-01,9.912746400e+03
feld,handed,8.774414062e-01,1.225585938e-01,9.926750117e+03
feld,handed,8.779296875e-01,1.220703125e-01,9.953206822e+03
feld,handed,8.784179688e-01,1.215820312e-01,9.992058182e+03
feld,handed,8.789062500e-01,1.210937500e-01,1.004321677e+04
feld,handed,8.793945312e-01,1.206054688e-01,1.010656659e+04
feld,handed,8.798828125e-01,1.201171875e-01,1.018196371e+04
feld,handed,8.803710938e-01,1.196289062e-01,1.026923712e+04
feld,handed,8.808593750e-01,1.191406250e-01,1.036818970e+04
feld,handed,8.813476562e-01,1.186523438e-01,1.047859933e+04
feld,handed,8.818359375e-01,1.181640625e-01,1.060022014e+04
feld,handed,8.823242188e-01,1.176757812e-01,1.073278383e+04
feld,handed,8.828125000e-01,1.171875000e-01,1.087600117e+04
feld,handed,8.833007812e-01,1.166992188e-01,1.108052271e+04
feld,handed,8.837890625e-01,1.162109375e-01,1.126306925e+04
feld,handed,8.842773438e-01,1.157226562e-01,1.142423863e+04
feld,handed,8.847656250e-01,1.152343750e-01,1.156455167e+04
feld,handed,8.852539062e-01,1.147460938e-01,1.168445644e+04
feld,handed,8.857421875e-01,1.142578125e-01,1.178433192e+04
feld,handed,8.862304688e-01,1.137695312e-01,1.186449105e+04
feld,handed,8.867187500e-01,1.132812500e-01,1.192518320e+04
feld,handed,8.872070312e-01,1.127929688e-01,1.196659612e+04
feld,handed,8.876953125e-01,1.123046875e-01,1.198885738e+04
feld,handed,8.881835938e-01,1.118164062e-01,1.199203539e+04
feld,handed,8.886718750e-01,1.113281250e-01,1.197613991e+04
feld,handed,8.891601562e-01,1.108398438e-01,1.194112212e+04
feld,handed,8.896484375e-01,1.103515625e-01,1.188687424e+04
feld,handed,8.901367188e-01,1.098632812e-01,1.181322873e+04
feld,handed,8.906250000e-01,1.093750000e-01,1.171995695e+04
feld,handed,8.911132812e-01,1.088867188e-01,1.171995695e+04
feld,handed,8.916015625e-01,1.083984375e-01,1.171995695e+04
feld,handed,8.920898438e-01,1.079101562e-01,1.171995695e+04
feld,handed,8.925781250e-01,1.074218750e-01,1.171995695e+04
feld,handed,8.930664062e-01,1.069335938e-01,1.171995695e+04
feld,handed,8.935546875e-01,1.064453125e-01,1.171995695e+04
feld,handed,8.940429688e-01,1.059570312e-01,1.171995695e+04
feld,handed,8.945312500e-01,1.054687500e-01,1.171995695e+04
feld,handed,8.950195312e-01,1.049804688e-01,1.171995695e+04
feld,handed,8.955078125e-01,1.044921875e-01,1.171995695e+04
feld,handed,8.959960938e-01,1.040039062e-01,1.171995695e+04
feld,handed,8.964843750e-01,1.035156250e-01,1.171995695e+04
feld,handed,8.969726562e-01,1.030273438e-01,1.171995695e+04
feld,handed,8.974609375e-01,1.025390625e-01,1.171995695e+04
feld,handed,8.979492188e-01,1.020507812e-01,1.171995695e+04
feld,handed,8.984375000e-01,1.015625000e-01,1.171995695e+04
feld,handed,8.989257812e-01,1.010742188e-01,1.171995695e+04
feld,handed,8.994140625e-01,1.005859375e-01,1.171995695e+04
feld,handed,8.999023438e-01,1.000976562e-01,1.171995695e+04
feld,handed,9.003906250e-01,9.960937500e-02,1.171995695e+04
feld,handed,9.008789062e-01,9.912109375e-02,1.171995695e+04
feld,handed,9.013671875e-01,9.863281250e-02,1.171995695e+04
feld,handed,9.018554688e-01,9.814453125e-02,1.171995695e+04
feld,handed,9.023437500e-01,9.765625000e-02,1.171995695e+04
feld,handed,9.028320312e-01,9.716796875e-02,1.171995695e+04
feld,handed,9.033203125e-01,9.667968750e-02,1.171995695e+04
feld,handed,9.038085938e-01,9.619140625e-02,1.171995695e+04
feld,handed,9.042968750e-01,9.570312500e-02,1.171995695e+04
feld,handed,9.047851562e-01,9.521484375e-02,1.171995695e+04
feld,handed,9.052734375e-01,9.472656250e-02,1.171995695e+04
feld,handed,9.057617188e-01,9.423828125e-02,1.171995695e+04
feld,handed,9.062500000e-01,9.375000000e-02,1.171995695e+04
feld,handed,9.067382812e-01,9.326171875e-02,1.171995695e+04
feld,handed,9.072265625e-01,9.277343750e-02,1.171995695e+04
feld,handed,9.077148438e-01,9.228515625e-02,1.171995695e+04
feld,handed,9.082031250e-01,9.179687500e-02,1.171995695e+04
feld,handed,9.086914062e-01,9.130859375e-02,1.171995695e+04
feld,handed,9.091796875e-01,9.082031250e-02,1.171995695e+04
feld,handed,9.096679688e-01,9.033203125e-02,1.171995695e+04
feld,handed,9.101562500e-01,8.984375000e-02,1.171995695e+04
feld,handed,9.106445312e-01,8.935546875e-02,1.171995695e+04
feld,handed,9.111328125e-01,8.886718750e-02,1.171995695e+04
feld,handed,9.116210938e-01,8.837890625e-02,1.171995695e+04
feld,handed,9.121093750e-01,8.789062500e-02,1.171995695e+04
feld,handed,9.125976562e-01,8.740234375e-02,1.171995695e+04
feld,handed,9.130859375e-01,8.691406250e-02,1.171995695e+04
feld,handed,9.135742188e-01,8.642578125e-02,1.171995695e+04
feld,handed,9.140625000e-01,8.593750000e-02,1.171995695e+04
feld,handed,9.145507812e-01,8.544921875e-02,1.163013322e+04
feld,handed,9.150390625e-01,8.496093750e-02,1.155874030e+04
feld,handed,9.155273438e-01,8.447265625e-02,1.150588414e+04
feld,handed,9.160156250e-01,8.398437500e-02,1.147164339e+04
feld,handed,9.165039062e-01,8.349609375e-02,1.145606908e+04
feld,handed,9.169921875e-01,8.300781250e-02,1.145918446e+04
feld,handed,9.174804688e-01,8.251953125e-02,1.148098487e+04
feld,handed,9.179687500e-01,8.203125000e-02,1.152143780e+04
feld,handed,9.184570312e-01,8.154296875e-02,1.158048297e+04
feld,handed,9.189453125e-01,8.105468750e-02,1.165803261e+04
feld,handed,9.194335938e-01,8.056640625e-02,1.175397173e+04
feld,handed,9.199218750e-01,8.007812500e-02,1.186815856e+04
feld,handed,9.204101562e-01,7.958984375e-02,1.200042509e+04
feld,handed,9.208984375e-01,7.910156250e-02,1.215057769e+04
feld,handed,9.213867188e-01,7.861328125e-02,1.231839775e+04
feld,handed,9.218750000e-01,7.812500000e-02,1.250364255e+04
feld,handed,9.223632812e-01,7.763671875e-02,1.262101789e+04
feld,handed,9.228515625e-01,7.714843750e-02,1.273775969e+04
feld,handed,9.233398438e-01,7.666015625e-02,1.285385718e+04
feld,handed,9.238281250e-01,7.617187500e-02,1.296929982e+04
feld,handed,9.243164062e-01,7.568359375e-02,1.308407723e+04
feld,handed,9.248046875e-01,7.519531250e-02,1.319817927e+04
feld,handed,9.252929688e-01,7.470703125e-02,1.331159596e+04
feld,handed,9.257812500e-01,7.421875000e-02,1.342431757e+04
feld,handed,9.262695312e-01,7.373046875e-02,1.353633454e+04
feld,handed,9.267578125e-01,7.324218750e-02,1.364763755e+04
feld,handed,9.272460938e-01,7.275390625e-02,1.375821746e+04
feld,handed,9.277343750e-01,7.226562500e-02,1.386806538e+04
feld,handed,9.282226562e-01,7.177734375e-02,1.397717261e+04
feld,handed,9.287109375e-01,7.128906250e-02,1.408553066e+04
feld,handed,9.291992188e-01,7.080078125e-02,1.419313128e+04
feld,handed,9.296875000e-01,7.031250000e-02,1.429996644e+04
feld,handed,9.301757812e-01,6.982421875e-02,1.454760634e+04
feld,handed,9.306640625e-01,6.933593750e-02,1.476965035e+04
feld,handed,9.311523438e-01,6.884765625e-02,1.496649041e+04
feld,handed,9.316406250e-01,6.835937500e-02,1.513847142e+04
feld,handed,9.321289062e-01,6.787109375e-02,1.528589273e+04
feld,handed,9.326171875e-01,6.738281250e-02,1.540900952e+04
feld,handed,9.331054688e-01,6.689453125e-02,1.550803385e+04
feld,handed,9.335937500e-01,6.640625000e-02,1.558313560e+04
feld,handed,9.340820312e-01,6.591796875e-02,1.563444324e+04
feld,handed,9.345703125e-01,6.542968750e-02,1.566204430e+04
feld,handed,9.350585938e-01,6.494140625e-02,1.566598581e+04
feld,handed,9.355468750e-01,6.445312500e-02,1.564627450e+04
feld,handed,9.360351562e-01,6.396484375e-02,1.560287678e+04
feld,handed,9.365234375e-01,6.347656250e-02,1.553571864e+04
feld,handed,9.370117188e-01,6.298828125e-02,1.544468532e+04
feld,handed,9.375000000e-01,6.250000000e-02,1.532962081e+04
feld,handed,9.379882812e-01,6.201171875e-02,1.532962081e+04
feld,handed,9.384765625e-01,6.152343750e-02,1.532962081e+04
feld,handed,9.389648438e-01,6.103515625e-02,1.532962081e+04
feld,handed,9.394531250e-01,6.054687500e-02,1.532962081e+04
feld,handed,9.399414062e-01,6.005859375e-02,1.532962081e+04
feld,handed,9.404296875e-01,5.957031250e-02,1.532962081e+04
feld,handed,9.409179688e-01,5.908203125e-02,1.532962081e+04
feld,handed,9.414062500e-01,5.859375000e-02,1.532962081e+04
feld,handed,9.418945312e-01,5.810546875e-02,1.532962081e+04
feld,handed,9.423828125e-01,5.761718750e-02,1.532962081e+04
feld,handed,9.428710938e-01,5.712890625e-02,1.532962081e+04
feld,handed,9.433593750e-01,5.664062500e-02,1.532962081e+04
feld,handed,9.438476562e-01,5.615234375e-02,1.532962081e+04
feld,handed,9.443359375e-01,5.566406250e-02,1.532962081e+04
feld,handed,9.448242188e-01,5.517578125e-02,1.532962081e+04
feld,handed,9.453125000e-01,5.468750000e-02,1.532962081e+04
feld,handed,9.458007812e-01,5.419921875e-02,1.532962081e+04
feld,handed,9.462890625e-01,5.371093750e-02,1.532962081e+04
feld,handed,9.467773438e-01,5.322265625e-02,1.532962081e+04
feld,handed,9.472656250e-01,5.273437500e-02,1.532962081e+04
feld,handed,9.477539062e-01,5.224609375e-02,1.532962081e+04
feld,handed,9.482421875e-01,5.175781250e-02,1.532962081e+04
feld,handed,9.487304688e-01,5.126953125e-02,1.532962081e+04
feld,handed,9.492187500e-01,5.078125000e-02,1.532962081e+04
feld,handed,9.497070312e-01,5.029296875e-02,1.532962081e+04
feld,handed,9.501953125e-01,4.980468750e-02,1.532962081e+04
feld,handed,9.506835938e-01,4.931640625e-02,1.532962081e+04
feld,handed,9.511718750e-01,4.882812500e-02,1.532962081e+04
feld,handed,9.516601562e-01,4.833984375e-02,1.532962081e+04
feld,handed,9.521484375e-01,4.785156250e-02,1.532962081e+04
feld,handed,9.526367188e-01,4.736328125e-02,1.532962081e+04
feld,handed,9.531250000e-01,4.687500000e-02,1.532962081e+04
feld,handed,9.536132812e-01,4.638671875e-02,1.524721396e+04
feld,handed,9.541015625e-01,4.589843750e-02,1.518174703e+04
feld,handed,9.545898438e-01,4.541015625e-02,1.513329588e+04
feld,handed,9.550781250e-01,4.492187500e-02,1.510191675e+04
feld,handed,9.555664062e-01,4.443359375e-02,1.508764613e+04
feld,handed,9.560546875e-01,4.394531250e-02,1.509050062e+04
feld,handed,9.565429688e-01,4.345703125e-02,1.511047690e+04
feld,handed,9.570312500e-01,4.296875000e-02,1.514755174e+04
feld,handed,9.575195312e-01,4.248046875e-02,1.520168204e+04
feld,handed,9.580078125e-01,4.199218750e-02,1.527280501e+04
feld,handed,9.584960938e-01,4.150390625e-02,1.536083828e+04
feld,handed,9.589843750e-01,4.101562500e-02,1.546568021e+04
feld,handed,9.594726562e-01,4.052734375e-02,1.558721014e+04
feld,handed,9.599609375e-01,4.003906250e-02,1.572528872e+04
feld,handed,9.604492188e-01,3.955078125e-02,1.587975838e+04
feld,handed,9.609375000e-01,3.906250000e-02,1.605044367e+04
feld,handed,9.614257812e-01,3.857421875e-02,1.613630186e+04
feld,handed,9.619140625e-01,3.808593750e-02,1.622525421e+04
feld,handed,9.624023438e-01,3.759765625e-02,1.631727662e+04
feld,handed,9.628906250e-01,3.710937500e-02,1.641234391e+04
feld,handed,9.633789062e-01,3.662109375e-02,1.651042986e+04
feld,handed,9.638671875e-01,3.613281250e-02,1.661150723e+04
feld,handed,9.643554688e-01,3.564453125e-02,1.671554775e+04
feld,handed,9.648437500e-01,3.515625000e-02,1.682252218e+04
feld,handed,9.653320312e-01,3.466796875e-02,1.693240032e+04
feld,handed,9.658203125e-01,3.417968750e-02,1.704515101e+04
feld,handed,9.663085938e-01,3.369140625e-02,1.716074222e+04
feld,handed,9.667968750e-01,3.320312500e-02,1.727914099e+04
feld,handed,9.672851562e-01,3.271484375e-02,1.740031353e+04
feld,handed,9.677734375e-01,3.222656250e-02,1.752422521e+04
feld,handed,9.682617188e-01,3.173828125e-02,1.765084059e+04
feld,handed,9.687500000e-01,3.125000000e-02,1.778012345e+04
feld,handed,9.692382812e-01,3.076171875e-02,1.803364392e+04
feld,handed,9.697265625e-01,3.027343750e-02,1.826109137e+04
feld,handed,9.702148438e-01,2.978515625e-02,1.846282491e+04
feld,handed,9.707031250e-01,2.929687500e-02,1.863916100e+04
feld,handed,9.711914062e-01,2.880859375e-02,1.879037459e+04
feld,handed,9.716796875e-01,2.832031250e-02,1.891670030e+04
feld,handed,9.721679688e-01,2.783203125e-02,1.901833324e+04
feld,handed,9.726562500e-01,2.734375000e-02,1.909542986e+04
feld,handed,9.731445312e-01,2.685546875e-02,1.914810849e+04
feld,handed,9.736328125e-01,2.636718750e-02,1.917644982e+04
feld,handed,9.741210938e-01,2.587890625e-02,1.918049720e+04
feld,handed,9.746093750e-01,2.539062500e-02,1.916025684e+04
feld,handed,9.750976562e-01,2.490234375e-02,1.911569776e+04
feld,handed,9.755859375e-01,2.441406250e-02,1.904675175e+04
feld,handed,9.760742188e-01,2.392578125e-02,1.895331307e+04
feld,handed,9.765625000e-01,2.343750000e-02,1.883523804e+04
feld,handed,9.770507812e-01,2.294921875e-02,1.883523804e+04
feld,handed,9.775390625e-01,2.246093750e-02,1.883523804e+04
feld,handed,9.780273438e-01,2.197265625e-02,1.883523804e+04
feld,handed,9.785156250e-01,2.148437500e-02,1.883523804e+04
feld,handed,9.790039062e-01,2.099609375e-02,1.883523804e+04
feld,handed,9.794921875e-01,2.050781250e-02,1.883523804e+04
feld,handed,9.799804688e-01,2.001953125e-02,1.883523804e+04
feld,handed,9.804687500e-01,1.953125000e-02,1.883523804e+04
feld,handed,9.809570312e-01,1.904296875e-02,1.883523804e+04
feld,handed,9.814453125e-01,1.855468750e-02,1.883523804e+04
feld,handed,9.819335938e-01,1.806640625e-02,1.883523804e+04
feld,handed,9.824218750e-01,1.757812500e-02,1.883523804e+04
feld,handed,9.829101562e-01,1.708984375e-02,1.883523804e+04
feld,handed,9.833984375e-01,1.660156250e-02,1.883523804e+04
feld,handed,9.838867188e-01,1.611328125e-02,1.883523804e+04
feld,handed,9.843750000e-01,1.562500000e-02,1.883523804e+04
feld,handed,9.848632812e-01,1.513671875e-02,1.883523804e+04
feld,handed,9.853515625e-01,1.464843750e-02,1.883523804e+04
feld,handed,9.858398438e-01,1.416015625e-02,1.883523804e+04
feld,handed,9.863281250e-01,1.367187500e-02,1.883523804e+04
feld,handed,9.868164062e-01,1.318359375e-02,1.883523804e+04
feld,handed,9.873046875e-01,1.269531250e-02,1.883523804e+04
feld,handed,9.877929688e-01,1.220703125e-02,1.883523804e+04
feld,handed,9.882812500e-01,1.171875000e-02,1.883523804e+04
feld,handed,9.887695312e-01,1.123046875e-02,1.883523804e+04
feld,handed,9.892578125e-01,1.074218750e-02,1.883523804e+04
feld,handed,9.897460938e-01,1.025390625e-02,1.883523804e+04
feld,handed,9.902343750e-01,9.765625000e-03,1.883523804e+04
feld,handed,9.907226562e-01,9.277343750e-03,1.883523804e+04
feld,handed,9.912109375e-01,8.789062500e-03,1.883523804e+04
feld,handed,9.916992188e-01,8.300781250e-03,1.883523804e+04
feld,handed,9.921875000e-01,7.812500000e-03,1.883523804e+04
feld,handed,9.926757812e-01,7.324218750e-03,1.883523804e+04
feld,handed,9.931640625e-01,6.835937500e-03,1.883523804e+04
feld,handed,9.936523438e-01,6.347656250e-03,1.883523804e+04
feld,handed,9.941406250e-01,5.859375000e-03,1.883523804e+04
feld,handed,9.946289062e-01,5.371093750e-03,1.883523804e+04
feld,handed,9.951171875e-01,4.882812500e-03,1.883523804e+04
feld,handed,9.956054688e-01,4.394531250e-03,1.883523804e+04
feld,handed,9.960937500e-01,3.906250000e-03,1.883523804e+04
feld,handed,9.965820312e-01,3.417968750e-03,1.883523804e+04
feld,handed,9.970703125e-01,2.929687500e-03,1.883523804e+04
feld,handed,9.975585938e-01,2.441406250e-03,1.883523804e+04
feld,handed,9.980468750e-01,1.953125000e-03,1.883523804e+04
feld,handed,9.985351562e-01,1.464843750e-03,1.883523804e+04
feld,handed,9.990234375e-01,9.765625000e-04,1.883523804e+04
feld,handed,9.995117188e-01,4.882812500e-04,1.883523804e+04
feld,handed,1.000000000e+00,0.000000000e+00,1.883523804e+04
feld,cumulative,0.000000000e+00,nan,0.000000000e+00
feld,cumulative,7.812500000e-03,nan,2.181725148e-10
feld,cumulative,1.562500000e-02,nan,4.363450296e-10
feld,cumulative,2.343750000e-02,nan,6.545175444e-10
feld,cumulative,3.125000000e-02,nan,8.726900592e-10
feld,cumulative,3.906250000e-02,nan,1.090862574e-09
feld,cumulative,4.687500000e-02,nan,1.309035089e-09
feld,cumulative,5.468750000e-02,nan,1.527207604e-09
feld,cumulative,6.250000000e-02,nan,1.745380118e-09
feld,cumulative,7.031250000e-02,nan,2.033181638e-09
feld,cumulative,7.812500000e-02,nan,2.722764680e-09
feld,cumulative,8.593750000e-02,nan,3.412347722e-09
feld,cumulative,9.375000000e-02,nan,4.101930763e-09
feld,cumulative,1.015625000e-01,nan,4.791513805e-09
feld,cumulative,1.093750000e-01,nan,5.481096847e-09
feld,cumulative,1.171875000e-01,nan,6.170679888e-09
feld,cumulative,1.250000000e-01,nan,6.860262930e-09
feld,cumulative,1.328125000e-01,nan,7.549845972e-09
feld,cumulative,1.406250000e-01,nan,8.239429013e-09
feld,cumulative,1.484375000e-01,nan,8.973543241e-09
feld,cumulative,1.562500000e-01,nan,1.021688329e-08
feld,cumulative,1.640625000e-01,nan,1.146022334e-08
feld,cumulative,1.718750000e-01,nan,1.270356339e-08
feld,cumulative,1.796875000e-01,nan,1.394690344e-08
feld,cumulative,1.875000000e-01,nan,1.519024349e-08
feld,cumulative,1.953125000e-01,nan,1.643358354e-08
feld,cumulative,2.031250000e-01,nan,1.767692359e-08
feld,cumulative,2.109375000e-01,nan,1.892026364e-08
feld,cumulative,2.187500000e-01,nan,2.016360369e-08
feld,cumulative,2.265625000e-01,nan,2.140694375e-08
feld,cumulative,2.343750000e-01,nan,2.265028380e-08
feld,cumulative,2.421875000e-01,nan,2.431165146e-08
feld,cumulative,2.500000000e-01,nan,2.622507136e-08
feld,cumulative,2.578125000e-01,nan,2.813849127e-08
feld,cumulative,2.656250000e-01,nan,3.005191117e-08
feld,cumulative,2.734375000e-01,nan,3.196533107e-08
feld,cumulative,2.812500000e-01,nan,3.387875098e-08
feld,cumulative,2.890625000e-01,nan,3.579217088e-08
feld,cumulative,2.968750000e-01,nan,3.770559078e-08
feld,cumulative,3.046875000e-01,nan,3.961901069e-08
feld,cumulative,3.125000000e-01,nan,4.153243059e-08
feld,cumulative,3.203125000e-01,nan,4.344585049e-08
feld,cumulative,3.281250000e-01,nan,4.535927040e-08
feld,cumulative,3.359375000e-01,nan,4.727269030e-08
feld,cumulative,3.437500000e-01,nan,4.965604664e-08
feld,cumulative,3.515625000e-01,nan,5.237940013e-08
feld,cumulative,3.593750000e-01,nan,5.510275362e-08
feld,cumulative,3.671875000e-01,nan,5.782610711e-08
feld,cumulative,3.750000000e-01,nan,6.054946060e-08
feld,cumulative,3.828125000e-01,nan,6.327281410e-08
feld,cumulative,3.906250000e-01,nan,6.599616759e-08
feld,cumulative,3.984375000e-01,nan,6.871952108e-08
feld,cumulative,4.062500000e-01,nan,7.144287457e-08
feld,cumulative,4.140625000e-01,nan,7.416622806e-08
feld,cumulative,4.218750000e-01,nan,7.688958156e-08
feld,cumulative,4.296875000e-01,nan,7.961293505e-08
feld,cumulative,4.375000000e-01,nan,8.233628854e-08
feld,cumulative,4.453125000e-01,nan,8.505964203e-08
feld,cumulative,4.531250000e-01,nan,8.833166137e-08
feld,cumulative,4.609375000e-01,nan,9.196360703e-08
feld,cumulative,4.687500000e-01,nan,9.559555269e-08
feld,cumulative,4.765625000e-01,nan,9.922749835e-08
feld,cumulative,4.843750000e-01,nan,1.028594440e-07
feld,cumulative,4.921875000e-01,nan,1.064913897e-07
feld,cumulative,5.000000000e-01,nan,1.101233353e-07
feld,cumulative,5.078125000e-01,nan,1.137552810e-07
feld,cumulative,5.156250000e-01,nan,1.173872267e-07
feld,cumulative,5.234375000e-01,nan,1.210191723e-07
feld,cumulative,5.312500000e-01,nan,1.246511180e-07
feld,cumulative,5.390625000e-01,nan,1.282830636e-07
feld,cumulative,5.468750000e-01,nan,1.320543007e-07
feld,cumulative,5.546875000e-01,nan,1.366602375e-07
feld,cumulative,5.625000000e-01,nan,1.412661742e-07
feld,cumulative,5.703125000e-01,nan,1.458721110e-07
feld,cumulative,5.781250000e-01,nan,1.504780477e-07
feld,cumulative,5.859375000e-01,nan,1.550839845e-07
feld,cumulative,5.937500000e-01,nan,1.596899212e-07
feld,cumulative,6.015625000e-01,nan,1.642958580e-07
feld,cumulative,6.093750000e-01,nan,1.689017947e-07
feld,cumulative,6.171875000e-01,nan,1.735077314e-07
feld,cumulative,6.250000000e-01,nan,1.781136682e-07
feld,cumulative,6.328125000e-01,nan,1.829364248e-07
feld,cumulative,6.406250000e-01,nan,1.886154777e-07
feld,cumulative,6.484375000e-01,nan,1.942945307e-07
feld,cumulative,6.562500000e-01,nan,1.999735836e-07
feld,cumulative,6.640625000e-01,nan,2.056526366e-07
feld,cumulative,6.718750000e-01,nan,2.113316895e-07
feld,cumulative,6.796875000e-01,nan,2.170107425e-07
feld,cumulative,6.875000000e-01,nan,2.226897954e-07
feld,cumulative,6.953125000e-01,nan,2.283688484e-07
feld,cumulative,7.031250000e-01,nan,2.340479013e-07
feld,cumulative,7.109375000e-01,nan,2.404454092e-07
feld,cumulative,7.187500000e-01,nan,2.473544109e-07
feld,cumulative,7.265625000e-01,nan,2.542634125e-07
feld,cumulative,7.343750000e-01,nan,2.611724141e-07
feld,cumulative,7.421875000e-01,nan,2.680814157e-07
feld,cumulative,7.500000000e-01,nan,2.749904173e-07
feld,cumulative,7.578125000e-01,nan,2.818994189e-07
feld,cumulative,7.656250000e-01,nan,2.888084205e-07
feld,cumulative,7.734375000e-01,nan,2.959120240e-07
feld,cumulative,7.812500000e-01,nan,3.043005745e-07
feld,cumulative,7.890625000e-01,nan,3.126891250e-07
feld,cumulative,7.968750000e-01,nan,3.210776755e-07
feld,cumulative,8.046875000e-01,nan,3.294662260e-07
feld,cumulative,8.125000000e-01,nan,3.378547765e-07
feld,cumulative,8.203125000e-01,nan,3.462433270e-07
feld,cumulative,8.281250000e-01,nan,3.546318775e-07
feld,cumulative,8.359375000e-01,nan,3.643700442e-07
feld,cumulative,8.437500000e-01,nan,3.746600127e-07
feld,cumulative,8.515625000e-01,nan,3.849499811e-07
feld,cumulative,8.593750000e-01,nan,3.952399496e-07
feld,cumulative,8.671875000e-01,nan,4.055299181e-07
feld,cumulative,8.750000000e-01,nan,4.158198866e-07
feld,cumulative,8.828125000e-01,nan,4.266188992e-07
feld,cumulative,8.906250000e-01,nan,4.396166968e-07
feld,cumulative,8.984375000e-01,nan,4.526144944e-07
feld,cumulative,9.062500000e-01,nan,4.656122919e-07
feld,cumulative,9.140625000e-01,nan,4.786100895e-07
feld,cumulative,9.218750000e-01,nan,4.916078871e-07
feld,cumulative,9.296875000e-01,nan,5.068095978e-07
feld,cumulative,9.375000000e-01,nan,5.246014688e-07
feld,cumulative,9.453125000e-01,nan,5.423933397e-07
feld,cumulative,9.531250000e-01,nan,5.601852107e-07
feld,cumulative,9.609375000e-01,nan,5.779770816e-07
feld,cumulative,9.687500000e-01,nan,5.978664728e-07
feld,cumulative,9.765625000e-01,nan,6.205811552e-07
feld,cumulative,9.843750000e-01,nan,6.432958376e-07
feld,cumulative,9.921875000e-01,nan,6.660105201e-07
feld,cumulative,1.000000000e+00,nan,6.887252025e-07
