# Young-Laplace-Residuum (gamma*kappa - delta_p) * a / gamma, ausgewertet
# ALLEIN aus den Knotenkoordinaten: Tangentenwinkel aus den Sehnen,
# Meridiankruemmung aus deren Drehung.  Teilt keinen Code mit dem Loeser.
variant,Pi,s_m,s_over_arclength,residual
pi-1.98,-1.980000000e+00,0.000000000e+00,0.000000000e+00,-1.361983166e-08
pi-1.98,-1.980000000e+00,3.524642974e-09,4.882812401e-04,-1.765235772e-08
pi-1.98,-1.980000000e+00,7.049285948e-09,9.765624802e-04,-2.018954933e-08
pi-1.98,-1.980000000e+00,1.057392892e-08,1.464843720e-03,-1.958817574e-08
pi-1.98,-1.980000000e+00,1.409857190e-08,1.953124960e-03,-2.027935831e-08
pi-1.98,-1.980000000e+00,1.762321487e-08,2.441406200e-03,-2.031892415e-08
pi-1.98,-1.980000000e+00,2.114785784e-08,2.929687441e-03,-1.965447509e-08
pi-1.98,-1.980000000e+00,2.467250082e-08,3.417968681e-03,-2.045409719e-08
pi-1.98,-1.980000000e+00,2.819714379e-08,3.906249921e-03,-2.000816953e-08
pi-1.98,-1.980000000e+00,3.172178676e-08,4.394531161e-03,-1.997315720e-08
pi-1.98,-1.980000000e+00,3.524642974e-08,4.882812401e-03,-2.004626085e-08
pi-1.98,-1.980000000e+00,3.877107271e-08,5.371093641e-03,-2.023522085e-08
pi-1.98,-1.980000000e+00,4.229571569e-08,5.859374881e-03,-1.983371959e-08
pi-1.98,-1.980000000e+00,4.582035866e-08,6.347656121e-03,-2.021341954e-08
pi-1.98,-1.980000000e+00,4.934500163e-08,6.835937361e-03,-2.036837973e-08
pi-1.98,-1.980000000e+00,5.286964461e-08,7.324218601e-03,-1.992334586e-08
pi-1.98,-1.980000000e+00,5.639428758e-08,7.812499841e-03,-1.989522517e-08
pi-1.98,-1.980000000e+00,5.991893056e-08,8.300781082e-03,-2.030842632e-08
pi-1.98,-1.980000000e+00,6.344357353e-08,8.789062322e-03,-2.012978869e-08
pi-1.98,-1.980000000e+00,6.696821650e-08,9.277343562e-03,-1.967255310e-08
pi-1.98,-1.980000000e+00,7.049285948e-08,9.765624802e-03,-2.066881239e-08
pi-1.98,-1.980000000e+00,7.401750245e-08,1.025390604e-02,-1.969051321e-08
pi-1.98,-1.980000000e+00,7.754214542e-08,1.074218728e-02,-2.012923937e-08
pi-1.98,-1.980000000e+00,8.106678840e-08,1.123046852e-02,-2.030221681e-08
pi-1.98,-1.980000000e+00,8.459143137e-08,1.171874976e-02,-1.984292681e-08
pi-1.98,-1.980000000e+00,8.811607435e-08,1.220703100e-02,-2.011189579e-08
pi-1.98,-1.980000000e+00,9.164071732e-08,1.269531224e-02,-2.043728039e-08
pi-1.98,-1.980000000e+00,9.516536029e-08,1.318359348e-02,-1.977170573e-08
pi-1.98,-1.980000000e+00,9.869000327e-08,1.367187472e-02,-2.015608797e-08
pi-1.98,-1.980000000e+00,1.022146462e-07,1.416015596e-02,-2.023407875e-08
pi-1.98,-1.980000000e+00,1.057392892e-07,1.464843720e-02,-1.964076707e-08
pi-1.98,-1.980000000e+00,1.092639322e-07,1.513671844e-02,-2.042672100e-08
pi-1.98,-1.980000000e+00,1.127885752e-07,1.562499968e-02,-2.020421111e-08
pi-1.98,-1.980000000e+00,1.163132181e-07,1.611328092e-02,-1.997215635e-08
pi-1.98,-1.980000000e+00,1.198378611e-07,1.660156216e-02,-2.006925699e-08
pi-1.98,-1.980000000e+00,1.233625041e-07,1.708984340e-02,-2.015123385e-08
pi-1.98,-1.980000000e+00,1.268871471e-07,1.757812464e-02,-1.986374579e-08
pi-1.98,-1.980000000e+00,1.304117900e-07,1.806640588e-02,-2.022521802e-08
pi-1.98,-1.980000000e+00,1.339364330e-07,1.855468712e-02,-2.020766477e-08
pi-1.98,-1.980000000e+00,1.374610760e-07,1.904296836e-02,-2.013733950e-08
pi-1.98,-1.980000000e+00,1.409857190e-07,1.953124960e-02,-1.965874649e-08
pi-1.98,-1.980000000e+00,1.445103619e-07,2.001953084e-02,-2.047804266e-08
pi-1.98,-1.980000000e+00,1.480350049e-07,2.050781208e-02,-2.020212611e-08
pi-1.98,-1.980000000e+00,1.515596479e-07,2.099609332e-02,-1.982950654e-08
pi-1.98,-1.980000000e+00,1.550842908e-07,2.148437456e-02,-2.003773012e-08
pi-1.98,-1.980000000e+00,1.586089338e-07,2.197265580e-02,-2.014028490e-08
pi-1.98,-1.980000000e+00,1.621335768e-07,2.246093704e-02,-2.012418040e-08
pi-1.98,-1.980000000e+00,1.656582198e-07,2.294921828e-02,-2.032061033e-08
pi-1.98,-1.980000000e+00,1.691828627e-07,2.343749952e-02,-1.968951518e-08
pi-1.98,-1.980000000e+00,1.727075057e-07,2.392578076e-02,-2.026848824e-08
pi-1.98,-1.980000000e+00,1.762321487e-07,2.441406200e-02,-2.000569578e-08
pi-1.98,-1.980000000e+00,1.797567917e-07,2.490234324e-02,-2.024875422e-08
pi-1.98,-1.980000000e+00,1.832814346e-07,2.539062448e-02,-1.996370047e-08
pi-1.98,-1.980000000e+00,1.868060776e-07,2.587890572e-02,-2.015959677e-08
pi-1.98,-1.980000000e+00,1.903307206e-07,2.636718696e-02,-2.014588554e-08
pi-1.98,-1.980000000e+00,1.938553636e-07,2.685546821e-02,-2.024957236e-08
pi-1.98,-1.980000000e+00,1.973800065e-07,2.734374945e-02,-1.977227356e-08
pi-1.98,-1.980000000e+00,2.009046495e-07,2.783203069e-02,-2.006523992e-08
pi-1.98,-1.980000000e+00,2.044292925e-07,2.832031193e-02,-2.044146809e-08
pi-1.98,-1.980000000e+00,2.079539355e-07,2.880859317e-02,-1.985860594e-08
pi-1.98,-1.980000000e+00,2.114785784e-07,2.929687441e-02,-2.000320916e-08
pi-1.98,-1.980000000e+00,2.150032214e-07,2.978515565e-02,-2.018717458e-08
pi-1.98,-1.980000000e+00,2.185278644e-07,3.027343689e-02,-2.005269895e-08
pi-1.98,-1.980000000e+00,2.220525074e-07,3.076171813e-02,-2.026744031e-08
pi-1.98,-1.980000000e+00,2.255771503e-07,3.124999937e-02,-1.979166109e-08
pi-1.98,-1.980000000e+00,2.291017933e-07,3.173828061e-02,-2.031655262e-08
pi-1.98,-1.980000000e+00,2.326264363e-07,3.222656185e-02,-2.012607867e-08
pi-1.98,-1.980000000e+00,2.361510792e-07,3.271484309e-02,-1.987944705e-08
pi-1.98,-1.980000000e+00,2.396757222e-07,3.320312433e-02,-2.024766081e-08
pi-1.98,-1.980000000e+00,2.432003652e-07,3.369140557e-02,-1.984988123e-08
pi-1.98,-1.980000000e+00,2.467250082e-07,3.417968681e-02,-2.037503997e-08
pi-1.98,-1.980000000e+00,2.502496511e-07,3.466796805e-02,-2.010598568e-08
pi-1.98,-1.980000000e+00,2.537742941e-07,3.515624929e-02,-1.969838275e-08
pi-1.98,-1.980000000e+00,2.572989371e-07,3.564453053e-02,-2.050567359e-08
pi-1.98,-1.980000000e+00,2.608235801e-07,3.613281177e-02,-1.978791164e-08
pi-1.98,-1.980000000e+00,2.643482230e-07,3.662109301e-02,-2.058622947e-08
pi-1.98,-1.980000000e+00,2.678728660e-07,3.710937425e-02,-1.948137973e-08
pi-1.98,-1.980000000e+00,2.713975090e-07,3.759765549e-02,-2.053904641e-08
pi-1.98,-1.980000000e+00,2.749221520e-07,3.808593673e-02,-2.000339589e-08
pi-1.98,-1.980000000e+00,2.784467949e-07,3.857421797e-02,-1.988876454e-08
pi-1.98,-1.980000000e+00,2.819714379e-07,3.906249921e-02,-2.018287742e-08
pi-1.98,-1.980000000e+00,2.854960809e-07,3.955078045e-02,-2.018671943e-08
pi-1.98,-1.980000000e+00,2.890207239e-07,4.003906169e-02,-1.987869370e-08
pi-1.98,-1.980000000e+00,2.925453668e-07,4.052734293e-02,-2.026156240e-08
pi-1.98,-1.980000000e+00,2.960700098e-07,4.101562417e-02,-1.995683700e-08
pi-1.98,-1.980000000e+00,2.995946528e-07,4.150390541e-02,-2.030321967e-08
pi-1.98,-1.980000000e+00,3.031192958e-07,4.199218665e-02,-1.992143915e-08
pi-1.98,-1.980000000e+00,3.066439387e-07,4.248046789e-02,-2.015173930e-08
pi-1.98,-1.980000000e+00,3.101685817e-07,4.296874913e-02,-2.029463098e-08
pi-1.98,-1.980000000e+00,3.136932247e-07,4.345703037e-02,-1.964646187e-08
pi-1.98,-1.980000000e+00,3.172178676e-07,4.394531161e-02,-2.057106344e-08
pi-1.98,-1.980000000e+00,3.207425106e-07,4.443359285e-02,-1.964307823e-08
pi-1.98,-1.980000000e+00,3.242671536e-07,4.492187409e-02,-2.024434276e-08
pi-1.98,-1.980000000e+00,3.277917966e-07,4.541015533e-02,-2.031437788e-08
pi-1.98,-1.980000000e+00,3.313164395e-07,4.589843657e-02,-1.982811131e-08
pi-1.98,-1.980000000e+00,3.348410825e-07,4.638671781e-02,-2.012395987e-08
pi-1.98,-1.980000000e+00,3.383657255e-07,4.687499905e-02,-2.016447223e-08
pi-1.98,-1.980000000e+00,3.418903685e-07,4.736328029e-02,-1.992135544e-08
pi-1.98,-1.980000000e+00,3.454150114e-07,4.785156153e-02,-2.039562031e-08
pi-1.98,-1.980000000e+00,3.489396544e-07,4.833984277e-02,-1.986351721e-08
pi-1.98,-1.980000000e+00,3.524642974e-07,4.882812401e-02,-2.034078341e-08
pi-1.98,-1.980000000e+00,3.559889404e-07,4.931640525e-02,-1.976752528e-08
pi-1.98,-1.980000000e+00,3.595135833e-07,4.980468649e-02,-2.015393336e-08
pi-1.98,-1.980000000e+00,3.630382263e-07,5.029296773e-02,-2.012421300e-08
pi-1.98,-1.980000000e+00,3.665628693e-07,5.078124897e-02,-2.033014152e-08
pi-1.98,-1.980000000e+00,3.700875123e-07,5.126953021e-02,-1.972589255e-08
pi-1.98,-1.980000000e+00,3.736121552e-07,5.175781145e-02,-2.033015681e-08
pi-1.98,-1.980000000e+00,3.771367982e-07,5.224609269e-02,-2.007791811e-08
pi-1.98,-1.980000000e+00,3.806614412e-07,5.273437393e-02,-1.996209074e-08
pi-1.98,-1.980000000e+00,3.841860841e-07,5.322265517e-02,-2.029810235e-08
pi-1.98,-1.980000000e+00,3.877107271e-07,5.371093641e-02,-1.970315559e-08
pi-1.98,-1.980000000e+00,3.912353701e-07,5.419921765e-02,-2.052794615e-08
pi-1.98,-1.980000000e+00,3.947600131e-07,5.468749889e-02,-1.968924595e-08
pi-1.98,-1.980000000e+00,3.982846560e-07,5.517578013e-02,-2.056127551e-08
pi-1.98,-1.980000000e+00,4.018092990e-07,5.566406137e-02,-1.971532511e-08
pi-1.98,-1.980000000e+00,4.053339420e-07,5.615234261e-02,-2.018459057e-08
pi-1.98,-1.980000000e+00,4.088585850e-07,5.664062385e-02,-2.024666278e-08
pi-1.98,-1.980000000e+00,4.123832279e-07,5.712890509e-02,-1.987045432e-08
pi-1.98,-1.980000000e+00,4.159078709e-07,5.761718633e-02,-2.005002157e-08
pi-1.98,-1.980000000e+00,4.194325139e-07,5.810546757e-02,-2.041709484e-08
pi-1.98,-1.980000000e+00,4.229571569e-07,5.859374881e-02,-1.958570199e-08
pi-1.98,-1.980000000e+00,4.264817998e-07,5.908203005e-02,-2.058400644e-08
pi-1.98,-1.980000000e+00,4.300064428e-07,5.957031129e-02,-1.999261354e-08
pi-1.98,-1.980000000e+00,4.335310858e-07,6.005859253e-02,-1.981069891e-08
pi-1.98,-1.980000000e+00,4.370557288e-07,6.054687377e-02,-2.035878416e-08
pi-1.98,-1.980000000e+00,4.405803717e-07,6.103515501e-02,-1.990639546e-08
pi-1.98,-1.980000000e+00,4.441050147e-07,6.152343625e-02,-2.012078509e-08
pi-1.98,-1.980000000e+00,4.476296577e-07,6.201171749e-02,-2.029715422e-08
pi-1.98,-1.980000000e+00,4.511543007e-07,6.249999873e-02,-2.006417428e-08
pi-1.98,-1.980000000e+00,4.546789436e-07,6.298827997e-02,-1.972731314e-08
pi-1.98,-1.980000000e+00,4.582035866e-07,6.347656121e-02,-2.028330173e-08
pi-1.98,-1.980000000e+00,4.617282296e-07,6.396484245e-02,-2.034292233e-08
pi-1.98,-1.980000000e+00,4.652528725e-07,6.445312369e-02,-1.986934039e-08
pi-1.98,-1.980000000e+00,4.687775155e-07,6.494140493e-02,-2.019219008e-08
pi-1.98,-1.980000000e+00,4.723021585e-07,6.542968617e-02,-1.992682448e-08
pi-1.98,-1.980000000e+00,4.758268015e-07,6.591796741e-02,-2.005323338e-08
pi-1.98,-1.980000000e+00,4.793514444e-07,6.640624865e-02,-2.020950107e-08
pi-1.98,-1.980000000e+00,4.828760874e-07,6.689452989e-02,-2.036154927e-08
pi-1.98,-1.980000000e+00,4.864007304e-07,6.738281113e-02,-1.978958374e-08
pi-1.98,-1.980000000e+00,4.899253734e-07,6.787109237e-02,-2.016444808e-08
pi-1.98,-1.980000000e+00,4.934500163e-07,6.835937361e-02,-1.976560246e-08
pi-1.98,-1.980000000e+00,4.969746593e-07,6.884765485e-02,-2.058062159e-08
pi-1.98,-1.980000000e+00,5.004993023e-07,6.933593609e-02,-1.987744616e-08
pi-1.98,-1.980000000e+00,5.040239453e-07,6.982421733e-02,-1.998663865e-08
pi-1.98,-1.980000000e+00,5.075485882e-07,7.031249857e-02,-2.020312092e-08
pi-1.98,-1.980000000e+00,5.110732312e-07,7.080077981e-02,-2.014876493e-08
pi-1.98,-1.980000000e+00,5.145978742e-07,7.128906105e-02,-2.013626099e-08
pi-1.98,-1.980000000e+00,5.181225172e-07,7.177734229e-02,-1.978669429e-08
pi-1.98,-1.980000000e+00,5.216471601e-07,7.226562353e-02,-2.041948287e-08
pi-1.98,-1.980000000e+00,5.251718031e-07,7.275390477e-02,-1.997770025e-08
pi-1.98,-1.980000000e+00,5.286964461e-07,7.324218601e-02,-2.011127484e-08
pi-1.98,-1.980000000e+00,5.322210891e-07,7.373046725e-02,-1.976770516e-08
pi-1.98,-1.980000000e+00,5.357457320e-07,7.421874849e-02,-2.061758691e-08
pi-1.98,-1.980000000e+00,5.392703750e-07,7.470702973e-02,-1.956275013e-08
pi-1.98,-1.980000000e+00,5.427950180e-07,7.519531097e-02,-2.064446731e-08
pi-1.98,-1.980000000e+00,5.463196609e-07,7.568359221e-02,-1.975480925e-08
pi-1.98,-1.980000000e+00,5.498443039e-07,7.617187345e-02,-1.990928693e-08
pi-1.98,-1.980000000e+00,5.533689469e-07,7.666015469e-02,-2.038794312e-08
pi-1.98,-1.980000000e+00,5.568935899e-07,7.714843593e-02,-2.014976216e-08
pi-1.98,-1.980000000e+00,5.604182328e-07,7.763671717e-02,-1.982802398e-08
pi-1.98,-1.980000000e+00,5.639428758e-07,7.812499841e-02,-2.039926150e-08
pi-1.98,-1.980000000e+00,5.674675188e-07,7.861327965e-02,-1.980623675e-08
pi-1.98,-1.980000000e+00,5.709921618e-07,7.910156089e-02,-2.036310265e-08
pi-1.98,-1.980000000e+00,5.745168047e-07,7.958984213e-02,-2.002376937e-08
pi-1.98,-1.980000000e+00,5.780414477e-07,8.007812337e-02,-1.974422652e-08
pi-1.98,-1.980000000e+00,5.815660907e-07,8.056640462e-02,-2.051441400e-08
pi-1.98,-1.980000000e+00,5.850907337e-07,8.105468586e-02,-1.992876621e-08
pi-1.98,-1.980000000e+00,5.886153766e-07,8.154296710e-02,-1.996794129e-08
pi-1.98,-1.980000000e+00,5.921400196e-07,8.203124834e-02,-2.026612717e-08
pi-1.98,-1.980000000e+00,5.956646626e-07,8.251952958e-02,-2.010085629e-08
pi-1.98,-1.980000000e+00,5.991893056e-07,8.300781082e-02,-2.010837129e-08
pi-1.98,-1.980000000e+00,6.027139485e-07,8.349609206e-02,-1.991995136e-08
pi-1.98,-1.980000000e+00,6.062385915e-07,8.398437330e-02,-2.016784500e-08
pi-1.98,-1.980000000e+00,6.097632345e-07,8.447265454e-02,-2.012961685e-08
pi-1.98,-1.980000000e+00,6.132878774e-07,8.496093578e-02,-2.011228615e-08
pi-1.98,-1.980000000e+00,6.168125204e-07,8.544921702e-02,-1.973546841e-08
pi-1.98,-1.980000000e+00,6.203371634e-07,8.593749826e-02,-2.064164828e-08
pi-1.98,-1.980000000e+00,6.238618064e-07,8.642577950e-02,-1.975296250e-08
pi-1.98,-1.980000000e+00,6.273864493e-07,8.691406074e-02,-2.007630919e-08
pi-1.98,-1.980000000e+00,6.309110923e-07,8.740234198e-02,-2.021382238e-08
pi-1.98,-1.980000000e+00,6.344357353e-07,8.789062322e-02,-2.011669196e-08
pi-1.98,-1.980000000e+00,6.379603783e-07,8.837890446e-02,-2.009069289e-08
pi-1.98,-1.980000000e+00,6.414850212e-07,8.886718570e-02,-2.009341654e-08
pi-1.98,-1.980000000e+00,6.450096642e-07,8.935546694e-02,-2.007629511e-08
pi-1.98,-1.980000000e+00,6.485343072e-07,8.984374818e-02,-2.000681937e-08
pi-1.98,-1.980000000e+00,6.520589502e-07,9.033202942e-02,-2.016907524e-08
pi-1.98,-1.980000000e+00,6.555835931e-07,9.082031066e-02,-1.984790529e-08
pi-1.98,-1.980000000e+00,6.591082361e-07,9.130859190e-02,-2.036343224e-08
pi-1.98,-1.980000000e+00,6.626328791e-07,9.179687314e-02,-1.996453994e-08
pi-1.98,-1.980000000e+00,6.661575221e-07,9.228515438e-02,-2.030732245e-08
pi-1.98,-1.980000000e+00,6.696821650e-07,9.277343562e-02,-2.000112819e-08
pi-1.98,-1.980000000e+00,6.732068080e-07,9.326171686e-02,-1.999703144e-08
pi-1.98,-1.980000000e+00,6.767314510e-07,9.374999810e-02,-1.994081822e-08
pi-1.98,-1.980000000e+00,6.802560940e-07,9.423827934e-02,-2.043565940e-08
pi-1.98,-1.980000000e+00,6.837807369e-07,9.472656058e-02,-1.976793817e-08
pi-1.98,-1.980000000e+00,6.873053799e-07,9.521484182e-02,-2.025085732e-08
pi-1.98,-1.980000000e+00,6.908300229e-07,9.570312306e-02,-2.013897056e-08
pi-1.98,-1.980000000e+00,6.943546658e-07,9.619140430e-02,-2.008326844e-08
pi-1.98,-1.980000000e+00,6.978793088e-07,9.667968554e-02,-2.002591996e-08
pi-1.98,-1.980000000e+00,7.014039518e-07,9.716796678e-02,-1.992567997e-08
pi-1.98,-1.980000000e+00,7.049285948e-07,9.765624802e-02,-2.040022372e-08
pi-1.98,-1.980000000e+00,7.084532377e-07,9.814452926e-02,-2.006888272e-08
pi-1.98,-1.980000000e+00,7.119778807e-07,9.863281050e-02,-1.988958993e-08
pi-1.98,-1.980000000e+00,7.155025237e-07,9.912109174e-02,-2.015338323e-08
pi-1.98,-1.980000000e+00,7.190271667e-07,9.960937298e-02,-2.013758056e-08
pi-1.98,-1.980000000e+00,7.225518096e-07,1.000976542e-01,-2.014289909e-08
pi-1.98,-1.980000000e+00,7.260764526e-07,1.005859355e-01,-1.976450946e-08
pi-1.98,-1.980000000e+00,7.296010956e-07,1.010742167e-01,-2.032260921e-08
pi-1.98,-1.980000000e+00,7.331257386e-07,1.015624979e-01,-2.041384159e-08
pi-1.98,-1.980000000e+00,7.366503815e-07,1.020507792e-01,-1.964872957e-08
pi-1.98,-1.980000000e+00,7.401750245e-07,1.025390604e-01,-2.034639250e-08
pi-1.98,-1.980000000e+00,7.436996675e-07,1.030273417e-01,-1.975331784e-08
pi-1.98,-1.980000000e+00,7.472243105e-07,1.035156229e-01,-2.053004362e-08
pi-1.98,-1.980000000e+00,7.507489534e-07,1.040039041e-01,-1.957834434e-08
pi-1.98,-1.980000000e+00,7.542735964e-07,1.044921854e-01,-2.056970484e-08
pi-1.98,-1.980000000e+00,7.577982394e-07,1.049804666e-01,-1.973261758e-08
pi-1.98,-1.980000000e+00,7.613228824e-07,1.054687479e-01,-2.041208135e-08
pi-1.98,-1.980000000e+00,7.648475253e-07,1.059570291e-01,-1.983549190e-08
pi-1.98,-1.980000000e+00,7.683721683e-07,1.064453103e-01,-2.032959703e-08
pi-1.98,-1.980000000e+00,7.718968113e-07,1.069335916e-01,-1.981451838e-08
pi-1.98,-1.980000000e+00,7.754214542e-07,1.074218728e-01,-2.026015912e-08
pi-1.98,-1.980000000e+00,7.789460972e-07,1.079101541e-01,-2.027440438e-08
pi-1.98,-1.980000000e+00,7.824707402e-07,1.083984353e-01,-1.979647457e-08
pi-1.98,-1.980000000e+00,7.859953832e-07,1.088867165e-01,-2.014184593e-08
pi-1.98,-1.980000000e+00,7.895200261e-07,1.093749978e-01,-2.022194143e-08
pi-1.98,-1.980000000e+00,7.930446691e-07,1.098632790e-01,-1.967182752e-08
pi-1.98,-1.980000000e+00,7.965693121e-07,1.103515603e-01,-2.044005596e-08
pi-1.98,-1.980000000e+00,8.000939551e-07,1.108398415e-01,-2.014356632e-08
pi-1.98,-1.980000000e+00,8.036185980e-07,1.113281227e-01,-2.004680816e-08
pi-1.98,-1.980000000e+00,8.071432410e-07,1.118164040e-01,-2.011676722e-08
pi-1.98,-1.980000000e+00,8.106678840e-07,1.123046852e-01,-1.996271894e-08
pi-1.98,-1.980000000e+00,8.141925270e-07,1.127929665e-01,-2.019687318e-08
pi-1.98,-1.980000000e+00,8.177171699e-07,1.132812477e-01,-2.009848476e-08
pi-1.98,-1.980000000e+00,8.212418129e-07,1.137695289e-01,-1.994851351e-08
pi-1.98,-1.980000000e+00,8.247664559e-07,1.142578102e-01,-2.002865650e-08
pi-1.98,-1.980000000e+00,8.282910989e-07,1.147460914e-01,-2.029121715e-08
pi-1.98,-1.980000000e+00,8.318157418e-07,1.152343727e-01,-2.000039818e-08
pi-1.98,-1.980000000e+00,8.353403848e-07,1.157226539e-01,-2.011594183e-08
pi-1.98,-1.980000000e+00,8.388650278e-07,1.162109351e-01,-2.025350331e-08
pi-1.98,-1.980000000e+00,8.423896707e-07,1.166992164e-01,-1.966899601e-08
pi-1.98,-1.980000000e+00,8.459143137e-07,1.171874976e-01,-2.034522826e-08
pi-1.98,-1.980000000e+00,8.494389567e-07,1.176757789e-01,-2.018809414e-08
pi-1.98,-1.980000000e+00,8.529635997e-07,1.181640601e-01,-2.016895129e-08
pi-1.98,-1.980000000e+00,8.564882426e-07,1.186523413e-01,-1.988733953e-08
pi-1.98,-1.980000000e+00,8.600128856e-07,1.191406226e-01,-1.995802136e-08
pi-1.98,-1.980000000e+00,8.635375286e-07,1.196289038e-01,-2.033169168e-08
pi-1.98,-1.980000000e+00,8.670621716e-07,1.201171851e-01,-1.994180056e-08
pi-1.98,-1.980000000e+00,8.705868145e-07,1.206054663e-01,-2.041005753e-08
pi-1.98,-1.980000000e+00,8.741114575e-07,1.210937475e-01,-1.965472218e-08
pi-1.98,-1.980000000e+00,8.776361005e-07,1.215820288e-01,-2.032631802e-08
pi-1.98,-1.980000000e+00,8.811607435e-07,1.220703100e-01,-2.000153102e-08
pi-1.98,-1.980000000e+00,8.846853864e-07,1.225585913e-01,-2.031422737e-08
pi-1.98,-1.980000000e+00,8.882100294e-07,1.230468725e-01,-1.983968885e-08
pi-1.98,-1.980000000e+00,8.917346724e-07,1.235351537e-01,-2.022670460e-08
pi-1.98,-1.980000000e+00,8.952593154e-07,1.240234350e-01,-1.972228516e-08
pi-1.98,-1.980000000e+00,8.987839583e-07,1.245117162e-01,-2.063156416e-08
pi-1.98,-1.980000000e+00,9.023086013e-07,1.249999975e-01,-1.985124507e-08
pi-1.98,-1.980000000e+00,9.058332443e-07,1.254882787e-01,-2.002635620e-08
pi-1.98,-1.980000000e+00,9.093578873e-07,1.259765599e-01,-2.009111947e-08
pi-1.98,-1.980000000e+00,9.128825302e-07,1.264648412e-01,-2.032034916e-08
pi-1.98,-1.980000000e+00,9.164071732e-07,1.269531224e-01,-1.963767599e-08
pi-1.98,-1.980000000e+00,9.199318162e-07,1.274414037e-01,-2.068113403e-08
pi-1.98,-1.980000000e+00,9.234564591e-07,1.279296849e-01,-1.969269962e-08
pi-1.98,-1.980000000e+00,9.269811021e-07,1.284179661e-01,-1.996942545e-08
pi-1.98,-1.980000000e+00,9.305057451e-07,1.289062474e-01,-2.043818667e-08
pi-1.98,-1.980000000e+00,9.340303881e-07,1.293945286e-01,-2.004561737e-08
pi-1.98,-1.980000000e+00,9.375550310e-07,1.298828099e-01,-2.006900868e-08
pi-1.98,-1.980000000e+00,9.410796740e-07,1.303710911e-01,-1.975989397e-08
pi-1.98,-1.980000000e+00,9.446043170e-07,1.308593723e-01,-2.041983500e-08
pi-1.98,-1.980000000e+00,9.481289600e-07,1.313476536e-01,-1.996761170e-08
pi-1.98,-1.980000000e+00,9.516536029e-07,1.318359348e-01,-2.034089689e-08
pi-1.98,-1.980000000e+00,9.551782459e-07,1.323242161e-01,-1.983327812e-08
pi-1.98,-1.980000000e+00,9.587028889e-07,1.328124973e-01,-2.001483379e-08
pi-1.98,-1.980000000e+00,9.622275319e-07,1.333007785e-01,-2.020089347e-08
pi-1.98,-1.980000000e+00,9.657521748e-07,1.337890598e-01,-2.028659563e-08
pi-1.98,-1.980000000e+00,9.692768178e-07,1.342773410e-01,-1.991227498e-08
pi-1.98,-1.980000000e+00,9.728014608e-07,1.347656223e-01,-1.996810347e-08
pi-1.98,-1.980000000e+00,9.763261038e-07,1.352539035e-01,-2.012023819e-08
pi-1.98,-1.980000000e+00,9.798507467e-07,1.357421847e-01,-2.025461040e-08
pi-1.98,-1.980000000e+00,9.833753897e-07,1.362304660e-01,-1.998652275e-08
pi-1.98,-1.980000000e+00,9.869000327e-07,1.367187472e-01,-2.028701617e-08
pi-1.98,-1.980000000e+00,9.904246757e-07,1.372070285e-01,-1.970227909e-08
pi-1.98,-1.980000000e+00,9.939493186e-07,1.376953097e-01,-2.054047746e-08
pi-1.98,-1.980000000e+00,9.974739616e-07,1.381835909e-01,-1.974243932e-08
pi-1.98,-1.980000000e+00,1.000998605e-06,1.386718722e-01,-2.019953767e-08
pi-1.98,-1.980000000e+00,1.004523248e-06,1.391601534e-01,-2.022458097e-08
pi-1.98,-1.980000000e+00,1.008047891e-06,1.396484347e-01,-1.973242200e-08
pi-1.98,-1.980000000e+00,1.011572533e-06,1.401367159e-01,-2.034407892e-08
pi-1.98,-1.980000000e+00,1.015097176e-06,1.406249971e-01,-2.030510546e-08
pi-1.98,-1.980000000e+00,1.018621819e-06,1.411132784e-01,-1.987992836e-08
pi-1.98,-1.980000000e+00,1.022146462e-06,1.416015596e-01,-2.001983279e-08
pi-1.98,-1.980000000e+00,1.025671105e-06,1.420898409e-01,-1.998891681e-08
pi-1.98,-1.980000000e+00,1.029195748e-06,1.425781221e-01,-2.038686622e-08
pi-1.98,-1.980000000e+00,1.032720391e-06,1.430664033e-01,-1.980853182e-08
pi-1.98,-1.980000000e+00,1.036245034e-06,1.435546846e-01,-2.018767199e-08
pi-1.98,-1.980000000e+00,1.039769677e-06,1.440429658e-01,-2.013801559e-08
pi-1.98,-1.980000000e+00,1.043294320e-06,1.445312471e-01,-2.023960333e-08
pi-1.98,-1.980000000e+00,1.046818963e-06,1.450195283e-01,-1.977217577e-08
pi-1.98,-1.980000000e+00,1.050343606e-06,1.455078095e-01,-2.031696431e-08
pi-1.98,-1.980000000e+00,1.053868249e-06,1.459960908e-01,-2.017125802e-08
pi-1.98,-1.980000000e+00,1.057392892e-06,1.464843720e-01,-1.989535113e-08
pi-1.98,-1.980000000e+00,1.060917535e-06,1.469726533e-01,-2.012133803e-08
pi-1.98,-1.980000000e+00,1.064442178e-06,1.474609345e-01,-2.007603031e-08
pi-1.98,-1.980000000e+00,1.067966821e-06,1.479492157e-01,-2.009282779e-08
pi-1.98,-1.980000000e+00,1.071491464e-06,1.484374970e-01,-2.001091089e-08
pi-1.98,-1.980000000e+00,1.075016107e-06,1.489257782e-01,-2.049716297e-08
pi-1.98,-1.980000000e+00,1.078540750e-06,1.494140595e-01,-1.977690635e-08
pi-1.98,-1.980000000e+00,1.082065393e-06,1.499023407e-01,-1.983084100e-08
pi-1.98,-1.980000000e+00,1.085590036e-06,1.503906219e-01,-2.051593961e-08
pi-1.98,-1.980000000e+00,1.089114679e-06,1.508789032e-01,-1.981436184e-08
pi-1.98,-1.980000000e+00,1.092639322e-06,1.513671844e-01,-2.031751886e-08
pi-1.98,-1.980000000e+00,1.096163965e-06,1.518554657e-01,-1.993661563e-08
pi-1.98,-1.980000000e+00,1.099688608e-06,1.523437469e-01,-2.028107387e-08
pi-1.98,-1.980000000e+00,1.103213251e-06,1.528320281e-01,-1.994596532e-08
pi-1.98,-1.980000000e+00,1.106737894e-06,1.533203094e-01,-2.017009298e-08
pi-1.98,-1.980000000e+00,1.110262537e-06,1.538085906e-01,-1.993688929e-08
pi-1.98,-1.980000000e+00,1.113787180e-06,1.542968719e-01,-2.011468665e-08
pi-1.98,-1.980000000e+00,1.117311823e-06,1.547851531e-01,-1.998209761e-08
pi-1.98,-1.980000000e+00,1.120836466e-06,1.552734343e-01,-2.050028584e-08
pi-1.98,-1.980000000e+00,1.124361109e-06,1.557617156e-01,-1.956041522e-08
pi-1.98,-1.980000000e+00,1.127885752e-06,1.562499968e-01,-2.045077915e-08
pi-1.98,-1.980000000e+00,1.131410395e-06,1.567382781e-01,-2.004759733e-08
pi-1.98,-1.980000000e+00,1.134935038e-06,1.572265593e-01,-2.001190610e-08
pi-1.98,-1.980000000e+00,1.138459681e-06,1.577148405e-01,-2.021163073e-08
pi-1.98,-1.980000000e+00,1.141984324e-06,1.582031218e-01,-1.996305859e-08
pi-1.98,-1.980000000e+00,1.145508966e-06,1.586914030e-01,-2.012916693e-08
pi-1.98,-1.980000000e+00,1.149033609e-06,1.591796843e-01,-2.002670390e-08
pi-1.98,-1.980000000e+00,1.152558252e-06,1.596679655e-01,-2.022402964e-08
pi-1.98,-1.980000000e+00,1.156082895e-06,1.601562467e-01,-1.996049711e-08
pi-1.98,-1.980000000e+00,1.159607538e-06,1.606445280e-01,-2.021294467e-08
pi-1.98,-1.980000000e+00,1.163132181e-06,1.611328092e-01,-2.018222750e-08
pi-1.98,-1.980000000e+00,1.166656824e-06,1.616210905e-01,-1.982859946e-08
pi-1.98,-1.980000000e+00,1.170181467e-06,1.621093717e-01,-2.008989447e-08
pi-1.98,-1.980000000e+00,1.173706110e-06,1.625976530e-01,-2.047842819e-08
pi-1.98,-1.980000000e+00,1.177230753e-06,1.630859342e-01,-1.970524139e-08
pi-1.98,-1.980000000e+00,1.180755396e-06,1.635742154e-01,-2.024748897e-08
pi-1.98,-1.980000000e+00,1.184280039e-06,1.640624967e-01,-1.978364305e-08
pi-1.98,-1.980000000e+00,1.187804682e-06,1.645507779e-01,-2.051679116e-08
pi-1.98,-1.980000000e+00,1.191329325e-06,1.650390592e-01,-1.973459191e-08
pi-1.98,-1.980000000e+00,1.194853968e-06,1.655273404e-01,-2.032086588e-08
pi-1.98,-1.980000000e+00,1.198378611e-06,1.660156216e-01,-2.022767929e-08
pi-1.98,-1.980000000e+00,1.201903254e-06,1.665039029e-01,-1.974562980e-08
pi-1.98,-1.980000000e+00,1.205427897e-06,1.669921841e-01,-2.037148248e-08
pi-1.98,-1.980000000e+00,1.208952540e-06,1.674804654e-01,-2.011770005e-08
pi-1.98,-1.980000000e+00,1.212477183e-06,1.679687466e-01,-1.985606539e-08
pi-1.98,-1.980000000e+00,1.216001826e-06,1.684570278e-01,-2.018878592e-08
pi-1.98,-1.980000000e+00,1.219526469e-06,1.689453091e-01,-2.004151136e-08
pi-1.98,-1.980000000e+00,1.223051112e-06,1.694335903e-01,-1.999437257e-08
pi-1.98,-1.980000000e+00,1.226575755e-06,1.699218716e-01,-2.031787702e-08
pi-1.98,-1.980000000e+00,1.230100398e-06,1.704101528e-01,-1.991645986e-08
pi-1.98,-1.980000000e+00,1.233625041e-06,1.708984340e-01,-2.038304634e-08
pi-1.98,-1.980000000e+00,1.237149684e-06,1.713867153e-01,-1.962937384e-08
pi-1.98,-1.980000000e+00,1.240674327e-06,1.718749965e-01,-2.059159669e-08
pi-1.98,-1.980000000e+00,1.244198970e-06,1.723632778e-01,-1.985930094e-08
pi-1.98,-1.980000000e+00,1.247723613e-06,1.728515590e-01,-1.997274632e-08
pi-1.98,-1.980000000e+00,1.251248256e-06,1.733398402e-01,-2.027202843e-08
pi-1.98,-1.980000000e+00,1.254772899e-06,1.738281215e-01,-1.990770336e-08
pi-1.98,-1.980000000e+00,1.258297542e-06,1.743164027e-01,-2.022257284e-08
pi-1.98,-1.980000000e+00,1.261822185e-06,1.748046840e-01,-2.007878012e-08
pi-1.98,-1.980000000e+00,1.265346828e-06,1.752929652e-01,-2.009469064e-08
pi-1.98,-1.980000000e+00,1.268871471e-06,1.757812464e-01,-1.981314247e-08
pi-1.98,-1.980000000e+00,1.272396114e-06,1.762695277e-01,-2.053467762e-08
pi-1.98,-1.980000000e+00,1.275920757e-06,1.767578089e-01,-1.982035807e-08
pi-1.98,-1.980000000e+00,1.279445400e-06,1.772460902e-01,-2.024695334e-08
pi-1.98,-1.980000000e+00,1.282970042e-06,1.777343714e-01,-2.007940550e-08
pi-1.98,-1.980000000e+00,1.286494685e-06,1.782226526e-01,-1.989147210e-08
pi-1.98,-1.980000000e+00,1.290019328e-06,1.787109339e-01,-2.030082198e-08
pi-1.98,-1.980000000e+00,1.293543971e-06,1.791992151e-01,-1.981565606e-08
pi-1.98,-1.980000000e+00,1.297068614e-06,1.796874964e-01,-2.043632261e-08
pi-1.98,-1.980000000e+00,1.300593257e-06,1.801757776e-01,-1.972506837e-08
pi-1.98,-1.980000000e+00,1.304117900e-06,1.806640588e-01,-2.054077968e-08
pi-1.98,-1.980000000e+00,1.307642543e-06,1.811523401e-01,-1.987322265e-08
pi-1.98,-1.980000000e+00,1.311167186e-06,1.816406213e-01,-1.991984592e-08
pi-1.98,-1.980000000e+00,1.314691829e-06,1.821289026e-01,-2.028628174e-08
pi-1.98,-1.980000000e+00,1.318216472e-06,1.826171838e-01,-1.989631938e-08
pi-1.98,-1.980000000e+00,1.321741115e-06,1.831054650e-01,-2.030920986e-08
pi-1.98,-1.980000000e+00,1.325265758e-06,1.835937463e-01,-2.014165156e-08
pi-1.98,-1.980000000e+00,1.328790401e-06,1.840820275e-01,-1.991920283e-08
pi-1.98,-1.980000000e+00,1.332315044e-06,1.845703088e-01,-2.027853655e-08
pi-1.98,-1.980000000e+00,1.335839687e-06,1.850585900e-01,-1.976966702e-08
pi-1.98,-1.980000000e+00,1.339364330e-06,1.855468712e-01,-2.032292592e-08
pi-1.98,-1.980000000e+00,1.342888973e-06,1.860351525e-01,-2.015942051e-08
pi-1.98,-1.980000000e+00,1.346413616e-06,1.865234337e-01,-1.989167613e-08
pi-1.98,-1.980000000e+00,1.349938259e-06,1.870117150e-01,-2.008823524e-08
pi-1.98,-1.980000000e+00,1.353462902e-06,1.874999962e-01,-2.030812370e-08
pi-1.98,-1.980000000e+00,1.356987545e-06,1.879882774e-01,-1.982564963e-08
pi-1.98,-1.980000000e+00,1.360512188e-06,1.884765587e-01,-2.021661525e-08
pi-1.98,-1.980000000e+00,1.364036831e-06,1.889648399e-01,-2.005380081e-08
pi-1.98,-1.980000000e+00,1.367561474e-06,1.894531212e-01,-2.023149434e-08
pi-1.98,-1.980000000e+00,1.371086117e-06,1.899414024e-01,-1.971859044e-08
pi-1.98,-1.980000000e+00,1.374610760e-06,1.904296836e-01,-2.034933065e-08
pi-1.98,-1.980000000e+00,1.378135403e-06,1.909179649e-01,-2.041316550e-08
pi-1.98,-1.980000000e+00,1.381660046e-06,1.914062461e-01,-1.948888266e-08
pi-1.98,-1.980000000e+00,1.385184689e-06,1.918945274e-01,-2.048588323e-08
pi-1.98,-1.980000000e+00,1.388709332e-06,1.923828086e-01,-1.998389044e-08
pi-1.98,-1.980000000e+00,1.392233975e-06,1.928710898e-01,-2.021023349e-08
pi-1.98,-1.980000000e+00,1.395758618e-06,1.933593711e-01,-1.975964809e-08
pi-1.98,-1.980000000e+00,1.399283261e-06,1.938476523e-01,-2.050783746e-08
pi-1.98,-1.980000000e+00,1.402807904e-06,1.943359336e-01,-1.976107953e-08
pi-1.98,-1.980000000e+00,1.406332547e-06,1.948242148e-01,-2.004886821e-08
pi-1.98,-1.980000000e+00,1.409857190e-06,1.953124960e-01,-2.029475171e-08
pi-1.98,-1.980000000e+00,1.413381833e-06,1.958007773e-01,-2.007709393e-08
pi-1.98,-1.980000000e+00,1.416906475e-06,1.962890585e-01,-1.995654645e-08
pi-1.98,-1.980000000e+00,1.420431118e-06,1.967773398e-01,-2.049467796e-08
pi-1.98,-1.980000000e+00,1.423955761e-06,1.972656210e-01,-1.967851070e-08
pi-1.98,-1.980000000e+00,1.427480404e-06,1.977539022e-01,-2.000941988e-08
pi-1.98,-1.980000000e+00,1.431005047e-06,1.982421835e-01,-2.038716764e-08
pi-1.98,-1.980000000e+00,1.434529690e-06,1.987304647e-01,-2.013302665e-08
pi-1.98,-1.980000000e+00,1.438054333e-06,1.992187460e-01,-1.973383011e-08
pi-1.98,-1.980000000e+00,1.441578976e-06,1.997070272e-01,-2.047533389e-08
pi-1.98,-1.980000000e+00,1.445103619e-06,2.001953084e-01,-1.962021852e-08
pi-1.98,-1.980000000e+00,1.448628262e-06,2.006835897e-01,-2.064638530e-08
pi-1.98,-1.980000000e+00,1.452152905e-06,2.011718709e-01,-1.960533702e-08
pi-1.98,-1.980000000e+00,1.455677548e-06,2.016601522e-01,-2.027563783e-08
pi-1.98,-1.980000000e+00,1.459202191e-06,2.021484334e-01,-2.029717756e-08
pi-1.98,-1.980000000e+00,1.462726834e-06,2.026367146e-01,-1.989882935e-08
pi-1.98,-1.980000000e+00,1.466251477e-06,2.031249959e-01,-1.996370127e-08
pi-1.98,-1.980000000e+00,1.469776120e-06,2.036132771e-01,-2.039484563e-08
pi-1.98,-1.980000000e+00,1.473300763e-06,2.041015584e-01,-1.986100765e-08
pi-1.98,-1.980000000e+00,1.476825406e-06,2.045898396e-01,-2.012580220e-08
pi-1.98,-1.980000000e+00,1.480350049e-06,2.050781208e-01,-2.018508194e-08
pi-1.98,-1.980000000e+00,1.483874692e-06,2.055664021e-01,-1.991608198e-08
pi-1.98,-1.980000000e+00,1.487399335e-06,2.060546833e-01,-2.022355316e-08
pi-1.98,-1.980000000e+00,1.490923978e-06,2.065429646e-01,-2.000538712e-08
pi-1.98,-1.980000000e+00,1.494448621e-06,2.070312458e-01,-2.019043830e-08
pi-1.98,-1.980000000e+00,1.497973264e-06,2.075195270e-01,-2.002756671e-08
pi-1.98,-1.980000000e+00,1.501497907e-06,2.080078083e-01,-2.032036405e-08
pi-1.98,-1.980000000e+00,1.505022550e-06,2.084960895e-01,-1.978974431e-08
pi-1.98,-1.980000000e+00,1.508547193e-06,2.089843708e-01,-2.024153903e-08
pi-1.98,-1.980000000e+00,1.512071836e-06,2.094726520e-01,-1.992136148e-08
pi-1.98,-1.980000000e+00,1.515596479e-06,2.099609332e-01,-2.038253726e-08
pi-1.98,-1.980000000e+00,1.519121122e-06,2.104492145e-01,-1.962005473e-08
pi-1.98,-1.980000000e+00,1.522645765e-06,2.109374957e-01,-2.043937948e-08
pi-1.98,-1.980000000e+00,1.526170408e-06,2.114257770e-01,-2.010949206e-08
pi-1.98,-1.980000000e+00,1.529695051e-06,2.119140582e-01,-1.988100486e-08
pi-1.98,-1.980000000e+00,1.533219694e-06,2.124023394e-01,-2.030389615e-08
pi-1.98,-1.980000000e+00,1.536744337e-06,2.128906207e-01,-1.994923709e-08
pi-1.98,-1.980000000e+00,1.540268980e-06,2.133789019e-01,-2.036697605e-08
pi-1.98,-1.980000000e+00,1.543793623e-06,2.138671832e-01,-1.982849845e-08
pi-1.98,-1.980000000e+00,1.547318266e-06,2.143554644e-01,-1.990837341e-08
pi-1.98,-1.980000000e+00,1.550842908e-06,2.148437456e-01,-2.042731257e-08
pi-1.98,-1.980000000e+00,1.554367551e-06,2.153320269e-01,-2.005929520e-08
pi-1.98,-1.980000000e+00,1.557892194e-06,2.158203081e-01,-2.000084326e-08
pi-1.98,-1.980000000e+00,1.561416837e-06,2.163085894e-01,-2.007106430e-08
pi-1.98,-1.980000000e+00,1.564941480e-06,2.167968706e-01,-1.997090841e-08
pi-1.98,-1.980000000e+00,1.568466123e-06,2.172851518e-01,-2.016846072e-08
pi-1.98,-1.980000000e+00,1.571990766e-06,2.177734331e-01,-2.026092213e-08
pi-1.98,-1.980000000e+00,1.575515409e-06,2.182617143e-01,-2.016998594e-08
pi-1.98,-1.980000000e+00,1.579040052e-06,2.187499956e-01,-1.973840495e-08
pi-1.98,-1.980000000e+00,1.582564695e-06,2.192382768e-01,-2.029066945e-08
pi-1.98,-1.980000000e+00,1.586089338e-06,2.197265580e-01,-1.994275191e-08
pi-1.98,-1.980000000e+00,1.589613981e-06,2.202148393e-01,-2.034168928e-08
pi-1.98,-1.980000000e+00,1.593138624e-06,2.207031205e-01,-2.005960427e-08
pi-1.98,-1.980000000e+00,1.596663267e-06,2.211914018e-01,-1.990970103e-08
pi-1.98,-1.980000000e+00,1.600187910e-06,2.216796830e-01,-2.021627117e-08
pi-1.98,-1.980000000e+00,1.603712553e-06,2.221679642e-01,-1.984858138e-08
pi-1.98,-1.980000000e+00,1.607237196e-06,2.226562455e-01,-2.031941109e-08
pi-1.98,-1.980000000e+00,1.610761839e-06,2.231445267e-01,-2.025394437e-08
pi-1.98,-1.980000000e+00,1.614286482e-06,2.236328080e-01,-1.986856008e-08
pi-1.98,-1.980000000e+00,1.617811125e-06,2.241210892e-01,-2.008121080e-08
pi-1.98,-1.980000000e+00,1.621335768e-06,2.246093704e-01,-2.003021270e-08
pi-1.98,-1.980000000e+00,1.624860411e-06,2.250976517e-01,-2.006580855e-08
pi-1.98,-1.980000000e+00,1.628385054e-06,2.255859329e-01,-2.029614251e-08
pi-1.98,-1.980000000e+00,1.631909697e-06,2.260742142e-01,-2.010158992e-08
pi-1.98,-1.980000000e+00,1.635434340e-06,2.265624954e-01,-1.991230476e-08
pi-1.98,-1.980000000e+00,1.638958983e-06,2.270507766e-01,-1.999718476e-08
pi-1.98,-1.980000000e+00,1.642483626e-06,2.275390579e-01,-2.024796143e-08
pi-1.98,-1.980000000e+00,1.646008269e-06,2.280273391e-01,-2.025989754e-08
pi-1.98,-1.980000000e+00,1.649532912e-06,2.285156204e-01,-1.992389076e-08
pi-1.98,-1.980000000e+00,1.653057555e-06,2.290039016e-01,-2.007209372e-08
pi-1.98,-1.980000000e+00,1.656582198e-06,2.294921828e-01,-2.000413193e-08
pi-1.98,-1.980000000e+00,1.660106841e-06,2.299804641e-01,-2.020085926e-08
pi-1.98,-1.980000000e+00,1.663631484e-06,2.304687453e-01,-2.034001718e-08
pi-1.98,-1.980000000e+00,1.667156127e-06,2.309570266e-01,-1.955545687e-08
pi-1.98,-1.980000000e+00,1.670680770e-06,2.314453078e-01,-2.039997421e-08
pi-1.98,-1.980000000e+00,1.674205413e-06,2.319335890e-01,-2.015609844e-08
pi-1.98,-1.980000000e+00,1.677730056e-06,2.324218703e-01,-2.005752813e-08
pi-1.98,-1.980000000e+00,1.681254699e-06,2.329101515e-01,-1.993767322e-08
pi-1.98,-1.980000000e+00,1.684779341e-06,2.333984328e-01,-2.038564444e-08
pi-1.98,-1.980000000e+00,1.688303984e-06,2.338867140e-01,-1.965097836e-08
pi-1.98,-1.980000000e+00,1.691828627e-06,2.343749952e-01,-2.052071084e-08
pi-1.98,-1.980000000e+00,1.695353270e-06,2.348632765e-01,-1.974690872e-08
pi-1.98,-1.980000000e+00,1.698877913e-06,2.353515577e-01,-2.038047319e-08
pi-1.98,-1.980000000e+00,1.702402556e-06,2.358398390e-01,-1.973439230e-08
pi-1.98,-1.980000000e+00,1.705927199e-06,2.363281202e-01,-2.029817841e-08
pi-1.98,-1.980000000e+00,1.709451842e-06,2.368164014e-01,-2.035046832e-08
pi-1.98,-1.980000000e+00,1.712976485e-06,2.373046827e-01,-1.980652208e-08
pi-1.98,-1.980000000e+00,1.716501128e-06,2.377929639e-01,-1.983889405e-08
pi-1.98,-1.980000000e+00,1.720025771e-06,2.382812452e-01,-2.065626660e-08
pi-1.98,-1.980000000e+00,1.723550414e-06,2.387695264e-01,-1.954460813e-08
pi-1.98,-1.980000000e+00,1.727075057e-06,2.392578076e-01,-2.035988883e-08
pi-1.98,-1.980000000e+00,1.730599700e-06,2.397460889e-01,-2.027547646e-08
pi-1.98,-1.980000000e+00,1.734124343e-06,2.402343701e-01,-1.964052199e-08
pi-1.98,-1.980000000e+00,1.737648986e-06,2.407226514e-01,-2.055976921e-08
pi-1.98,-1.980000000e+00,1.741173629e-06,2.412109326e-01,-1.965107092e-08
pi-1.98,-1.980000000e+00,1.744698272e-06,2.416992138e-01,-2.041505693e-08
pi-1.98,-1.980000000e+00,1.748222915e-06,2.421874951e-01,-2.014149179e-08
pi-1.98,-1.980000000e+00,1.751747558e-06,2.426757763e-01,-1.967655407e-08
pi-1.98,-1.980000000e+00,1.755272201e-06,2.431640576e-01,-2.059505921e-08
pi-1.98,-1.980000000e+00,1.758796844e-06,2.436523388e-01,-1.977981754e-08
pi-1.98,-1.980000000e+00,1.762321487e-06,2.441406200e-01,-2.008572045e-08
pi-1.98,-1.980000000e+00,1.765846130e-06,2.446289013e-01,-2.011518446e-08
pi-1.98,-1.980000000e+00,1.769370773e-06,2.451171825e-01,-2.007164541e-08
pi-1.98,-1.980000000e+00,1.772895416e-06,2.456054638e-01,-2.015838586e-08
pi-1.98,-1.980000000e+00,1.776420059e-06,2.460937450e-01,-2.028790515e-08
pi-1.98,-1.980000000e+00,1.779944702e-06,2.465820262e-01,-2.002248763e-08
pi-1.98,-1.980000000e+00,1.783469345e-06,2.470703075e-01,-1.985497239e-08
pi-1.98,-1.980000000e+00,1.786993988e-06,2.475585887e-01,-2.007618927e-08
pi-1.98,-1.980000000e+00,1.790518631e-06,2.480468700e-01,-2.018917990e-08
pi-1.98,-1.980000000e+00,1.794043274e-06,2.485351512e-01,-2.013505490e-08
pi-1.98,-1.980000000e+00,1.797567917e-06,2.490234324e-01,-2.005554655e-08
pi-1.98,-1.980000000e+00,1.801092560e-06,2.495117137e-01,-2.021081501e-08
pi-1.98,-1.980000000e+00,1.804617203e-06,2.499999949e-01,-1.987275462e-08
pi-1.98,-1.980000000e+00,1.808141846e-06,2.504882762e-01,-2.014052555e-08
pi-1.98,-1.980000000e+00,1.811666489e-06,2.509765574e-01,-2.031554896e-08
pi-1.98,-1.980000000e+00,1.815191132e-06,2.514648386e-01,-1.995903548e-08
pi-1.98,-1.980000000e+00,1.818715775e-06,2.519531199e-01,-1.993881210e-08
pi-1.98,-1.980000000e+00,1.822240417e-06,2.524414011e-01,-2.007484112e-08
pi-1.98,-1.980000000e+00,1.825765060e-06,2.529296824e-01,-2.033701786e-08
pi-1.98,-1.980000000e+00,1.829289703e-06,2.534179636e-01,-1.990663410e-08
pi-1.98,-1.980000000e+00,1.832814346e-06,2.539062448e-01,-2.034808190e-08
pi-1.98,-1.980000000e+00,1.836338989e-06,2.543945261e-01,-1.985563600e-08
pi-1.98,-1.980000000e+00,1.839863632e-06,2.548828073e-01,-1.996202957e-08
pi-1.98,-1.980000000e+00,1.843388275e-06,2.553710886e-01,-2.028815707e-08
pi-1.98,-1.980000000e+00,1.846912918e-06,2.558593698e-01,-2.001509738e-08
pi-1.98,-1.980000000e+00,1.850437561e-06,2.563476510e-01,-2.029404665e-08
pi-1.98,-1.980000000e+00,1.853962204e-06,2.568359323e-01,-1.979084094e-08
pi-1.98,-1.980000000e+00,1.857486847e-06,2.573242135e-01,-2.029293795e-08
pi-1.98,-1.980000000e+00,1.861011490e-06,2.578124948e-01,-2.005619608e-08
pi-1.98,-1.980000000e+00,1.864536133e-06,2.583007760e-01,-1.997370732e-08
pi-1.98,-1.980000000e+00,1.868060776e-06,2.587890572e-01,-2.020971476e-08
pi-1.98,-1.980000000e+00,1.871585419e-06,2.592773385e-01,-2.006696353e-08
pi-1.98,-1.980000000e+00,1.875110062e-06,2.597656197e-01,-1.996504338e-08
pi-1.98,-1.980000000e+00,1.878634705e-06,2.602539010e-01,-2.022166777e-08
pi-1.98,-1.980000000e+00,1.882159348e-06,2.607421822e-01,-2.004699891e-08
pi-1.98,-1.980000000e+00,1.885683991e-06,2.612304634e-01,-2.023858759e-08
pi-1.98,-1.980000000e+00,1.889208634e-06,2.617187447e-01,-2.013045270e-08
pi-1.98,-1.980000000e+00,1.892733277e-06,2.622070259e-01,-1.982198349e-08
pi-1.98,-1.980000000e+00,1.896257920e-06,2.626953072e-01,-2.026541608e-08
pi-1.98,-1.980000000e+00,1.899782563e-06,2.631835884e-01,-1.997324091e-08
pi-1.98,-1.980000000e+00,1.903307206e-06,2.636718696e-01,-2.015107770e-08
pi-1.98,-1.980000000e+00,1.906831849e-06,2.641601509e-01,-2.007118101e-08
pi-1.98,-1.980000000e+00,1.910356492e-06,2.646484321e-01,-1.986192077e-08
pi-1.98,-1.980000000e+00,1.913881135e-06,2.651367134e-01,-2.044268102e-08
pi-1.98,-1.980000000e+00,1.917405778e-06,2.656249946e-01,-2.007212069e-08
pi-1.98,-1.980000000e+00,1.920930421e-06,2.661132758e-01,-1.989047246e-08
pi-1.98,-1.980000000e+00,1.924455064e-06,2.666015571e-01,-2.008790002e-08
pi-1.98,-1.980000000e+00,1.927979707e-06,2.670898383e-01,-2.028464948e-08
pi-1.98,-1.980000000e+00,1.931504350e-06,2.675781196e-01,-2.003741139e-08
pi-1.98,-1.980000000e+00,1.935028993e-06,2.680664008e-01,-2.010462627e-08
pi-1.98,-1.980000000e+00,1.938553636e-06,2.685546821e-01,-1.985348460e-08
pi-1.98,-1.980000000e+00,1.942078279e-06,2.690429633e-01,-2.035775192e-08
pi-1.98,-1.980000000e+00,1.945602922e-06,2.695312445e-01,-2.019311849e-08
pi-1.98,-1.980000000e+00,1.949127565e-06,2.700195258e-01,-1.970752237e-08
pi-1.98,-1.980000000e+00,1.952652208e-06,2.705078070e-01,-2.047585062e-08
pi-1.98,-1.980000000e+00,1.956176850e-06,2.709960883e-01,-1.978435053e-08
pi-1.98,-1.980000000e+00,1.959701493e-06,2.714843695e-01,-2.008842519e-08
pi-1.98,-1.980000000e+00,1.963226136e-06,2.719726507e-01,-2.022212654e-08
pi-1.98,-1.980000000e+00,1.966750779e-06,2.724609320e-01,-2.030783596e-08
pi-1.98,-1.980000000e+00,1.970275422e-06,2.729492132e-01,-1.983548707e-08
pi-1.98,-1.980000000e+00,1.973800065e-06,2.734374945e-01,-2.006661301e-08
pi-1.98,-1.980000000e+00,1.977324708e-06,2.739257757e-01,-1.992592344e-08
pi-1.98,-1.980000000e+00,1.980849351e-06,2.744140569e-01,-2.047932481e-08
pi-1.98,-1.980000000e+00,1.984373994e-06,2.749023382e-01,-2.002076039e-08
pi-1.98,-1.980000000e+00,1.987898637e-06,2.753906194e-01,-1.980998459e-08
pi-1.98,-1.980000000e+00,1.991423280e-06,2.758789007e-01,-2.028128475e-08
pi-1.98,-1.980000000e+00,1.994947923e-06,2.763671819e-01,-2.011027318e-08
pi-1.98,-1.980000000e+00,1.998472566e-06,2.768554631e-01,-1.997866608e-08
pi-1.98,-1.980000000e+00,2.001997209e-06,2.773437444e-01,-2.020046850e-08
pi-1.98,-1.980000000e+00,2.005521852e-06,2.778320256e-01,-2.008162611e-08
pi-1.98,-1.980000000e+00,2.009046495e-06,2.783203069e-01,-1.998739522e-08
pi-1.98,-1.980000000e+00,2.012571138e-06,2.788085881e-01,-2.016579623e-08
pi-1.98,-1.980000000e+00,2.016095781e-06,2.792968693e-01,-2.023661649e-08
pi-1.98,-1.980000000e+00,2.019620424e-06,2.797851506e-01,-1.975368647e-08
pi-1.98,-1.980000000e+00,2.023145067e-06,2.802734318e-01,-2.040225157e-08
pi-1.98,-1.980000000e+00,2.026669710e-06,2.807617131e-01,-1.991804786e-08
pi-1.98,-1.980000000e+00,2.030194353e-06,2.812499943e-01,-2.011784573e-08
pi-1.98,-1.980000000e+00,2.033718996e-06,2.817382755e-01,-2.010776362e-08
pi-1.98,-1.980000000e+00,2.037243639e-06,2.822265568e-01,-2.020093411e-08
pi-1.98,-1.980000000e+00,2.040768282e-06,2.827148380e-01,-1.988331683e-08
pi-1.98,-1.980000000e+00,2.044292925e-06,2.832031193e-01,-2.016278041e-08
pi-1.98,-1.980000000e+00,2.047817568e-06,2.836914005e-01,-2.025616378e-08
pi-1.98,-1.980000000e+00,2.051342211e-06,2.841796817e-01,-1.980537273e-08
pi-1.98,-1.980000000e+00,2.054866854e-06,2.846679630e-01,-2.028671234e-08
pi-1.98,-1.980000000e+00,2.058391497e-06,2.851562442e-01,-2.013387377e-08
pi-1.98,-1.980000000e+00,2.061916140e-06,2.856445255e-01,-1.983831978e-08
pi-1.98,-1.980000000e+00,2.065440783e-06,2.861328067e-01,-2.044862654e-08
pi-1.98,-1.980000000e+00,2.068965426e-06,2.866210879e-01,-1.977489379e-08
pi-1.98,-1.980000000e+00,2.072490069e-06,2.871093692e-01,-2.011560822e-08
pi-1.98,-1.980000000e+00,2.076014712e-06,2.875976504e-01,-2.039698455e-08
pi-1.98,-1.980000000e+00,2.079539355e-06,2.880859317e-01,-1.968113495e-08
pi-1.98,-1.980000000e+00,2.083063998e-06,2.885742129e-01,-2.026398181e-08
pi-1.98,-1.980000000e+00,2.086588641e-06,2.890624941e-01,-2.037859022e-08
pi-1.98,-1.980000000e+00,2.090113283e-06,2.895507754e-01,-1.964359294e-08
pi-1.98,-1.980000000e+00,2.093637926e-06,2.900390566e-01,-2.024477256e-08
pi-1.98,-1.980000000e+00,2.097162569e-06,2.905273379e-01,-2.034767263e-08
pi-1.98,-1.980000000e+00,2.100687212e-06,2.910156191e-01,-1.981420851e-08
pi-1.98,-1.980000000e+00,2.104211855e-06,2.915039003e-01,-1.996113135e-08
pi-1.98,-1.980000000e+00,2.107736498e-06,2.919921816e-01,-2.037480938e-08
pi-1.98,-1.980000000e+00,2.111261141e-06,2.924804628e-01,-1.994630457e-08
pi-1.98,-1.980000000e+00,2.114785784e-06,2.929687441e-01,-2.002675179e-08
pi-1.98,-1.980000000e+00,2.118310427e-06,2.934570253e-01,-2.040826188e-08
pi-1.98,-1.980000000e+00,2.121835070e-06,2.939453065e-01,-1.970576455e-08
pi-1.98,-1.980000000e+00,2.125359713e-06,2.944335878e-01,-2.023801896e-08
pi-1.98,-1.980000000e+00,2.128884356e-06,2.949218690e-01,-2.027330212e-08
pi-1.98,-1.980000000e+00,2.132408999e-06,2.954101503e-01,-1.995039166e-08
pi-1.98,-1.980000000e+00,2.135933642e-06,2.958984315e-01,-1.992351529e-08
pi-1.98,-1.980000000e+00,2.139458285e-06,2.963867127e-01,-2.012253848e-08
pi-1.98,-1.980000000e+00,2.142982928e-06,2.968749940e-01,-2.023692153e-08
pi-1.98,-1.980000000e+00,2.146507571e-06,2.973632752e-01,-2.015667271e-08
pi-1.98,-1.980000000e+00,2.150032214e-06,2.978515565e-01,-2.002181678e-08
pi-1.98,-1.980000000e+00,2.153556857e-06,2.983398377e-01,-1.993237803e-08
pi-1.98,-1.980000000e+00,2.157081500e-06,2.988281189e-01,-2.036835881e-08
pi-1.98,-1.980000000e+00,2.160606143e-06,2.993164002e-01,-1.987622720e-08
pi-1.98,-1.980000000e+00,2.164130786e-06,2.998046814e-01,-2.007813220e-08
pi-1.98,-1.980000000e+00,2.167655429e-06,3.002929627e-01,-2.007087919e-08
pi-1.98,-1.980000000e+00,2.171180072e-06,3.007812439e-01,-2.040345725e-08
pi-1.98,-1.980000000e+00,2.174704715e-06,3.012695251e-01,-1.969414354e-08
pi-1.98,-1.980000000e+00,2.178229358e-06,3.017578064e-01,-2.027957562e-08
pi-1.98,-1.980000000e+00,2.181754001e-06,3.022460876e-01,-2.022975382e-08
pi-1.98,-1.980000000e+00,2.185278644e-06,3.027343689e-01,-1.964082502e-08
pi-1.98,-1.980000000e+00,2.188803287e-06,3.032226501e-01,-2.036982446e-08
pi-1.98,-1.980000000e+00,2.192327930e-06,3.037109313e-01,-2.034586249e-08
pi-1.98,-1.980000000e+00,2.195852573e-06,3.041992126e-01,-1.966313742e-08
pi-1.98,-1.980000000e+00,2.199377216e-06,3.046874938e-01,-2.048590898e-08
pi-1.98,-1.980000000e+00,2.202901859e-06,3.051757751e-01,-1.965147939e-08
pi-1.98,-1.980000000e+00,2.206426502e-06,3.056640563e-01,-2.050823225e-08
pi-1.98,-1.980000000e+00,2.209951145e-06,3.061523375e-01,-1.980216576e-08
pi-1.98,-1.980000000e+00,2.213475788e-06,3.066406188e-01,-2.026072333e-08
pi-1.98,-1.980000000e+00,2.217000431e-06,3.071289000e-01,-2.010399002e-08
pi-1.98,-1.980000000e+00,2.220525074e-06,3.076171813e-01,-1.989554229e-08
pi-1.98,-1.980000000e+00,2.224049716e-06,3.081054625e-01,-2.001638878e-08
pi-1.98,-1.980000000e+00,2.227574359e-06,3.085937437e-01,-2.024886126e-08
pi-1.98,-1.980000000e+00,2.231099002e-06,3.090820250e-01,-2.021199051e-08
pi-1.98,-1.980000000e+00,2.234623645e-06,3.095703062e-01,-2.006870565e-08
pi-1.98,-1.980000000e+00,2.238148288e-06,3.100585875e-01,-2.014317395e-08
pi-1.98,-1.980000000e+00,2.241672931e-06,3.105468687e-01,-1.989175823e-08
pi-1.98,-1.980000000e+00,2.245197574e-06,3.110351499e-01,-2.009289540e-08
pi-1.98,-1.980000000e+00,2.248722217e-06,3.115234312e-01,-2.021873365e-08
pi-1.98,-1.980000000e+00,2.252246860e-06,3.120117124e-01,-1.988821080e-08
pi-1.98,-1.980000000e+00,2.255771503e-06,3.124999937e-01,-2.011119153e-08
pi-1.98,-1.980000000e+00,2.259296146e-06,3.129882749e-01,-2.034658526e-08
pi-1.98,-1.980000000e+00,2.262820789e-06,3.134765561e-01,-1.984458926e-08
pi-1.98,-1.980000000e+00,2.266345432e-06,3.139648374e-01,-2.036323465e-08
pi-1.98,-1.980000000e+00,2.269870075e-06,3.144531186e-01,-1.961591855e-08
pi-1.98,-1.980000000e+00,2.273394718e-06,3.149413999e-01,-2.044040809e-08
pi-1.98,-1.980000000e+00,2.276919361e-06,3.154296811e-01,-2.015857419e-08
pi-1.98,-1.980000000e+00,2.280444004e-06,3.159179623e-01,-1.984936330e-08
pi-1.98,-1.980000000e+00,2.283968647e-06,3.164062436e-01,-2.043338687e-08
pi-1.98,-1.980000000e+00,2.287493290e-06,3.168945248e-01,-1.977272187e-08
pi-1.98,-1.980000000e+00,2.291017933e-06,3.173828061e-01,-2.024547802e-08
pi-1.98,-1.980000000e+00,2.294542576e-06,3.178710873e-01,-2.001292224e-08
pi-1.98,-1.980000000e+00,2.298067219e-06,3.183593685e-01,-1.985203263e-08
pi-1.98,-1.980000000e+00,2.301591862e-06,3.188476498e-01,-2.029319269e-08
pi-1.98,-1.980000000e+00,2.305116505e-06,3.193359310e-01,-2.042495956e-08
pi-1.98,-1.980000000e+00,2.308641148e-06,3.198242123e-01,-1.971570782e-08
pi-1.98,-1.980000000e+00,2.312165791e-06,3.203124935e-01,-2.030692324e-08
pi-1.98,-1.980000000e+00,2.315690434e-06,3.208007747e-01,-1.990703895e-08
pi-1.98,-1.980000000e+00,2.319215077e-06,3.212890560e-01,-2.004730597e-08
pi-1.98,-1.980000000e+00,2.322739720e-06,3.217773372e-01,-2.011798417e-08
pi-1.98,-1.980000000e+00,2.326264363e-06,3.222656185e-01,-2.019623452e-08
pi-1.98,-1.980000000e+00,2.329789006e-06,3.227538997e-01,-1.997839001e-08
pi-1.98,-1.980000000e+00,2.333313649e-06,3.232421809e-01,-2.022930713e-08
pi-1.98,-1.980000000e+00,2.336838292e-06,3.237304622e-01,-2.003245344e-08
pi-1.98,-1.980000000e+00,2.340362935e-06,3.242187434e-01,-2.015202100e-08
pi-1.98,-1.980000000e+00,2.343887578e-06,3.247070247e-01,-1.997813688e-08
pi-1.98,-1.980000000e+00,2.347412221e-06,3.251953059e-01,-2.004401810e-08
pi-1.98,-1.980000000e+00,2.350936864e-06,3.256835871e-01,-2.027371743e-08
pi-1.98,-1.980000000e+00,2.354461507e-06,3.261718684e-01,-2.005645565e-08
pi-1.98,-1.980000000e+00,2.357986150e-06,3.266601496e-01,-1.992595885e-08
pi-1.98,-1.980000000e+00,2.361510792e-06,3.271484309e-01,-2.025984683e-08
pi-1.98,-1.980000000e+00,2.365035435e-06,3.276367121e-01,-1.999410616e-08
pi-1.98,-1.980000000e+00,2.368560078e-06,3.281249933e-01,-2.011395865e-08
pi-1.98,-1.980000000e+00,2.372084721e-06,3.286132746e-01,-2.008542345e-08
pi-1.98,-1.980000000e+00,2.375609364e-06,3.291015558e-01,-2.013828643e-08
pi-1.98,-1.980000000e+00,2.379134007e-06,3.295898371e-01,-2.003590509e-08
pi-1.98,-1.980000000e+00,2.382658650e-06,3.300781183e-01,-2.008734627e-08
pi-1.98,-1.980000000e+00,2.386183293e-06,3.305663995e-01,-2.013220649e-08
pi-1.98,-1.980000000e+00,2.389707936e-06,3.310546808e-01,-2.017024148e-08
pi-1.98,-1.980000000e+00,2.393232579e-06,3.315429620e-01,-2.004625643e-08
pi-1.98,-1.980000000e+00,2.396757222e-06,3.320312433e-01,-2.005986343e-08
pi-1.98,-1.980000000e+00,2.400281865e-06,3.325195245e-01,-2.005523708e-08
pi-1.98,-1.980000000e+00,2.403806508e-06,3.330078057e-01,-2.003241883e-08
pi-1.98,-1.980000000e+00,2.407331151e-06,3.334960870e-01,-2.013433415e-08
pi-1.98,-1.980000000e+00,2.410855794e-06,3.339843682e-01,-2.013050340e-08
pi-1.98,-1.980000000e+00,2.414380437e-06,3.344726495e-01,-2.009475060e-08
pi-1.98,-1.980000000e+00,2.417905080e-06,3.349609307e-01,-2.002166788e-08
pi-1.98,-1.980000000e+00,2.421429723e-06,3.354492119e-01,-2.020222753e-08
pi-1.98,-1.980000000e+00,2.424954366e-06,3.359374932e-01,-1.996485303e-08
pi-1.98,-1.980000000e+00,2.428479009e-06,3.364257744e-01,-2.011986956e-08
pi-1.98,-1.980000000e+00,2.432003652e-06,3.369140557e-01,-2.006865897e-08
pi-1.98,-1.980000000e+00,2.435528295e-06,3.374023369e-01,-2.017943824e-08
pi-1.98,-1.980000000e+00,2.439052938e-06,3.378906181e-01,-2.006372195e-08
pi-1.98,-1.980000000e+00,2.442577581e-06,3.383788994e-01,-2.010287650e-08
pi-1.98,-1.980000000e+00,2.446102224e-06,3.388671806e-01,-2.005170897e-08
pi-1.98,-1.980000000e+00,2.449626867e-06,3.393554619e-01,-2.014014485e-08
pi-1.98,-1.980000000e+00,2.453151510e-06,3.398437431e-01,-2.005057291e-08
pi-1.98,-1.980000000e+00,2.456676153e-06,3.403320243e-01,-2.001337296e-08
pi-1.98,-1.980000000e+00,2.460200796e-06,3.408203056e-01,-2.016250997e-08
pi-1.98,-1.980000000e+00,2.463725439e-06,3.413085868e-01,-2.011664488e-08
pi-1.98,-1.980000000e+00,2.467250082e-06,3.417968681e-01,-2.009742878e-08
pi-1.98,-1.980000000e+00,2.470774725e-06,3.422851493e-01,-2.000574528e-08
pi-1.98,-1.980000000e+00,2.474299368e-06,3.427734305e-01,-2.008172793e-08
pi-1.98,-1.980000000e+00,2.477824011e-06,3.432617118e-01,-2.022580436e-08
pi-1.98,-1.980000000e+00,2.481348654e-06,3.437499930e-01,-1.998682900e-08
pi-1.98,-1.980000000e+00,2.484873297e-06,3.442382743e-01,-2.002569823e-08
pi-1.98,-1.980000000e+00,2.488397940e-06,3.447265555e-01,-2.018115984e-08
pi-1.98,-1.980000000e+00,2.491922583e-06,3.452148367e-01,-2.015277838e-08
pi-1.98,-1.980000000e+00,2.495447225e-06,3.457031180e-01,-1.999904923e-08
pi-1.98,-1.980000000e+00,2.498971868e-06,3.461913992e-01,-2.023984117e-08
pi-1.98,-1.980000000e+00,2.502496511e-06,3.466796805e-01,-1.995066974e-08
pi-1.98,-1.980000000e+00,2.506021154e-06,3.471679617e-01,-2.004392152e-08
pi-1.98,-1.980000000e+00,2.509545797e-06,3.476562429e-01,-2.019531215e-08
pi-1.98,-1.980000000e+00,2.513070440e-06,3.481445242e-01,-2.009245916e-08
pi-1.98,-1.980000000e+00,2.516595083e-06,3.486328054e-01,-1.995372621e-08
pi-1.98,-1.980000000e+00,2.520119726e-06,3.491210867e-01,-2.021506830e-08
pi-1.98,-1.980000000e+00,2.523644369e-06,3.496093679e-01,-2.004658924e-08
pi-1.98,-1.980000000e+00,2.527169012e-06,3.500976491e-01,-2.010163983e-08
pi-1.98,-1.980000000e+00,2.530693655e-06,3.505859304e-01,-2.014844701e-08
pi-1.98,-1.980000000e+00,2.534218298e-06,3.510742116e-01,-2.002320919e-08
pi-1.98,-1.980000000e+00,2.537742941e-06,3.515624929e-01,-2.009276581e-08
pi-1.98,-1.980000000e+00,2.541267584e-06,3.520507741e-01,-2.004395170e-08
pi-1.98,-1.980000000e+00,2.544792227e-06,3.525390553e-01,-2.022750866e-08
pi-1.98,-1.980000000e+00,2.548316870e-06,3.530273366e-01,-1.989645822e-08
pi-1.98,-1.980000000e+00,2.551841513e-06,3.535156178e-01,-2.021405820e-08
pi-1.98,-1.980000000e+00,2.555366156e-06,3.540038991e-01,-2.015171918e-08
pi-1.98,-1.980000000e+00,2.558890799e-06,3.544921803e-01,-1.989353376e-08
pi-1.98,-1.980000000e+00,2.562415442e-06,3.549804615e-01,-2.018504854e-08
pi-1.98,-1.980000000e+00,2.565940085e-06,3.554687428e-01,-2.024705435e-08
pi-1.98,-1.980000000e+00,2.569464728e-06,3.559570240e-01,-1.994829178e-08
pi-1.98,-1.980000000e+00,2.572989371e-06,3.564453053e-01,-1.998203564e-08
pi-1.98,-1.980000000e+00,2.576514014e-06,3.569335865e-01,-2.029928027e-08
pi-1.98,-1.980000000e+00,2.580038657e-06,3.574218677e-01,-1.987216465e-08
pi-1.98,-1.980000000e+00,2.583563300e-06,3.579101490e-01,-2.028822548e-08
pi-1.98,-1.980000000e+00,2.587087943e-06,3.583984302e-01,-2.002546562e-08
pi-1.98,-1.980000000e+00,2.590612586e-06,3.588867115e-01,-2.002161717e-08
pi-1.98,-1.980000000e+00,2.594137229e-06,3.593749927e-01,-2.029521813e-08
pi-1.98,-1.980000000e+00,2.597661872e-06,3.598632739e-01,-1.983455946e-08
pi-1.98,-1.980000000e+00,2.601186515e-06,3.603515552e-01,-2.018805631e-08
pi-1.98,-1.980000000e+00,2.604711158e-06,3.608398364e-01,-2.016844825e-08
pi-1.98,-1.980000000e+00,2.608235801e-06,3.613281177e-01,-2.018210878e-08
pi-1.98,-1.980000000e+00,2.611760444e-06,3.618163989e-01,-1.984768798e-08
pi-1.98,-1.980000000e+00,2.615285087e-06,3.623046801e-01,-2.026657025e-08
pi-1.98,-1.980000000e+00,2.618809730e-06,3.627929614e-01,-1.993709292e-08
pi-1.98,-1.980000000e+00,2.622334373e-06,3.632812426e-01,-2.017142865e-08
pi-1.98,-1.980000000e+00,2.625859016e-06,3.637695239e-01,-2.005978778e-08
pi-1.98,-1.980000000e+00,2.629383658e-06,3.642578051e-01,-2.010985264e-08
pi-1.98,-1.980000000e+00,2.632908301e-06,3.647460863e-01,-2.015208901e-08
pi-1.98,-1.980000000e+00,2.636432944e-06,3.652343676e-01,-2.001678598e-08
pi-1.98,-1.980000000e+00,2.639957587e-06,3.657226488e-01,-2.021004837e-08
pi-1.98,-1.980000000e+00,2.643482230e-06,3.662109301e-01,-1.988587307e-08
pi-1.98,-1.980000000e+00,2.647006873e-06,3.666992113e-01,-2.022553031e-08
pi-1.98,-1.980000000e+00,2.650531516e-06,3.671874925e-01,-2.002591473e-08
pi-1.98,-1.980000000e+00,2.654056159e-06,3.676757738e-01,-2.003957406e-08
pi-1.98,-1.980000000e+00,2.657580802e-06,3.681640550e-01,-2.016649364e-08
pi-1.98,-1.980000000e+00,2.661105445e-06,3.686523363e-01,-2.018835008e-08
pi-1.98,-1.980000000e+00,2.664630088e-06,3.691406175e-01,-2.001874783e-08
pi-1.98,-1.980000000e+00,2.668154731e-06,3.696288987e-01,-2.010030899e-08
pi-1.98,-1.980000000e+00,2.671679374e-06,3.701171800e-01,-1.994196757e-08
pi-1.98,-1.980000000e+00,2.675204017e-06,3.706054612e-01,-2.027943759e-08
pi-1.98,-1.980000000e+00,2.678728660e-06,3.710937425e-01,-1.999725961e-08
pi-1.98,-1.980000000e+00,2.682253303e-06,3.715820237e-01,-2.013523559e-08
pi-1.98,-1.980000000e+00,2.685777946e-06,3.720703049e-01,-1.989699547e-08
pi-1.98,-1.980000000e+00,2.689302589e-06,3.725585862e-01,-2.037235294e-08
pi-1.98,-1.980000000e+00,2.692827232e-06,3.730468674e-01,-1.995365095e-08
pi-1.98,-1.980000000e+00,2.696351875e-06,3.735351487e-01,-2.013522835e-08
pi-1.98,-1.980000000e+00,2.699876518e-06,3.740234299e-01,-2.004391790e-08
pi-1.98,-1.980000000e+00,2.703401161e-06,3.745117111e-01,-2.011883451e-08
pi-1.98,-1.980000000e+00,2.706925804e-06,3.749999924e-01,-1.998031042e-08
pi-1.98,-1.980000000e+00,2.710450447e-06,3.754882736e-01,-2.033443707e-08
pi-1.98,-1.980000000e+00,2.713975090e-06,3.759765549e-01,-1.980653053e-08
pi-1.98,-1.980000000e+00,2.717499733e-06,3.764648361e-01,-2.024145411e-08
pi-1.98,-1.980000000e+00,2.721024376e-06,3.769531174e-01,-2.014706345e-08
pi-1.98,-1.980000000e+00,2.724549019e-06,3.774413986e-01,-2.005163854e-08
pi-1.98,-1.980000000e+00,2.728073662e-06,3.779296798e-01,-2.004241764e-08
pi-1.98,-1.980000000e+00,2.731598305e-06,3.784179611e-01,-2.009122772e-08
pi-1.98,-1.980000000e+00,2.735122948e-06,3.789062423e-01,-2.013881160e-08
pi-1.98,-1.980000000e+00,2.738647591e-06,3.793945236e-01,-1.998094465e-08
pi-1.98,-1.980000000e+00,2.742172234e-06,3.798828048e-01,-2.008436707e-08
pi-1.98,-1.980000000e+00,2.745696877e-06,3.803710860e-01,-2.021500955e-08
pi-1.98,-1.980000000e+00,2.749221520e-06,3.808593673e-01,-2.010833709e-08
pi-1.98,-1.980000000e+00,2.752746163e-06,3.813476485e-01,-1.996782539e-08
pi-1.98,-1.980000000e+00,2.756270806e-06,3.818359298e-01,-2.014229826e-08
pi-1.98,-1.980000000e+00,2.759795449e-06,3.823242110e-01,-2.007533933e-08
pi-1.98,-1.980000000e+00,2.763320091e-06,3.828124922e-01,-2.014686908e-08
pi-1.98,-1.980000000e+00,2.766844734e-06,3.833007735e-01,-2.011621709e-08
pi-1.98,-1.980000000e+00,2.770369377e-06,3.837890547e-01,-2.001505915e-08
pi-1.98,-1.980000000e+00,2.773894020e-06,3.842773360e-01,-2.015916617e-08
pi-1.98,-1.980000000e+00,2.777418663e-06,3.847656172e-01,-2.007981759e-08
pi-1.98,-1.980000000e+00,2.780943306e-06,3.852538984e-01,-1.997867856e-08
pi-1.98,-1.980000000e+00,2.784467949e-06,3.857421797e-01,-2.016921528e-08
pi-1.98,-1.980000000e+00,2.787992592e-06,3.862304609e-01,-2.015997224e-08
pi-1.98,-1.980000000e+00,2.791517235e-06,3.867187422e-01,-1.993994575e-08
pi-1.98,-1.980000000e+00,2.795041878e-06,3.872070234e-01,-2.032363903e-08
pi-1.98,-1.980000000e+00,2.798566521e-06,3.876953046e-01,-1.993794808e-08
pi-1.98,-1.980000000e+00,2.802091164e-06,3.881835859e-01,-2.003218743e-08
pi-1.98,-1.980000000e+00,2.805615807e-06,3.886718671e-01,-2.010273041e-08
pi-1.98,-1.980000000e+00,2.809140450e-06,3.891601484e-01,-2.014923819e-08
pi-1.98,-1.980000000e+00,2.812665093e-06,3.896484296e-01,-2.010184788e-08
pi-1.98,-1.980000000e+00,2.816189736e-06,3.901367108e-01,-2.014014324e-08
pi-1.98,-1.980000000e+00,2.819714379e-06,3.906249921e-01,-2.001336330e-08
pi-1.98,-1.980000000e+00,2.823239022e-06,3.911132733e-01,-2.004574051e-08
pi-1.98,-1.980000000e+00,2.826763665e-06,3.916015546e-01,-2.016558575e-08
pi-1.98,-1.980000000e+00,2.830288308e-06,3.920898358e-01,-1.993907449e-08
pi-1.98,-1.980000000e+00,2.833812951e-06,3.925781170e-01,-2.025031042e-08
pi-1.98,-1.980000000e+00,2.837337594e-06,3.930663983e-01,-2.014222019e-08
pi-1.98,-1.980000000e+00,2.840862237e-06,3.935546795e-01,-1.991978073e-08
pi-1.98,-1.980000000e+00,2.844386880e-06,3.940429608e-01,-2.025031243e-08
pi-1.98,-1.980000000e+00,2.847911523e-06,3.945312420e-01,-1.999681694e-08
pi-1.98,-1.980000000e+00,2.851436166e-06,3.950195232e-01,-2.009160319e-08
pi-1.98,-1.980000000e+00,2.854960809e-06,3.955078045e-01,-2.008765614e-08
pi-1.98,-1.980000000e+00,2.858485452e-06,3.959960857e-01,-2.015763291e-08
pi-1.98,-1.980000000e+00,2.862010095e-06,3.964843670e-01,-1.996105931e-08
pi-1.98,-1.980000000e+00,2.865534738e-06,3.969726482e-01,-2.023053494e-08
pi-1.98,-1.980000000e+00,2.869059381e-06,3.974609294e-01,-2.001146021e-08
pi-1.98,-1.980000000e+00,2.872584024e-06,3.979492107e-01,-2.012717127e-08
pi-1.98,-1.980000000e+00,2.876108667e-06,3.984374919e-01,-2.005422980e-08
pi-1.98,-1.980000000e+00,2.879633310e-06,3.989257732e-01,-2.018422275e-08
pi-1.98,-1.980000000e+00,2.883157953e-06,3.994140544e-01,-1.995367510e-08
pi-1.98,-1.980000000e+00,2.886682596e-06,3.999023356e-01,-2.022313544e-08
pi-1.98,-1.980000000e+00,2.890207239e-06,4.003906169e-01,-1.994797828e-08
pi-1.98,-1.980000000e+00,2.893731882e-06,4.008788981e-01,-2.023397613e-08
pi-1.98,-1.980000000e+00,2.897256525e-06,4.013671794e-01,-1.998578871e-08
pi-1.98,-1.980000000e+00,2.900781167e-06,4.018554606e-01,-2.007175206e-08
pi-1.98,-1.980000000e+00,2.904305810e-06,4.023437418e-01,-2.020518459e-08
pi-1.98,-1.980000000e+00,2.907830453e-06,4.028320231e-01,-1.996565306e-08
pi-1.98,-1.980000000e+00,2.911355096e-06,4.033203043e-01,-2.026081750e-08
pi-1.98,-1.980000000e+00,2.914879739e-06,4.038085856e-01,-1.990470243e-08
pi-1.98,-1.980000000e+00,2.918404382e-06,4.042968668e-01,-2.023304330e-08
pi-1.98,-1.980000000e+00,2.921929025e-06,4.047851480e-01,-1.991742369e-08
pi-1.98,-1.980000000e+00,2.925453668e-06,4.052734293e-01,-2.024811354e-08
pi-1.98,-1.980000000e+00,2.928978311e-06,4.057617105e-01,-1.998541204e-08
pi-1.98,-1.980000000e+00,2.932502954e-06,4.062499918e-01,-2.013789164e-08
pi-1.98,-1.980000000e+00,2.936027597e-06,4.067382730e-01,-2.008610034e-08
pi-1.98,-1.980000000e+00,2.939552240e-06,4.072265542e-01,-2.011884980e-08
pi-1.98,-1.980000000e+00,2.943076883e-06,4.077148355e-01,-2.009426849e-08
pi-1.98,-1.980000000e+00,2.946601526e-06,4.082031167e-01,-2.001599319e-08
pi-1.98,-1.980000000e+00,2.950126169e-06,4.086913980e-01,-2.012259080e-08
pi-1.98,-1.980000000e+00,2.953650812e-06,4.091796792e-01,-1.998788015e-08
pi-1.98,-1.980000000e+00,2.957175455e-06,4.096679604e-01,-2.018221180e-08
pi-1.98,-1.980000000e+00,2.960700098e-06,4.101562417e-01,-2.004362332e-08
pi-1.98,-1.980000000e+00,2.964224741e-06,4.106445229e-01,-2.023532911e-08
pi-1.98,-1.980000000e+00,2.967749384e-06,4.111328042e-01,-1.995362198e-08
pi-1.98,-1.980000000e+00,2.971274027e-06,4.116210854e-01,-2.009753020e-08
pi-1.98,-1.980000000e+00,2.974798670e-06,4.121093666e-01,-2.024106536e-08
pi-1.98,-1.980000000e+00,2.978323313e-06,4.125976479e-01,-1.986452168e-08
pi-1.98,-1.980000000e+00,2.981847956e-06,4.130859291e-01,-2.028988350e-08
pi-1.98,-1.980000000e+00,2.985372599e-06,4.135742104e-01,-1.995818474e-08
pi-1.98,-1.980000000e+00,2.988897242e-06,4.140624916e-01,-2.004928513e-08
pi-1.98,-1.980000000e+00,2.992421885e-06,4.145507728e-01,-2.023073012e-08
pi-1.98,-1.980000000e+00,2.995946528e-06,4.150390541e-01,-1.998399709e-08
pi-1.98,-1.980000000e+00,2.999471171e-06,4.155273353e-01,-2.019980851e-08
pi-1.98,-1.980000000e+00,3.002995814e-06,4.160156166e-01,-1.998449248e-08
pi-1.98,-1.980000000e+00,3.006520457e-06,4.165038978e-01,-2.013568793e-08
pi-1.98,-1.980000000e+00,3.010045100e-06,4.169921790e-01,-2.013016697e-08
pi-1.98,-1.980000000e+00,3.013569743e-06,4.174804603e-01,-2.011379526e-08
pi-1.98,-1.980000000e+00,3.017094386e-06,4.179687415e-01,-1.998103640e-08
pi-1.98,-1.980000000e+00,3.020619029e-06,4.184570228e-01,-2.006381169e-08
pi-1.98,-1.980000000e+00,3.024143672e-06,4.189453040e-01,-2.021515764e-08
pi-1.98,-1.980000000e+00,3.027668315e-06,4.194335852e-01,-2.001346069e-08
pi-1.98,-1.980000000e+00,3.031192958e-06,4.199218665e-01,-2.024459147e-08
pi-1.98,-1.980000000e+00,3.034717600e-06,4.204101477e-01,-2.001938690e-08
pi-1.98,-1.980000000e+00,3.038242243e-06,4.208984290e-01,-1.998939248e-08
pi-1.98,-1.980000000e+00,3.041766886e-06,4.213867102e-01,-2.010226037e-08
pi-1.98,-1.980000000e+00,3.045291529e-06,4.218749914e-01,-2.012115935e-08
pi-1.98,-1.980000000e+00,3.048816172e-06,4.223632727e-01,-2.003671679e-08
pi-1.98,-1.980000000e+00,3.052340815e-06,4.228515539e-01,-2.022702655e-08
pi-1.98,-1.980000000e+00,3.055865458e-06,4.233398352e-01,-1.997034099e-08
pi-1.98,-1.980000000e+00,3.059390101e-06,4.238281164e-01,-2.011864738e-08
pi-1.98,-1.980000000e+00,3.062914744e-06,4.243163976e-01,-2.014342869e-08
pi-1.98,-1.980000000e+00,3.066439387e-06,4.248046789e-01,-2.013086600e-08
pi-1.98,-1.980000000e+00,3.069964030e-06,4.252929601e-01,-1.994105727e-08
pi-1.98,-1.980000000e+00,3.073488673e-06,4.257812414e-01,-2.026141873e-08
pi-1.98,-1.980000000e+00,3.077013316e-06,4.262695226e-01,-2.001574811e-08
pi-1.98,-1.980000000e+00,3.080537959e-06,4.267578038e-01,-2.012705215e-08
pi-1.98,-1.980000000e+00,3.084062602e-06,4.272460851e-01,-2.003713130e-08
pi-1.98,-1.980000000e+00,3.087587245e-06,4.277343663e-01,-2.009524439e-08
pi-1.98,-1.980000000e+00,3.091111888e-06,4.282226476e-01,-2.007773299e-08
pi-1.98,-1.980000000e+00,3.094636531e-06,4.287109288e-01,-2.001218458e-08
pi-1.98,-1.980000000e+00,3.098161174e-06,4.291992100e-01,-2.017772429e-08
pi-1.98,-1.980000000e+00,3.101685817e-06,4.296874913e-01,-2.004179105e-08
pi-1.98,-1.980000000e+00,3.105210460e-06,4.301757725e-01,-2.021943549e-08
pi-1.98,-1.980000000e+00,3.108735103e-06,4.306640538e-01,-1.994099771e-08
pi-1.98,-1.980000000e+00,3.112259746e-06,4.311523350e-01,-2.004125783e-08
pi-1.98,-1.980000000e+00,3.115784389e-06,4.316406162e-01,-2.028260875e-08
pi-1.98,-1.980000000e+00,3.119309032e-06,4.321288975e-01,-1.999288036e-08
pi-1.98,-1.980000000e+00,3.122833675e-06,4.326171787e-01,-2.010437636e-08
pi-1.98,-1.980000000e+00,3.126358318e-06,4.331054600e-01,-2.008324107e-08
pi-1.98,-1.980000000e+00,3.129882961e-06,4.335937412e-01,-2.012734633e-08
pi-1.98,-1.980000000e+00,3.133407604e-06,4.340820224e-01,-2.005951412e-08
pi-1.98,-1.980000000e+00,3.136932247e-06,4.345703037e-01,-2.011698010e-08
pi-1.98,-1.980000000e+00,3.140456890e-06,4.350585849e-01,-1.996320467e-08
pi-1.98,-1.980000000e+00,3.143981533e-06,4.355468662e-01,-2.019188987e-08
pi-1.98,-1.980000000e+00,3.147506176e-06,4.360351474e-01,-2.012812383e-08
pi-1.98,-1.980000000e+00,3.151030819e-06,4.365234286e-01,-1.997154023e-08
pi-1.98,-1.980000000e+00,3.154555462e-06,4.370117099e-01,-2.019283518e-08
pi-1.98,-1.980000000e+00,3.158080105e-06,4.374999911e-01,-2.006153312e-08
pi-1.98,-1.980000000e+00,3.161604748e-06,4.379882724e-01,-2.014677893e-08
pi-1.98,-1.980000000e+00,3.165129391e-06,4.384765536e-01,-2.003367079e-08
pi-1.98,-1.980000000e+00,3.168654033e-06,4.389648348e-01,-2.017479781e-08
pi-1.98,-1.980000000e+00,3.172178676e-06,4.394531161e-01,-2.003211580e-08
pi-1.98,-1.980000000e+00,3.175703319e-06,4.399413973e-01,-2.011980799e-08
pi-1.98,-1.980000000e+00,3.179227962e-06,4.404296786e-01,-1.999932368e-08
pi-1.98,-1.980000000e+00,3.182752605e-06,4.409179598e-01,-2.015868607e-08
pi-1.98,-1.980000000e+00,3.186277248e-06,4.414062410e-01,-1.990963584e-08
pi-1.98,-1.980000000e+00,3.189801891e-06,4.418945223e-01,-2.018963988e-08
pi-1.98,-1.980000000e+00,3.193326534e-06,4.423828035e-01,-2.021000049e-08
pi-1.98,-1.980000000e+00,3.196851177e-06,4.428710848e-01,-1.990679065e-08
pi-1.98,-1.980000000e+00,3.200375820e-06,4.433593660e-01,-2.038044140e-08
pi-1.98,-1.980000000e+00,3.203900463e-06,4.438476472e-01,-1.988928006e-08
pi-1.98,-1.980000000e+00,3.207425106e-06,4.443359285e-01,-2.014612257e-08
pi-1.98,-1.980000000e+00,3.210949749e-06,4.448242097e-01,-2.005982037e-08
pi-1.98,-1.980000000e+00,3.214474392e-06,4.453124910e-01,-2.004277218e-08
pi-1.98,-1.980000000e+00,3.217999035e-06,4.458007722e-01,-2.030332873e-08
pi-1.98,-1.980000000e+00,3.221523678e-06,4.462890534e-01,-1.985226523e-08
pi-1.98,-1.980000000e+00,3.225048321e-06,4.467773347e-01,-2.019613633e-08
pi-1.98,-1.980000000e+00,3.228572964e-06,4.472656159e-01,-2.000144128e-08
pi-1.98,-1.980000000e+00,3.232097607e-06,4.477538972e-01,-2.005847102e-08
pi-1.98,-1.980000000e+00,3.235622250e-06,4.482421784e-01,-2.016292770e-08
pi-1.98,-1.980000000e+00,3.239146893e-06,4.487304596e-01,-2.004167434e-08
pi-1.98,-1.980000000e+00,3.242671536e-06,4.492187409e-01,-2.020847889e-08
pi-1.98,-1.980000000e+00,3.246196179e-06,4.497070221e-01,-2.001502655e-08
pi-1.98,-1.980000000e+00,3.249720822e-06,4.501953034e-01,-2.000789225e-08
pi-1.98,-1.980000000e+00,3.253245465e-06,4.506835846e-01,-2.022114904e-08
pi-1.98,-1.980000000e+00,3.256770108e-06,4.511718658e-01,-2.004130330e-08
pi-1.98,-1.980000000e+00,3.260294751e-06,4.516601471e-01,-2.014956295e-08
pi-1.98,-1.980000000e+00,3.263819394e-06,4.521484283e-01,-2.006718044e-08
pi-1.98,-1.980000000e+00,3.267344037e-06,4.526367096e-01,-2.000068551e-08
pi-1.98,-1.980000000e+00,3.270868680e-06,4.531249908e-01,-2.014969938e-08
pi-1.98,-1.980000000e+00,3.274393323e-06,4.536132720e-01,-2.007265029e-08
pi-1.98,-1.980000000e+00,3.277917966e-06,4.541015533e-01,-2.021064719e-08
pi-1.98,-1.980000000e+00,3.281442609e-06,4.545898345e-01,-1.988088856e-08
pi-1.98,-1.980000000e+00,3.284967252e-06,4.550781158e-01,-2.030409093e-08
pi-1.98,-1.980000000e+00,3.288491895e-06,4.555663970e-01,-2.005259150e-08
pi-1.98,-1.980000000e+00,3.292016538e-06,4.560546782e-01,-1.997363167e-08
pi-1.98,-1.980000000e+00,3.295541181e-06,4.565429595e-01,-2.013063259e-08
pi-1.98,-1.980000000e+00,3.299065824e-06,4.570312407e-01,-2.004603469e-08
pi-1.98,-1.980000000e+00,3.302590466e-06,4.575195220e-01,-2.012605131e-08
pi-1.98,-1.980000000e+00,3.306115109e-06,4.580078032e-01,-2.009175330e-08
pi-1.98,-1.980000000e+00,3.309639752e-06,4.584960844e-01,-2.021285855e-08
pi-1.98,-1.980000000e+00,3.313164395e-06,4.589843657e-01,-1.998054383e-08
pi-1.98,-1.980000000e+00,3.316689038e-06,4.594726469e-01,-2.002919978e-08
pi-1.98,-1.980000000e+00,3.320213681e-06,4.599609282e-01,-2.011912788e-08
pi-1.98,-1.980000000e+00,3.323738324e-06,4.604492094e-01,-2.014641272e-08
pi-1.98,-1.980000000e+00,3.327262967e-06,4.609374906e-01,-2.006815271e-08
pi-1.98,-1.980000000e+00,3.330787610e-06,4.614257719e-01,-2.015365165e-08
pi-1.98,-1.980000000e+00,3.334312253e-06,4.619140531e-01,-2.006026063e-08
pi-1.98,-1.980000000e+00,3.337836896e-06,4.624023344e-01,-2.011713423e-08
pi-1.98,-1.980000000e+00,3.341361539e-06,4.628906156e-01,-1.998054181e-08
pi-1.98,-1.980000000e+00,3.344886182e-06,4.633788968e-01,-2.015882813e-08
pi-1.98,-1.980000000e+00,3.348410825e-06,4.638671781e-01,-2.002322287e-08
pi-1.98,-1.980000000e+00,3.351935468e-06,4.643554593e-01,-2.015703208e-08
pi-1.98,-1.980000000e+00,3.355460111e-06,4.648437406e-01,-2.000661735e-08
pi-1.98,-1.980000000e+00,3.358984754e-06,4.653320218e-01,-2.000362125e-08
pi-1.98,-1.980000000e+00,3.362509397e-06,4.658203030e-01,-2.033993388e-08
pi-1.98,-1.980000000e+00,3.366034040e-06,4.663085843e-01,-1.997208190e-08
pi-1.98,-1.980000000e+00,3.369558683e-06,4.667968655e-01,-2.029719205e-08
pi-1.98,-1.980000000e+00,3.373083326e-06,4.672851468e-01,-1.976542056e-08
pi-1.98,-1.980000000e+00,3.376607969e-06,4.677734280e-01,-2.022208147e-08
pi-1.98,-1.980000000e+00,3.380132612e-06,4.682617092e-01,-2.030866859e-08
pi-1.98,-1.980000000e+00,3.383657255e-06,4.687499905e-01,-1.981369903e-08
pi-1.98,-1.980000000e+00,3.387181898e-06,4.692382717e-01,-2.034081198e-08
pi-1.98,-1.980000000e+00,3.390706541e-06,4.697265530e-01,-1.980765250e-08
pi-1.98,-1.980000000e+00,3.394231184e-06,4.702148342e-01,-2.024530095e-08
pi-1.98,-1.980000000e+00,3.397755827e-06,4.707031154e-01,-2.000040824e-08
pi-1.98,-1.980000000e+00,3.401280470e-06,4.711913967e-01,-2.014040965e-08
pi-1.98,-1.980000000e+00,3.404805113e-06,4.716796779e-01,-2.007913305e-08
pi-1.98,-1.980000000e+00,3.408329756e-06,4.721679592e-01,-2.008382379e-08
pi-1.98,-1.980000000e+00,3.411854399e-06,4.726562404e-01,-2.020766920e-08
pi-1.98,-1.980000000e+00,3.415379042e-06,4.731445216e-01,-1.986483034e-08
pi-1.98,-1.980000000e+00,3.418903685e-06,4.736328029e-01,-2.025193101e-08
pi-1.98,-1.980000000e+00,3.422428328e-06,4.741210841e-01,-1.995927292e-08
pi-1.98,-1.980000000e+00,3.425952971e-06,4.746093654e-01,-2.020854731e-08
pi-1.98,-1.980000000e+00,3.429477614e-06,4.750976466e-01,-1.998947700e-08
pi-1.98,-1.980000000e+00,3.433002257e-06,4.755859278e-01,-2.028243449e-08
pi-1.98,-1.980000000e+00,3.436526899e-06,4.760742091e-01,-1.989363597e-08
pi-1.98,-1.980000000e+00,3.440051542e-06,4.765624903e-01,-2.014261981e-08
pi-1.98,-1.980000000e+00,3.443576185e-06,4.770507716e-01,-2.015832630e-08
pi-1.98,-1.980000000e+00,3.447100828e-06,4.775390528e-01,-2.004242528e-08
pi-1.98,-1.980000000e+00,3.450625471e-06,4.780273340e-01,-1.997562410e-08
pi-1.98,-1.980000000e+00,3.454150114e-06,4.785156153e-01,-2.022287627e-08
pi-1.98,-1.980000000e+00,3.457674757e-06,4.790038965e-01,-2.017223996e-08
pi-1.98,-1.980000000e+00,3.461199400e-06,4.794921778e-01,-2.002896154e-08
pi-1.98,-1.980000000e+00,3.464724043e-06,4.799804590e-01,-1.992510449e-08
pi-1.98,-1.980000000e+00,3.468248686e-06,4.804687402e-01,-2.027992373e-08
pi-1.98,-1.980000000e+00,3.471773329e-06,4.809570215e-01,-1.997882263e-08
pi-1.98,-1.980000000e+00,3.475297972e-06,4.814453027e-01,-2.023113296e-08
pi-1.98,-1.980000000e+00,3.478822615e-06,4.819335840e-01,-1.987535312e-08
pi-1.98,-1.980000000e+00,3.482347258e-06,4.824218652e-01,-2.016604292e-08
pi-1.98,-1.980000000e+00,3.485871901e-06,4.829101465e-01,-2.015847560e-08
pi-1.98,-1.980000000e+00,3.489396544e-06,4.833984277e-01,-1.994570012e-08
pi-1.98,-1.980000000e+00,3.492921187e-06,4.838867089e-01,-2.031551998e-08
pi-1.98,-1.980000000e+00,3.496445830e-06,4.843749902e-01,-1.989153005e-08
pi-1.98,-1.980000000e+00,3.499970473e-06,4.848632714e-01,-2.009514539e-08
pi-1.98,-1.980000000e+00,3.503495116e-06,4.853515527e-01,-2.022831634e-08
pi-1.98,-1.980000000e+00,3.507019759e-06,4.858398339e-01,-2.018192406e-08
pi-1.98,-1.980000000e+00,3.510544402e-06,4.863281151e-01,-1.997842704e-08
pi-1.98,-1.980000000e+00,3.514069045e-06,4.868163964e-01,-2.016315990e-08
pi-1.98,-1.980000000e+00,3.517593688e-06,4.873046776e-01,-1.988531410e-08
pi-1.98,-1.980000000e+00,3.521118331e-06,4.877929589e-01,-2.019065400e-08
pi-1.98,-1.980000000e+00,3.524642974e-06,4.882812401e-01,-2.020708004e-08
pi-1.98,-1.980000000e+00,3.528167617e-06,4.887695213e-01,-1.999838481e-08
pi-1.98,-1.980000000e+00,3.531692260e-06,4.892578026e-01,-1.993482079e-08
pi-1.98,-1.980000000e+00,3.535216903e-06,4.897460838e-01,-2.031963122e-08
pi-1.98,-1.980000000e+00,3.538741546e-06,4.902343651e-01,-1.993069627e-08
pi-1.98,-1.980000000e+00,3.542266189e-06,4.907226463e-01,-2.007141120e-08
pi-1.98,-1.980000000e+00,3.545790832e-06,4.912109275e-01,-2.020021134e-08
pi-1.98,-1.980000000e+00,3.549315475e-06,4.916992088e-01,-2.015824340e-08
pi-1.98,-1.980000000e+00,3.552840118e-06,4.921874900e-01,-1.996531703e-08
pi-1.98,-1.980000000e+00,3.556364761e-06,4.926757713e-01,-2.001092980e-08
pi-1.98,-1.980000000e+00,3.559889404e-06,4.931640525e-01,-2.020480711e-08
pi-1.98,-1.980000000e+00,3.563414047e-06,4.936523337e-01,-2.019604940e-08
pi-1.98,-1.980000000e+00,3.566938690e-06,4.941406150e-01,-1.989412573e-08
pi-1.98,-1.980000000e+00,3.570463333e-06,4.946288962e-01,-2.020624661e-08
pi-1.98,-1.980000000e+00,3.573987975e-06,4.951171775e-01,-2.013353371e-08
pi-1.98,-1.980000000e+00,3.577512618e-06,4.956054587e-01,-2.012143180e-08
pi-1.98,-1.980000000e+00,3.581037261e-06,4.960937399e-01,-1.991030347e-08
pi-1.98,-1.980000000e+00,3.584561904e-06,4.965820212e-01,-2.014795443e-08
pi-1.98,-1.980000000e+00,3.588086547e-06,4.970703024e-01,-2.003850520e-08
pi-1.98,-1.980000000e+00,3.591611190e-06,4.975585837e-01,-2.017341988e-08
pi-1.98,-1.980000000e+00,3.595135833e-06,4.980468649e-01,-1.996161627e-08
pi-1.98,-1.980000000e+00,3.598660476e-06,4.985351461e-01,-2.023050959e-08
pi-1.98,-1.980000000e+00,3.602185119e-06,4.990234274e-01,-2.007679975e-08
pi-1.98,-1.980000000e+00,3.605709762e-06,4.995117086e-01,-2.016312811e-08
pi-1.98,-1.980000000e+00,3.609234405e-06,4.999999899e-01,-1.991392455e-08
pi-1.98,-1.980000000e+00,3.612759048e-06,5.004882711e-01,-2.017975415e-08
pi-1.98,-1.980000000e+00,3.616283691e-06,5.009765523e-01,-2.004920786e-08
pi-1.98,-1.980000000e+00,3.619808334e-06,5.014648336e-01,-2.011530881e-08
pi-1.98,-1.980000000e+00,3.623332977e-06,5.019531148e-01,-2.017112240e-08
pi-1.98,-1.980000000e+00,3.626857620e-06,5.024413961e-01,-2.000880657e-08
pi-1.98,-1.980000000e+00,3.630382263e-06,5.029296773e-01,-2.014171313e-08
pi-1.98,-1.980000000e+00,3.633906906e-06,5.034179585e-01,-2.007255209e-08
pi-1.98,-1.980000000e+00,3.637431549e-06,5.039062398e-01,-2.010621064e-08
pi-1.98,-1.980000000e+00,3.640956192e-06,5.043945210e-01,-1.997043837e-08
pi-1.98,-1.980000000e+00,3.644480835e-06,5.048828023e-01,-2.012779062e-08
pi-1.98,-1.980000000e+00,3.648005478e-06,5.053710835e-01,-2.016279167e-08
pi-1.98,-1.980000000e+00,3.651530121e-06,5.058593647e-01,-2.002420682e-08
pi-1.98,-1.980000000e+00,3.655054764e-06,5.063476460e-01,-2.019300863e-08
pi-1.98,-1.980000000e+00,3.658579407e-06,5.068359272e-01,-1.983498000e-08
pi-1.98,-1.980000000e+00,3.662104050e-06,5.073242085e-01,-2.033977009e-08
pi-1.98,-1.980000000e+00,3.665628693e-06,5.078124897e-01,-1.999396209e-08
pi-1.98,-1.980000000e+00,3.669153336e-06,5.083007709e-01,-2.029857803e-08
pi-1.98,-1.980000000e+00,3.672677979e-06,5.087890522e-01,-1.990943583e-08
pi-1.98,-1.980000000e+00,3.676202622e-06,5.092773334e-01,-2.009997859e-08
pi-1.98,-1.980000000e+00,3.679727265e-06,5.097656147e-01,-2.000687410e-08
pi-1.98,-1.980000000e+00,3.683251908e-06,5.102538959e-01,-2.027981668e-08
pi-1.98,-1.980000000e+00,3.686776551e-06,5.107421771e-01,-2.005637717e-08
pi-1.98,-1.980000000e+00,3.690301194e-06,5.112304584e-01,-2.012599336e-08
pi-1.98,-1.980000000e+00,3.693825837e-06,5.117187396e-01,-1.998029150e-08
pi-1.98,-1.980000000e+00,3.697350480e-06,5.122070209e-01,-2.016642040e-08
pi-1.98,-1.980000000e+00,3.700875123e-06,5.126953021e-01,-1.992320461e-08
pi-1.98,-1.980000000e+00,3.704399766e-06,5.131835833e-01,-2.029051008e-08
pi-1.98,-1.980000000e+00,3.707924408e-06,5.136718646e-01,-1.991252690e-08
pi-1.98,-1.980000000e+00,3.711449051e-06,5.141601458e-01,-2.016919717e-08
pi-1.98,-1.980000000e+00,3.714973694e-06,5.146484271e-01,-1.995907734e-08
pi-1.98,-1.980000000e+00,3.718498337e-06,5.151367083e-01,-2.029349814e-08
pi-1.98,-1.980000000e+00,3.722022980e-06,5.156249895e-01,-1.996829583e-08
pi-1.98,-1.980000000e+00,3.725547623e-06,5.161132708e-01,-2.008477514e-08
pi-1.98,-1.980000000e+00,3.729072266e-06,5.166015520e-01,-2.005845452e-08
pi-1.98,-1.980000000e+00,3.732596909e-06,5.170898333e-01,-2.026782785e-08
pi-1.98,-1.980000000e+00,3.736121552e-06,5.175781145e-01,-2.012726745e-08
pi-1.98,-1.980000000e+00,3.739646195e-06,5.180663957e-01,-1.976306111e-08
pi-1.98,-1.980000000e+00,3.743170838e-06,5.185546770e-01,-2.042278562e-08
pi-1.98,-1.980000000e+00,3.746695481e-06,5.190429582e-01,-1.990702687e-08
pi-1.98,-1.980000000e+00,3.750220124e-06,5.195312395e-01,-2.020546106e-08
pi-1.98,-1.980000000e+00,3.753744767e-06,5.200195207e-01,-1.996829181e-08
pi-1.98,-1.980000000e+00,3.757269410e-06,5.205078019e-01,-2.020928858e-08
pi-1.98,-1.980000000e+00,3.760794053e-06,5.209960832e-01,-2.007055966e-08
pi-1.98,-1.980000000e+00,3.764318696e-06,5.214843644e-01,-2.006375615e-08
pi-1.98,-1.980000000e+00,3.767843339e-06,5.219726457e-01,-2.007285311e-08
pi-1.98,-1.980000000e+00,3.771367982e-06,5.224609269e-01,-2.011741433e-08
pi-1.98,-1.980000000e+00,3.774892625e-06,5.229492081e-01,-2.008201728e-08
pi-1.98,-1.980000000e+00,3.778417268e-06,5.234374894e-01,-2.011889326e-08
pi-1.98,-1.980000000e+00,3.781941911e-06,5.239257706e-01,-1.997786162e-08
pi-1.98,-1.980000000e+00,3.785466554e-06,5.244140519e-01,-2.003439316e-08
pi-1.98,-1.980000000e+00,3.788991197e-06,5.249023331e-01,-2.020675246e-08
pi-1.98,-1.980000000e+00,3.792515840e-06,5.253906143e-01,-2.011243625e-08
pi-1.98,-1.980000000e+00,3.796040483e-06,5.258788956e-01,-2.014971145e-08
pi-1.98,-1.980000000e+00,3.799565126e-06,5.263671768e-01,-2.005427085e-08
pi-1.98,-1.980000000e+00,3.803089769e-06,5.268554581e-01,-2.000686565e-08
pi-1.98,-1.980000000e+00,3.806614412e-06,5.273437393e-01,-1.997515728e-08
pi-1.98,-1.980000000e+00,3.810139055e-06,5.278320205e-01,-2.024684025e-08
pi-1.98,-1.980000000e+00,3.813663698e-06,5.283203018e-01,-1.995198448e-08
pi-1.98,-1.980000000e+00,3.817188341e-06,5.288085830e-01,-2.021596492e-08
pi-1.98,-1.980000000e+00,3.820712984e-06,5.292968643e-01,-2.019129870e-08
pi-1.98,-1.980000000e+00,3.824237627e-06,5.297851455e-01,-1.988525896e-08
pi-1.98,-1.980000000e+00,3.827762270e-06,5.302734267e-01,-2.016522397e-08
pi-1.98,-1.980000000e+00,3.831286913e-06,5.307617080e-01,-2.017786192e-08
pi-1.98,-1.980000000e+00,3.834811556e-06,5.312499892e-01,-2.006673374e-08
pi-1.98,-1.980000000e+00,3.838336199e-06,5.317382705e-01,-2.007888073e-08
pi-1.98,-1.980000000e+00,3.841860841e-06,5.322265517e-01,-2.010311796e-08
pi-1.98,-1.980000000e+00,3.845385484e-06,5.327148329e-01,-2.002162763e-08
pi-1.98,-1.980000000e+00,3.848910127e-06,5.332031142e-01,-2.020561398e-08
pi-1.98,-1.980000000e+00,3.852434770e-06,5.336913954e-01,-1.994875336e-08
pi-1.98,-1.980000000e+00,3.855959413e-06,5.341796767e-01,-2.009138950e-08
pi-1.98,-1.980000000e+00,3.859484056e-06,5.346679579e-01,-2.016824462e-08
pi-1.98,-1.980000000e+00,3.863008699e-06,5.351562391e-01,-2.005560933e-08
pi-1.98,-1.980000000e+00,3.866533342e-06,5.356445204e-01,-2.012840432e-08
pi-1.98,-1.980000000e+00,3.870057985e-06,5.361328016e-01,-2.003194154e-08
pi-1.98,-1.980000000e+00,3.873582628e-06,5.366210829e-01,-2.013953517e-08
pi-1.98,-1.980000000e+00,3.877107271e-06,5.371093641e-01,-2.008654946e-08
pi-1.98,-1.980000000e+00,3.880631914e-06,5.375976453e-01,-2.011910454e-08
pi-1.98,-1.980000000e+00,3.884156557e-06,5.380859266e-01,-2.000932491e-08
pi-1.98,-1.980000000e+00,3.887681200e-06,5.385742078e-01,-2.012040077e-08
pi-1.98,-1.980000000e+00,3.891205843e-06,5.390624891e-01,-2.010370993e-08
pi-1.98,-1.980000000e+00,3.894730486e-06,5.395507703e-01,-1.994835777e-08
pi-1.98,-1.980000000e+00,3.898255129e-06,5.400390515e-01,-2.028036680e-08
pi-1.98,-1.980000000e+00,3.901779772e-06,5.405273328e-01,-2.000273711e-08
pi-1.98,-1.980000000e+00,3.905304415e-06,5.410156140e-01,-2.009926910e-08
pi-1.98,-1.980000000e+00,3.908829058e-06,5.415038953e-01,-2.007835918e-08
pi-1.98,-1.980000000e+00,3.912353701e-06,5.419921765e-01,-2.007913869e-08
pi-1.98,-1.980000000e+00,3.915878344e-06,5.424804577e-01,-2.009056129e-08
pi-1.98,-1.980000000e+00,3.919402987e-06,5.429687390e-01,-2.024544945e-08
pi-1.98,-1.980000000e+00,3.922927630e-06,5.434570202e-01,-2.006330825e-08
pi-1.98,-1.980000000e+00,3.926452273e-06,5.439453015e-01,-2.003032458e-08
pi-1.98,-1.980000000e+00,3.929976916e-06,5.444335827e-01,-2.002350779e-08
pi-1.98,-1.980000000e+00,3.933501559e-06,5.449218639e-01,-2.017364806e-08
pi-1.98,-1.980000000e+00,3.937026202e-06,5.454101452e-01,-1.999459995e-08
pi-1.98,-1.980000000e+00,3.940550845e-06,5.458984264e-01,-2.021724827e-08
pi-1.98,-1.980000000e+00,3.944075488e-06,5.463867077e-01,-1.999217208e-08
pi-1.98,-1.980000000e+00,3.947600131e-06,5.468749889e-01,-2.005188040e-08
pi-1.98,-1.980000000e+00,3.951124774e-06,5.473632701e-01,-2.015279246e-08
pi-1.98,-1.980000000e+00,3.954649417e-06,5.478515514e-01,-2.017550810e-08
pi-1.98,-1.980000000e+00,3.958174060e-06,5.483398326e-01,-2.000154551e-08
pi-1.98,-1.980000000e+00,3.961698703e-06,5.488281139e-01,-1.999299465e-08
pi-1.98,-1.980000000e+00,3.965223346e-06,5.493163951e-01,-2.027019616e-08
pi-1.98,-1.980000000e+00,3.968747989e-06,5.498046763e-01,-2.011055287e-08
pi-1.98,-1.980000000e+00,3.972272632e-06,5.502929576e-01,-2.011668110e-08
pi-1.98,-1.980000000e+00,3.975797274e-06,5.507812388e-01,-1.980668385e-08
pi-1.98,-1.980000000e+00,3.979321917e-06,5.512695201e-01,-2.026303771e-08
pi-1.98,-1.980000000e+00,3.982846560e-06,5.517578013e-01,-2.004191782e-08
pi-1.98,-1.980000000e+00,3.986371203e-06,5.522460825e-01,-2.022356121e-08
pi-1.98,-1.980000000e+00,3.989895846e-06,5.527343638e-01,-1.984555710e-08
pi-1.98,-1.980000000e+00,3.993420489e-06,5.532226450e-01,-2.035003732e-08
pi-1.98,-1.980000000e+00,3.996945132e-06,5.537109263e-01,-1.992936382e-08
pi-1.98,-1.980000000e+00,4.000469775e-06,5.541992075e-01,-2.014871141e-08
pi-1.98,-1.980000000e+00,4.003994418e-06,5.546874887e-01,-2.004088840e-08
pi-1.98,-1.980000000e+00,4.007519061e-06,5.551757700e-01,-2.020424330e-08
pi-1.98,-1.980000000e+00,4.011043704e-06,5.556640512e-01,-1.991691501e-08
pi-1.98,-1.980000000e+00,4.014568347e-06,5.561523325e-01,-2.013734192e-08
pi-1.98,-1.980000000e+00,4.018092990e-06,5.566406137e-01,-2.026246304e-08
pi-1.98,-1.980000000e+00,4.021617633e-06,5.571288949e-01,-1.992385534e-08
pi-1.98,-1.980000000e+00,4.025142276e-06,5.576171762e-01,-2.020541679e-08
pi-1.98,-1.980000000e+00,4.028666919e-06,5.581054574e-01,-1.989925512e-08
pi-1.98,-1.980000000e+00,4.032191562e-06,5.585937387e-01,-2.020215227e-08
pi-1.98,-1.980000000e+00,4.035716205e-06,5.590820199e-01,-2.014595073e-08
pi-1.98,-1.980000000e+00,4.039240848e-06,5.595703011e-01,-2.009425239e-08
pi-1.98,-1.980000000e+00,4.042765491e-06,5.600585824e-01,-1.991895172e-08
pi-1.98,-1.980000000e+00,4.046290134e-06,5.605468636e-01,-2.020937068e-08
pi-1.98,-1.980000000e+00,4.049814777e-06,5.610351449e-01,-2.000869591e-08
pi-1.98,-1.980000000e+00,4.053339420e-06,5.615234261e-01,-2.026554365e-08
pi-1.98,-1.980000000e+00,4.056864063e-06,5.620117073e-01,-2.002496017e-08
pi-1.98,-1.980000000e+00,4.060388706e-06,5.624999886e-01,-2.010235535e-08
pi-1.98,-1.980000000e+00,4.063913349e-06,5.629882698e-01,-2.002354280e-08
pi-1.98,-1.980000000e+00,4.067437992e-06,5.634765511e-01,-2.014922209e-08
pi-1.98,-1.980000000e+00,4.070962635e-06,5.639648323e-01,-1.997809423e-08
pi-1.98,-1.980000000e+00,4.074487278e-06,5.644531135e-01,-2.010466691e-08
pi-1.98,-1.980000000e+00,4.078011921e-06,5.649413948e-01,-2.017501311e-08
pi-1.98,-1.980000000e+00,4.081536564e-06,5.654296760e-01,-2.017459619e-08
pi-1.98,-1.980000000e+00,4.085061207e-06,5.659179573e-01,-1.996859202e-08
pi-1.98,-1.980000000e+00,4.088585850e-06,5.664062385e-01,-2.016246168e-08
pi-1.98,-1.980000000e+00,4.092110493e-06,5.668945197e-01,-1.989868689e-08
pi-1.98,-1.980000000e+00,4.095635136e-06,5.673828010e-01,-2.024610219e-08
pi-1.98,-1.980000000e+00,4.099159779e-06,5.678710822e-01,-2.012971866e-08
pi-1.98,-1.980000000e+00,4.102684422e-06,5.683593635e-01,-2.013066840e-08
pi-1.98,-1.980000000e+00,4.106209065e-06,5.688476447e-01,-2.000769425e-08
pi-1.98,-1.980000000e+00,4.109733708e-06,5.693359259e-01,-1.997553678e-08
pi-1.98,-1.980000000e+00,4.113258350e-06,5.698242072e-01,-2.028119098e-08
pi-1.98,-1.980000000e+00,4.116782993e-06,5.703124884e-01,-1.995470009e-08
pi-1.98,-1.980000000e+00,4.120307636e-06,5.708007697e-01,-2.005546285e-08
pi-1.98,-1.980000000e+00,4.123832279e-06,5.712890509e-01,-2.010176297e-08
pi-1.98,-1.980000000e+00,4.127356922e-06,5.717773321e-01,-2.020247663e-08
pi-1.98,-1.980000000e+00,4.130881565e-06,5.722656134e-01,-2.009413006e-08
pi-1.98,-1.980000000e+00,4.134406208e-06,5.727538946e-01,-2.003265586e-08
pi-1.98,-1.980000000e+00,4.137930851e-06,5.732421759e-01,-2.010418198e-08
pi-1.98,-1.980000000e+00,4.141455494e-06,5.737304571e-01,-2.006658404e-08
pi-1.98,-1.980000000e+00,4.144980137e-06,5.742187383e-01,-2.013633463e-08
pi-1.98,-1.980000000e+00,4.148504780e-06,5.747070196e-01,-1.997315961e-08
pi-1.98,-1.980000000e+00,4.152029423e-06,5.751953008e-01,-2.023966611e-08
pi-1.98,-1.980000000e+00,4.155554066e-06,5.756835821e-01,-2.012310632e-08
pi-1.98,-1.980000000e+00,4.159078709e-06,5.761718633e-01,-1.995390891e-08
pi-1.98,-1.980000000e+00,4.162603352e-06,5.766601445e-01,-2.008923408e-08
pi-1.98,-1.980000000e+00,4.166127995e-06,5.771484258e-01,-2.024109233e-08
pi-1.98,-1.980000000e+00,4.169652638e-06,5.776367070e-01,-1.985912789e-08
pi-1.98,-1.980000000e+00,4.173177281e-06,5.781249883e-01,-2.030295165e-08
pi-1.98,-1.980000000e+00,4.176701924e-06,5.786132695e-01,-2.004983364e-08
pi-1.98,-1.980000000e+00,4.180226567e-06,5.791015507e-01,-1.990916177e-08
pi-1.98,-1.980000000e+00,4.183751210e-06,5.795898320e-01,-2.020618141e-08
pi-1.98,-1.980000000e+00,4.187275853e-06,5.800781132e-01,-2.000839247e-08
pi-1.98,-1.980000000e+00,4.190800496e-06,5.805663945e-01,-2.033193998e-08
pi-1.98,-1.980000000e+00,4.194325139e-06,5.810546757e-01,-1.988872470e-08
pi-1.98,-1.980000000e+00,4.197849782e-06,5.815429569e-01,-2.019663172e-08
pi-1.98,-1.980000000e+00,4.201374425e-06,5.820312382e-01,-2.003962114e-08
pi-1.98,-1.980000000e+00,4.204899068e-06,5.825195194e-01,-2.002607651e-08
pi-1.98,-1.980000000e+00,4.208423711e-06,5.830078007e-01,-2.021363846e-08
pi-1.98,-1.980000000e+00,4.211948354e-06,5.834960819e-01,-1.993753117e-08
pi-1.98,-1.980000000e+00,4.215472997e-06,5.839843631e-01,-2.029710151e-08
pi-1.98,-1.980000000e+00,4.218997640e-06,5.844726444e-01,-1.991846236e-08
pi-1.98,-1.980000000e+00,4.222522283e-06,5.849609256e-01,-2.004843076e-08
pi-1.98,-1.980000000e+00,4.226046926e-06,5.854492069e-01,-2.030688220e-08
pi-1.98,-1.980000000e+00,4.229571569e-06,5.859374881e-01,-1.990718342e-08
pi-1.98,-1.980000000e+00,4.233096212e-06,5.864257693e-01,-2.016896054e-08
pi-1.98,-1.980000000e+00,4.236620855e-06,5.869140506e-01,-2.007803441e-08
pi-1.98,-1.980000000e+00,4.240145498e-06,5.874023318e-01,-2.006511074e-08
pi-1.98,-1.980000000e+00,4.243670141e-06,5.878906131e-01,-2.010416589e-08
pi-1.98,-1.980000000e+00,4.247194783e-06,5.883788943e-01,-2.019522401e-08
pi-1.98,-1.980000000e+00,4.250719426e-06,5.888671756e-01,-1.994400789e-08
pi-1.98,-1.980000000e+00,4.254244069e-06,5.893554568e-01,-2.018622645e-08
pi-1.98,-1.980000000e+00,4.257768712e-06,5.898437380e-01,-2.004496301e-08
pi-1.98,-1.980000000e+00,4.261293355e-06,5.903320193e-01,-2.012956534e-08
pi-1.98,-1.980000000e+00,4.264817998e-06,5.908203005e-01,-2.001553845e-08
pi-1.98,-1.980000000e+00,4.268342641e-06,5.913085818e-01,-2.021269436e-08
pi-1.98,-1.980000000e+00,4.271867284e-06,5.917968630e-01,-1.995616051e-08
pi-1.98,-1.980000000e+00,4.275391927e-06,5.922851442e-01,-2.017966280e-08
pi-1.98,-1.980000000e+00,4.278916570e-06,5.927734255e-01,-2.003335046e-08
pi-1.98,-1.980000000e+00,4.282441213e-06,5.932617067e-01,-2.009678047e-08
pi-1.98,-1.980000000e+00,4.285965856e-06,5.937499880e-01,-2.011459167e-08
pi-1.98,-1.980000000e+00,4.289490499e-06,5.942382692e-01,-2.004054472e-08
pi-1.98,-1.980000000e+00,4.293015142e-06,5.947265504e-01,-2.013154610e-08
pi-1.98,-1.980000000e+00,4.296539785e-06,5.952148317e-01,-2.010010053e-08
pi-1.98,-1.980000000e+00,4.300064428e-06,5.957031129e-01,-2.004311706e-08
pi-1.98,-1.980000000e+00,4.303589071e-06,5.961913942e-01,-2.029731399e-08
pi-1.98,-1.980000000e+00,4.307113714e-06,5.966796754e-01,-1.991679791e-08
pi-1.98,-1.980000000e+00,4.310638357e-06,5.971679566e-01,-2.002368003e-08
pi-1.98,-1.980000000e+00,4.314163000e-06,5.976562379e-01,-2.016939557e-08
pi-1.98,-1.980000000e+00,4.317687643e-06,5.981445191e-01,-2.003082359e-08
pi-1.98,-1.980000000e+00,4.321212286e-06,5.986328004e-01,-2.012211996e-08
pi-1.98,-1.980000000e+00,4.324736929e-06,5.991210816e-01,-2.015285645e-08
pi-1.98,-1.980000000e+00,4.328261572e-06,5.996093628e-01,-2.010598447e-08
pi-1.98,-1.980000000e+00,4.331786215e-06,6.000976441e-01,-1.992937227e-08
pi-1.98,-1.980000000e+00,4.335310858e-06,6.005859253e-01,-2.013893152e-08
pi-1.98,-1.980000000e+00,4.338835501e-06,6.010742066e-01,-2.018455113e-08
pi-1.98,-1.980000000e+00,4.342360144e-06,6.015624878e-01,-2.002975111e-08
pi-1.98,-1.980000000e+00,4.345884787e-06,6.020507690e-01,-2.004411227e-08
pi-1.98,-1.980000000e+00,4.349409430e-06,6.025390503e-01,-2.022858597e-08
pi-1.98,-1.980000000e+00,4.352934073e-06,6.030273315e-01,-1.999340110e-08
pi-1.98,-1.980000000e+00,4.356458716e-06,6.035156128e-01,-2.007647620e-08
pi-1.98,-1.980000000e+00,4.359983359e-06,6.040038940e-01,-2.025744834e-08
pi-1.98,-1.980000000e+00,4.363508002e-06,6.044921752e-01,-1.994275633e-08
pi-1.98,-1.980000000e+00,4.367032645e-06,6.049804565e-01,-2.016988090e-08
pi-1.98,-1.980000000e+00,4.370557288e-06,6.054687377e-01,-1.993551297e-08
pi-1.98,-1.980000000e+00,4.374081931e-06,6.059570190e-01,-2.020523369e-08
pi-1.98,-1.980000000e+00,4.377606574e-06,6.064453002e-01,-2.012374216e-08
pi-1.98,-1.980000000e+00,4.381131216e-06,6.069335814e-01,-2.006028277e-08
pi-1.98,-1.980000000e+00,4.384655859e-06,6.074218627e-01,-2.023561966e-08
pi-1.98,-1.980000000e+00,4.388180502e-06,6.079101439e-01,-1.975946820e-08
pi-1.98,-1.980000000e+00,4.391705145e-06,6.083984252e-01,-2.018286575e-08
pi-1.98,-1.980000000e+00,4.395229788e-06,6.088867064e-01,-2.028514447e-08
pi-1.98,-1.980000000e+00,4.398754431e-06,6.093749876e-01,-2.002585880e-08
pi-1.98,-1.980000000e+00,4.402279074e-06,6.098632689e-01,-2.006318872e-08
pi-1.98,-1.980000000e+00,4.405803717e-06,6.103515501e-01,-2.006785974e-08
pi-1.98,-1.980000000e+00,4.409328360e-06,6.108398314e-01,-2.021811229e-08
pi-1.98,-1.980000000e+00,4.412853003e-06,6.113281126e-01,-1.977232709e-08
pi-1.98,-1.980000000e+00,4.416377646e-06,6.118163938e-01,-2.028074831e-08
pi-1.98,-1.980000000e+00,4.419902289e-06,6.123046751e-01,-2.006499363e-08
pi-1.98,-1.980000000e+00,4.423426932e-06,6.127929563e-01,-2.021461195e-08
pi-1.98,-1.980000000e+00,4.426951575e-06,6.132812376e-01,-1.992371892e-08
pi-1.98,-1.980000000e+00,4.430476218e-06,6.137695188e-01,-2.002092740e-08
pi-1.98,-1.980000000e+00,4.434000861e-06,6.142578000e-01,-2.015730613e-08
pi-1.98,-1.980000000e+00,4.437525504e-06,6.147460813e-01,-2.011439569e-08
pi-1.98,-1.980000000e+00,4.441050147e-06,6.152343625e-01,-2.012922770e-08
pi-1.98,-1.980000000e+00,4.444574790e-06,6.157226438e-01,-2.018295429e-08
pi-1.98,-1.980000000e+00,4.448099433e-06,6.162109250e-01,-1.976858287e-08
pi-1.98,-1.980000000e+00,4.451624076e-06,6.166992062e-01,-2.021670459e-08
pi-1.98,-1.980000000e+00,4.455148719e-06,6.171874875e-01,-2.008783321e-08
pi-1.98,-1.980000000e+00,4.458673362e-06,6.176757687e-01,-2.029632562e-08
pi-1.98,-1.980000000e+00,4.462198005e-06,6.181640500e-01,-1.989636566e-08
pi-1.98,-1.980000000e+00,4.465722648e-06,6.186523312e-01,-2.037400934e-08
pi-1.98,-1.980000000e+00,4.469247291e-06,6.191406124e-01,-1.991923704e-08
pi-1.98,-1.980000000e+00,4.472771934e-06,6.196288937e-01,-2.004342573e-08
pi-1.98,-1.980000000e+00,4.476296577e-06,6.201171749e-01,-2.019556608e-08
pi-1.98,-1.980000000e+00,4.479821220e-06,6.206054562e-01,-2.002619845e-08
pi-1.98,-1.980000000e+00,4.483345863e-06,6.210937374e-01,-2.006212067e-08
pi-1.98,-1.980000000e+00,4.486870506e-06,6.215820186e-01,-2.013916292e-08
pi-1.98,-1.980000000e+00,4.490395149e-06,6.220702999e-01,-2.011725134e-08
pi-1.98,-1.980000000e+00,4.493919792e-06,6.225585811e-01,-1.998719320e-08
pi-1.98,-1.980000000e+00,4.497444435e-06,6.230468624e-01,-2.022954979e-08
pi-1.98,-1.980000000e+00,4.500969078e-06,6.235351436e-01,-1.973470540e-08
pi-1.98,-1.980000000e+00,4.504493721e-06,6.240234248e-01,-2.031167153e-08
pi-1.98,-1.980000000e+00,4.508018364e-06,6.245117061e-01,-2.020278610e-08
pi-1.98,-1.980000000e+00,4.511543007e-06,6.249999873e-01,-1.994596854e-08
pi-1.98,-1.980000000e+00,4.515067649e-06,6.254882686e-01,-2.033796719e-08
pi-1.98,-1.980000000e+00,4.518592292e-06,6.259765498e-01,-1.999578430e-08
pi-1.98,-1.980000000e+00,4.522116935e-06,6.264648310e-01,-1.993226455e-08
pi-1.98,-1.980000000e+00,4.525641578e-06,6.269531123e-01,-2.014735884e-08
pi-1.98,-1.980000000e+00,4.529166221e-06,6.274413935e-01,-2.010878097e-08
pi-1.98,-1.980000000e+00,4.532690864e-06,6.279296748e-01,-2.013554788e-08
pi-1.98,-1.980000000e+00,4.536215507e-06,6.284179560e-01,-1.996177805e-08
pi-1.98,-1.980000000e+00,4.539740150e-06,6.289062372e-01,-2.027900819e-08
pi-1.98,-1.980000000e+00,4.543264793e-06,6.293945185e-01,-1.991362192e-08
pi-1.98,-1.980000000e+00,4.546789436e-06,6.298827997e-01,-1.998486071e-08
pi-1.98,-1.980000000e+00,4.550314079e-06,6.303710810e-01,-2.017055779e-08
pi-1.98,-1.980000000e+00,4.553838722e-06,6.308593622e-01,-2.020389882e-08
pi-1.98,-1.980000000e+00,4.557363365e-06,6.313476434e-01,-2.013436312e-08
pi-1.98,-1.980000000e+00,4.560888008e-06,6.318359247e-01,-1.996169636e-08
pi-1.98,-1.980000000e+00,4.564412651e-06,6.323242059e-01,-2.000286266e-08
pi-1.98,-1.980000000e+00,4.567937294e-06,6.328124872e-01,-2.009606132e-08
pi-1.98,-1.980000000e+00,4.571461937e-06,6.333007684e-01,-2.018395312e-08
pi-1.98,-1.980000000e+00,4.574986580e-06,6.337890496e-01,-2.026689461e-08
pi-1.98,-1.980000000e+00,4.578511223e-06,6.342773309e-01,-1.985517481e-08
pi-1.98,-1.980000000e+00,4.582035866e-06,6.347656121e-01,-2.012788921e-08
pi-1.98,-1.980000000e+00,4.585560509e-06,6.352538934e-01,-2.005717841e-08
pi-1.98,-1.980000000e+00,4.589085152e-06,6.357421746e-01,-2.007586048e-08
pi-1.98,-1.980000000e+00,4.592609795e-06,6.362304558e-01,-2.022981902e-08
pi-1.98,-1.980000000e+00,4.596134438e-06,6.367187371e-01,-1.992144679e-08
pi-1.98,-1.980000000e+00,4.599659081e-06,6.372070183e-01,-2.033125706e-08
pi-1.98,-1.980000000e+00,4.603183724e-06,6.376952996e-01,-1.994919322e-08
pi-1.98,-1.980000000e+00,4.606708367e-06,6.381835808e-01,-2.006124055e-08
pi-1.98,-1.980000000e+00,4.610233010e-06,6.386718620e-01,-2.006769555e-08
pi-1.98,-1.980000000e+00,4.613757653e-06,6.391601433e-01,-2.007354006e-08
pi-1.98,-1.980000000e+00,4.617282296e-06,6.396484245e-01,-2.012014201e-08
pi-1.98,-1.980000000e+00,4.620806939e-06,6.401367058e-01,-2.027081872e-08
pi-1.98,-1.980000000e+00,4.624331582e-06,6.406249870e-01,-2.006824970e-08
pi-1.98,-1.980000000e+00,4.627856225e-06,6.411132682e-01,-1.994827004e-08
pi-1.98,-1.980000000e+00,4.631380868e-06,6.416015495e-01,-2.001587287e-08
pi-1.98,-1.980000000e+00,4.634905511e-06,6.420898307e-01,-2.014453940e-08
pi-1.98,-1.980000000e+00,4.638430154e-06,6.425781120e-01,-2.023110438e-08
pi-1.98,-1.980000000e+00,4.641954797e-06,6.430663932e-01,-2.004426480e-08
pi-1.98,-1.980000000e+00,4.645479440e-06,6.435546744e-01,-2.016441951e-08
pi-1.98,-1.980000000e+00,4.649004083e-06,6.440429557e-01,-2.001114913e-08
pi-1.98,-1.980000000e+00,4.652528725e-06,6.445312369e-01,-2.003549461e-08
pi-1.98,-1.980000000e+00,4.656053368e-06,6.450195182e-01,-2.020041457e-08
pi-1.98,-1.980000000e+00,4.659578011e-06,6.455077994e-01,-1.993394027e-08
pi-1.98,-1.980000000e+00,4.663102654e-06,6.459960806e-01,-2.032343983e-08
pi-1.98,-1.980000000e+00,4.666627297e-06,6.464843619e-01,-1.984038305e-08
pi-1.98,-1.980000000e+00,4.670151940e-06,6.469726431e-01,-2.015275866e-08
pi-1.98,-1.980000000e+00,4.673676583e-06,6.474609244e-01,-2.017350480e-08
pi-1.98,-1.980000000e+00,4.677201226e-06,6.479492056e-01,-2.003904566e-08
pi-1.98,-1.980000000e+00,4.680725869e-06,6.484374868e-01,-2.019228868e-08
pi-1.98,-1.980000000e+00,4.684250512e-06,6.489257681e-01,-2.012287934e-08
pi-1.98,-1.980000000e+00,4.687775155e-06,6.494140493e-01,-1.993252371e-08
pi-1.98,-1.980000000e+00,4.691299798e-06,6.499023306e-01,-1.999667528e-08
pi-1.98,-1.980000000e+00,4.694824441e-06,6.503906118e-01,-2.017828810e-08
pi-1.98,-1.980000000e+00,4.698349084e-06,6.508788930e-01,-2.010192716e-08
pi-1.98,-1.980000000e+00,4.701873727e-06,6.513671743e-01,-1.997102311e-08
pi-1.98,-1.980000000e+00,4.705398370e-06,6.518554555e-01,-2.019306980e-08
pi-1.98,-1.980000000e+00,4.708923013e-06,6.523437368e-01,-2.018987248e-08
pi-1.98,-1.980000000e+00,4.712447656e-06,6.528320180e-01,-2.012491806e-08
pi-1.98,-1.980000000e+00,4.715972299e-06,6.533202992e-01,-1.996687927e-08
pi-1.98,-1.980000000e+00,4.719496942e-06,6.538085805e-01,-2.012230467e-08
pi-1.98,-1.980000000e+00,4.723021585e-06,6.542968617e-01,-2.024568487e-08
pi-1.98,-1.980000000e+00,4.726546228e-06,6.547851430e-01,-1.996090397e-08
pi-1.98,-1.980000000e+00,4.730070871e-06,6.552734242e-01,-2.022203841e-08
pi-1.98,-1.980000000e+00,4.733595514e-06,6.557617054e-01,-1.993087978e-08
pi-1.98,-1.980000000e+00,4.737120157e-06,6.562499867e-01,-2.003997488e-08
pi-1.98,-1.980000000e+00,4.740644800e-06,6.567382679e-01,-2.027480359e-08
pi-1.98,-1.980000000e+00,4.744169443e-06,6.572265492e-01,-1.998505830e-08
pi-1.98,-1.980000000e+00,4.747694086e-06,6.577148304e-01,-2.015029980e-08
pi-1.98,-1.980000000e+00,4.751218729e-06,6.582031116e-01,-2.001842267e-08
pi-1.98,-1.980000000e+00,4.754743372e-06,6.586913929e-01,-1.996556936e-08
pi-1.98,-1.980000000e+00,4.758268015e-06,6.591796741e-01,-2.021867731e-08
pi-1.98,-1.980000000e+00,4.761792658e-06,6.596679554e-01,-2.002544751e-08
pi-1.98,-1.980000000e+00,4.765317301e-06,6.601562366e-01,-2.006225951e-08
pi-1.98,-1.980000000e+00,4.768841944e-06,6.606445178e-01,-2.005327080e-08
pi-1.98,-1.980000000e+00,4.772366587e-06,6.611327991e-01,-2.012269423e-08
pi-1.98,-1.980000000e+00,4.775891230e-06,6.616210803e-01,-2.006988196e-08
pi-1.98,-1.980000000e+00,4.779415873e-06,6.621093616e-01,-2.029568817e-08
pi-1.98,-1.980000000e+00,4.782940516e-06,6.625976428e-01,-1.989204395e-08
pi-1.98,-1.980000000e+00,4.786465158e-06,6.630859240e-01,-2.024227749e-08
pi-1.98,-1.980000000e+00,4.789989801e-06,6.635742053e-01,-1.988557608e-08
pi-1.98,-1.980000000e+00,4.793514444e-06,6.640624865e-01,-2.032656269e-08
pi-1.98,-1.980000000e+00,4.797039087e-06,6.645507678e-01,-1.988177471e-08
pi-1.98,-1.980000000e+00,4.800563730e-06,6.650390490e-01,-2.025626600e-08
pi-1.98,-1.980000000e+00,4.804088373e-06,6.655273302e-01,-2.014204956e-08
pi-1.98,-1.980000000e+00,4.807613016e-06,6.660156115e-01,-2.003437303e-08
pi-1.98,-1.980000000e+00,4.811137659e-06,6.665038927e-01,-1.993202188e-08
pi-1.98,-1.980000000e+00,4.814662302e-06,6.669921740e-01,-2.011417797e-08
pi-1.98,-1.980000000e+00,4.818186945e-06,6.674804552e-01,-2.024106818e-08
pi-1.98,-1.980000000e+00,4.821711588e-06,6.679687364e-01,-1.993486466e-08
pi-1.98,-1.980000000e+00,4.825236231e-06,6.684570177e-01,-2.022780123e-08
pi-1.98,-1.980000000e+00,4.828760874e-06,6.689452989e-01,-2.002388608e-08
pi-1.98,-1.980000000e+00,4.832285517e-06,6.694335802e-01,-2.015789529e-08
pi-1.98,-1.980000000e+00,4.835810160e-06,6.699218614e-01,-1.999127546e-08
pi-1.98,-1.980000000e+00,4.839334803e-06,6.704101426e-01,-2.009628387e-08
pi-1.98,-1.980000000e+00,4.842859446e-06,6.708984239e-01,-2.009709034e-08
pi-1.98,-1.980000000e+00,4.846384089e-06,6.713867051e-01,-2.020376401e-08
pi-1.98,-1.980000000e+00,4.849908732e-06,6.718749864e-01,-1.994163355e-08
pi-1.98,-1.980000000e+00,4.853433375e-06,6.723632676e-01,-2.026041386e-08
pi-1.98,-1.980000000e+00,4.856958018e-06,6.728515488e-01,-2.014066238e-08
pi-1.98,-1.980000000e+00,4.860482661e-06,6.733398301e-01,-1.995827046e-08
pi-1.98,-1.980000000e+00,4.864007304e-06,6.738281113e-01,-2.000655900e-08
pi-1.98,-1.980000000e+00,4.867531947e-06,6.743163926e-01,-2.010273967e-08
pi-1.98,-1.980000000e+00,4.871056590e-06,6.748046738e-01,-2.006425436e-08
pi-1.98,-1.980000000e+00,4.874581233e-06,6.752929550e-01,-2.026909189e-08
pi-1.98,-1.980000000e+00,4.878105876e-06,6.757812363e-01,-2.008081280e-08
pi-1.98,-1.980000000e+00,4.881630519e-06,6.762695175e-01,-2.004974309e-08
pi-1.98,-1.980000000e+00,4.885155162e-06,6.767577988e-01,-2.009954759e-08
pi-1.98,-1.980000000e+00,4.888679805e-06,6.772460800e-01,-2.004646609e-08
pi-1.98,-1.980000000e+00,4.892204448e-06,6.777343612e-01,-1.998649941e-08
pi-1.98,-1.980000000e+00,4.895729091e-06,6.782226425e-01,-2.029787981e-08
pi-1.98,-1.980000000e+00,4.899253734e-06,6.787109237e-01,-1.986507100e-08
pi-1.98,-1.980000000e+00,4.902778377e-06,6.791992050e-01,-2.018975256e-08
pi-1.98,-1.980000000e+00,4.906303020e-06,6.796874862e-01,-1.996219537e-08
pi-1.98,-1.980000000e+00,4.909827663e-06,6.801757674e-01,-2.012989815e-08
pi-1.98,-1.980000000e+00,4.913352306e-06,6.806640487e-01,-2.021928779e-08
pi-1.98,-1.980000000e+00,4.916876949e-06,6.811523299e-01,-2.014713106e-08
pi-1.98,-1.980000000e+00,4.920401591e-06,6.816406112e-01,-1.991224399e-08
pi-1.98,-1.980000000e+00,4.923926234e-06,6.821288924e-01,-2.027112215e-08
pi-1.98,-1.980000000e+00,4.927450877e-06,6.826171736e-01,-2.009560094e-08
pi-1.98,-1.980000000e+00,4.930975520e-06,6.831054549e-01,-1.986320855e-08
pi-1.98,-1.980000000e+00,4.934500163e-06,6.835937361e-01,-2.023031401e-08
pi-1.98,-1.980000000e+00,4.938024806e-06,6.840820174e-01,-1.997917113e-08
pi-1.98,-1.980000000e+00,4.941549449e-06,6.845702986e-01,-2.023979610e-08
pi-1.98,-1.980000000e+00,4.945074092e-06,6.850585798e-01,-1.988113364e-08
pi-1.98,-1.980000000e+00,4.948598735e-06,6.855468611e-01,-2.022822257e-08
pi-1.98,-1.980000000e+00,4.952123378e-06,6.860351423e-01,-2.005326759e-08
pi-1.98,-1.980000000e+00,4.955648021e-06,6.865234236e-01,-2.020762936e-08
pi-1.98,-1.980000000e+00,4.959172664e-06,6.870117048e-01,-1.984143661e-08
pi-1.98,-1.980000000e+00,4.962697307e-06,6.874999860e-01,-2.027849550e-08
pi-1.98,-1.980000000e+00,4.966221950e-06,6.879882673e-01,-1.991168663e-08
pi-1.98,-1.980000000e+00,4.969746593e-06,6.884765485e-01,-2.025390332e-08
pi-1.98,-1.980000000e+00,4.973271236e-06,6.889648298e-01,-2.017052479e-08
pi-1.98,-1.980000000e+00,4.976795879e-06,6.894531110e-01,-1.994306017e-08
pi-1.98,-1.980000000e+00,4.980320522e-06,6.899413922e-01,-2.014117588e-08
pi-1.98,-1.980000000e+00,4.983845165e-06,6.904296735e-01,-2.009804008e-08
pi-1.98,-1.980000000e+00,4.987369808e-06,6.909179547e-01,-2.009973592e-08
pi-1.98,-1.980000000e+00,4.990894451e-06,6.914062360e-01,-2.004808105e-08
pi-1.98,-1.980000000e+00,4.994419094e-06,6.918945172e-01,-2.003589785e-08
pi-1.98,-1.980000000e+00,4.997943737e-06,6.923827984e-01,-2.006392195e-08
pi-1.98,-1.980000000e+00,5.001468380e-06,6.928710797e-01,-2.031554614e-08
pi-1.98,-1.980000000e+00,5.004993023e-06,6.933593609e-01,-2.003304944e-08
pi-1.98,-1.980000000e+00,5.008517666e-06,6.938476422e-01,-2.016045878e-08
pi-1.98,-1.980000000e+00,5.012042309e-06,6.943359234e-01,-1.984226200e-08
pi-1.98,-1.980000000e+00,5.015566952e-06,6.948242046e-01,-2.030766211e-08
pi-1.98,-1.980000000e+00,5.019091595e-06,6.953124859e-01,-2.003605681e-08
pi-1.98,-1.980000000e+00,5.022616238e-06,6.958007671e-01,-1.997013132e-08
pi-1.98,-1.980000000e+00,5.026140881e-06,6.962890484e-01,-2.001745201e-08
pi-1.98,-1.980000000e+00,5.029665524e-06,6.967773296e-01,-2.035693821e-08
pi-1.98,-1.980000000e+00,5.033190167e-06,6.972656109e-01,-1.994419623e-08
pi-1.98,-1.980000000e+00,5.036714810e-06,6.977538921e-01,-2.010086072e-08
pi-1.98,-1.980000000e+00,5.040239453e-06,6.982421733e-01,-2.016233652e-08
pi-1.98,-1.980000000e+00,5.043764096e-06,6.987304546e-01,-1.992512059e-08
pi-1.98,-1.980000000e+00,5.047288739e-06,6.992187358e-01,-2.024856950e-08
pi-1.98,-1.980000000e+00,5.050813382e-06,6.997070171e-01,-2.007918939e-08
pi-1.98,-1.980000000e+00,5.054338024e-06,7.001952983e-01,-2.016379413e-08
pi-1.98,-1.980000000e+00,5.057862667e-06,7.006835795e-01,-2.003112421e-08
pi-1.98,-1.980000000e+00,5.061387310e-06,7.011718608e-01,-1.995730785e-08
pi-1.98,-1.980000000e+00,5.064911953e-06,7.016601420e-01,-2.012611127e-08
pi-1.98,-1.980000000e+00,5.068436596e-06,7.021484233e-01,-2.005498959e-08
pi-1.98,-1.980000000e+00,5.071961239e-06,7.026367045e-01,-2.011012147e-08
pi-1.98,-1.980000000e+00,5.075485882e-06,7.031249857e-01,-2.010789160e-08
pi-1.98,-1.980000000e+00,5.079010525e-06,7.036132670e-01,-2.012680224e-08
pi-1.98,-1.980000000e+00,5.082535168e-06,7.041015482e-01,-2.025885725e-08
pi-1.98,-1.980000000e+00,5.086059811e-06,7.045898295e-01,-2.001892249e-08
pi-1.98,-1.980000000e+00,5.089584454e-06,7.050781107e-01,-2.005861348e-08
pi-1.98,-1.980000000e+00,5.093109097e-06,7.055663919e-01,-2.009036531e-08
pi-1.98,-1.980000000e+00,5.096633740e-06,7.060546732e-01,-2.011493414e-08
pi-1.98,-1.980000000e+00,5.100158383e-06,7.065429544e-01,-2.000880014e-08
pi-1.98,-1.980000000e+00,5.103683026e-06,7.070312357e-01,-2.006040591e-08
pi-1.98,-1.980000000e+00,5.107207669e-06,7.075195169e-01,-2.007236939e-08
pi-1.98,-1.980000000e+00,5.110732312e-06,7.080077981e-01,-2.011708353e-08
pi-1.98,-1.980000000e+00,5.114256955e-06,7.084960794e-01,-2.001436858e-08
pi-1.98,-1.980000000e+00,5.117781598e-06,7.089843606e-01,-2.030642463e-08
pi-1.98,-1.980000000e+00,5.121306241e-06,7.094726419e-01,-1.994417651e-08
pi-1.98,-1.980000000e+00,5.124830884e-06,7.099609231e-01,-2.006666814e-08
pi-1.98,-1.980000000e+00,5.128355527e-06,7.104492043e-01,-2.007551238e-08
pi-1.98,-1.980000000e+00,5.131880170e-06,7.109374856e-01,-2.026079617e-08
pi-1.98,-1.980000000e+00,5.135404813e-06,7.114257668e-01,-2.002139382e-08
pi-1.98,-1.980000000e+00,5.138929456e-06,7.119140481e-01,-2.013789285e-08
pi-1.98,-1.980000000e+00,5.142454099e-06,7.124023293e-01,-1.989908047e-08
pi-1.98,-1.980000000e+00,5.145978742e-06,7.128906105e-01,-2.017430885e-08
pi-1.98,-1.980000000e+00,5.149503385e-06,7.133788918e-01,-2.018353821e-08
pi-1.98,-1.980000000e+00,5.153028028e-06,7.138671730e-01,-1.999268196e-08
pi-1.98,-1.980000000e+00,5.156552671e-06,7.143554543e-01,-2.009346886e-08
pi-1.98,-1.980000000e+00,5.160077314e-06,7.148437355e-01,-2.006004815e-08
pi-1.98,-1.980000000e+00,5.163601957e-06,7.153320167e-01,-2.020652630e-08
pi-1.98,-1.980000000e+00,5.167126600e-06,7.158202980e-01,-1.990350882e-08
pi-1.98,-1.980000000e+00,5.170651243e-06,7.163085792e-01,-2.031424629e-08
pi-1.98,-1.980000000e+00,5.174175886e-06,7.167968605e-01,-2.007239434e-08
pi-1.98,-1.980000000e+00,5.177700529e-06,7.172851417e-01,-1.993723337e-08
pi-1.98,-1.980000000e+00,5.181225172e-06,7.177734229e-01,-2.026357576e-08
pi-1.98,-1.980000000e+00,5.184749815e-06,7.182617042e-01,-1.999897840e-08
pi-1.98,-1.980000000e+00,5.188274458e-06,7.187499854e-01,-2.008051299e-08
pi-1.98,-1.980000000e+00,5.191799100e-06,7.192382667e-01,-2.001307235e-08
pi-1.98,-1.980000000e+00,5.195323743e-06,7.197265479e-01,-2.026480036e-08
pi-1.98,-1.980000000e+00,5.198848386e-06,7.202148291e-01,-2.004755507e-08
pi-1.98,-1.980000000e+00,5.202373029e-06,7.207031104e-01,-2.000496336e-08
pi-1.98,-1.980000000e+00,5.205897672e-06,7.211913916e-01,-2.016560950e-08
pi-1.98,-1.980000000e+00,5.209422315e-06,7.216796729e-01,-2.006230579e-08
pi-1.98,-1.980000000e+00,5.212946958e-06,7.221679541e-01,-2.013378563e-08
pi-1.98,-1.980000000e+00,5.216471601e-06,7.226562353e-01,-2.011526897e-08
pi-1.98,-1.980000000e+00,5.219996244e-06,7.231445166e-01,-1.991929902e-08
pi-1.98,-1.980000000e+00,5.223520887e-06,7.236327978e-01,-2.010034319e-08
pi-1.98,-1.980000000e+00,5.227045530e-06,7.241210791e-01,-2.007230862e-08
pi-1.98,-1.980000000e+00,5.230570173e-06,7.246093603e-01,-2.018416238e-08
pi-1.98,-1.980000000e+00,5.234094816e-06,7.250976415e-01,-2.014227693e-08
pi-1.98,-1.980000000e+00,5.237619459e-06,7.255859228e-01,-2.003361043e-08
pi-1.98,-1.980000000e+00,5.241144102e-06,7.260742040e-01,-2.029259025e-08
pi-1.98,-1.980000000e+00,5.244668745e-06,7.265624853e-01,-1.977692849e-08
pi-1.98,-1.980000000e+00,5.248193388e-06,7.270507665e-01,-2.026923153e-08
pi-1.98,-1.980000000e+00,5.251718031e-06,7.275390477e-01,-2.003964529e-08
pi-1.98,-1.980000000e+00,5.255242674e-06,7.280273290e-01,-2.010891860e-08
pi-1.98,-1.980000000e+00,5.258767317e-06,7.285156102e-01,-2.009569109e-08
pi-1.98,-1.980000000e+00,5.262291960e-06,7.290038915e-01,-2.005160595e-08
pi-1.98,-1.980000000e+00,5.265816603e-06,7.294921727e-01,-2.006164017e-08
pi-1.98,-1.980000000e+00,5.269341246e-06,7.299804539e-01,-2.021219856e-08
pi-1.98,-1.980000000e+00,5.272865889e-06,7.304687352e-01,-2.000058289e-08
pi-1.98,-1.980000000e+00,5.276390532e-06,7.309570164e-01,-2.023527277e-08
pi-1.98,-1.980000000e+00,5.279915175e-06,7.314452977e-01,-1.989883699e-08
pi-1.98,-1.980000000e+00,5.283439818e-06,7.319335789e-01,-2.026489171e-08
pi-1.98,-1.980000000e+00,5.286964461e-06,7.324218601e-01,-1.998330209e-08
pi-1.98,-1.980000000e+00,5.290489104e-06,7.329101414e-01,-2.019431613e-08
pi-1.98,-1.980000000e+00,5.294013747e-06,7.333984226e-01,-2.009889283e-08
pi-1.98,-1.980000000e+00,5.297538390e-06,7.338867039e-01,-1.986635838e-08
pi-1.98,-1.980000000e+00,5.301063033e-06,7.343749851e-01,-2.034261850e-08
pi-1.98,-1.980000000e+00,5.304587676e-06,7.348632663e-01,-1.996561564e-08
pi-1.98,-1.980000000e+00,5.308112319e-06,7.353515476e-01,-1.996083677e-08
pi-1.98,-1.980000000e+00,5.311636962e-06,7.358398288e-01,-2.020304486e-08
pi-1.98,-1.980000000e+00,5.315161605e-06,7.363281101e-01,-2.001404462e-08
pi-1.98,-1.980000000e+00,5.318686248e-06,7.368163913e-01,-2.002978451e-08
pi-1.98,-1.980000000e+00,5.322210891e-06,7.373046725e-01,-2.012176300e-08
pi-1.98,-1.980000000e+00,5.325735533e-06,7.377929538e-01,-2.029066985e-08
pi-1.98,-1.980000000e+00,5.329260176e-06,7.382812350e-01,-1.989849010e-08
pi-1.98,-1.980000000e+00,5.332784819e-06,7.387695163e-01,-2.013281497e-08
pi-1.98,-1.980000000e+00,5.336309462e-06,7.392577975e-01,-2.022710623e-08
pi-1.98,-1.980000000e+00,5.339834105e-06,7.397460787e-01,-2.009608547e-08
pi-1.98,-1.980000000e+00,5.343358748e-06,7.402343600e-01,-1.990761080e-08
pi-1.98,-1.980000000e+00,5.346883391e-06,7.407226412e-01,-2.012741394e-08
pi-1.98,-1.980000000e+00,5.350408034e-06,7.412109225e-01,-2.003011451e-08
pi-1.98,-1.980000000e+00,5.353932677e-06,7.416992037e-01,-2.016365690e-08
pi-1.98,-1.980000000e+00,5.357457320e-06,7.421874849e-01,-2.006412357e-08
pi-1.98,-1.980000000e+00,5.360981963e-06,7.426757662e-01,-2.023112612e-08
pi-1.98,-1.980000000e+00,5.364506606e-06,7.431640474e-01,-1.998604144e-08
pi-1.98,-1.980000000e+00,5.368031249e-06,7.436523287e-01,-2.008994316e-08
pi-1.98,-1.980000000e+00,5.371555892e-06,7.441406099e-01,-2.019772271e-08
pi-1.98,-1.980000000e+00,5.375080535e-06,7.446288911e-01,-2.000972211e-08
pi-1.98,-1.980000000e+00,5.378605178e-06,7.451171724e-01,-2.015622440e-08
pi-1.98,-1.980000000e+00,5.382129821e-06,7.456054536e-01,-2.003965816e-08
pi-1.98,-1.980000000e+00,5.385654464e-06,7.460937349e-01,-2.004152424e-08
pi-1.98,-1.980000000e+00,5.389179107e-06,7.465820161e-01,-2.027559759e-08
pi-1.98,-1.980000000e+00,5.392703750e-06,7.470702973e-01,-1.989822329e-08
pi-1.98,-1.980000000e+00,5.396228393e-06,7.475585786e-01,-1.999927097e-08
pi-1.98,-1.980000000e+00,5.399753036e-06,7.480468598e-01,-2.028058653e-08
pi-1.98,-1.980000000e+00,5.403277679e-06,7.485351411e-01,-1.992717540e-08
pi-1.98,-1.980000000e+00,5.406802322e-06,7.490234223e-01,-2.008210219e-08
pi-1.98,-1.980000000e+00,5.410326965e-06,7.495117035e-01,-2.031050327e-08
pi-1.98,-1.980000000e+00,5.413851608e-06,7.499999848e-01,-1.993251083e-08
pi-1.98,-1.980000000e+00,5.417376251e-06,7.504882660e-01,-2.025446431e-08
pi-1.98,-1.980000000e+00,5.420900894e-06,7.509765473e-01,-2.007784889e-08
pi-1.98,-1.980000000e+00,5.424425537e-06,7.514648285e-01,-1.994645146e-08
pi-1.98,-1.980000000e+00,5.427950180e-06,7.519531097e-01,-2.016060848e-08
pi-1.98,-1.980000000e+00,5.431474823e-06,7.524413910e-01,-2.006361892e-08
pi-1.98,-1.980000000e+00,5.434999466e-06,7.529296722e-01,-2.011838821e-08
pi-1.98,-1.980000000e+00,5.438524109e-06,7.534179535e-01,-2.002413679e-08
pi-1.98,-1.980000000e+00,5.442048752e-06,7.539062347e-01,-2.002408085e-08
pi-1.98,-1.980000000e+00,5.445573395e-06,7.543945159e-01,-2.028021670e-08
pi-1.98,-1.980000000e+00,5.449098038e-06,7.548827972e-01,-1.997124807e-08
pi-1.98,-1.980000000e+00,5.452622681e-06,7.553710784e-01,-2.016026280e-08
pi-1.98,-1.980000000e+00,5.456147324e-06,7.558593597e-01,-2.018677940e-08
pi-1.98,-1.980000000e+00,5.459671966e-06,7.563476409e-01,-1.996940292e-08
pi-1.98,-1.980000000e+00,5.463196609e-06,7.568359221e-01,-2.013128855e-08
pi-1.98,-1.980000000e+00,5.466721252e-06,7.573242034e-01,-2.015085637e-08
pi-1.98,-1.980000000e+00,5.470245895e-06,7.578124846e-01,-1.988556119e-08
pi-1.98,-1.980000000e+00,5.473770538e-06,7.583007659e-01,-2.032023004e-08
pi-1.98,-1.980000000e+00,5.477295181e-06,7.587890471e-01,-2.010835962e-08
pi-1.98,-1.980000000e+00,5.480819824e-06,7.592773283e-01,-2.009075285e-08
pi-1.98,-1.980000000e+00,5.484344467e-06,7.597656096e-01,-1.996692756e-08
pi-1.98,-1.980000000e+00,5.487869110e-06,7.602538908e-01,-1.997409647e-08
pi-1.98,-1.980000000e+00,5.491393753e-06,7.607421721e-01,-2.019300541e-08
pi-1.98,-1.980000000e+00,5.494918396e-06,7.612304533e-01,-2.017858348e-08
pi-1.98,-1.980000000e+00,5.498443039e-06,7.617187345e-01,-2.008850890e-08
pi-1.98,-1.980000000e+00,5.501967682e-06,7.622070158e-01,-2.000214875e-08
pi-1.98,-1.980000000e+00,5.505492325e-06,7.626952970e-01,-2.007710641e-08
pi-1.98,-1.980000000e+00,5.509016968e-06,7.631835783e-01,-1.994666756e-08
pi-1.98,-1.980000000e+00,5.512541611e-06,7.636718595e-01,-2.021440268e-08
pi-1.98,-1.980000000e+00,5.516066254e-06,7.641601407e-01,-2.020976144e-08
pi-1.98,-1.980000000e+00,5.519590897e-06,7.646484220e-01,-2.001035956e-08
pi-1.98,-1.980000000e+00,5.523115540e-06,7.651367032e-01,-1.999804395e-08
pi-1.98,-1.980000000e+00,5.526640183e-06,7.656249845e-01,-2.026172458e-08
pi-1.98,-1.980000000e+00,5.530164826e-06,7.661132657e-01,-1.996060939e-08
pi-1.98,-1.980000000e+00,5.533689469e-06,7.666015469e-01,-2.024754974e-08
pi-1.98,-1.980000000e+00,5.537214112e-06,7.670898282e-01,-1.990165120e-08
pi-1.98,-1.980000000e+00,5.540738755e-06,7.675781094e-01,-2.007420971e-08
pi-1.98,-1.980000000e+00,5.544263398e-06,7.680663907e-01,-2.000331781e-08
pi-1.98,-1.980000000e+00,5.547788041e-06,7.685546719e-01,-2.038138269e-08
pi-1.98,-1.980000000e+00,5.551312684e-06,7.690429531e-01,-1.983836928e-08
pi-1.98,-1.980000000e+00,5.554837327e-06,7.695312344e-01,-2.035748793e-08
pi-1.98,-1.980000000e+00,5.558361970e-06,7.700195156e-01,-1.996156315e-08
pi-1.98,-1.980000000e+00,5.561886613e-06,7.705077969e-01,-2.017540548e-08
pi-1.98,-1.980000000e+00,5.565411256e-06,7.709960781e-01,-2.008694223e-08
pi-1.98,-1.980000000e+00,5.568935899e-06,7.714843593e-01,-2.008157018e-08
pi-1.98,-1.980000000e+00,5.572460542e-06,7.719726406e-01,-1.992777905e-08
pi-1.98,-1.980000000e+00,5.575985185e-06,7.724609218e-01,-2.008840949e-08
pi-1.98,-1.980000000e+00,5.579509828e-06,7.729492031e-01,-2.025730548e-08
pi-1.98,-1.980000000e+00,5.583034471e-06,7.734374843e-01,-1.997978404e-08
pi-1.98,-1.980000000e+00,5.586559114e-06,7.739257655e-01,-2.024561042e-08
pi-1.98,-1.980000000e+00,5.590083757e-06,7.744140468e-01,-1.998957116e-08
pi-1.98,-1.980000000e+00,5.593608399e-06,7.749023280e-01,-2.012562393e-08
pi-1.98,-1.980000000e+00,5.597133042e-06,7.753906093e-01,-1.989214416e-08
pi-1.98,-1.980000000e+00,5.600657685e-06,7.758788905e-01,-2.027958568e-08
pi-1.98,-1.980000000e+00,5.604182328e-06,7.763671717e-01,-2.006763720e-08
pi-1.98,-1.980000000e+00,5.607706971e-06,7.768554530e-01,-2.001815264e-08
pi-1.98,-1.980000000e+00,5.611231614e-06,7.773437342e-01,-1.997780971e-08
pi-1.98,-1.980000000e+00,5.614756257e-06,7.778320155e-01,-2.017372050e-08
pi-1.98,-1.980000000e+00,5.618280900e-06,7.783202967e-01,-2.022417170e-08
pi-1.98,-1.980000000e+00,5.621805543e-06,7.788085779e-01,-2.012628512e-08
pi-1.98,-1.980000000e+00,5.625330186e-06,7.792968592e-01,-1.995428398e-08
pi-1.98,-1.980000000e+00,5.628854829e-06,7.797851404e-01,-2.016563485e-08
pi-1.98,-1.980000000e+00,5.632379472e-06,7.802734217e-01,-1.999204652e-08
pi-1.98,-1.980000000e+00,5.635904115e-06,7.807617029e-01,-2.004555821e-08
pi-1.98,-1.980000000e+00,5.639428758e-06,7.812499841e-01,-2.008934475e-08
pi-1.98,-1.980000000e+00,5.642953401e-06,7.817382654e-01,-2.035462383e-08
pi-1.98,-1.980000000e+00,5.646478044e-06,7.822265466e-01,-1.976465876e-08
pi-1.98,-1.980000000e+00,5.650002687e-06,7.827148279e-01,-2.015110064e-08
pi-1.98,-1.980000000e+00,5.653527330e-06,7.832031091e-01,-2.028691919e-08
pi-1.98,-1.980000000e+00,5.657051973e-06,7.836913903e-01,-1.994012121e-08
pi-1.98,-1.980000000e+00,5.660576616e-06,7.841796716e-01,-2.002163125e-08
pi-1.98,-1.980000000e+00,5.664101259e-06,7.846679528e-01,-2.022479708e-08
pi-1.98,-1.980000000e+00,5.667625902e-06,7.851562341e-01,-2.008311189e-08
pi-1.98,-1.980000000e+00,5.671150545e-06,7.856445153e-01,-2.012630323e-08
pi-1.98,-1.980000000e+00,5.674675188e-06,7.861327965e-01,-2.012032189e-08
pi-1.98,-1.980000000e+00,5.678199831e-06,7.866210778e-01,-2.013922570e-08
pi-1.98,-1.980000000e+00,5.681724474e-06,7.871093590e-01,-2.009702716e-08
pi-1.98,-1.980000000e+00,5.685249117e-06,7.875976403e-01,-2.006645767e-08
pi-1.98,-1.980000000e+00,5.688773760e-06,7.880859215e-01,-1.988716568e-08
pi-1.98,-1.980000000e+00,5.692298403e-06,7.885742027e-01,-2.032157375e-08
pi-1.98,-1.980000000e+00,5.695823046e-06,7.890624840e-01,-1.997702658e-08
pi-1.98,-1.980000000e+00,5.699347689e-06,7.895507652e-01,-2.015749809e-08
pi-1.98,-1.980000000e+00,5.702872332e-06,7.900390465e-01,-2.015844662e-08
pi-1.98,-1.980000000e+00,5.706396975e-06,7.905273277e-01,-1.990704498e-08
pi-1.98,-1.980000000e+00,5.709921618e-06,7.910156089e-01,-2.014862046e-08
pi-1.98,-1.980000000e+00,5.713446261e-06,7.915038902e-01,-2.012061366e-08
pi-1.98,-1.980000000e+00,5.716970904e-06,7.919921714e-01,-2.011342140e-08
pi-1.98,-1.980000000e+00,5.720495547e-06,7.924804527e-01,-1.996373910e-08
pi-1.98,-1.980000000e+00,5.724020190e-06,7.929687339e-01,-2.021570535e-08
pi-1.98,-1.980000000e+00,5.727544832e-06,7.934570151e-01,-1.999682016e-08
pi-1.98,-1.980000000e+00,5.731069475e-06,7.939452964e-01,-2.023277689e-08
pi-1.98,-1.980000000e+00,5.734594118e-06,7.944335776e-01,-1.990422112e-08
pi-1.98,-1.980000000e+00,5.738118761e-06,7.949218589e-01,-2.024722659e-08
pi-1.98,-1.980000000e+00,5.741643404e-06,7.954101401e-01,-2.000312103e-08
pi-1.98,-1.980000000e+00,5.745168047e-06,7.958984213e-01,-2.002891929e-08
pi-1.98,-1.980000000e+00,5.748692690e-06,7.963867026e-01,-2.013410838e-08
pi-1.98,-1.980000000e+00,5.752217333e-06,7.968749838e-01,-2.003394002e-08
pi-1.98,-1.980000000e+00,5.755741976e-06,7.973632651e-01,-1.998982550e-08
pi-1.98,-1.980000000e+00,5.759266619e-06,7.978515463e-01,-2.009656678e-08
pi-1.98,-1.980000000e+00,5.762791262e-06,7.983398275e-01,-2.040155254e-08
pi-1.98,-1.980000000e+00,5.766315905e-06,7.988281088e-01,-1.990324120e-08
pi-1.98,-1.980000000e+00,5.769840548e-06,7.993163900e-01,-2.012619216e-08
pi-1.98,-1.980000000e+00,5.773365191e-06,7.998046713e-01,-2.013947561e-08
pi-1.98,-1.980000000e+00,5.776889834e-06,8.002929525e-01,-1.991647636e-08
pi-1.98,-1.980000000e+00,5.780414477e-06,8.007812337e-01,-2.014761358e-08
pi-1.98,-1.980000000e+00,5.783939120e-06,8.012695150e-01,-2.021314508e-08
pi-1.98,-1.980000000e+00,5.787463763e-06,8.017577962e-01,-2.001318583e-08
pi-1.98,-1.980000000e+00,5.790988406e-06,8.022460775e-01,-2.013981446e-08
pi-1.98,-1.980000000e+00,5.794513049e-06,8.027343587e-01,-2.014170065e-08
pi-1.98,-1.980000000e+00,5.798037692e-06,8.032226400e-01,-1.998923594e-08
pi-1.98,-1.980000000e+00,5.801562335e-06,8.037109212e-01,-2.013188737e-08
pi-1.98,-1.980000000e+00,5.805086978e-06,8.041992024e-01,-1.994915419e-08
pi-1.98,-1.980000000e+00,5.808611621e-06,8.046874837e-01,-2.034199231e-08
pi-1.98,-1.980000000e+00,5.812136264e-06,8.051757649e-01,-2.006552283e-08
pi-1.98,-1.980000000e+00,5.815660907e-06,8.056640462e-01,-2.001980542e-08
pi-1.98,-1.980000000e+00,5.819185550e-06,8.061523274e-01,-2.006704080e-08
pi-1.98,-1.980000000e+00,5.822710193e-06,8.066406086e-01,-2.006956605e-08
pi-1.98,-1.980000000e+00,5.826234836e-06,8.071288899e-01,-2.013033398e-08
pi-1.98,-1.980000000e+00,5.829759479e-06,8.076171711e-01,-1.990353377e-08
pi-1.98,-1.980000000e+00,5.833284122e-06,8.081054524e-01,-2.021945078e-08
pi-1.98,-1.980000000e+00,5.836808765e-06,8.085937336e-01,-2.007329740e-08
pi-1.98,-1.980000000e+00,5.840333408e-06,8.090820148e-01,-2.005277944e-08
pi-1.98,-1.980000000e+00,5.843858051e-06,8.095702961e-01,-2.015767597e-08
pi-1.98,-1.980000000e+00,5.847382694e-06,8.100585773e-01,-2.003767941e-08
pi-1.98,-1.980000000e+00,5.850907337e-06,8.105468586e-01,-2.031806214e-08
pi-1.98,-1.980000000e+00,5.854431980e-06,8.110351398e-01,-1.988594390e-08
pi-1.98,-1.980000000e+00,5.857956623e-06,8.115234210e-01,-2.026361158e-08
pi-1.98,-1.980000000e+00,5.861481266e-06,8.120117023e-01,-2.006489181e-08
pi-1.98,-1.980000000e+00,5.865005908e-06,8.124999835e-01,-1.994266619e-08
pi-1.98,-1.980000000e+00,5.868530551e-06,8.129882648e-01,-2.027782464e-08
pi-1.98,-1.980000000e+00,5.872055194e-06,8.134765460e-01,-1.988625538e-08
pi-1.98,-1.980000000e+00,5.875579837e-06,8.139648272e-01,-2.015551652e-08
pi-1.98,-1.980000000e+00,5.879104480e-06,8.144531085e-01,-1.996937837e-08
pi-1.98,-1.980000000e+00,5.882629123e-06,8.149413897e-01,-2.015586020e-08
pi-1.98,-1.980000000e+00,5.886153766e-06,8.154296710e-01,-2.008814952e-08
pi-1.98,-1.980000000e+00,5.889678409e-06,8.159179522e-01,-2.028253550e-08
pi-1.98,-1.980000000e+00,5.893203052e-06,8.164062334e-01,-1.986481626e-08
pi-1.98,-1.980000000e+00,5.896727695e-06,8.168945147e-01,-2.022386263e-08
pi-1.98,-1.980000000e+00,5.900252338e-06,8.173827959e-01,-1.992558057e-08
pi-1.98,-1.980000000e+00,5.903776981e-06,8.178710772e-01,-2.011073155e-08
pi-1.98,-1.980000000e+00,5.907301624e-06,8.183593584e-01,-2.008645167e-08
pi-1.98,-1.980000000e+00,5.910826267e-06,8.188476396e-01,-2.011830209e-08
pi-1.98,-1.980000000e+00,5.914350910e-06,8.193359209e-01,-2.002569179e-08
pi-1.98,-1.980000000e+00,5.917875553e-06,8.198242021e-01,-2.012239401e-08
pi-1.98,-1.980000000e+00,5.921400196e-06,8.203124834e-01,-2.004554533e-08
pi-1.98,-1.980000000e+00,5.924924839e-06,8.208007646e-01,-2.010915724e-08
pi-1.98,-1.980000000e+00,5.928449482e-06,8.212890458e-01,-2.019769615e-08
pi-1.98,-1.980000000e+00,5.931974125e-06,8.217773271e-01,-2.006194199e-08
pi-1.98,-1.980000000e+00,5.935498768e-06,8.222656083e-01,-2.014858464e-08
pi-1.98,-1.980000000e+00,5.939023411e-06,8.227538896e-01,-2.002572760e-08
pi-1.98,-1.980000000e+00,5.942548054e-06,8.232421708e-01,-2.025698273e-08
pi-1.98,-1.980000000e+00,5.946072697e-06,8.237304520e-01,-1.997636699e-08
pi-1.98,-1.980000000e+00,5.949597340e-06,8.242187333e-01,-1.999706524e-08
pi-1.98,-1.980000000e+00,5.953121983e-06,8.247070145e-01,-2.020121259e-08
pi-1.98,-1.980000000e+00,5.956646626e-06,8.251952958e-01,-2.021890991e-08
pi-1.98,-1.980000000e+00,5.960171269e-06,8.256835770e-01,-1.991992721e-08
pi-1.98,-1.980000000e+00,5.963695912e-06,8.261718582e-01,-2.019460829e-08
pi-1.98,-1.980000000e+00,5.967220555e-06,8.266601395e-01,-1.997663501e-08
pi-1.98,-1.980000000e+00,5.970745198e-06,8.271484207e-01,-2.014700349e-08
pi-1.98,-1.980000000e+00,5.974269841e-06,8.276367020e-01,-2.001784840e-08
pi-1.98,-1.980000000e+00,5.977794484e-06,8.281249832e-01,-2.022138325e-08
pi-1.98,-1.980000000e+00,5.981319127e-06,8.286132644e-01,-2.013104186e-08
pi-1.98,-1.980000000e+00,5.984843770e-06,8.291015457e-01,-1.993536649e-08
pi-1.98,-1.980000000e+00,5.988368413e-06,8.295898269e-01,-2.020561761e-08
pi-1.98,-1.980000000e+00,5.991893056e-06,8.300781082e-01,-2.005984009e-08
pi-1.98,-1.980000000e+00,5.995417699e-06,8.305663894e-01,-2.006863040e-08
pi-1.98,-1.980000000e+00,5.998942341e-06,8.310546706e-01,-2.010417313e-08
pi-1.98,-1.980000000e+00,6.002466984e-06,8.315429519e-01,-2.010674386e-08
pi-1.98,-1.980000000e+00,6.005991627e-06,8.320312331e-01,-1.994988822e-08
pi-1.98,-1.980000000e+00,6.009516270e-06,8.325195144e-01,-2.026614488e-08
pi-1.98,-1.980000000e+00,6.013040913e-06,8.330077956e-01,-1.998041706e-08
pi-1.98,-1.980000000e+00,6.016565556e-06,8.334960768e-01,-1.997909789e-08
pi-1.98,-1.980000000e+00,6.020090199e-06,8.339843581e-01,-2.038769885e-08
pi-1.98,-1.980000000e+00,6.023614842e-06,8.344726393e-01,-2.000474242e-08
pi-1.98,-1.980000000e+00,6.027139485e-06,8.349609206e-01,-1.990329231e-08
pi-1.98,-1.980000000e+00,6.030664128e-06,8.354492018e-01,-2.033766054e-08
pi-1.98,-1.980000000e+00,6.034188771e-06,8.359374830e-01,-1.984877253e-08
pi-1.98,-1.980000000e+00,6.037713414e-06,8.364257643e-01,-2.014733389e-08
pi-1.98,-1.980000000e+00,6.041238057e-06,8.369140455e-01,-2.015270916e-08
pi-1.98,-1.980000000e+00,6.044762700e-06,8.374023268e-01,-2.018138400e-08
pi-1.98,-1.980000000e+00,6.048287343e-06,8.378906080e-01,-2.010360208e-08
pi-1.98,-1.980000000e+00,6.051811986e-06,8.383788892e-01,-1.998107866e-08
pi-1.98,-1.980000000e+00,6.055336629e-06,8.388671705e-01,-2.006231907e-08
pi-1.98,-1.980000000e+00,6.058861272e-06,8.393554517e-01,-1.996806363e-08
pi-1.98,-1.980000000e+00,6.062385915e-06,8.398437330e-01,-2.020147538e-08
pi-1.98,-1.980000000e+00,6.065910558e-06,8.403320142e-01,-1.999420436e-08
pi-1.98,-1.980000000e+00,6.069435201e-06,8.408202954e-01,-2.023929145e-08
pi-1.98,-1.980000000e+00,6.072959844e-06,8.413085767e-01,-1.997161830e-08
pi-1.98,-1.980000000e+00,6.076484487e-06,8.417968579e-01,-2.020658304e-08
pi-1.98,-1.980000000e+00,6.080009130e-06,8.422851392e-01,-1.999077685e-08
pi-1.98,-1.980000000e+00,6.083533773e-06,8.427734204e-01,-2.014292404e-08
pi-1.98,-1.980000000e+00,6.087058416e-06,8.432617016e-01,-2.021166615e-08
pi-1.98,-1.980000000e+00,6.090583059e-06,8.437499829e-01,-1.993789215e-08
pi-1.98,-1.980000000e+00,6.094107702e-06,8.442382641e-01,-2.027744475e-08
pi-1.98,-1.980000000e+00,6.097632345e-06,8.447265454e-01,-1.994201586e-08
pi-1.98,-1.980000000e+00,6.101156988e-06,8.452148266e-01,-2.020564215e-08
pi-1.98,-1.980000000e+00,6.104681631e-06,8.457031078e-01,-1.991456763e-08
pi-1.98,-1.980000000e+00,6.108206274e-06,8.461913891e-01,-2.014637650e-08
pi-1.98,-1.980000000e+00,6.111730917e-06,8.466796703e-01,-2.006450950e-08
pi-1.98,-1.980000000e+00,6.115255560e-06,8.471679516e-01,-2.010924940e-08
pi-1.98,-1.980000000e+00,6.118780203e-06,8.476562328e-01,-2.008086391e-08
pi-1.98,-1.980000000e+00,6.122304846e-06,8.481445140e-01,-1.997938080e-08
pi-1.98,-1.980000000e+00,6.125829489e-06,8.486327953e-01,-2.036437272e-08
pi-1.98,-1.980000000e+00,6.129354132e-06,8.491210765e-01,-2.007810846e-08
pi-1.98,-1.980000000e+00,6.132878774e-06,8.496093578e-01,-2.001826009e-08
pi-1.98,-1.980000000e+00,6.136403417e-06,8.500976390e-01,-1.990326092e-08
pi-1.98,-1.980000000e+00,6.139928060e-06,8.505859202e-01,-2.031303336e-08
pi-1.98,-1.980000000e+00,6.143452703e-06,8.510742015e-01,-2.008846704e-08
pi-1.98,-1.980000000e+00,6.146977346e-06,8.515624827e-01,-1.998609094e-08
pi-1.98,-1.980000000e+00,6.150501989e-06,8.520507640e-01,-2.024312823e-08
pi-1.98,-1.980000000e+00,6.154026632e-06,8.525390452e-01,-2.010141205e-08
pi-1.98,-1.980000000e+00,6.157551275e-06,8.530273264e-01,-1.985633703e-08
pi-1.98,-1.980000000e+00,6.161075918e-06,8.535156077e-01,-2.020501959e-08
pi-1.98,-1.980000000e+00,6.164600561e-06,8.540038889e-01,-1.998575249e-08
pi-1.98,-1.980000000e+00,6.168125204e-06,8.544921702e-01,-2.015833434e-08
pi-1.98,-1.980000000e+00,6.171649847e-06,8.549804514e-01,-1.999615494e-08
pi-1.98,-1.980000000e+00,6.175174490e-06,8.554687326e-01,-2.025669378e-08
pi-1.98,-1.980000000e+00,6.178699133e-06,8.559570139e-01,-2.003587169e-08
pi-1.98,-1.980000000e+00,6.182223776e-06,8.564452951e-01,-2.003327560e-08
pi-1.98,-1.980000000e+00,6.185748419e-06,8.569335764e-01,-2.010286845e-08
pi-1.98,-1.980000000e+00,6.189273062e-06,8.574218576e-01,-1.998131609e-08
pi-1.98,-1.980000000e+00,6.192797705e-06,8.579101388e-01,-2.027868987e-08
pi-1.98,-1.980000000e+00,6.196322348e-06,8.583984201e-01,-2.017916499e-08
pi-1.98,-1.980000000e+00,6.199846991e-06,8.588867013e-01,-1.991427949e-08
pi-1.98,-1.980000000e+00,6.203371634e-06,8.593749826e-01,-2.003331947e-08
pi-1.98,-1.980000000e+00,6.206896277e-06,8.598632638e-01,-2.015927684e-08
pi-1.98,-1.980000000e+00,6.210420920e-06,8.603515450e-01,-2.008431918e-08
pi-1.98,-1.980000000e+00,6.213945563e-06,8.608398263e-01,-2.003736511e-08
pi-1.98,-1.980000000e+00,6.217470206e-06,8.613281075e-01,-2.028277898e-08
pi-1.98,-1.980000000e+00,6.220994849e-06,8.618163888e-01,-2.014078230e-08
pi-1.98,-1.980000000e+00,6.224519492e-06,8.623046700e-01,-1.987518651e-08
pi-1.98,-1.980000000e+00,6.228044135e-06,8.627929512e-01,-2.030014389e-08
pi-1.98,-1.980000000e+00,6.231568778e-06,8.632812325e-01,-1.997639717e-08
pi-1.98,-1.980000000e+00,6.235093421e-06,8.637695137e-01,-1.992526104e-08
pi-1.98,-1.980000000e+00,6.238618064e-06,8.642577950e-01,-2.014759225e-08
pi-1.98,-1.980000000e+00,6.242142707e-06,8.647460762e-01,-2.027995391e-08
pi-1.98,-1.980000000e+00,6.245667350e-06,8.652343574e-01,-1.994484938e-08
pi-1.98,-1.980000000e+00,6.249191993e-06,8.657226387e-01,-2.006580412e-08
pi-1.98,-1.980000000e+00,6.252716636e-06,8.662109199e-01,-2.031999663e-08
pi-1.98,-1.980000000e+00,6.256241279e-06,8.666992012e-01,-2.006457872e-08
pi-1.98,-1.980000000e+00,6.259765922e-06,8.671874824e-01,-1.995431657e-08
pi-1.98,-1.980000000e+00,6.263290565e-06,8.676757636e-01,-2.025636701e-08
pi-1.98,-1.980000000e+00,6.266815207e-06,8.681640449e-01,-1.979204099e-08
pi-1.98,-1.980000000e+00,6.270339850e-06,8.686523261e-01,-2.033982924e-08
pi-1.98,-1.980000000e+00,6.273864493e-06,8.691406074e-01,-2.007465842e-08
pi-1.98,-1.980000000e+00,6.277389136e-06,8.696288886e-01,-1.996342239e-08
pi-1.98,-1.980000000e+00,6.280913779e-06,8.701171698e-01,-2.022770102e-08
pi-1.98,-1.980000000e+00,6.284438422e-06,8.706054511e-01,-1.989727838e-08
pi-1.98,-1.980000000e+00,6.287963065e-06,8.710937323e-01,-2.016090709e-08
pi-1.98,-1.980000000e+00,6.291487708e-06,8.715820136e-01,-2.004970124e-08
pi-1.98,-1.980000000e+00,6.295012351e-06,8.720702948e-01,-1.999456896e-08
pi-1.98,-1.980000000e+00,6.298536994e-06,8.725585760e-01,-2.021475561e-08
pi-1.98,-1.980000000e+00,6.302061637e-06,8.730468573e-01,-2.000778359e-08
pi-1.98,-1.980000000e+00,6.305586280e-06,8.735351385e-01,-2.018420021e-08
pi-1.98,-1.980000000e+00,6.309110923e-06,8.740234198e-01,-1.993568602e-08
pi-1.98,-1.980000000e+00,6.312635566e-06,8.745117010e-01,-2.028561249e-08
pi-1.98,-1.980000000e+00,6.316160209e-06,8.749999822e-01,-1.994103674e-08
pi-1.98,-1.980000000e+00,6.319684852e-06,8.754882635e-01,-2.019461473e-08
pi-1.98,-1.980000000e+00,6.323209495e-06,8.759765447e-01,-1.996811675e-08
pi-1.98,-1.980000000e+00,6.326734138e-06,8.764648260e-01,-2.012275942e-08
pi-1.98,-1.980000000e+00,6.330258781e-06,8.769531072e-01,-2.006449180e-08
pi-1.98,-1.980000000e+00,6.333783424e-06,8.774413884e-01,-2.027743066e-08
pi-1.98,-1.980000000e+00,6.337308067e-06,8.779296697e-01,-2.005981917e-08
pi-1.98,-1.980000000e+00,6.340832710e-06,8.784179509e-01,-2.005449581e-08
pi-1.98,-1.980000000e+00,6.344357353e-06,8.789062322e-01,-2.020791549e-08
pi-1.98,-1.980000000e+00,6.347881996e-06,8.793945134e-01,-2.003026019e-08
pi-1.98,-1.980000000e+00,6.351406639e-06,8.798827946e-01,-1.989883458e-08
pi-1.98,-1.980000000e+00,6.354931282e-06,8.803710759e-01,-2.029569903e-08
pi-1.98,-1.980000000e+00,6.358455925e-06,8.808593571e-01,-1.992277562e-08
pi-1.98,-1.980000000e+00,6.361980568e-06,8.813476384e-01,-2.034080353e-08
pi-1.98,-1.980000000e+00,6.365505211e-06,8.818359196e-01,-1.987334539e-08
pi-1.98,-1.980000000e+00,6.369029854e-06,8.823242008e-01,-2.030078053e-08
pi-1.98,-1.980000000e+00,6.372554497e-06,8.828124821e-01,-2.010396346e-08
pi-1.98,-1.980000000e+00,6.376079140e-06,8.833007633e-01,-2.003526080e-08
pi-1.98,-1.980000000e+00,6.379603783e-06,8.837890446e-01,-2.009575346e-08
pi-1.98,-1.980000000e+00,6.383128426e-06,8.842773258e-01,-1.994486105e-08
pi-1.98,-1.980000000e+00,6.386653069e-06,8.847656070e-01,-2.007774949e-08
pi-1.98,-1.980000000e+00,6.390177712e-06,8.852538883e-01,-2.015431526e-08
pi-1.98,-1.980000000e+00,6.393702355e-06,8.857421695e-01,-2.012156098e-08
pi-1.98,-1.980000000e+00,6.397226998e-06,8.862304508e-01,-2.018517772e-08
pi-1.98,-1.980000000e+00,6.400751641e-06,8.867187320e-01,-1.996908218e-08
pi-1.98,-1.980000000e+00,6.404276283e-06,8.872070132e-01,-2.010387332e-08
pi-1.98,-1.980000000e+00,6.407800926e-06,8.876952945e-01,-2.016307901e-08
pi-1.98,-1.980000000e+00,6.411325569e-06,8.881835757e-01,-2.002386515e-08
pi-1.98,-1.980000000e+00,6.414850212e-06,8.886718570e-01,-2.006295089e-08
pi-1.98,-1.980000000e+00,6.418374855e-06,8.891601382e-01,-2.015619904e-08
pi-1.98,-1.980000000e+00,6.421899498e-06,8.896484194e-01,-1.987739022e-08
pi-1.98,-1.980000000e+00,6.425424141e-06,8.901367007e-01,-2.017942577e-08
pi-1.98,-1.980000000e+00,6.428948784e-06,8.906249819e-01,-1.998506353e-08
pi-1.98,-1.980000000e+00,6.432473427e-06,8.911132632e-01,-2.019708968e-08
pi-1.98,-1.980000000e+00,6.435998070e-06,8.916015444e-01,-2.021225732e-08
pi-1.98,-1.980000000e+00,6.439522713e-06,8.920898256e-01,-2.008122650e-08
pi-1.98,-1.980000000e+00,6.443047356e-06,8.925781069e-01,-1.990293173e-08
pi-1.98,-1.980000000e+00,6.446571999e-06,8.930663881e-01,-2.020248267e-08
pi-1.98,-1.980000000e+00,6.450096642e-06,8.935546694e-01,-1.995140418e-08
pi-1.98,-1.980000000e+00,6.453621285e-06,8.940429506e-01,-2.027745079e-08
pi-1.98,-1.980000000e+00,6.457145928e-06,8.945312318e-01,-2.002236046e-08
pi-1.98,-1.980000000e+00,6.460670571e-06,8.950195131e-01,-2.021448196e-08
pi-1.98,-1.980000000e+00,6.464195214e-06,8.955077943e-01,-1.992337886e-08
pi-1.98,-1.980000000e+00,6.467719857e-06,8.959960756e-01,-2.027646483e-08
pi-1.98,-1.980000000e+00,6.471244500e-06,8.964843568e-01,-2.001507323e-08
pi-1.98,-1.980000000e+00,6.474769143e-06,8.969726380e-01,-1.998828057e-08
pi-1.98,-1.980000000e+00,6.478293786e-06,8.974609193e-01,-2.014671495e-08
pi-1.98,-1.980000000e+00,6.481818429e-06,8.979492005e-01,-2.003146386e-08
pi-1.98,-1.980000000e+00,6.485343072e-06,8.984374818e-01,-2.006480690e-08
pi-1.98,-1.980000000e+00,6.488867715e-06,8.989257630e-01,-2.020025601e-08
pi-1.98,-1.980000000e+00,6.492392358e-06,8.994140442e-01,-2.007113553e-08
pi-1.98,-1.980000000e+00,6.495917001e-06,8.999023255e-01,-1.990952114e-08
pi-1.98,-1.980000000e+00,6.499441644e-06,9.003906067e-01,-2.032941473e-08
pi-1.98,-1.980000000e+00,6.502966287e-06,9.008788880e-01,-1.992651340e-08
pi-1.98,-1.980000000e+00,6.506490930e-06,9.013671692e-01,-2.020083753e-08
pi-1.98,-1.980000000e+00,6.510015573e-06,9.018554504e-01,-2.021790222e-08
pi-1.98,-1.980000000e+00,6.513540216e-06,9.023437317e-01,-2.011999391e-08
pi-1.98,-1.980000000e+00,6.517064859e-06,9.028320129e-01,-1.995461317e-08
pi-1.98,-1.980000000e+00,6.520589502e-06,9.033202942e-01,-2.014361301e-08
pi-1.98,-1.980000000e+00,6.524114145e-06,9.038085754e-01,-2.017260375e-08
pi-1.98,-1.980000000e+00,6.527638788e-06,9.042968566e-01,-1.999589899e-08
pi-1.98,-1.980000000e+00,6.531163431e-06,9.047851379e-01,-1.989316875e-08
pi-1.98,-1.980000000e+00,6.534688074e-06,9.052734191e-01,-2.009975806e-08
pi-1.98,-1.980000000e+00,6.538212716e-06,9.057617004e-01,-2.019301467e-08
pi-1.98,-1.980000000e+00,6.541737359e-06,9.062499816e-01,-2.012690406e-08
pi-1.98,-1.980000000e+00,6.545262002e-06,9.067382628e-01,-2.013260933e-08
pi-1.98,-1.980000000e+00,6.548786645e-06,9.072265441e-01,-2.021039567e-08
pi-1.98,-1.980000000e+00,6.552311288e-06,9.077148253e-01,-1.975045092e-08
pi-1.98,-1.980000000e+00,6.555835931e-06,9.082031066e-01,-2.024970597e-08
pi-1.98,-1.980000000e+00,6.559360574e-06,9.086913878e-01,-2.011338358e-08
pi-1.98,-1.980000000e+00,6.562885217e-06,9.091796690e-01,-2.013478286e-08
pi-1.98,-1.980000000e+00,6.566409860e-06,9.096679503e-01,-1.994004878e-08
pi-1.98,-1.980000000e+00,6.569934503e-06,9.101562315e-01,-2.004083487e-08
pi-1.98,-1.980000000e+00,6.573459146e-06,9.106445128e-01,-2.024434437e-08
pi-1.98,-1.980000000e+00,6.576983789e-06,9.111327940e-01,-2.017729369e-08
pi-1.98,-1.980000000e+00,6.580508432e-06,9.116210753e-01,-2.002047829e-08
pi-1.98,-1.980000000e+00,6.584033075e-06,9.121093565e-01,-2.019248869e-08
pi-1.98,-1.980000000e+00,6.587557718e-06,9.125976377e-01,-2.008160197e-08
pi-1.98,-1.980000000e+00,6.591082361e-06,9.130859190e-01,-2.010517398e-08
pi-1.98,-1.980000000e+00,6.594607004e-06,9.135742002e-01,-1.998104646e-08
pi-1.98,-1.980000000e+00,6.598131647e-06,9.140624815e-01,-1.988716930e-08
pi-1.98,-1.980000000e+00,6.601656290e-06,9.145507627e-01,-2.019681321e-08
pi-1.98,-1.980000000e+00,6.605180933e-06,9.150390439e-01,-2.001222080e-08
pi-1.98,-1.980000000e+00,6.608705576e-06,9.155273252e-01,-2.036501621e-08
pi-1.98,-1.980000000e+00,6.612230219e-06,9.160156064e-01,-2.007083894e-08
pi-1.98,-1.980000000e+00,6.615754862e-06,9.165038877e-01,-1.983232194e-08
pi-1.98,-1.980000000e+00,6.619279505e-06,9.169921689e-01,-2.006761064e-08
pi-1.98,-1.980000000e+00,6.622804148e-06,9.174804501e-01,-2.029351826e-08
pi-1.98,-1.980000000e+00,6.626328791e-06,9.179687314e-01,-2.013573662e-08
pi-1.98,-1.980000000e+00,6.629853434e-06,9.184570126e-01,-2.005543428e-08
pi-1.98,-1.980000000e+00,6.633378077e-06,9.189452939e-01,-2.018364808e-08
pi-1.98,-1.980000000e+00,6.636902720e-06,9.194335751e-01,-1.986011546e-08
pi-1.98,-1.980000000e+00,6.640427363e-06,9.199218563e-01,-2.020502563e-08
pi-1.98,-1.980000000e+00,6.643952006e-06,9.204101376e-01,-2.002797639e-08
pi-1.98,-1.980000000e+00,6.647476649e-06,9.208984188e-01,-2.023336363e-08
pi-1.98,-1.980000000e+00,6.651001292e-06,9.213867001e-01,-1.980153837e-08
pi-1.98,-1.980000000e+00,6.654525935e-06,9.218749813e-01,-2.034014435e-08
pi-1.98,-1.980000000e+00,6.658050578e-06,9.223632625e-01,-1.995364290e-08
pi-1.98,-1.980000000e+00,6.661575221e-06,9.228515438e-01,-2.004873782e-08
pi-1.98,-1.980000000e+00,6.665099864e-06,9.233398250e-01,-2.009188731e-08
pi-1.98,-1.980000000e+00,6.668624507e-06,9.238281063e-01,-2.012619417e-08
pi-1.98,-1.980000000e+00,6.672149149e-06,9.243163875e-01,-2.019363039e-08
pi-1.98,-1.980000000e+00,6.675673792e-06,9.248046687e-01,-2.013258961e-08
pi-1.98,-1.980000000e+00,6.679198435e-06,9.252929500e-01,-1.998517098e-08
pi-1.98,-1.980000000e+00,6.682723078e-06,9.257812312e-01,-2.016497688e-08
pi-1.98,-1.980000000e+00,6.686247721e-06,9.262695125e-01,-1.997098729e-08
pi-1.98,-1.980000000e+00,6.689772364e-06,9.267577937e-01,-2.014924584e-08
pi-1.98,-1.980000000e+00,6.693297007e-06,9.272460749e-01,-1.995361433e-08
pi-1.98,-1.980000000e+00,6.696821650e-06,9.277343562e-01,-2.029607410e-08
pi-1.98,-1.980000000e+00,6.700346293e-06,9.282226374e-01,-1.993534476e-08
pi-1.98,-1.980000000e+00,6.703870936e-06,9.287109187e-01,-2.036055365e-08
pi-1.98,-1.980000000e+00,6.707395579e-06,9.291991999e-01,-1.999899128e-08
pi-1.98,-1.980000000e+00,6.710920222e-06,9.296874811e-01,-1.992659107e-08
pi-1.98,-1.980000000e+00,6.714444865e-06,9.301757624e-01,-2.030558556e-08
pi-1.98,-1.980000000e+00,6.717969508e-06,9.306640436e-01,-2.014330555e-08
pi-1.98,-1.980000000e+00,6.721494151e-06,9.311523249e-01,-2.002042195e-08
pi-1.98,-1.980000000e+00,6.725018794e-06,9.316406061e-01,-2.001253591e-08
pi-1.98,-1.980000000e+00,6.728543437e-06,9.321288873e-01,-1.987549679e-08
pi-1.98,-1.980000000e+00,6.732068080e-06,9.326171686e-01,-2.034547133e-08
pi-1.98,-1.980000000e+00,6.735592723e-06,9.331054498e-01,-2.018544212e-08
pi-1.98,-1.980000000e+00,6.739117366e-06,9.335937311e-01,-1.996907051e-08
pi-1.98,-1.980000000e+00,6.742642009e-06,9.340820123e-01,-2.010707909e-08
pi-1.98,-1.980000000e+00,6.746166652e-06,9.345702935e-01,-2.001573322e-08
pi-1.98,-1.980000000e+00,6.749691295e-06,9.350585748e-01,-2.002735463e-08
pi-1.98,-1.980000000e+00,6.753215938e-06,9.355468560e-01,-2.029951851e-08
pi-1.98,-1.980000000e+00,6.756740581e-06,9.360351373e-01,-1.983868237e-08
pi-1.98,-1.980000000e+00,6.760265224e-06,9.365234185e-01,-2.012813228e-08
pi-1.98,-1.980000000e+00,6.763789867e-06,9.370116997e-01,-2.017352411e-08
pi-1.98,-1.980000000e+00,6.767314510e-06,9.374999810e-01,-2.013070261e-08
pi-1.98,-1.980000000e+00,6.770839153e-06,9.379882622e-01,-2.000024163e-08
pi-1.98,-1.980000000e+00,6.774363796e-06,9.384765435e-01,-2.019143432e-08
pi-1.98,-1.980000000e+00,6.777888439e-06,9.389648247e-01,-2.019617898e-08
pi-1.98,-1.980000000e+00,6.781413082e-06,9.394531059e-01,-1.993761044e-08
pi-1.98,-1.980000000e+00,6.784937725e-06,9.399413872e-01,-2.005510831e-08
pi-1.98,-1.980000000e+00,6.788462368e-06,9.404296684e-01,-2.006355775e-08
pi-1.98,-1.980000000e+00,6.791987011e-06,9.409179497e-01,-2.011619174e-08
pi-1.98,-1.980000000e+00,6.795511654e-06,9.414062309e-01,-2.003398831e-08
pi-1.98,-1.980000000e+00,6.799036297e-06,9.418945121e-01,-2.007304990e-08
pi-1.98,-1.980000000e+00,6.802560940e-06,9.423827934e-01,-2.012883130e-08
pi-1.98,-1.980000000e+00,6.806085582e-06,9.428710746e-01,-2.020058641e-08
pi-1.98,-1.980000000e+00,6.809610225e-06,9.433593559e-01,-1.995732676e-08
pi-1.98,-1.980000000e+00,6.813134868e-06,9.438476371e-01,-2.021406222e-08
pi-1.98,-1.980000000e+00,6.816659511e-06,9.443359183e-01,-2.004912053e-08
pi-1.98,-1.980000000e+00,6.820184154e-06,9.448241996e-01,-1.994358896e-08
pi-1.98,-1.980000000e+00,6.823708797e-06,9.453124808e-01,-2.015514266e-08
pi-1.98,-1.980000000e+00,6.827233440e-06,9.458007621e-01,-2.009431920e-08
pi-1.98,-1.980000000e+00,6.830758083e-06,9.462890433e-01,-2.024184004e-08
pi-1.98,-1.980000000e+00,6.834282726e-06,9.467773245e-01,-2.007965339e-08
pi-1.98,-1.980000000e+00,6.837807369e-06,9.472656058e-01,-2.012531124e-08
pi-1.98,-1.980000000e+00,6.841332012e-06,9.477538870e-01,-2.000842628e-08
pi-1.98,-1.980000000e+00,6.844856655e-06,9.482421683e-01,-1.991421309e-08
pi-1.98,-1.980000000e+00,6.848381298e-06,9.487304495e-01,-2.013599377e-08
pi-1.98,-1.980000000e+00,6.851905941e-06,9.492187307e-01,-2.026640485e-08
pi-1.98,-1.980000000e+00,6.855430584e-06,9.497070120e-01,-2.004626246e-08
pi-1.98,-1.980000000e+00,6.858955227e-06,9.501952932e-01,-1.995272979e-08
pi-1.98,-1.980000000e+00,6.862479870e-06,9.506835745e-01,-2.039083942e-08
pi-1.98,-1.980000000e+00,6.866004513e-06,9.511718557e-01,-1.995609814e-08
pi-1.98,-1.980000000e+00,6.869529156e-06,9.516601369e-01,-2.012502390e-08
pi-1.98,-1.980000000e+00,6.873053799e-06,9.521484182e-01,-2.018363721e-08
pi-1.98,-1.980000000e+00,6.876578442e-06,9.526366994e-01,-1.977440725e-08
pi-1.98,-1.980000000e+00,6.880103085e-06,9.531249807e-01,-2.039587786e-08
pi-1.98,-1.980000000e+00,6.883627728e-06,9.536132619e-01,-2.009726942e-08
pi-1.98,-1.980000000e+00,6.887152371e-06,9.541015431e-01,-1.982736037e-08
pi-1.98,-1.980000000e+00,6.890677014e-06,9.545898244e-01,-2.032376177e-08
pi-1.98,-1.980000000e+00,6.894201657e-06,9.550781056e-01,-1.984741674e-08
pi-1.98,-1.980000000e+00,6.897726300e-06,9.555663869e-01,-2.020773963e-08
pi-1.98,-1.980000000e+00,6.901250943e-06,9.560546681e-01,-2.013885868e-08
pi-1.98,-1.980000000e+00,6.904775586e-06,9.565429493e-01,-2.011276584e-08
pi-1.98,-1.980000000e+00,6.908300229e-06,9.570312306e-01,-2.006047432e-08
pi-1.98,-1.980000000e+00,6.911824872e-06,9.575195118e-01,-2.018799273e-08
pi-1.98,-1.980000000e+00,6.915349515e-06,9.580077931e-01,-2.002512597e-08
pi-1.98,-1.980000000e+00,6.918874158e-06,9.584960743e-01,-1.984533013e-08
pi-1.98,-1.980000000e+00,6.922398801e-06,9.589843555e-01,-2.038392243e-08
pi-1.98,-1.980000000e+00,6.925923444e-06,9.594726368e-01,-1.976748262e-08
pi-1.98,-1.980000000e+00,6.929448087e-06,9.599609180e-01,-2.047399621e-08
pi-1.98,-1.980000000e+00,6.932972730e-06,9.604491993e-01,-1.982725131e-08
pi-1.98,-1.980000000e+00,6.936497373e-06,9.609374805e-01,-2.016899475e-08
pi-1.98,-1.980000000e+00,6.940022016e-06,9.614257617e-01,-2.009469306e-08
pi-1.98,-1.980000000e+00,6.943546658e-06,9.619140430e-01,-2.007303380e-08
pi-1.98,-1.980000000e+00,6.947071301e-06,9.624023242e-01,-2.016914928e-08
pi-1.98,-1.980000000e+00,6.950595944e-06,9.628906055e-01,-2.004915715e-08
pi-1.98,-1.980000000e+00,6.954120587e-06,9.633788867e-01,-2.017988615e-08
pi-1.98,-1.980000000e+00,6.957645230e-06,9.638671679e-01,-1.989196749e-08
pi-1.98,-1.980000000e+00,6.961169873e-06,9.643554492e-01,-2.032002641e-08
pi-1.98,-1.980000000e+00,6.964694516e-06,9.648437304e-01,-1.979174520e-08
pi-1.98,-1.980000000e+00,6.968219159e-06,9.653320117e-01,-2.004499400e-08
pi-1.98,-1.980000000e+00,6.971743802e-06,9.658202929e-01,-2.027020783e-08
pi-1.98,-1.980000000e+00,6.975268445e-06,9.663085741e-01,-1.993915699e-08
pi-1.98,-1.980000000e+00,6.978793088e-06,9.667968554e-01,-2.044219851e-08
pi-1.98,-1.980000000e+00,6.982317731e-06,9.672851366e-01,-1.984868359e-08
pi-1.98,-1.980000000e+00,6.985842374e-06,9.677734179e-01,-2.008869804e-08
pi-1.98,-1.980000000e+00,6.989367017e-06,9.682616991e-01,-2.015776853e-08
pi-1.98,-1.980000000e+00,6.992891660e-06,9.687499803e-01,-2.018305047e-08
pi-1.98,-1.980000000e+00,6.996416303e-06,9.692382616e-01,-1.982831735e-08
pi-1.98,-1.980000000e+00,6.999940946e-06,9.697265428e-01,-2.016208742e-08
pi-1.98,-1.980000000e+00,7.003465589e-06,9.702148241e-01,-2.017974409e-08
pi-1.98,-1.980000000e+00,7.006990232e-06,9.707031053e-01,-2.006929964e-08
pi-1.98,-1.980000000e+00,7.010514875e-06,9.711913865e-01,-2.022679998e-08
pi-1.98,-1.980000000e+00,7.014039518e-06,9.716796678e-01,-1.985888281e-08
pi-1.98,-1.980000000e+00,7.017564161e-06,9.721679490e-01,-2.027940057e-08
pi-1.98,-1.980000000e+00,7.021088804e-06,9.726562303e-01,-2.002448650e-08
pi-1.98,-1.980000000e+00,7.024613447e-06,9.731445115e-01,-2.016151436e-08
pi-1.98,-1.980000000e+00,7.028138090e-06,9.736327927e-01,-1.986865183e-08
pi-1.98,-1.980000000e+00,7.031662733e-06,9.741210740e-01,-2.015089701e-08
pi-1.98,-1.980000000e+00,7.035187376e-06,9.746093552e-01,-2.006232994e-08
pi-1.98,-1.980000000e+00,7.038712019e-06,9.750976365e-01,-2.027457662e-08
pi-1.98,-1.980000000e+00,7.042236662e-06,9.755859177e-01,-1.990160975e-08
pi-1.98,-1.980000000e+00,7.045761305e-06,9.760741989e-01,-2.034541660e-08
pi-1.98,-1.980000000e+00,7.049285948e-06,9.765624802e-01,-1.992778991e-08
pi-1.98,-1.980000000e+00,7.052810591e-06,9.770507614e-01,-2.017066202e-08
pi-1.98,-1.980000000e+00,7.056335234e-06,9.775390427e-01,-2.000554447e-08
pi-1.98,-1.980000000e+00,7.059859877e-06,9.780273239e-01,-2.016556563e-08
pi-1.98,-1.980000000e+00,7.063384520e-06,9.785156051e-01,-2.009512688e-08
pi-1.98,-1.980000000e+00,7.066909163e-06,9.790038864e-01,-1.991209147e-08
pi-1.98,-1.980000000e+00,7.070433806e-06,9.794921676e-01,-2.016963582e-08
pi-1.98,-1.980000000e+00,7.073958449e-06,9.799804489e-01,-1.997911439e-08
pi-1.98,-1.980000000e+00,7.077483091e-06,9.804687301e-01,-2.018457447e-08
pi-1.98,-1.980000000e+00,7.081007734e-06,9.809570113e-01,-2.005638522e-08
pi-1.98,-1.980000000e+00,7.084532377e-06,9.814452926e-01,-2.004400281e-08
pi-1.98,-1.980000000e+00,7.088057020e-06,9.819335738e-01,-2.009242978e-08
pi-1.98,-1.980000000e+00,7.091581663e-06,9.824218551e-01,-2.037189416e-08
pi-1.98,-1.980000000e+00,7.095106306e-06,9.829101363e-01,-1.992997753e-08
pi-1.98,-1.980000000e+00,7.098630949e-06,9.833984175e-01,-2.005568258e-08
pi-1.98,-1.980000000e+00,7.102155592e-06,9.838866988e-01,-1.996468844e-08
pi-1.98,-1.980000000e+00,7.105680235e-06,9.843749800e-01,-2.021764105e-08
pi-1.98,-1.980000000e+00,7.109204878e-06,9.848632613e-01,-1.997294069e-08
pi-1.98,-1.980000000e+00,7.112729521e-06,9.853515425e-01,-2.029413076e-08
pi-1.98,-1.980000000e+00,7.116254164e-06,9.858398237e-01,-2.006254846e-08
pi-1.98,-1.980000000e+00,7.119778807e-06,9.863281050e-01,-2.017227577e-08
pi-1.98,-1.980000000e+00,7.123303450e-06,9.868163862e-01,-2.005760258e-08
pi-1.98,-1.980000000e+00,7.126828093e-06,9.873046675e-01,-1.983834232e-08
pi-1.98,-1.980000000e+00,7.130352736e-06,9.877929487e-01,-2.023086695e-08
pi-1.98,-1.980000000e+00,7.133877379e-06,9.882812299e-01,-2.006257622e-08
pi-1.98,-1.980000000e+00,7.137402022e-06,9.887695112e-01,-2.006193837e-08
pi-1.98,-1.980000000e+00,7.140926665e-06,9.892577924e-01,-2.005227318e-08
pi-1.98,-1.980000000e+00,7.144451308e-06,9.897460737e-01,-2.008689756e-08
pi-1.98,-1.980000000e+00,7.147975951e-06,9.902343549e-01,-2.005946221e-08
pi-1.98,-1.980000000e+00,7.151500594e-06,9.907226361e-01,-2.023488080e-08
pi-1.98,-1.980000000e+00,7.155025237e-06,9.912109174e-01,-2.011765337e-08
pi-1.98,-1.980000000e+00,7.158549880e-06,9.916991986e-01,-2.025564344e-08
pi-1.98,-1.980000000e+00,7.162074523e-06,9.921874799e-01,-1.992243798e-08
pi-1.98,-1.980000000e+00,7.165599166e-06,9.926757611e-01,-1.994704464e-08
pi-1.98,-1.980000000e+00,7.169123809e-06,9.931640423e-01,-2.032969844e-08
pi-1.98,-1.980000000e+00,7.172648452e-06,9.936523236e-01,-2.000873293e-08
pi-1.98,-1.980000000e+00,7.176173095e-06,9.941406048e-01,-2.025033979e-08
pi-1.98,-1.980000000e+00,7.179697738e-06,9.946288861e-01,-1.989120770e-08
pi-1.98,-1.980000000e+00,7.183222381e-06,9.951171673e-01,-2.009476670e-08
pi-1.98,-1.980000000e+00,7.186747024e-06,9.956054485e-01,-1.995116634e-08
pi-1.98,-1.980000000e+00,7.190271667e-06,9.960937298e-01,-2.042013239e-08
pi-1.98,-1.980000000e+00,7.193796310e-06,9.965820110e-01,-1.986699583e-08
pi-1.98,-1.980000000e+00,7.197320953e-06,9.970702923e-01,-2.007775150e-08
pi-1.98,-1.980000000e+00,7.200845596e-06,9.975585735e-01,-2.008976569e-08
pi-1.98,-1.980000000e+00,7.204370239e-06,9.980468547e-01,-2.028911807e-08
pi-1.98,-1.980000000e+00,7.207894882e-06,9.985351360e-01,-1.995333062e-08
pi-1.98,-1.980000000e+00,7.211419524e-06,9.990234172e-01,-1.995176596e-08
pi-1.98,-1.980000000e+00,7.214944167e-06,9.995116985e-01,-2.023586837e-08
pi-1.98,-1.980000000e+00,7.218468810e-06,9.999999797e-01,-2.023588285e-08
pi-1.50,-1.500000000e+00,0.000000000e+00,0.000000000e+00,-1.423089157e-08
pi-1.50,-1.500000000e+00,5.521237336e-09,9.765624721e-04,-1.912811911e-08
pi-1.50,-1.500000000e+00,1.104247467e-08,1.953124944e-03,-2.109521329e-08
pi-1.50,-1.500000000e+00,1.656371201e-08,2.929687416e-03,-2.146703746e-08
pi-1.50,-1.500000000e+00,2.208494934e-08,3.906249888e-03,-2.137134171e-08
pi-1.50,-1.500000000e+00,2.760618668e-08,4.882812360e-03,-2.139362534e-08
pi-1.50,-1.500000000e+00,3.312742401e-08,5.859374833e-03,-2.144978583e-08
pi-1.50,-1.500000000e+00,3.864866135e-08,6.835937305e-03,-2.142783401e-08
pi-1.50,-1.500000000e+00,4.416989868e-08,7.812499777e-03,-2.140477732e-08
pi-1.50,-1.500000000e+00,4.969113602e-08,8.789062249e-03,-2.146034463e-08
pi-1.50,-1.500000000e+00,5.521237336e-08,9.765624721e-03,-2.138368026e-08
pi-1.50,-1.500000000e+00,6.073361069e-08,1.074218719e-02,-2.152505658e-08
pi-1.50,-1.500000000e+00,6.625484803e-08,1.171874967e-02,-2.132039552e-08
pi-1.50,-1.500000000e+00,7.177608536e-08,1.269531214e-02,-2.153407869e-08
pi-1.50,-1.500000000e+00,7.729732270e-08,1.367187461e-02,-2.140054857e-08
pi-1.50,-1.500000000e+00,8.281856003e-08,1.464843708e-02,-2.139377323e-08
pi-1.50,-1.500000000e+00,8.833979737e-08,1.562499955e-02,-2.144628851e-08
pi-1.50,-1.500000000e+00,9.386103470e-08,1.660156203e-02,-2.148425025e-08
pi-1.50,-1.500000000e+00,9.938227204e-08,1.757812450e-02,-2.135758319e-08
pi-1.50,-1.500000000e+00,1.049035094e-07,1.855468697e-02,-2.147968004e-08
pi-1.50,-1.500000000e+00,1.104247467e-07,1.953124944e-02,-2.142920832e-08
pi-1.50,-1.500000000e+00,1.159459840e-07,2.050781191e-02,-2.147515068e-08
pi-1.50,-1.500000000e+00,1.214672214e-07,2.148437439e-02,-2.140138844e-08
pi-1.50,-1.500000000e+00,1.269884587e-07,2.246093686e-02,-2.140793861e-08
pi-1.50,-1.500000000e+00,1.325096961e-07,2.343749933e-02,-2.141967391e-08
pi-1.50,-1.500000000e+00,1.380309334e-07,2.441406180e-02,-2.149888406e-08
pi-1.50,-1.500000000e+00,1.435521707e-07,2.539062427e-02,-2.142691949e-08
pi-1.50,-1.500000000e+00,1.490734081e-07,2.636718675e-02,-2.140096529e-08
pi-1.50,-1.500000000e+00,1.545946454e-07,2.734374922e-02,-2.141383443e-08
pi-1.50,-1.500000000e+00,1.601158827e-07,2.832031169e-02,-2.145664729e-08
pi-1.50,-1.500000000e+00,1.656371201e-07,2.929687416e-02,-2.144953371e-08
pi-1.50,-1.500000000e+00,1.711583574e-07,3.027343663e-02,-2.145117301e-08
pi-1.50,-1.500000000e+00,1.766795947e-07,3.124999911e-02,-2.137986300e-08
pi-1.50,-1.500000000e+00,1.822008321e-07,3.222656158e-02,-2.150457142e-08
pi-1.50,-1.500000000e+00,1.877220694e-07,3.320312405e-02,-2.139646812e-08
pi-1.50,-1.500000000e+00,1.932433067e-07,3.417968652e-02,-2.138920504e-08
pi-1.50,-1.500000000e+00,1.987645441e-07,3.515624900e-02,-2.147317252e-08
pi-1.50,-1.500000000e+00,2.042857814e-07,3.613281147e-02,-2.142690882e-08
pi-1.50,-1.500000000e+00,2.098070188e-07,3.710937394e-02,-2.144536734e-08
pi-1.50,-1.500000000e+00,2.153282561e-07,3.808593641e-02,-2.144614725e-08
pi-1.50,-1.500000000e+00,2.208494934e-07,3.906249888e-02,-2.141488921e-08
pi-1.50,-1.500000000e+00,2.263707308e-07,4.003906136e-02,-2.140762130e-08
pi-1.50,-1.500000000e+00,2.318919681e-07,4.101562383e-02,-2.148019676e-08
pi-1.50,-1.500000000e+00,2.374132054e-07,4.199218630e-02,-2.140904510e-08
pi-1.50,-1.500000000e+00,2.429344428e-07,4.296874877e-02,-2.145676560e-08
pi-1.50,-1.500000000e+00,2.484556801e-07,4.394531124e-02,-2.139995377e-08
pi-1.50,-1.500000000e+00,2.539769174e-07,4.492187372e-02,-2.150104592e-08
pi-1.50,-1.500000000e+00,2.594981548e-07,4.589843619e-02,-2.139620171e-08
pi-1.50,-1.500000000e+00,2.650193921e-07,4.687499866e-02,-2.141562384e-08
pi-1.50,-1.500000000e+00,2.705406294e-07,4.785156113e-02,-2.140478134e-08
pi-1.50,-1.500000000e+00,2.760618668e-07,4.882812360e-02,-2.148528470e-08
pi-1.50,-1.500000000e+00,2.815831041e-07,4.980468608e-02,-2.143206538e-08
pi-1.50,-1.500000000e+00,2.871043415e-07,5.078124855e-02,-2.143410289e-08
pi-1.50,-1.500000000e+00,2.926255788e-07,5.175781102e-02,-2.140407890e-08
pi-1.50,-1.500000000e+00,2.981468161e-07,5.273437349e-02,-2.146322221e-08
pi-1.50,-1.500000000e+00,3.036680535e-07,5.371093597e-02,-2.145366567e-08
pi-1.50,-1.500000000e+00,3.091892908e-07,5.468749844e-02,-2.135521207e-08
pi-1.50,-1.500000000e+00,3.147105281e-07,5.566406091e-02,-2.149579902e-08
pi-1.50,-1.500000000e+00,3.202317655e-07,5.664062338e-02,-2.144076654e-08
pi-1.50,-1.500000000e+00,3.257530028e-07,5.761718585e-02,-2.137545295e-08
pi-1.50,-1.500000000e+00,3.312742401e-07,5.859374833e-02,-2.148839851e-08
pi-1.50,-1.500000000e+00,3.367954775e-07,5.957031080e-02,-2.141291045e-08
pi-1.50,-1.500000000e+00,3.423167148e-07,6.054687327e-02,-2.147284273e-08
pi-1.50,-1.500000000e+00,3.478379521e-07,6.152343574e-02,-2.137015132e-08
pi-1.50,-1.500000000e+00,3.533591895e-07,6.249999821e-02,-2.149826271e-08
pi-1.50,-1.500000000e+00,3.588804268e-07,6.347656069e-02,-2.141919824e-08
pi-1.50,-1.500000000e+00,3.644016641e-07,6.445312316e-02,-2.138743836e-08
pi-1.50,-1.500000000e+00,3.699229015e-07,6.542968563e-02,-2.144893771e-08
pi-1.50,-1.500000000e+00,3.754441388e-07,6.640624810e-02,-2.144268594e-08
pi-1.50,-1.500000000e+00,3.809653762e-07,6.738281057e-02,-2.148294798e-08
pi-1.50,-1.500000000e+00,3.864866135e-07,6.835937305e-02,-2.133707952e-08
pi-1.50,-1.500000000e+00,3.920078508e-07,6.933593552e-02,-2.153548841e-08
pi-1.50,-1.500000000e+00,3.975290882e-07,7.031249799e-02,-2.136120145e-08
pi-1.50,-1.500000000e+00,4.030503255e-07,7.128906046e-02,-2.148094146e-08
pi-1.50,-1.500000000e+00,4.085715628e-07,7.226562293e-02,-2.138429417e-08
pi-1.50,-1.500000000e+00,4.140928002e-07,7.324218541e-02,-2.146164911e-08
pi-1.50,-1.500000000e+00,4.196140375e-07,7.421874788e-02,-2.147953818e-08
pi-1.50,-1.500000000e+00,4.251352748e-07,7.519531035e-02,-2.133950799e-08
pi-1.50,-1.500000000e+00,4.306565122e-07,7.617187282e-02,-2.150252546e-08
pi-1.50,-1.500000000e+00,4.361777495e-07,7.714843530e-02,-2.145549030e-08
pi-1.50,-1.500000000e+00,4.416989868e-07,7.812499777e-02,-2.137777599e-08
pi-1.50,-1.500000000e+00,4.472202242e-07,7.910156024e-02,-2.145009571e-08
pi-1.50,-1.500000000e+00,4.527414615e-07,8.007812271e-02,-2.143599532e-08
pi-1.50,-1.500000000e+00,4.582626989e-07,8.105468518e-02,-2.144553837e-08
pi-1.50,-1.500000000e+00,4.637839362e-07,8.203124766e-02,-2.138010949e-08
pi-1.50,-1.500000000e+00,4.693051735e-07,8.300781013e-02,-2.148808039e-08
pi-1.50,-1.500000000e+00,4.748264109e-07,8.398437260e-02,-2.139305751e-08
pi-1.50,-1.500000000e+00,4.803476482e-07,8.496093507e-02,-2.147992371e-08
pi-1.50,-1.500000000e+00,4.858688855e-07,8.593749754e-02,-2.144326665e-08
pi-1.50,-1.500000000e+00,4.913901229e-07,8.691406002e-02,-2.138822129e-08
pi-1.50,-1.500000000e+00,4.969113602e-07,8.789062249e-02,-2.142382882e-08
pi-1.50,-1.500000000e+00,5.024325975e-07,8.886718496e-02,-2.151746391e-08
pi-1.50,-1.500000000e+00,5.079538349e-07,8.984374743e-02,-2.136236669e-08
pi-1.50,-1.500000000e+00,5.134750722e-07,9.082030990e-02,-2.147866551e-08
pi-1.50,-1.500000000e+00,5.189963095e-07,9.179687238e-02,-2.134843009e-08
pi-1.50,-1.500000000e+00,5.245175469e-07,9.277343485e-02,-2.149493500e-08
pi-1.50,-1.500000000e+00,5.300387842e-07,9.374999732e-02,-2.146928866e-08
pi-1.50,-1.500000000e+00,5.355600216e-07,9.472655979e-02,-2.137305044e-08
pi-1.50,-1.500000000e+00,5.410812589e-07,9.570312226e-02,-2.145463755e-08
pi-1.50,-1.500000000e+00,5.466024962e-07,9.667968474e-02,-2.146767189e-08
pi-1.50,-1.500000000e+00,5.521237336e-07,9.765624721e-02,-2.137872009e-08
pi-1.50,-1.500000000e+00,5.576449709e-07,9.863280968e-02,-2.150015796e-08
pi-1.50,-1.500000000e+00,5.631662082e-07,9.960937215e-02,-2.138188662e-08
pi-1.50,-1.500000000e+00,5.686874456e-07,1.005859346e-01,-2.140084898e-08
pi-1.50,-1.500000000e+00,5.742086829e-07,1.015624971e-01,-2.152129345e-08
pi-1.50,-1.500000000e+00,5.797299202e-07,1.025390596e-01,-2.136513743e-08
pi-1.50,-1.500000000e+00,5.852511576e-07,1.035156220e-01,-2.144384052e-08
pi-1.50,-1.500000000e+00,5.907723949e-07,1.044921845e-01,-2.151596506e-08
pi-1.50,-1.500000000e+00,5.962936322e-07,1.054687470e-01,-2.133445989e-08
pi-1.50,-1.500000000e+00,6.018148696e-07,1.064453095e-01,-2.148849369e-08
pi-1.50,-1.500000000e+00,6.073361069e-07,1.074218719e-01,-2.137970645e-08
pi-1.50,-1.500000000e+00,6.128573442e-07,1.083984344e-01,-2.146215798e-08
pi-1.50,-1.500000000e+00,6.183785816e-07,1.093749969e-01,-2.148126602e-08
pi-1.50,-1.500000000e+00,6.238998189e-07,1.103515593e-01,-2.140592606e-08
pi-1.50,-1.500000000e+00,6.294210563e-07,1.113281218e-01,-2.139500950e-08
pi-1.50,-1.500000000e+00,6.349422936e-07,1.123046843e-01,-2.148743630e-08
pi-1.50,-1.500000000e+00,6.404635309e-07,1.132812468e-01,-2.136008813e-08
pi-1.50,-1.500000000e+00,6.459847683e-07,1.142578092e-01,-2.152828006e-08
pi-1.50,-1.500000000e+00,6.515060056e-07,1.152343717e-01,-2.139535258e-08
pi-1.50,-1.500000000e+00,6.570272429e-07,1.162109342e-01,-2.140747381e-08
pi-1.50,-1.500000000e+00,6.625484803e-07,1.171874967e-01,-2.145378178e-08
pi-1.50,-1.500000000e+00,6.680697176e-07,1.181640591e-01,-2.141859520e-08
pi-1.50,-1.500000000e+00,6.735909549e-07,1.191406216e-01,-2.147291054e-08
pi-1.50,-1.500000000e+00,6.791121923e-07,1.201171841e-01,-2.136382993e-08
pi-1.50,-1.500000000e+00,6.846334296e-07,1.210937465e-01,-2.153330662e-08
pi-1.50,-1.500000000e+00,6.901546669e-07,1.220703090e-01,-2.131287851e-08
pi-1.50,-1.500000000e+00,6.956759043e-07,1.230468715e-01,-2.156175791e-08
pi-1.50,-1.500000000e+00,7.011971416e-07,1.240234340e-01,-2.133674490e-08
pi-1.50,-1.500000000e+00,7.067183790e-07,1.249999964e-01,-2.148837698e-08
pi-1.50,-1.500000000e+00,7.122396163e-07,1.259765589e-01,-2.142429564e-08
pi-1.50,-1.500000000e+00,7.177608536e-07,1.269531214e-01,-2.144150400e-08
pi-1.50,-1.500000000e+00,7.232820910e-07,1.279296838e-01,-2.142452683e-08
pi-1.50,-1.500000000e+00,7.288033283e-07,1.289062463e-01,-2.139920465e-08
pi-1.50,-1.500000000e+00,7.343245656e-07,1.298828088e-01,-2.145673301e-08
pi-1.50,-1.500000000e+00,7.398458030e-07,1.308593713e-01,-2.141521437e-08
pi-1.50,-1.500000000e+00,7.453670403e-07,1.318359337e-01,-2.150116222e-08
pi-1.50,-1.500000000e+00,7.508882776e-07,1.328124962e-01,-2.138985054e-08
pi-1.50,-1.500000000e+00,7.564095150e-07,1.337890587e-01,-2.145261332e-08
pi-1.50,-1.500000000e+00,7.619307523e-07,1.347656211e-01,-2.142976991e-08
pi-1.50,-1.500000000e+00,7.674519896e-07,1.357421836e-01,-2.141570413e-08
pi-1.50,-1.500000000e+00,7.729732270e-07,1.367187461e-01,-2.142787647e-08
pi-1.50,-1.500000000e+00,7.784944643e-07,1.376953086e-01,-2.142025120e-08
pi-1.50,-1.500000000e+00,7.840157017e-07,1.386718710e-01,-2.147652176e-08
pi-1.50,-1.500000000e+00,7.895369390e-07,1.396484335e-01,-2.141585303e-08
pi-1.50,-1.500000000e+00,7.950581763e-07,1.406249960e-01,-2.146105592e-08
pi-1.50,-1.500000000e+00,8.005794137e-07,1.416015585e-01,-2.142273098e-08
pi-1.50,-1.500000000e+00,8.061006510e-07,1.425781209e-01,-2.139089183e-08
pi-1.50,-1.500000000e+00,8.116218883e-07,1.435546834e-01,-2.145160362e-08
pi-1.50,-1.500000000e+00,8.171431257e-07,1.445312459e-01,-2.148351420e-08
pi-1.50,-1.500000000e+00,8.226643630e-07,1.455078083e-01,-2.136850699e-08
pi-1.50,-1.500000000e+00,8.281856003e-07,1.464843708e-01,-2.146715155e-08
pi-1.50,-1.500000000e+00,8.337068377e-07,1.474609333e-01,-2.145041383e-08
pi-1.50,-1.500000000e+00,8.392280750e-07,1.484374958e-01,-2.140601721e-08
pi-1.50,-1.500000000e+00,8.447493123e-07,1.494140582e-01,-2.141539728e-08
pi-1.50,-1.500000000e+00,8.502705497e-07,1.503906207e-01,-2.149973037e-08
pi-1.50,-1.500000000e+00,8.557917870e-07,1.513671832e-01,-2.139251000e-08
pi-1.50,-1.500000000e+00,8.613130244e-07,1.523437456e-01,-2.145606577e-08
pi-1.50,-1.500000000e+00,8.668342617e-07,1.533203081e-01,-2.136134633e-08
pi-1.50,-1.500000000e+00,8.723554990e-07,1.542968706e-01,-2.153703797e-08
pi-1.50,-1.500000000e+00,8.778767364e-07,1.552734331e-01,-2.137316453e-08
pi-1.50,-1.500000000e+00,8.833979737e-07,1.562499955e-01,-2.143695975e-08
pi-1.50,-1.500000000e+00,8.889192110e-07,1.572265580e-01,-2.139613812e-08
pi-1.50,-1.500000000e+00,8.944404484e-07,1.582031205e-01,-2.154226796e-08
pi-1.50,-1.500000000e+00,8.999616857e-07,1.591796830e-01,-2.133037059e-08
pi-1.50,-1.500000000e+00,9.054829230e-07,1.601562454e-01,-2.146878944e-08
pi-1.50,-1.500000000e+00,9.110041604e-07,1.611328079e-01,-2.148183385e-08
pi-1.50,-1.500000000e+00,9.165253977e-07,1.621093704e-01,-2.138337039e-08
pi-1.50,-1.500000000e+00,9.220466350e-07,1.630859328e-01,-2.146076899e-08
pi-1.50,-1.500000000e+00,9.275678724e-07,1.640624953e-01,-2.137672826e-08
pi-1.50,-1.500000000e+00,9.330891097e-07,1.650390578e-01,-2.149376936e-08
pi-1.50,-1.500000000e+00,9.386103470e-07,1.660156203e-01,-2.139784946e-08
pi-1.50,-1.500000000e+00,9.441315844e-07,1.669921827e-01,-2.145281936e-08
pi-1.50,-1.500000000e+00,9.496528217e-07,1.679687452e-01,-2.145799744e-08
pi-1.50,-1.500000000e+00,9.551740591e-07,1.689453077e-01,-2.142030372e-08
pi-1.50,-1.500000000e+00,9.606952964e-07,1.699218701e-01,-2.142050976e-08
pi-1.50,-1.500000000e+00,9.662165337e-07,1.708984326e-01,-2.146022953e-08
pi-1.50,-1.500000000e+00,9.717377711e-07,1.718749951e-01,-2.135683165e-08
pi-1.50,-1.500000000e+00,9.772590084e-07,1.728515576e-01,-2.151129524e-08
pi-1.50,-1.500000000e+00,9.827802457e-07,1.738281200e-01,-2.139692045e-08
pi-1.50,-1.500000000e+00,9.883014831e-07,1.748046825e-01,-2.148695137e-08
pi-1.50,-1.500000000e+00,9.938227204e-07,1.757812450e-01,-2.139184478e-08
pi-1.50,-1.500000000e+00,9.993439577e-07,1.767578074e-01,-2.144659033e-08
pi-1.50,-1.500000000e+00,1.004865195e-06,1.777343699e-01,-2.138820157e-08
pi-1.50,-1.500000000e+00,1.010386432e-06,1.787109324e-01,-2.150837178e-08
pi-1.50,-1.500000000e+00,1.015907670e-06,1.796874949e-01,-2.137989237e-08
pi-1.50,-1.500000000e+00,1.021428907e-06,1.806640573e-01,-2.143056109e-08
pi-1.50,-1.500000000e+00,1.026950144e-06,1.816406198e-01,-2.146537824e-08
pi-1.50,-1.500000000e+00,1.032471382e-06,1.826171823e-01,-2.139898754e-08
pi-1.50,-1.500000000e+00,1.037992619e-06,1.835937448e-01,-2.146860674e-08
pi-1.50,-1.500000000e+00,1.043513856e-06,1.845703072e-01,-2.145122936e-08
pi-1.50,-1.500000000e+00,1.049035094e-06,1.855468697e-01,-2.135563784e-08
pi-1.50,-1.500000000e+00,1.054556331e-06,1.865234322e-01,-2.152872937e-08
pi-1.50,-1.500000000e+00,1.060077568e-06,1.874999946e-01,-2.136155881e-08
pi-1.50,-1.500000000e+00,1.065598806e-06,1.884765571e-01,-2.146318056e-08
pi-1.50,-1.500000000e+00,1.071120043e-06,1.894531196e-01,-2.143020011e-08
pi-1.50,-1.500000000e+00,1.076641280e-06,1.904296821e-01,-2.146478304e-08
pi-1.50,-1.500000000e+00,1.082162518e-06,1.914062445e-01,-2.143704164e-08
pi-1.50,-1.500000000e+00,1.087683755e-06,1.923828070e-01,-2.134248940e-08
pi-1.50,-1.500000000e+00,1.093204992e-06,1.933593695e-01,-2.153096749e-08
pi-1.50,-1.500000000e+00,1.098726230e-06,1.943359319e-01,-2.137488915e-08
pi-1.50,-1.500000000e+00,1.104247467e-06,1.953124944e-01,-2.143956026e-08
pi-1.50,-1.500000000e+00,1.109768704e-06,1.962890569e-01,-2.149709063e-08
pi-1.50,-1.500000000e+00,1.115289942e-06,1.972656194e-01,-2.135821119e-08
pi-1.50,-1.500000000e+00,1.120811179e-06,1.982421818e-01,-2.149037224e-08
pi-1.50,-1.500000000e+00,1.126332416e-06,1.992187443e-01,-2.142485662e-08
pi-1.50,-1.500000000e+00,1.131853654e-06,2.001953068e-01,-2.141632428e-08
pi-1.50,-1.500000000e+00,1.137374891e-06,2.011718693e-01,-2.141223618e-08
pi-1.50,-1.500000000e+00,1.142896128e-06,2.021484317e-01,-2.146144085e-08
pi-1.50,-1.500000000e+00,1.148417366e-06,2.031249942e-01,-2.144214789e-08
pi-1.50,-1.500000000e+00,1.153938603e-06,2.041015567e-01,-2.140214220e-08
pi-1.50,-1.500000000e+00,1.159459840e-06,2.050781191e-01,-2.148108010e-08
pi-1.50,-1.500000000e+00,1.164981078e-06,2.060546816e-01,-2.140164861e-08
pi-1.50,-1.500000000e+00,1.170502315e-06,2.070312441e-01,-2.144579130e-08
pi-1.50,-1.500000000e+00,1.176023552e-06,2.080078066e-01,-2.137369614e-08
pi-1.50,-1.500000000e+00,1.181544790e-06,2.089843690e-01,-2.148486476e-08
pi-1.50,-1.500000000e+00,1.187066027e-06,2.099609315e-01,-2.148890960e-08
pi-1.50,-1.500000000e+00,1.192587264e-06,2.109374940e-01,-2.136155982e-08
pi-1.50,-1.500000000e+00,1.198108502e-06,2.119140564e-01,-2.147618191e-08
pi-1.50,-1.500000000e+00,1.203629739e-06,2.128906189e-01,-2.137964186e-08
pi-1.50,-1.500000000e+00,1.209150976e-06,2.138671814e-01,-2.150054349e-08
pi-1.50,-1.500000000e+00,1.214672214e-06,2.148437439e-01,-2.140975438e-08
pi-1.50,-1.500000000e+00,1.220193451e-06,2.158203063e-01,-2.137318042e-08
pi-1.50,-1.500000000e+00,1.225714688e-06,2.167968688e-01,-2.152049824e-08
pi-1.50,-1.500000000e+00,1.231235926e-06,2.177734313e-01,-2.137199043e-08
pi-1.50,-1.500000000e+00,1.236757163e-06,2.187499937e-01,-2.146593943e-08
pi-1.50,-1.500000000e+00,1.242278401e-06,2.197265562e-01,-2.143346141e-08
pi-1.50,-1.500000000e+00,1.247799638e-06,2.207031187e-01,-2.142774326e-08
pi-1.50,-1.500000000e+00,1.253320875e-06,2.216796812e-01,-2.148237110e-08
pi-1.50,-1.500000000e+00,1.258842113e-06,2.226562436e-01,-2.134047906e-08
pi-1.50,-1.500000000e+00,1.264363350e-06,2.236328061e-01,-2.151892433e-08
pi-1.50,-1.500000000e+00,1.269884587e-06,2.246093686e-01,-2.139999100e-08
pi-1.50,-1.500000000e+00,1.275405825e-06,2.255859311e-01,-2.138215021e-08
pi-1.50,-1.500000000e+00,1.280927062e-06,2.265624935e-01,-2.151656367e-08
pi-1.50,-1.500000000e+00,1.286448299e-06,2.275390560e-01,-2.139585823e-08
pi-1.50,-1.500000000e+00,1.291969537e-06,2.285156185e-01,-2.146569575e-08
pi-1.50,-1.500000000e+00,1.297490774e-06,2.294921809e-01,-2.139337905e-08
pi-1.50,-1.500000000e+00,1.303012011e-06,2.304687434e-01,-2.143261188e-08
pi-1.50,-1.500000000e+00,1.308533249e-06,2.314453059e-01,-2.148932893e-08
pi-1.50,-1.500000000e+00,1.314054486e-06,2.324218684e-01,-2.136608958e-08
pi-1.50,-1.500000000e+00,1.319575723e-06,2.333984308e-01,-2.144485907e-08
pi-1.50,-1.500000000e+00,1.325096961e-06,2.343749933e-01,-2.143966589e-08
pi-1.50,-1.500000000e+00,1.330618198e-06,2.353515558e-01,-2.147937480e-08
pi-1.50,-1.500000000e+00,1.336139435e-06,2.363281182e-01,-2.141352275e-08
pi-1.50,-1.500000000e+00,1.341660673e-06,2.373046807e-01,-2.141759837e-08
pi-1.50,-1.500000000e+00,1.347181910e-06,2.382812432e-01,-2.142947070e-08
pi-1.50,-1.500000000e+00,1.352703147e-06,2.392578057e-01,-2.141273197e-08
pi-1.50,-1.500000000e+00,1.358224385e-06,2.402343681e-01,-2.150181597e-08
pi-1.50,-1.500000000e+00,1.363745622e-06,2.412109306e-01,-2.140836580e-08
pi-1.50,-1.500000000e+00,1.369266859e-06,2.421874931e-01,-2.138085378e-08
pi-1.50,-1.500000000e+00,1.374788097e-06,2.431640556e-01,-2.146347695e-08
pi-1.50,-1.500000000e+00,1.380309334e-06,2.441406180e-01,-2.146366810e-08
pi-1.50,-1.500000000e+00,1.385830571e-06,2.451171805e-01,-2.145690464e-08
pi-1.50,-1.500000000e+00,1.391351809e-06,2.460937430e-01,-2.133199681e-08
pi-1.50,-1.500000000e+00,1.396873046e-06,2.470703054e-01,-2.152547672e-08
pi-1.50,-1.500000000e+00,1.402394283e-06,2.480468679e-01,-2.139983586e-08
pi-1.50,-1.500000000e+00,1.407915521e-06,2.490234304e-01,-2.143325718e-08
pi-1.50,-1.500000000e+00,1.413436758e-06,2.499999929e-01,-2.144161225e-08
pi-1.50,-1.500000000e+00,1.418957995e-06,2.509765553e-01,-2.144183460e-08
pi-1.50,-1.500000000e+00,1.424479233e-06,2.519531178e-01,-2.145259843e-08
pi-1.50,-1.500000000e+00,1.430000470e-06,2.529296803e-01,-2.139285871e-08
pi-1.50,-1.500000000e+00,1.435521707e-06,2.539062427e-01,-2.146050238e-08
pi-1.50,-1.500000000e+00,1.441042945e-06,2.548828052e-01,-2.140125001e-08
pi-1.50,-1.500000000e+00,1.446564182e-06,2.558593677e-01,-2.142685369e-08
pi-1.50,-1.500000000e+00,1.452085419e-06,2.568359302e-01,-2.150854060e-08
pi-1.50,-1.500000000e+00,1.457606657e-06,2.578124926e-01,-2.133758759e-08
pi-1.50,-1.500000000e+00,1.463127894e-06,2.587890551e-01,-2.151707476e-08
pi-1.50,-1.500000000e+00,1.468649131e-06,2.597656176e-01,-2.134616944e-08
pi-1.50,-1.500000000e+00,1.474170369e-06,2.607421800e-01,-2.154002059e-08
pi-1.50,-1.500000000e+00,1.479691606e-06,2.617187425e-01,-2.133704511e-08
pi-1.50,-1.500000000e+00,1.485212843e-06,2.626953050e-01,-2.151902917e-08
pi-1.50,-1.500000000e+00,1.490734081e-06,2.636718675e-01,-2.139973364e-08
pi-1.50,-1.500000000e+00,1.496255318e-06,2.646484299e-01,-2.139775147e-08
pi-1.50,-1.500000000e+00,1.501776555e-06,2.656249924e-01,-2.146704229e-08
pi-1.50,-1.500000000e+00,1.507297793e-06,2.666015549e-01,-2.140051315e-08
pi-1.50,-1.500000000e+00,1.512819030e-06,2.675781174e-01,-2.148220509e-08
pi-1.50,-1.500000000e+00,1.518340267e-06,2.685546798e-01,-2.145200886e-08
pi-1.50,-1.500000000e+00,1.523861505e-06,2.695312423e-01,-2.137459356e-08
pi-1.50,-1.500000000e+00,1.529382742e-06,2.705078048e-01,-2.148638797e-08
pi-1.50,-1.500000000e+00,1.534903979e-06,2.714843672e-01,-2.141425236e-08
pi-1.50,-1.500000000e+00,1.540425217e-06,2.724609297e-01,-2.141709815e-08
pi-1.50,-1.500000000e+00,1.545946454e-06,2.734374922e-01,-2.139178603e-08
pi-1.50,-1.500000000e+00,1.551467691e-06,2.744140547e-01,-2.151337300e-08
pi-1.50,-1.500000000e+00,1.556988929e-06,2.753906171e-01,-2.142335515e-08
pi-1.50,-1.500000000e+00,1.562510166e-06,2.763671796e-01,-2.141476405e-08
pi-1.50,-1.500000000e+00,1.568031403e-06,2.773437421e-01,-2.140711705e-08
pi-1.50,-1.500000000e+00,1.573552641e-06,2.783203045e-01,-2.143870227e-08
pi-1.50,-1.500000000e+00,1.579073878e-06,2.792968670e-01,-2.147173102e-08
pi-1.50,-1.500000000e+00,1.584595115e-06,2.802734295e-01,-2.140833159e-08
pi-1.50,-1.500000000e+00,1.590116353e-06,2.812499920e-01,-2.143699757e-08
pi-1.50,-1.500000000e+00,1.595637590e-06,2.822265544e-01,-2.144320789e-08
pi-1.50,-1.500000000e+00,1.601158827e-06,2.832031169e-01,-2.147141591e-08
pi-1.50,-1.500000000e+00,1.606680065e-06,2.841796794e-01,-2.141430649e-08
pi-1.50,-1.500000000e+00,1.612201302e-06,2.851562419e-01,-2.139981856e-08
pi-1.50,-1.500000000e+00,1.617722539e-06,2.861328043e-01,-2.143009970e-08
pi-1.50,-1.500000000e+00,1.623243777e-06,2.871093668e-01,-2.150593969e-08
pi-1.50,-1.500000000e+00,1.628765014e-06,2.880859293e-01,-2.136705522e-08
pi-1.50,-1.500000000e+00,1.634286251e-06,2.890624917e-01,-2.146870393e-08
pi-1.50,-1.500000000e+00,1.639807489e-06,2.900390542e-01,-2.136466478e-08
pi-1.50,-1.500000000e+00,1.645328726e-06,2.910156167e-01,-2.150106564e-08
pi-1.50,-1.500000000e+00,1.650849963e-06,2.919921792e-01,-2.143957273e-08
pi-1.50,-1.500000000e+00,1.656371201e-06,2.929687416e-01,-2.140618482e-08
pi-1.50,-1.500000000e+00,1.661892438e-06,2.939453041e-01,-2.144188711e-08
pi-1.50,-1.500000000e+00,1.667413675e-06,2.949218666e-01,-2.138526564e-08
pi-1.50,-1.500000000e+00,1.672934913e-06,2.958984290e-01,-2.152882012e-08
pi-1.50,-1.500000000e+00,1.678456150e-06,2.968749915e-01,-2.135652721e-08
pi-1.50,-1.500000000e+00,1.683977387e-06,2.978515540e-01,-2.152223111e-08
pi-1.50,-1.500000000e+00,1.689498625e-06,2.988281165e-01,-2.131642997e-08
pi-1.50,-1.500000000e+00,1.695019862e-06,2.998046789e-01,-2.150049801e-08
pi-1.50,-1.500000000e+00,1.700541099e-06,3.007812414e-01,-2.144063394e-08
pi-1.50,-1.500000000e+00,1.706062337e-06,3.017578039e-01,-2.143501681e-08
pi-1.50,-1.500000000e+00,1.711583574e-06,3.027343663e-01,-2.143687483e-08
pi-1.50,-1.500000000e+00,1.717104811e-06,3.037109288e-01,-2.143405781e-08
pi-1.50,-1.500000000e+00,1.722626049e-06,3.046874913e-01,-2.142857549e-08
pi-1.50,-1.500000000e+00,1.728147286e-06,3.056640538e-01,-2.139876197e-08
pi-1.50,-1.500000000e+00,1.733668523e-06,3.066406162e-01,-2.148896775e-08
pi-1.50,-1.500000000e+00,1.739189761e-06,3.076171787e-01,-2.135922954e-08
pi-1.50,-1.500000000e+00,1.744710998e-06,3.085937412e-01,-2.147944140e-08
pi-1.50,-1.500000000e+00,1.750232235e-06,3.095703037e-01,-2.141564940e-08
pi-1.50,-1.500000000e+00,1.755753473e-06,3.105468661e-01,-2.145295116e-08
pi-1.50,-1.500000000e+00,1.761274710e-06,3.115234286e-01,-2.144338617e-08
pi-1.50,-1.500000000e+00,1.766795947e-06,3.124999911e-01,-2.145206722e-08
pi-1.50,-1.500000000e+00,1.772317185e-06,3.134765535e-01,-2.139728948e-08
pi-1.50,-1.500000000e+00,1.777838422e-06,3.144531160e-01,-2.141968880e-08
pi-1.50,-1.500000000e+00,1.783359659e-06,3.154296785e-01,-2.149506901e-08
pi-1.50,-1.500000000e+00,1.788880897e-06,3.164062410e-01,-2.135152016e-08
pi-1.50,-1.500000000e+00,1.794402134e-06,3.173828034e-01,-2.151861346e-08
pi-1.50,-1.500000000e+00,1.799923371e-06,3.183593659e-01,-2.133142818e-08
pi-1.50,-1.500000000e+00,1.805444609e-06,3.193359284e-01,-2.149167913e-08
pi-1.50,-1.500000000e+00,1.810965846e-06,3.203124908e-01,-2.148656322e-08
pi-1.50,-1.500000000e+00,1.816487083e-06,3.212890533e-01,-2.139565279e-08
pi-1.50,-1.500000000e+00,1.822008321e-06,3.222656158e-01,-2.138380924e-08
pi-1.50,-1.500000000e+00,1.827529558e-06,3.232421783e-01,-2.149149140e-08
pi-1.50,-1.500000000e+00,1.833050795e-06,3.242187407e-01,-2.145354957e-08
pi-1.50,-1.500000000e+00,1.838572033e-06,3.251953032e-01,-2.135726064e-08
pi-1.50,-1.500000000e+00,1.844093270e-06,3.261718657e-01,-2.150000684e-08
pi-1.50,-1.500000000e+00,1.849614507e-06,3.271484282e-01,-2.137659546e-08
pi-1.50,-1.500000000e+00,1.855135745e-06,3.281249906e-01,-2.146493295e-08
pi-1.50,-1.500000000e+00,1.860656982e-06,3.291015531e-01,-2.145988465e-08
pi-1.50,-1.500000000e+00,1.866178219e-06,3.300781156e-01,-2.143740705e-08
pi-1.50,-1.500000000e+00,1.871699457e-06,3.310546780e-01,-2.135883516e-08
pi-1.50,-1.500000000e+00,1.877220694e-06,3.320312405e-01,-2.151925956e-08
pi-1.50,-1.500000000e+00,1.882741931e-06,3.330078030e-01,-2.139274120e-08
pi-1.50,-1.500000000e+00,1.888263169e-06,3.339843655e-01,-2.139706070e-08
pi-1.50,-1.500000000e+00,1.893784406e-06,3.349609279e-01,-2.150216408e-08
pi-1.50,-1.500000000e+00,1.899305643e-06,3.359374904e-01,-2.138149787e-08
pi-1.50,-1.500000000e+00,1.904826881e-06,3.369140529e-01,-2.144177302e-08
pi-1.50,-1.500000000e+00,1.910348118e-06,3.378906153e-01,-2.145179980e-08
pi-1.50,-1.500000000e+00,1.915869355e-06,3.388671778e-01,-2.143709476e-08
pi-1.50,-1.500000000e+00,1.921390593e-06,3.398437403e-01,-2.146006413e-08
pi-1.50,-1.500000000e+00,1.926911830e-06,3.408203028e-01,-2.141206112e-08
pi-1.50,-1.500000000e+00,1.932433067e-06,3.417968652e-01,-2.137403559e-08
pi-1.50,-1.500000000e+00,1.937954305e-06,3.427734277e-01,-2.153354909e-08
pi-1.50,-1.500000000e+00,1.943475542e-06,3.437499902e-01,-2.135853957e-08
pi-1.50,-1.500000000e+00,1.948996779e-06,3.447265526e-01,-2.148456837e-08
pi-1.50,-1.500000000e+00,1.954518017e-06,3.457031151e-01,-2.142940450e-08
pi-1.50,-1.500000000e+00,1.960039254e-06,3.466796776e-01,-2.136488732e-08
pi-1.50,-1.500000000e+00,1.965560491e-06,3.476562401e-01,-2.149657934e-08
pi-1.50,-1.500000000e+00,1.971081729e-06,3.486328025e-01,-2.141764828e-08
pi-1.50,-1.500000000e+00,1.976602966e-06,3.496093650e-01,-2.149235320e-08
pi-1.50,-1.500000000e+00,1.982124203e-06,3.505859275e-01,-2.135906173e-08
pi-1.50,-1.500000000e+00,1.987645441e-06,3.515624900e-01,-2.142168547e-08
pi-1.50,-1.500000000e+00,1.993166678e-06,3.525390524e-01,-2.151765285e-08
pi-1.50,-1.500000000e+00,1.998687915e-06,3.535156149e-01,-2.139106185e-08
pi-1.50,-1.500000000e+00,2.004209153e-06,3.544921774e-01,-2.137898489e-08
pi-1.50,-1.500000000e+00,2.009730390e-06,3.554687398e-01,-2.154144157e-08
pi-1.50,-1.500000000e+00,2.015251627e-06,3.564453023e-01,-2.135209705e-08
pi-1.50,-1.500000000e+00,2.020772865e-06,3.574218648e-01,-2.146215557e-08
pi-1.50,-1.500000000e+00,2.026294102e-06,3.583984273e-01,-2.145759240e-08
pi-1.50,-1.500000000e+00,2.031815339e-06,3.593749897e-01,-2.135035834e-08
pi-1.50,-1.500000000e+00,2.037336577e-06,3.603515522e-01,-2.152081375e-08
pi-1.50,-1.500000000e+00,2.042857814e-06,3.613281147e-01,-2.140107273e-08
pi-1.50,-1.500000000e+00,2.048379051e-06,3.623046771e-01,-2.144078003e-08
pi-1.50,-1.500000000e+00,2.053900289e-06,3.632812396e-01,-2.142682109e-08
pi-1.50,-1.500000000e+00,2.059421526e-06,3.642578021e-01,-2.147339728e-08
pi-1.50,-1.500000000e+00,2.064942764e-06,3.652343646e-01,-2.138801927e-08
pi-1.50,-1.500000000e+00,2.070464001e-06,3.662109270e-01,-2.144086997e-08
pi-1.50,-1.500000000e+00,2.075985238e-06,3.671874895e-01,-2.148347758e-08
pi-1.50,-1.500000000e+00,2.081506476e-06,3.681640520e-01,-2.134321277e-08
pi-1.50,-1.500000000e+00,2.087027713e-06,3.691406145e-01,-2.150876878e-08
pi-1.50,-1.500000000e+00,2.092548950e-06,3.701171769e-01,-2.136791099e-08
pi-1.50,-1.500000000e+00,2.098070188e-06,3.710937394e-01,-2.147435346e-08
pi-1.50,-1.500000000e+00,2.103591425e-06,3.720703019e-01,-2.141349861e-08
pi-1.50,-1.500000000e+00,2.109112662e-06,3.730468643e-01,-2.149549800e-08
pi-1.50,-1.500000000e+00,2.114633900e-06,3.740234268e-01,-2.132794212e-08
pi-1.50,-1.500000000e+00,2.120155137e-06,3.749999893e-01,-2.154934572e-08
pi-1.50,-1.500000000e+00,2.125676374e-06,3.759765518e-01,-2.139325571e-08
pi-1.50,-1.500000000e+00,2.131197612e-06,3.769531142e-01,-2.140962541e-08
pi-1.50,-1.500000000e+00,2.136718849e-06,3.779296767e-01,-2.140235528e-08
pi-1.50,-1.500000000e+00,2.142240086e-06,3.789062392e-01,-2.154757301e-08
pi-1.50,-1.500000000e+00,2.147761324e-06,3.798828016e-01,-2.131854857e-08
pi-1.50,-1.500000000e+00,2.153282561e-06,3.808593641e-01,-2.148394843e-08
pi-1.50,-1.500000000e+00,2.158803798e-06,3.818359266e-01,-2.140664701e-08
pi-1.50,-1.500000000e+00,2.164325036e-06,3.828124891e-01,-2.143732978e-08
pi-1.50,-1.500000000e+00,2.169846273e-06,3.837890515e-01,-2.147609981e-08
pi-1.50,-1.500000000e+00,2.175367510e-06,3.847656140e-01,-2.140050611e-08
pi-1.50,-1.500000000e+00,2.180888748e-06,3.857421765e-01,-2.144000575e-08
pi-1.50,-1.500000000e+00,2.186409985e-06,3.867187389e-01,-2.143751369e-08
pi-1.50,-1.500000000e+00,2.191931222e-06,3.876953014e-01,-2.144670381e-08
pi-1.50,-1.500000000e+00,2.197452460e-06,3.886718639e-01,-2.143215069e-08
pi-1.50,-1.500000000e+00,2.202973697e-06,3.896484264e-01,-2.139918352e-08
pi-1.50,-1.500000000e+00,2.208494934e-06,3.906249888e-01,-2.144629132e-08
pi-1.50,-1.500000000e+00,2.214016172e-06,3.916015513e-01,-2.144651809e-08
pi-1.50,-1.500000000e+00,2.219537409e-06,3.925781138e-01,-2.146352464e-08
pi-1.50,-1.500000000e+00,2.225058646e-06,3.935546763e-01,-2.139150252e-08
pi-1.50,-1.500000000e+00,2.230579884e-06,3.945312387e-01,-2.146748456e-08
pi-1.50,-1.500000000e+00,2.236101121e-06,3.955078012e-01,-2.140378472e-08
pi-1.50,-1.500000000e+00,2.241622358e-06,3.964843637e-01,-2.145415282e-08
pi-1.50,-1.500000000e+00,2.247143596e-06,3.974609261e-01,-2.142837247e-08
pi-1.50,-1.500000000e+00,2.252664833e-06,3.984374886e-01,-2.141849217e-08
pi-1.50,-1.500000000e+00,2.258186070e-06,3.994140511e-01,-2.145026312e-08
pi-1.50,-1.500000000e+00,2.263707308e-06,4.003906136e-01,-2.141808371e-08
pi-1.50,-1.500000000e+00,2.269228545e-06,4.013671760e-01,-2.143570859e-08
pi-1.50,-1.500000000e+00,2.274749782e-06,4.023437385e-01,-2.146265478e-08
pi-1.50,-1.500000000e+00,2.280271020e-06,4.033203010e-01,-2.141087757e-08
pi-1.50,-1.500000000e+00,2.285792257e-06,4.042968634e-01,-2.145385542e-08
pi-1.50,-1.500000000e+00,2.291313494e-06,4.052734259e-01,-2.140032180e-08
pi-1.50,-1.500000000e+00,2.296834732e-06,4.062499884e-01,-2.147425305e-08
pi-1.50,-1.500000000e+00,2.302355969e-06,4.072265509e-01,-2.139526324e-08
pi-1.50,-1.500000000e+00,2.307877206e-06,4.082031133e-01,-2.145665171e-08
pi-1.50,-1.500000000e+00,2.313398444e-06,4.091796758e-01,-2.142813966e-08
pi-1.50,-1.500000000e+00,2.318919681e-06,4.101562383e-01,-2.147648635e-08
pi-1.50,-1.500000000e+00,2.324440918e-06,4.111328008e-01,-2.139459741e-08
pi-1.50,-1.500000000e+00,2.329962156e-06,4.121093632e-01,-2.140813138e-08
pi-1.50,-1.500000000e+00,2.335483393e-06,4.130859257e-01,-2.144614846e-08
pi-1.50,-1.500000000e+00,2.341004630e-06,4.140624882e-01,-2.144860490e-08
pi-1.50,-1.500000000e+00,2.346525868e-06,4.150390506e-01,-2.146797875e-08
pi-1.50,-1.500000000e+00,2.352047105e-06,4.160156131e-01,-2.138452275e-08
pi-1.50,-1.500000000e+00,2.357568342e-06,4.169921756e-01,-2.144550558e-08
pi-1.50,-1.500000000e+00,2.363089580e-06,4.179687381e-01,-2.146574183e-08
pi-1.50,-1.500000000e+00,2.368610817e-06,4.189453005e-01,-2.139848269e-08
pi-1.50,-1.500000000e+00,2.374132054e-06,4.199218630e-01,-2.146565088e-08
pi-1.50,-1.500000000e+00,2.379653292e-06,4.208984255e-01,-2.138316837e-08
pi-1.50,-1.500000000e+00,2.385174529e-06,4.218749879e-01,-2.144495525e-08
pi-1.50,-1.500000000e+00,2.390695766e-06,4.228515504e-01,-2.146485226e-08
pi-1.50,-1.500000000e+00,2.396217004e-06,4.238281129e-01,-2.140215427e-08
pi-1.50,-1.500000000e+00,2.401738241e-06,4.248046754e-01,-2.144386406e-08
pi-1.50,-1.500000000e+00,2.407259478e-06,4.257812378e-01,-2.144312982e-08
pi-1.50,-1.500000000e+00,2.412780716e-06,4.267578003e-01,-2.140736354e-08
pi-1.50,-1.500000000e+00,2.418301953e-06,4.277343628e-01,-2.147380615e-08
pi-1.50,-1.500000000e+00,2.423823190e-06,4.287109252e-01,-2.142065987e-08
pi-1.50,-1.500000000e+00,2.429344428e-06,4.296874877e-01,-2.142575183e-08
pi-1.50,-1.500000000e+00,2.434865665e-06,4.306640502e-01,-2.144602049e-08
pi-1.50,-1.500000000e+00,2.440386902e-06,4.316406127e-01,-2.143769137e-08
pi-1.50,-1.500000000e+00,2.445908140e-06,4.326171751e-01,-2.143099149e-08
pi-1.50,-1.500000000e+00,2.451429377e-06,4.335937376e-01,-2.143908961e-08
pi-1.50,-1.500000000e+00,2.456950614e-06,4.345703001e-01,-2.141671262e-08
pi-1.50,-1.500000000e+00,2.462471852e-06,4.355468626e-01,-2.145844958e-08
pi-1.50,-1.500000000e+00,2.467993089e-06,4.365234250e-01,-2.139614174e-08
pi-1.50,-1.500000000e+00,2.473514326e-06,4.374999875e-01,-2.143879041e-08
pi-1.50,-1.500000000e+00,2.479035564e-06,4.384765500e-01,-2.146437679e-08
pi-1.50,-1.500000000e+00,2.484556801e-06,4.394531124e-01,-2.142935701e-08
pi-1.50,-1.500000000e+00,2.490078038e-06,4.404296749e-01,-2.141579266e-08
pi-1.50,-1.500000000e+00,2.495599276e-06,4.414062374e-01,-2.144495284e-08
pi-1.50,-1.500000000e+00,2.501120513e-06,4.423827999e-01,-2.143159936e-08
pi-1.50,-1.500000000e+00,2.506641750e-06,4.433593623e-01,-2.144019207e-08
pi-1.50,-1.500000000e+00,2.512162988e-06,4.443359248e-01,-2.141001395e-08
pi-1.50,-1.500000000e+00,2.517684225e-06,4.453124873e-01,-2.145810670e-08
pi-1.50,-1.500000000e+00,2.523205462e-06,4.462890497e-01,-2.143124784e-08
pi-1.50,-1.500000000e+00,2.528726700e-06,4.472656122e-01,-2.144686217e-08
pi-1.50,-1.500000000e+00,2.534247937e-06,4.482421747e-01,-2.140203133e-08
pi-1.50,-1.500000000e+00,2.539769174e-06,4.492187372e-01,-2.145207808e-08
pi-1.50,-1.500000000e+00,2.545290412e-06,4.501952996e-01,-2.142922482e-08
pi-1.50,-1.500000000e+00,2.550811649e-06,4.511718621e-01,-2.142336421e-08
pi-1.50,-1.500000000e+00,2.556332886e-06,4.521484246e-01,-2.143400228e-08
pi-1.50,-1.500000000e+00,2.561854124e-06,4.531249871e-01,-2.144050114e-08
pi-1.50,-1.500000000e+00,2.567375361e-06,4.541015495e-01,-2.144163680e-08
pi-1.50,-1.500000000e+00,2.572896598e-06,4.550781120e-01,-2.144788837e-08
pi-1.50,-1.500000000e+00,2.578417836e-06,4.560546745e-01,-2.141314245e-08
pi-1.50,-1.500000000e+00,2.583939073e-06,4.570312369e-01,-2.144990636e-08
pi-1.50,-1.500000000e+00,2.589460310e-06,4.580077994e-01,-2.143266339e-08
pi-1.50,-1.500000000e+00,2.594981548e-06,4.589843619e-01,-2.137910140e-08
pi-1.50,-1.500000000e+00,2.600502785e-06,4.599609244e-01,-2.152297159e-08
pi-1.50,-1.500000000e+00,2.606024022e-06,4.609374868e-01,-2.136383879e-08
pi-1.50,-1.500000000e+00,2.611545260e-06,4.619140493e-01,-2.145889949e-08
pi-1.50,-1.500000000e+00,2.617066497e-06,4.628906118e-01,-2.143579149e-08
pi-1.50,-1.500000000e+00,2.622587734e-06,4.638671742e-01,-2.144531442e-08
pi-1.50,-1.500000000e+00,2.628108972e-06,4.648437367e-01,-2.143478279e-08
pi-1.50,-1.500000000e+00,2.633630209e-06,4.658202992e-01,-2.139376800e-08
pi-1.50,-1.500000000e+00,2.639151446e-06,4.667968617e-01,-2.144552248e-08
pi-1.50,-1.500000000e+00,2.644672684e-06,4.677734241e-01,-2.143980373e-08
pi-1.50,-1.500000000e+00,2.650193921e-06,4.687499866e-01,-2.145651167e-08
pi-1.50,-1.500000000e+00,2.655715158e-06,4.697265491e-01,-2.140880042e-08
pi-1.50,-1.500000000e+00,2.661236396e-06,4.707031115e-01,-2.144022165e-08
pi-1.50,-1.500000000e+00,2.666757633e-06,4.716796740e-01,-2.147273387e-08
pi-1.50,-1.500000000e+00,2.672278870e-06,4.726562365e-01,-2.141060110e-08
pi-1.50,-1.500000000e+00,2.677800108e-06,4.736327990e-01,-2.143086130e-08
pi-1.50,-1.500000000e+00,2.683321345e-06,4.746093614e-01,-2.142953308e-08
pi-1.50,-1.500000000e+00,2.688842582e-06,4.755859239e-01,-2.142120335e-08
pi-1.50,-1.500000000e+00,2.694363820e-06,4.765624864e-01,-2.147563299e-08
pi-1.50,-1.500000000e+00,2.699885057e-06,4.775390489e-01,-2.139691783e-08
pi-1.50,-1.500000000e+00,2.705406294e-06,4.785156113e-01,-2.142693699e-08
pi-1.50,-1.500000000e+00,2.710927532e-06,4.794921738e-01,-2.149722383e-08
pi-1.50,-1.500000000e+00,2.716448769e-06,4.804687363e-01,-2.138369213e-08
pi-1.50,-1.500000000e+00,2.721970006e-06,4.814452987e-01,-2.142691265e-08
pi-1.50,-1.500000000e+00,2.727491244e-06,4.824218612e-01,-2.142134219e-08
pi-1.50,-1.500000000e+00,2.733012481e-06,4.833984237e-01,-2.149246488e-08
pi-1.50,-1.500000000e+00,2.738533718e-06,4.843749862e-01,-2.141061840e-08
pi-1.50,-1.500000000e+00,2.744054956e-06,4.853515486e-01,-2.139145422e-08
pi-1.50,-1.500000000e+00,2.749576193e-06,4.863281111e-01,-2.147921966e-08
pi-1.50,-1.500000000e+00,2.755097430e-06,4.873046736e-01,-2.139175041e-08
pi-1.50,-1.500000000e+00,2.760618668e-06,4.882812360e-01,-2.145893732e-08
pi-1.50,-1.500000000e+00,2.766139905e-06,4.892577985e-01,-2.142174603e-08
pi-1.50,-1.500000000e+00,2.771661142e-06,4.902343610e-01,-2.145825742e-08
pi-1.50,-1.500000000e+00,2.777182380e-06,4.912109235e-01,-2.143204948e-08
pi-1.50,-1.500000000e+00,2.782703617e-06,4.921874859e-01,-2.139698806e-08
pi-1.50,-1.500000000e+00,2.788224854e-06,4.931640484e-01,-2.146628954e-08
pi-1.50,-1.500000000e+00,2.793746092e-06,4.941406109e-01,-2.146398643e-08
pi-1.50,-1.500000000e+00,2.799267329e-06,4.951171734e-01,-2.136151535e-08
pi-1.50,-1.500000000e+00,2.804788566e-06,4.960937358e-01,-2.151095801e-08
pi-1.50,-1.500000000e+00,2.810309804e-06,4.970702983e-01,-2.140044675e-08
pi-1.50,-1.500000000e+00,2.815831041e-06,4.980468608e-01,-2.142691426e-08
pi-1.50,-1.500000000e+00,2.821352278e-06,4.990234232e-01,-2.141940911e-08
pi-1.50,-1.500000000e+00,2.826873516e-06,4.999999857e-01,-2.148900799e-08
pi-1.50,-1.500000000e+00,2.832394753e-06,5.009765482e-01,-2.140089426e-08
pi-1.50,-1.500000000e+00,2.837915990e-06,5.019531107e-01,-2.142373907e-08
pi-1.50,-1.500000000e+00,2.843437228e-06,5.029296731e-01,-2.145159154e-08
pi-1.50,-1.500000000e+00,2.848958465e-06,5.039062356e-01,-2.139860442e-08
pi-1.50,-1.500000000e+00,2.854479702e-06,5.048827981e-01,-2.147986958e-08
pi-1.50,-1.500000000e+00,2.860000940e-06,5.058593605e-01,-2.141936364e-08
pi-1.50,-1.500000000e+00,2.865522177e-06,5.068359230e-01,-2.142561159e-08
pi-1.50,-1.500000000e+00,2.871043415e-06,5.078124855e-01,-2.147525571e-08
pi-1.50,-1.500000000e+00,2.876564652e-06,5.087890480e-01,-2.137315306e-08
pi-1.50,-1.500000000e+00,2.882085889e-06,5.097656104e-01,-2.147133925e-08
pi-1.50,-1.500000000e+00,2.887607127e-06,5.107421729e-01,-2.140618723e-08
pi-1.50,-1.500000000e+00,2.893128364e-06,5.117187354e-01,-2.147839427e-08
pi-1.50,-1.500000000e+00,2.898649601e-06,5.126952978e-01,-2.135278279e-08
pi-1.50,-1.500000000e+00,2.904170839e-06,5.136718603e-01,-2.151124333e-08
pi-1.50,-1.500000000e+00,2.909692076e-06,5.146484228e-01,-2.140647115e-08
pi-1.50,-1.500000000e+00,2.915213313e-06,5.156249853e-01,-2.142070534e-08
pi-1.50,-1.500000000e+00,2.920734551e-06,5.166015477e-01,-2.147407176e-08
pi-1.50,-1.500000000e+00,2.926255788e-06,5.175781102e-01,-2.142143254e-08
pi-1.50,-1.500000000e+00,2.931777025e-06,5.185546727e-01,-2.143162572e-08
pi-1.50,-1.500000000e+00,2.937298263e-06,5.195312352e-01,-2.141597658e-08
pi-1.50,-1.500000000e+00,2.942819500e-06,5.205077976e-01,-2.142233740e-08
pi-1.50,-1.500000000e+00,2.948340737e-06,5.214843601e-01,-2.148565071e-08
pi-1.50,-1.500000000e+00,2.953861975e-06,5.224609226e-01,-2.140145887e-08
pi-1.50,-1.500000000e+00,2.959383212e-06,5.234374850e-01,-2.142553673e-08
pi-1.50,-1.500000000e+00,2.964904449e-06,5.244140475e-01,-2.144196881e-08
pi-1.50,-1.500000000e+00,2.970425687e-06,5.253906100e-01,-2.142852137e-08
pi-1.50,-1.500000000e+00,2.975946924e-06,5.263671725e-01,-2.145764451e-08
pi-1.50,-1.500000000e+00,2.981468161e-06,5.273437349e-01,-2.140686875e-08
pi-1.50,-1.500000000e+00,2.986989399e-06,5.283202974e-01,-2.147596419e-08
pi-1.50,-1.500000000e+00,2.992510636e-06,5.292968599e-01,-2.138792209e-08
pi-1.50,-1.500000000e+00,2.998031873e-06,5.302734223e-01,-2.146163381e-08
pi-1.50,-1.500000000e+00,3.003553111e-06,5.312499848e-01,-2.139118761e-08
pi-1.50,-1.500000000e+00,3.009074348e-06,5.322265473e-01,-2.143298533e-08
pi-1.50,-1.500000000e+00,3.014595585e-06,5.332031098e-01,-2.146679258e-08
pi-1.50,-1.500000000e+00,3.020116823e-06,5.341796722e-01,-2.143580155e-08
pi-1.50,-1.500000000e+00,3.025638060e-06,5.351562347e-01,-2.140657659e-08
pi-1.50,-1.500000000e+00,3.031159297e-06,5.361327972e-01,-2.147698858e-08
pi-1.50,-1.500000000e+00,3.036680535e-06,5.371093597e-01,-2.143425138e-08
pi-1.50,-1.500000000e+00,3.042201772e-06,5.380859221e-01,-2.137381083e-08
pi-1.50,-1.500000000e+00,3.047723009e-06,5.390624846e-01,-2.148595414e-08
pi-1.50,-1.500000000e+00,3.053244247e-06,5.400390471e-01,-2.143221267e-08
pi-1.50,-1.500000000e+00,3.058765484e-06,5.410156095e-01,-2.143236720e-08
pi-1.50,-1.500000000e+00,3.064286721e-06,5.419921720e-01,-2.142662591e-08
pi-1.50,-1.500000000e+00,3.069807959e-06,5.429687345e-01,-2.144772840e-08
pi-1.50,-1.500000000e+00,3.075329196e-06,5.439452970e-01,-2.140398915e-08
pi-1.50,-1.500000000e+00,3.080850433e-06,5.449218594e-01,-2.142130074e-08
pi-1.50,-1.500000000e+00,3.086371671e-06,5.458984219e-01,-2.146895424e-08
pi-1.50,-1.500000000e+00,3.091892908e-06,5.468749844e-01,-2.142337467e-08
pi-1.50,-1.500000000e+00,3.097414145e-06,5.478515468e-01,-2.144002788e-08
pi-1.50,-1.500000000e+00,3.102935383e-06,5.488281093e-01,-2.145641166e-08
pi-1.50,-1.500000000e+00,3.108456620e-06,5.498046718e-01,-2.140986344e-08
pi-1.50,-1.500000000e+00,3.113977857e-06,5.507812343e-01,-2.142348876e-08
pi-1.50,-1.500000000e+00,3.119499095e-06,5.517577967e-01,-2.146567805e-08
pi-1.50,-1.500000000e+00,3.125020332e-06,5.527343592e-01,-2.140964754e-08
pi-1.50,-1.500000000e+00,3.130541569e-06,5.537109217e-01,-2.147102757e-08
pi-1.50,-1.500000000e+00,3.136062807e-06,5.546874841e-01,-2.139953082e-08
pi-1.50,-1.500000000e+00,3.141584044e-06,5.556640466e-01,-2.140949824e-08
pi-1.50,-1.500000000e+00,3.147105281e-06,5.566406091e-01,-2.146605311e-08
pi-1.50,-1.500000000e+00,3.152626519e-06,5.576171716e-01,-2.141272795e-08
pi-1.50,-1.500000000e+00,3.158147756e-06,5.585937340e-01,-2.149134853e-08
pi-1.50,-1.500000000e+00,3.163668993e-06,5.595702965e-01,-2.135801078e-08
pi-1.50,-1.500000000e+00,3.169190231e-06,5.605468590e-01,-2.147390716e-08
pi-1.50,-1.500000000e+00,3.174711468e-06,5.615234215e-01,-2.142948821e-08
pi-1.50,-1.500000000e+00,3.180232705e-06,5.624999839e-01,-2.147008004e-08
pi-1.50,-1.500000000e+00,3.185753943e-06,5.634765464e-01,-2.140126852e-08
pi-1.50,-1.500000000e+00,3.191275180e-06,5.644531089e-01,-2.143689556e-08
pi-1.50,-1.500000000e+00,3.196796417e-06,5.654296713e-01,-2.141244102e-08
pi-1.50,-1.500000000e+00,3.202317655e-06,5.664062338e-01,-2.148096621e-08
pi-1.50,-1.500000000e+00,3.207838892e-06,5.673827963e-01,-2.138339936e-08
pi-1.50,-1.500000000e+00,3.213360129e-06,5.683593588e-01,-2.148646242e-08
pi-1.50,-1.500000000e+00,3.218881367e-06,5.693359212e-01,-2.140982682e-08
pi-1.50,-1.500000000e+00,3.224402604e-06,5.703124837e-01,-2.139348731e-08
pi-1.50,-1.500000000e+00,3.229923841e-06,5.712890462e-01,-2.149156384e-08
pi-1.50,-1.500000000e+00,3.235445079e-06,5.722656086e-01,-2.138548436e-08
pi-1.50,-1.500000000e+00,3.240966316e-06,5.732421711e-01,-2.146993738e-08
pi-1.50,-1.500000000e+00,3.246487553e-06,5.742187336e-01,-2.142220179e-08
pi-1.50,-1.500000000e+00,3.252008791e-06,5.751952961e-01,-2.142278149e-08
pi-1.50,-1.500000000e+00,3.257530028e-06,5.761718585e-01,-2.145899366e-08
pi-1.50,-1.500000000e+00,3.263051265e-06,5.771484210e-01,-2.139664921e-08
pi-1.50,-1.500000000e+00,3.268572503e-06,5.781249835e-01,-2.147508689e-08
pi-1.50,-1.500000000e+00,3.274093740e-06,5.791015459e-01,-2.143078866e-08
pi-1.50,-1.500000000e+00,3.279614977e-06,5.800781084e-01,-2.141054174e-08
pi-1.50,-1.500000000e+00,3.285136215e-06,5.810546709e-01,-2.143408196e-08
pi-1.50,-1.500000000e+00,3.290657452e-06,5.820312334e-01,-2.142725431e-08
pi-1.50,-1.500000000e+00,3.296178689e-06,5.830077958e-01,-2.146543739e-08
pi-1.50,-1.500000000e+00,3.301699927e-06,5.839843583e-01,-2.144983654e-08
pi-1.50,-1.500000000e+00,3.307221164e-06,5.849609208e-01,-2.136101332e-08
pi-1.50,-1.500000000e+00,3.312742401e-06,5.859374833e-01,-2.149957966e-08
pi-1.50,-1.500000000e+00,3.318263639e-06,5.869140457e-01,-2.138723473e-08
pi-1.50,-1.500000000e+00,3.323784876e-06,5.878906082e-01,-2.147130343e-08
pi-1.50,-1.500000000e+00,3.329306113e-06,5.888671707e-01,-2.142506911e-08
pi-1.50,-1.500000000e+00,3.334827351e-06,5.898437331e-01,-2.139839496e-08
pi-1.50,-1.500000000e+00,3.340348588e-06,5.908202956e-01,-2.148806329e-08
pi-1.50,-1.500000000e+00,3.345869825e-06,5.917968581e-01,-2.140522261e-08
pi-1.50,-1.500000000e+00,3.351391063e-06,5.927734206e-01,-2.144561463e-08
pi-1.50,-1.500000000e+00,3.356912300e-06,5.937499830e-01,-2.140286456e-08
pi-1.50,-1.500000000e+00,3.362433537e-06,5.947265455e-01,-2.145031724e-08
pi-1.50,-1.500000000e+00,3.367954775e-06,5.957031080e-01,-2.144109895e-08
pi-1.50,-1.500000000e+00,3.373476012e-06,5.966796704e-01,-2.145367231e-08
pi-1.50,-1.500000000e+00,3.378997249e-06,5.976562329e-01,-2.141427168e-08
pi-1.50,-1.500000000e+00,3.384518487e-06,5.986327954e-01,-2.144503735e-08
pi-1.50,-1.500000000e+00,3.390039724e-06,5.996093579e-01,-2.142059971e-08
pi-1.50,-1.500000000e+00,3.395560961e-06,6.005859203e-01,-2.143205994e-08
pi-1.50,-1.500000000e+00,3.401082199e-06,6.015624828e-01,-2.146806487e-08
pi-1.50,-1.500000000e+00,3.406603436e-06,6.025390453e-01,-2.138298466e-08
pi-1.50,-1.500000000e+00,3.412124673e-06,6.035156078e-01,-2.146843792e-08
pi-1.50,-1.500000000e+00,3.417645911e-06,6.044921702e-01,-2.144905864e-08
pi-1.50,-1.500000000e+00,3.423167148e-06,6.054687327e-01,-2.141175648e-08
pi-1.50,-1.500000000e+00,3.428688385e-06,6.064452952e-01,-2.143919525e-08
pi-1.50,-1.500000000e+00,3.434209623e-06,6.074218576e-01,-2.140648946e-08
pi-1.50,-1.500000000e+00,3.439730860e-06,6.083984201e-01,-2.143322176e-08
pi-1.50,-1.500000000e+00,3.445252097e-06,6.093749826e-01,-2.147297413e-08
pi-1.50,-1.500000000e+00,3.450773335e-06,6.103515451e-01,-2.143672110e-08
pi-1.50,-1.500000000e+00,3.456294572e-06,6.113281075e-01,-2.145864999e-08
pi-1.50,-1.500000000e+00,3.461815809e-06,6.123046700e-01,-2.139701482e-08
pi-1.50,-1.500000000e+00,3.467337047e-06,6.132812325e-01,-2.143288050e-08
pi-1.50,-1.500000000e+00,3.472858284e-06,6.142577949e-01,-2.143276480e-08
pi-1.50,-1.500000000e+00,3.478379521e-06,6.152343574e-01,-2.142593092e-08
pi-1.50,-1.500000000e+00,3.483900759e-06,6.162109199e-01,-2.148055432e-08
pi-1.50,-1.500000000e+00,3.489421996e-06,6.171874824e-01,-2.138824222e-08
pi-1.50,-1.500000000e+00,3.494943233e-06,6.181640448e-01,-2.143656335e-08
pi-1.50,-1.500000000e+00,3.500464471e-06,6.191406073e-01,-2.144242335e-08
pi-1.50,-1.500000000e+00,3.505985708e-06,6.201171698e-01,-2.143257103e-08
pi-1.50,-1.500000000e+00,3.511506945e-06,6.210937322e-01,-2.143215773e-08
pi-1.50,-1.500000000e+00,3.517028183e-06,6.220702947e-01,-2.142795414e-08
pi-1.50,-1.500000000e+00,3.522549420e-06,6.230468572e-01,-2.142471135e-08
pi-1.50,-1.500000000e+00,3.528070657e-06,6.240234197e-01,-2.144289601e-08
pi-1.50,-1.500000000e+00,3.533591895e-06,6.249999821e-01,-2.143679274e-08
pi-1.50,-1.500000000e+00,3.539113132e-06,6.259765446e-01,-2.144606355e-08
pi-1.50,-1.500000000e+00,3.544634369e-06,6.269531071e-01,-2.140933565e-08
pi-1.50,-1.500000000e+00,3.550155607e-06,6.279296696e-01,-2.146603923e-08
pi-1.50,-1.500000000e+00,3.555676844e-06,6.289062320e-01,-2.144335921e-08
pi-1.50,-1.500000000e+00,3.561198081e-06,6.298827945e-01,-2.138490848e-08
pi-1.50,-1.500000000e+00,3.566719319e-06,6.308593570e-01,-2.144822058e-08
pi-1.50,-1.500000000e+00,3.572240556e-06,6.318359194e-01,-2.141010390e-08
pi-1.50,-1.500000000e+00,3.577761793e-06,6.328124819e-01,-2.149851382e-08
pi-1.50,-1.500000000e+00,3.583283031e-06,6.337890444e-01,-2.138823759e-08
pi-1.50,-1.500000000e+00,3.588804268e-06,6.347656069e-01,-2.146704531e-08
pi-1.50,-1.500000000e+00,3.594325505e-06,6.357421693e-01,-2.138520628e-08
pi-1.50,-1.500000000e+00,3.599846743e-06,6.367187318e-01,-2.144690684e-08
pi-1.50,-1.500000000e+00,3.605367980e-06,6.376952943e-01,-2.147981043e-08
pi-1.50,-1.500000000e+00,3.610889217e-06,6.386718567e-01,-2.140673434e-08
pi-1.50,-1.500000000e+00,3.616410455e-06,6.396484192e-01,-2.141766618e-08
pi-1.50,-1.500000000e+00,3.621931692e-06,6.406249817e-01,-2.144652091e-08
pi-1.50,-1.500000000e+00,3.627452929e-06,6.416015442e-01,-2.146254431e-08
pi-1.50,-1.500000000e+00,3.632974167e-06,6.425781066e-01,-2.139245829e-08
pi-1.50,-1.500000000e+00,3.638495404e-06,6.435546691e-01,-2.143153256e-08
pi-1.50,-1.500000000e+00,3.644016641e-06,6.445312316e-01,-2.144037659e-08
pi-1.50,-1.500000000e+00,3.649537879e-06,6.455077941e-01,-2.145900413e-08
pi-1.50,-1.500000000e+00,3.655059116e-06,6.464843565e-01,-2.143551341e-08
pi-1.50,-1.500000000e+00,3.660580353e-06,6.474609190e-01,-2.140310119e-08
pi-1.50,-1.500000000e+00,3.666101591e-06,6.484374815e-01,-2.143091664e-08
pi-1.50,-1.500000000e+00,3.671622828e-06,6.494140439e-01,-2.146584063e-08
pi-1.50,-1.500000000e+00,3.677144065e-06,6.503906064e-01,-2.144456348e-08
pi-1.50,-1.500000000e+00,3.682665303e-06,6.513671689e-01,-2.139215184e-08
pi-1.50,-1.500000000e+00,3.688186540e-06,6.523437314e-01,-2.146563982e-08
pi-1.50,-1.500000000e+00,3.693707778e-06,6.533202938e-01,-2.142554176e-08
pi-1.50,-1.500000000e+00,3.699229015e-06,6.542968563e-01,-2.143488642e-08
pi-1.50,-1.500000000e+00,3.704750252e-06,6.552734188e-01,-2.144465725e-08
pi-1.50,-1.500000000e+00,3.710271490e-06,6.562499812e-01,-2.141912138e-08
pi-1.50,-1.500000000e+00,3.715792727e-06,6.572265437e-01,-2.144041442e-08
pi-1.50,-1.500000000e+00,3.721313964e-06,6.582031062e-01,-2.142070011e-08
pi-1.50,-1.500000000e+00,3.726835202e-06,6.591796687e-01,-2.141937169e-08
pi-1.50,-1.500000000e+00,3.732356439e-06,6.601562311e-01,-2.145122533e-08
pi-1.50,-1.500000000e+00,3.737877676e-06,6.611327936e-01,-2.143485845e-08
pi-1.50,-1.500000000e+00,3.743398914e-06,6.621093561e-01,-2.141363885e-08
pi-1.50,-1.500000000e+00,3.748920151e-06,6.630859185e-01,-2.145284170e-08
pi-1.50,-1.500000000e+00,3.754441388e-06,6.640624810e-01,-2.141131340e-08
pi-1.50,-1.500000000e+00,3.759962626e-06,6.650390435e-01,-2.143412240e-08
pi-1.50,-1.500000000e+00,3.765483863e-06,6.660156060e-01,-2.144599010e-08
pi-1.50,-1.500000000e+00,3.771005100e-06,6.669921684e-01,-2.144451278e-08
pi-1.50,-1.500000000e+00,3.776526338e-06,6.679687309e-01,-2.142571984e-08
pi-1.50,-1.500000000e+00,3.782047575e-06,6.689452934e-01,-2.146926612e-08
pi-1.50,-1.500000000e+00,3.787568812e-06,6.699218559e-01,-2.141539969e-08
pi-1.50,-1.500000000e+00,3.793090050e-06,6.708984183e-01,-2.144495324e-08
pi-1.50,-1.500000000e+00,3.798611287e-06,6.718749808e-01,-2.142111140e-08
pi-1.50,-1.500000000e+00,3.804132524e-06,6.728515433e-01,-2.142834148e-08
pi-1.50,-1.500000000e+00,3.809653762e-06,6.738281057e-01,-2.143800164e-08
pi-1.50,-1.500000000e+00,3.815174999e-06,6.748046682e-01,-2.144584402e-08
pi-1.50,-1.500000000e+00,3.820696236e-06,6.757812307e-01,-2.143941639e-08
pi-1.50,-1.500000000e+00,3.826217474e-06,6.767577932e-01,-2.142614742e-08
pi-1.50,-1.500000000e+00,3.831738711e-06,6.777343556e-01,-2.142189674e-08
pi-1.50,-1.500000000e+00,3.837259948e-06,6.787109181e-01,-2.145931058e-08
pi-1.50,-1.500000000e+00,3.842781186e-06,6.796874806e-01,-2.143159936e-08
pi-1.50,-1.500000000e+00,3.848302423e-06,6.806640430e-01,-2.139949943e-08
pi-1.50,-1.500000000e+00,3.853823660e-06,6.816406055e-01,-2.144482547e-08
pi-1.50,-1.500000000e+00,3.859344898e-06,6.826171680e-01,-2.144736521e-08
pi-1.50,-1.500000000e+00,3.864866135e-06,6.835937305e-01,-2.144999832e-08
pi-1.50,-1.500000000e+00,3.870387372e-06,6.845702929e-01,-2.140763820e-08
pi-1.50,-1.500000000e+00,3.875908610e-06,6.855468554e-01,-2.143858255e-08
pi-1.50,-1.500000000e+00,3.881429847e-06,6.865234179e-01,-2.144142613e-08
pi-1.50,-1.500000000e+00,3.886951084e-06,6.874999804e-01,-2.142794770e-08
pi-1.50,-1.500000000e+00,3.892472322e-06,6.884765428e-01,-2.139955094e-08
pi-1.50,-1.500000000e+00,3.897993559e-06,6.894531053e-01,-2.144568828e-08
pi-1.50,-1.500000000e+00,3.903514796e-06,6.904296678e-01,-2.145234811e-08
pi-1.50,-1.500000000e+00,3.909036034e-06,6.914062302e-01,-2.140116026e-08
pi-1.50,-1.500000000e+00,3.914557271e-06,6.923827927e-01,-2.146662396e-08
pi-1.50,-1.500000000e+00,3.920078508e-06,6.933593552e-01,-2.141797585e-08
pi-1.50,-1.500000000e+00,3.925599746e-06,6.943359177e-01,-2.144812802e-08
pi-1.50,-1.500000000e+00,3.931120983e-06,6.953124801e-01,-2.142178628e-08
pi-1.50,-1.500000000e+00,3.936642220e-06,6.962890426e-01,-2.145447275e-08
pi-1.50,-1.500000000e+00,3.942163458e-06,6.972656051e-01,-2.144857452e-08
pi-1.50,-1.500000000e+00,3.947684695e-06,6.982421675e-01,-2.138349192e-08
pi-1.50,-1.500000000e+00,3.953205932e-06,6.992187300e-01,-2.147014483e-08
pi-1.50,-1.500000000e+00,3.958727170e-06,7.001952925e-01,-2.144615892e-08
pi-1.50,-1.500000000e+00,3.964248407e-06,7.011718550e-01,-2.141457772e-08
pi-1.50,-1.500000000e+00,3.969769644e-06,7.021484174e-01,-2.143205693e-08
pi-1.50,-1.500000000e+00,3.975290882e-06,7.031249799e-01,-2.144553193e-08
pi-1.50,-1.500000000e+00,3.980812119e-06,7.041015424e-01,-2.142450631e-08
pi-1.50,-1.500000000e+00,3.986333356e-06,7.050781048e-01,-2.142197723e-08
pi-1.50,-1.500000000e+00,3.991854594e-06,7.060546673e-01,-2.145417294e-08
pi-1.50,-1.500000000e+00,3.997375831e-06,7.070312298e-01,-2.140853301e-08
pi-1.50,-1.500000000e+00,4.002897068e-06,7.080077923e-01,-2.144692736e-08
pi-1.50,-1.500000000e+00,4.008418306e-06,7.089843547e-01,-2.145610199e-08
pi-1.50,-1.500000000e+00,4.013939543e-06,7.099609172e-01,-2.142223096e-08
pi-1.50,-1.500000000e+00,4.019460780e-06,7.109374797e-01,-2.142431294e-08
pi-1.50,-1.500000000e+00,4.024982018e-06,7.119140422e-01,-2.144099875e-08
pi-1.50,-1.500000000e+00,4.030503255e-06,7.128906046e-01,-2.142118907e-08
pi-1.50,-1.500000000e+00,4.036024492e-06,7.138671671e-01,-2.145083698e-08
pi-1.50,-1.500000000e+00,4.041545730e-06,7.148437296e-01,-2.140287482e-08
pi-1.50,-1.500000000e+00,4.047066967e-06,7.158202920e-01,-2.145495869e-08
pi-1.50,-1.500000000e+00,4.052588204e-06,7.167968545e-01,-2.143305455e-08
pi-1.50,-1.500000000e+00,4.058109442e-06,7.177734170e-01,-2.141773963e-08
pi-1.50,-1.500000000e+00,4.063630679e-06,7.187499795e-01,-2.145012106e-08
pi-1.50,-1.500000000e+00,4.069151916e-06,7.197265419e-01,-2.142841774e-08
pi-1.50,-1.500000000e+00,4.074673154e-06,7.207031044e-01,-2.146675053e-08
pi-1.50,-1.500000000e+00,4.080194391e-06,7.216796669e-01,-2.142285252e-08
pi-1.50,-1.500000000e+00,4.085715628e-06,7.226562293e-01,-2.141569004e-08
pi-1.50,-1.500000000e+00,4.091236866e-06,7.236327918e-01,-2.148478790e-08
pi-1.50,-1.500000000e+00,4.096758103e-06,7.246093543e-01,-2.137206669e-08
pi-1.50,-1.500000000e+00,4.102279340e-06,7.255859168e-01,-2.146995891e-08
pi-1.50,-1.500000000e+00,4.107800578e-06,7.265624792e-01,-2.146318056e-08
pi-1.50,-1.500000000e+00,4.113321815e-06,7.275390417e-01,-2.136562337e-08
pi-1.50,-1.500000000e+00,4.118843052e-06,7.285156042e-01,-2.148456053e-08
pi-1.50,-1.500000000e+00,4.124364290e-06,7.294921667e-01,-2.142730381e-08
pi-1.50,-1.500000000e+00,4.129885527e-06,7.304687291e-01,-2.139094193e-08
pi-1.50,-1.500000000e+00,4.135406764e-06,7.314452916e-01,-2.141308470e-08
pi-1.50,-1.500000000e+00,4.140928002e-06,7.324218541e-01,-2.147775702e-08
pi-1.50,-1.500000000e+00,4.146449239e-06,7.333984165e-01,-2.143115367e-08
pi-1.50,-1.500000000e+00,4.151970476e-06,7.343749790e-01,-2.141807324e-08
pi-1.50,-1.500000000e+00,4.157491714e-06,7.353515415e-01,-2.142114601e-08
pi-1.50,-1.500000000e+00,4.163012951e-06,7.363281040e-01,-2.147274333e-08
pi-1.50,-1.500000000e+00,4.168534188e-06,7.373046664e-01,-2.147675638e-08
pi-1.50,-1.500000000e+00,4.174055426e-06,7.382812289e-01,-2.138283777e-08
pi-1.50,-1.500000000e+00,4.179576663e-06,7.392577914e-01,-2.147290370e-08
pi-1.50,-1.500000000e+00,4.185097900e-06,7.402343538e-01,-2.137072821e-08
pi-1.50,-1.500000000e+00,4.190619138e-06,7.412109163e-01,-2.146711553e-08
pi-1.50,-1.500000000e+00,4.196140375e-06,7.421874788e-01,-2.143851132e-08
pi-1.50,-1.500000000e+00,4.201661612e-06,7.431640413e-01,-2.145794996e-08
pi-1.50,-1.500000000e+00,4.207182850e-06,7.441406037e-01,-2.141814186e-08
pi-1.50,-1.500000000e+00,4.212704087e-06,7.451171662e-01,-2.140955397e-08
pi-1.50,-1.500000000e+00,4.218225324e-06,7.460937287e-01,-2.146293145e-08
pi-1.50,-1.500000000e+00,4.223746562e-06,7.470702911e-01,-2.139133249e-08
pi-1.50,-1.500000000e+00,4.229267799e-06,7.480468536e-01,-2.141913486e-08
pi-1.50,-1.500000000e+00,4.234789036e-06,7.490234161e-01,-2.144083898e-08
pi-1.50,-1.500000000e+00,4.240310274e-06,7.499999786e-01,-2.148614812e-08
pi-1.50,-1.500000000e+00,4.245831511e-06,7.509765410e-01,-2.136730915e-08
pi-1.50,-1.500000000e+00,4.251352748e-06,7.519531035e-01,-2.149970945e-08
pi-1.50,-1.500000000e+00,4.256873986e-06,7.529296660e-01,-2.138951933e-08
pi-1.50,-1.500000000e+00,4.262395223e-06,7.539062285e-01,-2.142545524e-08
pi-1.50,-1.500000000e+00,4.267916460e-06,7.548827909e-01,-2.144415723e-08
pi-1.50,-1.500000000e+00,4.273437698e-06,7.558593534e-01,-2.147458848e-08
pi-1.50,-1.500000000e+00,4.278958935e-06,7.568359159e-01,-2.143512707e-08
pi-1.50,-1.500000000e+00,4.284480172e-06,7.578124783e-01,-2.138147936e-08
pi-1.50,-1.500000000e+00,4.290001410e-06,7.587890408e-01,-2.148111370e-08
pi-1.50,-1.500000000e+00,4.295522647e-06,7.597656033e-01,-2.142877349e-08
pi-1.50,-1.500000000e+00,4.301043884e-06,7.607421658e-01,-2.139072603e-08
pi-1.50,-1.500000000e+00,4.306565122e-06,7.617187282e-01,-2.150587329e-08
pi-1.50,-1.500000000e+00,4.312086359e-06,7.626952907e-01,-2.141141361e-08
pi-1.50,-1.500000000e+00,4.317607596e-06,7.636718532e-01,-2.138408752e-08
pi-1.50,-1.500000000e+00,4.323128834e-06,7.646484156e-01,-2.150685663e-08
pi-1.50,-1.500000000e+00,4.328650071e-06,7.656249781e-01,-2.138652424e-08
pi-1.50,-1.500000000e+00,4.334171308e-06,7.666015406e-01,-2.141199432e-08
pi-1.50,-1.500000000e+00,4.339692546e-06,7.675781031e-01,-2.146893211e-08
pi-1.50,-1.500000000e+00,4.345213783e-06,7.685546655e-01,-2.141396422e-08
pi-1.50,-1.500000000e+00,4.350735020e-06,7.695312280e-01,-2.146785701e-08
pi-1.50,-1.500000000e+00,4.356256258e-06,7.705077905e-01,-2.143148588e-08
pi-1.50,-1.500000000e+00,4.361777495e-06,7.714843530e-01,-2.143962746e-08
pi-1.50,-1.500000000e+00,4.367298732e-06,7.724609154e-01,-2.143319339e-08
pi-1.50,-1.500000000e+00,4.372819970e-06,7.734374779e-01,-2.143431658e-08
pi-1.50,-1.500000000e+00,4.378341207e-06,7.744140404e-01,-2.138138720e-08
pi-1.50,-1.500000000e+00,4.383862444e-06,7.753906028e-01,-2.146702700e-08
pi-1.50,-1.500000000e+00,4.389383682e-06,7.763671653e-01,-2.148731054e-08
pi-1.50,-1.500000000e+00,4.394904919e-06,7.773437278e-01,-2.143667985e-08
pi-1.50,-1.500000000e+00,4.400426156e-06,7.783202903e-01,-2.139229853e-08
pi-1.50,-1.500000000e+00,4.405947394e-06,7.792968527e-01,-2.146136660e-08
pi-1.50,-1.500000000e+00,4.411468631e-06,7.802734152e-01,-2.135153646e-08
pi-1.50,-1.500000000e+00,4.416989868e-06,7.812499777e-01,-2.145311756e-08
pi-1.50,-1.500000000e+00,4.422511106e-06,7.822265401e-01,-2.150346413e-08
pi-1.50,-1.500000000e+00,4.428032343e-06,7.832031026e-01,-2.137919798e-08
pi-1.50,-1.500000000e+00,4.433553580e-06,7.841796651e-01,-2.144311232e-08
pi-1.50,-1.500000000e+00,4.439074818e-06,7.851562276e-01,-2.139634095e-08
pi-1.50,-1.500000000e+00,4.444596055e-06,7.861327900e-01,-2.149216628e-08
pi-1.50,-1.500000000e+00,4.450117292e-06,7.871093525e-01,-2.140281566e-08
pi-1.50,-1.500000000e+00,4.455638530e-06,7.880859150e-01,-2.140487430e-08
pi-1.50,-1.500000000e+00,4.461159767e-06,7.890624774e-01,-2.148602819e-08
pi-1.50,-1.500000000e+00,4.466681004e-06,7.900390399e-01,-2.143780606e-08
pi-1.50,-1.500000000e+00,4.472202242e-06,7.910156024e-01,-2.141888857e-08
pi-1.50,-1.500000000e+00,4.477723479e-06,7.919921649e-01,-2.147471887e-08
pi-1.50,-1.500000000e+00,4.483244716e-06,7.929687273e-01,-2.136319389e-08
pi-1.50,-1.500000000e+00,4.488765954e-06,7.939452898e-01,-2.147517724e-08
pi-1.50,-1.500000000e+00,4.494287191e-06,7.949218523e-01,-2.142162128e-08
pi-1.50,-1.500000000e+00,4.499808428e-06,7.958984148e-01,-2.147925125e-08
pi-1.50,-1.500000000e+00,4.505329666e-06,7.968749772e-01,-2.140415455e-08
pi-1.50,-1.500000000e+00,4.510850903e-06,7.978515397e-01,-2.143992788e-08
pi-1.50,-1.500000000e+00,4.516372141e-06,7.988281022e-01,-2.142908074e-08
pi-1.50,-1.500000000e+00,4.521893378e-06,7.998046646e-01,-2.144063817e-08
pi-1.50,-1.500000000e+00,4.527414615e-06,8.007812271e-01,-2.143570597e-08
pi-1.50,-1.500000000e+00,4.532935853e-06,8.017577896e-01,-2.139607474e-08
pi-1.50,-1.500000000e+00,4.538457090e-06,8.027343521e-01,-2.141714363e-08
pi-1.50,-1.500000000e+00,4.543978327e-06,8.037109145e-01,-2.143230080e-08
pi-1.50,-1.500000000e+00,4.549499565e-06,8.046874770e-01,-2.144900713e-08
pi-1.50,-1.500000000e+00,4.555020802e-06,8.056640395e-01,-2.148073984e-08
pi-1.50,-1.500000000e+00,4.560542039e-06,8.066406019e-01,-2.139226512e-08
pi-1.50,-1.500000000e+00,4.566063277e-06,8.076171644e-01,-2.145961542e-08
pi-1.50,-1.500000000e+00,4.571584514e-06,8.085937269e-01,-2.139848812e-08
pi-1.50,-1.500000000e+00,4.577105751e-06,8.095702894e-01,-2.142336018e-08
pi-1.50,-1.500000000e+00,4.582626989e-06,8.105468518e-01,-2.149326753e-08
pi-1.50,-1.500000000e+00,4.588148226e-06,8.115234143e-01,-2.143583455e-08
pi-1.50,-1.500000000e+00,4.593669463e-06,8.124999768e-01,-2.140424329e-08
pi-1.50,-1.500000000e+00,4.599190701e-06,8.134765393e-01,-2.144443189e-08
pi-1.50,-1.500000000e+00,4.604711938e-06,8.144531017e-01,-2.144405783e-08
pi-1.50,-1.500000000e+00,4.610233175e-06,8.154296642e-01,-2.137866013e-08
pi-1.50,-1.500000000e+00,4.615754413e-06,8.164062267e-01,-2.149769085e-08
pi-1.50,-1.500000000e+00,4.621275650e-06,8.173827891e-01,-2.139424991e-08
pi-1.50,-1.500000000e+00,4.626796887e-06,8.183593516e-01,-2.145991040e-08
pi-1.50,-1.500000000e+00,4.632318125e-06,8.193359141e-01,-2.142878214e-08
pi-1.50,-1.500000000e+00,4.637839362e-06,8.203124766e-01,-2.143400429e-08
pi-1.50,-1.500000000e+00,4.643360599e-06,8.212890390e-01,-2.144890028e-08
pi-1.50,-1.500000000e+00,4.648881837e-06,8.222656015e-01,-2.141923667e-08
pi-1.50,-1.500000000e+00,4.654403074e-06,8.232421640e-01,-2.146900253e-08
pi-1.50,-1.500000000e+00,4.659924311e-06,8.242187264e-01,-2.140082383e-08
pi-1.50,-1.500000000e+00,4.665445549e-06,8.251952889e-01,-2.139141398e-08
pi-1.50,-1.500000000e+00,4.670966786e-06,8.261718514e-01,-2.147447519e-08
pi-1.50,-1.500000000e+00,4.676488023e-06,8.271484139e-01,-2.141496024e-08
pi-1.50,-1.500000000e+00,4.682009261e-06,8.281249763e-01,-2.143483149e-08
pi-1.50,-1.500000000e+00,4.687530498e-06,8.291015388e-01,-2.146754714e-08
pi-1.50,-1.500000000e+00,4.693051735e-06,8.300781013e-01,-2.142907652e-08
pi-1.50,-1.500000000e+00,4.698572973e-06,8.310546637e-01,-2.144125208e-08
pi-1.50,-1.500000000e+00,4.704094210e-06,8.320312262e-01,-2.144599896e-08
pi-1.50,-1.500000000e+00,4.709615447e-06,8.330077887e-01,-2.138452235e-08
pi-1.50,-1.500000000e+00,4.715136685e-06,8.339843512e-01,-2.144198088e-08
pi-1.50,-1.500000000e+00,4.720657922e-06,8.349609136e-01,-2.140526365e-08
pi-1.50,-1.500000000e+00,4.726179159e-06,8.359374761e-01,-2.148531428e-08
pi-1.50,-1.500000000e+00,4.731700397e-06,8.369140386e-01,-2.141466968e-08
pi-1.50,-1.500000000e+00,4.737221634e-06,8.378906011e-01,-2.143055203e-08
pi-1.50,-1.500000000e+00,4.742742871e-06,8.388671635e-01,-2.140749614e-08
pi-1.50,-1.500000000e+00,4.748264109e-06,8.398437260e-01,-2.147727028e-08
pi-1.50,-1.500000000e+00,4.753785346e-06,8.408202885e-01,-2.144937435e-08
pi-1.50,-1.500000000e+00,4.759306583e-06,8.417968509e-01,-2.144266119e-08
pi-1.50,-1.500000000e+00,4.764827821e-06,8.427734134e-01,-2.136841966e-08
pi-1.50,-1.500000000e+00,4.770349058e-06,8.437499759e-01,-2.148907258e-08
pi-1.50,-1.500000000e+00,4.775870295e-06,8.447265384e-01,-2.144176135e-08
pi-1.50,-1.500000000e+00,4.781391533e-06,8.457031008e-01,-2.138329694e-08
pi-1.50,-1.500000000e+00,4.786912770e-06,8.466796633e-01,-2.141944533e-08
pi-1.50,-1.500000000e+00,4.792434007e-06,8.476562258e-01,-2.148552998e-08
pi-1.50,-1.500000000e+00,4.797955245e-06,8.486327882e-01,-2.143802237e-08
pi-1.50,-1.500000000e+00,4.803476482e-06,8.496093507e-01,-2.140693535e-08
pi-1.50,-1.500000000e+00,4.808997719e-06,8.505859132e-01,-2.143153517e-08
pi-1.50,-1.500000000e+00,4.814518957e-06,8.515624757e-01,-2.140586871e-08
pi-1.50,-1.500000000e+00,4.820040194e-06,8.525390381e-01,-2.151259027e-08
pi-1.50,-1.500000000e+00,4.825561431e-06,8.535156006e-01,-2.143484577e-08
pi-1.50,-1.500000000e+00,4.831082669e-06,8.544921631e-01,-2.135444342e-08
pi-1.50,-1.500000000e+00,4.836603906e-06,8.554687256e-01,-2.143963028e-08
pi-1.50,-1.500000000e+00,4.842125143e-06,8.564452880e-01,-2.145242679e-08
pi-1.50,-1.500000000e+00,4.847646381e-06,8.574218505e-01,-2.142741669e-08
pi-1.50,-1.500000000e+00,4.853167618e-06,8.583984130e-01,-2.142779156e-08
pi-1.50,-1.500000000e+00,4.858688855e-06,8.593749754e-01,-2.145081646e-08
pi-1.50,-1.500000000e+00,4.864210093e-06,8.603515379e-01,-2.147823692e-08
pi-1.50,-1.500000000e+00,4.869731330e-06,8.613281004e-01,-2.137245705e-08
pi-1.50,-1.500000000e+00,4.875252567e-06,8.623046629e-01,-2.147416955e-08
pi-1.50,-1.500000000e+00,4.880773805e-06,8.632812253e-01,-2.143419967e-08
pi-1.50,-1.500000000e+00,4.886295042e-06,8.642577878e-01,-2.146951805e-08
pi-1.50,-1.500000000e+00,4.891816279e-06,8.652343503e-01,-2.135284799e-08
pi-1.50,-1.500000000e+00,4.897337517e-06,8.662109127e-01,-2.147165496e-08
pi-1.50,-1.500000000e+00,4.902858754e-06,8.671874752e-01,-2.143779620e-08
pi-1.50,-1.500000000e+00,4.908379991e-06,8.681640377e-01,-2.141567093e-08
pi-1.50,-1.500000000e+00,4.913901229e-06,8.691406002e-01,-2.147641693e-08
pi-1.50,-1.500000000e+00,4.919422466e-06,8.701171626e-01,-2.137484206e-08
pi-1.50,-1.500000000e+00,4.924943703e-06,8.710937251e-01,-2.146189016e-08
pi-1.50,-1.500000000e+00,4.930464941e-06,8.720702876e-01,-2.140780762e-08
pi-1.50,-1.500000000e+00,4.935986178e-06,8.730468500e-01,-2.148544366e-08
pi-1.50,-1.500000000e+00,4.941507415e-06,8.740234125e-01,-2.143210642e-08
pi-1.50,-1.500000000e+00,4.947028653e-06,8.749999750e-01,-2.140966907e-08
pi-1.50,-1.500000000e+00,4.952549890e-06,8.759765375e-01,-2.141011798e-08
pi-1.50,-1.500000000e+00,4.958071127e-06,8.769530999e-01,-2.145031584e-08
pi-1.50,-1.500000000e+00,4.963592365e-06,8.779296624e-01,-2.145297631e-08
pi-1.50,-1.500000000e+00,4.969113602e-06,8.789062249e-01,-2.141649893e-08
pi-1.50,-1.500000000e+00,4.974634839e-06,8.798827874e-01,-2.139985357e-08
pi-1.50,-1.500000000e+00,4.980156077e-06,8.808593498e-01,-2.151329211e-08
pi-1.50,-1.500000000e+00,4.985677314e-06,8.818359123e-01,-2.141995159e-08
pi-1.50,-1.500000000e+00,4.991198551e-06,8.828124748e-01,-2.144348195e-08
pi-1.50,-1.500000000e+00,4.996719789e-06,8.837890372e-01,-2.140907951e-08
pi-1.50,-1.500000000e+00,5.002241026e-06,8.847655997e-01,-2.140068600e-08
pi-1.50,-1.500000000e+00,5.007762263e-06,8.857421622e-01,-2.141340846e-08
pi-1.50,-1.500000000e+00,5.013283501e-06,8.867187247e-01,-2.150543443e-08
pi-1.50,-1.500000000e+00,5.018804738e-06,8.876952871e-01,-2.143048362e-08
pi-1.50,-1.500000000e+00,5.024325975e-06,8.886718496e-01,-2.141648545e-08
pi-1.50,-1.500000000e+00,5.029847213e-06,8.896484121e-01,-2.145118428e-08
pi-1.50,-1.500000000e+00,5.035368450e-06,8.906249745e-01,-2.143251268e-08
pi-1.50,-1.500000000e+00,5.040889687e-06,8.916015370e-01,-2.141681363e-08
pi-1.50,-1.500000000e+00,5.046410925e-06,8.925780995e-01,-2.146658311e-08
pi-1.50,-1.500000000e+00,5.051932162e-06,8.935546620e-01,-2.135151332e-08
pi-1.50,-1.500000000e+00,5.057453399e-06,8.945312244e-01,-2.144496571e-08
pi-1.50,-1.500000000e+00,5.062974637e-06,8.955077869e-01,-2.147145012e-08
pi-1.50,-1.500000000e+00,5.068495874e-06,8.964843494e-01,-2.141556328e-08
pi-1.50,-1.500000000e+00,5.074017111e-06,8.974609119e-01,-2.143344511e-08
pi-1.50,-1.500000000e+00,5.079538349e-06,8.984374743e-01,-2.143896788e-08
pi-1.50,-1.500000000e+00,5.085059586e-06,8.994140368e-01,-2.141683979e-08
pi-1.50,-1.500000000e+00,5.090580823e-06,9.003905993e-01,-2.145103840e-08
pi-1.50,-1.500000000e+00,5.096102061e-06,9.013671617e-01,-2.145437556e-08
pi-1.50,-1.500000000e+00,5.101623298e-06,9.023437242e-01,-2.145622313e-08
pi-1.50,-1.500000000e+00,5.107144535e-06,9.033202867e-01,-2.142256538e-08
pi-1.50,-1.500000000e+00,5.112665773e-06,9.042968492e-01,-2.138207878e-08
pi-1.50,-1.500000000e+00,5.118187010e-06,9.052734116e-01,-2.143864030e-08
pi-1.50,-1.500000000e+00,5.123708247e-06,9.062499741e-01,-2.148212904e-08
pi-1.50,-1.500000000e+00,5.129229485e-06,9.072265366e-01,-2.139698162e-08
pi-1.50,-1.500000000e+00,5.134750722e-06,9.082030990e-01,-2.140808349e-08
pi-1.50,-1.500000000e+00,5.140271959e-06,9.091796615e-01,-2.152194176e-08
pi-1.50,-1.500000000e+00,5.145793197e-06,9.101562240e-01,-2.138161136e-08
pi-1.50,-1.500000000e+00,5.151314434e-06,9.111327865e-01,-2.147722179e-08
pi-1.50,-1.500000000e+00,5.156835671e-06,9.121093489e-01,-2.137868226e-08
pi-1.50,-1.500000000e+00,5.162356909e-06,9.130859114e-01,-2.145435001e-08
pi-1.50,-1.500000000e+00,5.167878146e-06,9.140624739e-01,-2.144220141e-08
pi-1.50,-1.500000000e+00,5.173399383e-06,9.150390363e-01,-2.144353728e-08
pi-1.50,-1.500000000e+00,5.178920621e-06,9.160155988e-01,-2.143954275e-08
pi-1.50,-1.500000000e+00,5.184441858e-06,9.169921613e-01,-2.140833682e-08
pi-1.50,-1.500000000e+00,5.189963095e-06,9.179687238e-01,-2.140144378e-08
pi-1.50,-1.500000000e+00,5.195484333e-06,9.189452862e-01,-2.147303348e-08
pi-1.50,-1.500000000e+00,5.201005570e-06,9.199218487e-01,-2.137933883e-08
pi-1.50,-1.500000000e+00,5.206526807e-06,9.208984112e-01,-2.146710004e-08
pi-1.50,-1.500000000e+00,5.212048045e-06,9.218749737e-01,-2.149198760e-08
pi-1.50,-1.500000000e+00,5.217569282e-06,9.228515361e-01,-2.135865849e-08
pi-1.50,-1.500000000e+00,5.223090519e-06,9.238280986e-01,-2.150905229e-08
pi-1.50,-1.500000000e+00,5.228611757e-06,9.248046611e-01,-2.145412646e-08
pi-1.50,-1.500000000e+00,5.234132994e-06,9.257812235e-01,-2.134156884e-08
pi-1.50,-1.500000000e+00,5.239654231e-06,9.267577860e-01,-2.146611086e-08
pi-1.50,-1.500000000e+00,5.245175469e-06,9.277343485e-01,-2.138588437e-08
pi-1.50,-1.500000000e+00,5.250696706e-06,9.287109110e-01,-2.149345868e-08
pi-1.50,-1.500000000e+00,5.256217943e-06,9.296874734e-01,-2.144434396e-08
pi-1.50,-1.500000000e+00,5.261739181e-06,9.306640359e-01,-2.143361916e-08
pi-1.50,-1.500000000e+00,5.267260418e-06,9.316405984e-01,-2.141016366e-08
pi-1.50,-1.500000000e+00,5.272781655e-06,9.326171608e-01,-2.142300303e-08
pi-1.50,-1.500000000e+00,5.278302893e-06,9.335937233e-01,-2.141835434e-08
pi-1.50,-1.500000000e+00,5.283824130e-06,9.345702858e-01,-2.149528150e-08
pi-1.50,-1.500000000e+00,5.289345367e-06,9.355468483e-01,-2.140150434e-08
pi-1.50,-1.500000000e+00,5.294866605e-06,9.365234107e-01,-2.143092308e-08
pi-1.50,-1.500000000e+00,5.300387842e-06,9.374999732e-01,-2.143283281e-08
pi-1.50,-1.500000000e+00,5.305909079e-06,9.384765357e-01,-2.140167256e-08
pi-1.50,-1.500000000e+00,5.311430317e-06,9.394530982e-01,-2.148110565e-08
pi-1.50,-1.500000000e+00,5.316951554e-06,9.404296606e-01,-2.142210842e-08
pi-1.50,-1.500000000e+00,5.322472791e-06,9.414062231e-01,-2.141395778e-08
pi-1.50,-1.500000000e+00,5.327994029e-06,9.423827856e-01,-2.150286330e-08
pi-1.50,-1.500000000e+00,5.333515266e-06,9.433593480e-01,-2.133625172e-08
pi-1.50,-1.500000000e+00,5.339036504e-06,9.443359105e-01,-2.150080466e-08
pi-1.50,-1.500000000e+00,5.344557741e-06,9.453124730e-01,-2.139845069e-08
pi-1.50,-1.500000000e+00,5.350078978e-06,9.462890355e-01,-2.146733948e-08
pi-1.50,-1.500000000e+00,5.355600216e-06,9.472655979e-01,-2.144949065e-08
pi-1.50,-1.500000000e+00,5.361121453e-06,9.482421604e-01,-2.134115635e-08
pi-1.50,-1.500000000e+00,5.366642690e-06,9.492187229e-01,-2.148018569e-08
pi-1.50,-1.500000000e+00,5.372163928e-06,9.501952853e-01,-2.141031417e-08
pi-1.50,-1.500000000e+00,5.377685165e-06,9.511718478e-01,-2.142435137e-08
pi-1.50,-1.500000000e+00,5.383206402e-06,9.521484103e-01,-2.150984106e-08
pi-1.50,-1.500000000e+00,5.388727640e-06,9.531249728e-01,-2.146225517e-08
pi-1.50,-1.500000000e+00,5.394248877e-06,9.541015352e-01,-2.141623031e-08
pi-1.50,-1.500000000e+00,5.399770114e-06,9.550780977e-01,-2.141530955e-08
pi-1.50,-1.500000000e+00,5.405291352e-06,9.560546602e-01,-2.139738606e-08
pi-1.50,-1.500000000e+00,5.410812589e-06,9.570312226e-01,-2.150105055e-08
pi-1.50,-1.500000000e+00,5.416333826e-06,9.580077851e-01,-2.141933748e-08
pi-1.50,-1.500000000e+00,5.421855064e-06,9.589843476e-01,-2.138562762e-08
pi-1.50,-1.500000000e+00,5.427376301e-06,9.599609101e-01,-2.149030241e-08
pi-1.50,-1.500000000e+00,5.432897538e-06,9.609374725e-01,-2.141902781e-08
pi-1.50,-1.500000000e+00,5.438418776e-06,9.619140350e-01,-2.141619590e-08
pi-1.50,-1.500000000e+00,5.443940013e-06,9.628905975e-01,-2.145804735e-08
pi-1.50,-1.500000000e+00,5.449461250e-06,9.638671600e-01,-2.143722817e-08
pi-1.50,-1.500000000e+00,5.454982488e-06,9.648437224e-01,-2.144274148e-08
pi-1.50,-1.500000000e+00,5.460503725e-06,9.658202849e-01,-2.140827263e-08
pi-1.50,-1.500000000e+00,5.466024962e-06,9.667968474e-01,-2.146278416e-08
pi-1.50,-1.500000000e+00,5.471546200e-06,9.677734098e-01,-2.145052510e-08
pi-1.50,-1.500000000e+00,5.477067437e-06,9.687499723e-01,-2.140548660e-08
pi-1.50,-1.500000000e+00,5.482588674e-06,9.697265348e-01,-2.135344519e-08
pi-1.50,-1.500000000e+00,5.488109912e-06,9.707030973e-01,-2.149126644e-08
pi-1.50,-1.500000000e+00,5.493631149e-06,9.716796597e-01,-2.149133224e-08
pi-1.50,-1.500000000e+00,5.499152386e-06,9.726562222e-01,-2.134572676e-08
pi-1.50,-1.500000000e+00,5.504673624e-06,9.736327847e-01,-2.147920517e-08
pi-1.50,-1.500000000e+00,5.510194861e-06,9.746093471e-01,-2.143649957e-08
pi-1.50,-1.500000000e+00,5.515716098e-06,9.755859096e-01,-2.143683399e-08
pi-1.50,-1.500000000e+00,5.521237336e-06,9.765624721e-01,-2.141671343e-08
pi-1.50,-1.500000000e+00,5.526758573e-06,9.775390346e-01,-2.146173945e-08
pi-1.50,-1.500000000e+00,5.532279810e-06,9.785155970e-01,-2.135050080e-08
pi-1.50,-1.500000000e+00,5.537801048e-06,9.794921595e-01,-2.151357622e-08
pi-1.50,-1.500000000e+00,5.543322285e-06,9.804687220e-01,-2.138300659e-08
pi-1.50,-1.500000000e+00,5.548843522e-06,9.814452845e-01,-2.148223769e-08
pi-1.50,-1.500000000e+00,5.554364760e-06,9.824218469e-01,-2.135402872e-08
pi-1.50,-1.500000000e+00,5.559885997e-06,9.833984094e-01,-2.146552351e-08
pi-1.50,-1.500000000e+00,5.565407234e-06,9.843749719e-01,-2.149914021e-08
pi-1.50,-1.500000000e+00,5.570928472e-06,9.853515343e-01,-2.134187469e-08
pi-1.50,-1.500000000e+00,5.576449709e-06,9.863280968e-01,-2.145989068e-08
pi-1.50,-1.500000000e+00,5.581970946e-06,9.873046593e-01,-2.148787756e-08
pi-1.50,-1.500000000e+00,5.587492184e-06,9.882812218e-01,-2.140505057e-08
pi-1.50,-1.500000000e+00,5.593013421e-06,9.892577842e-01,-2.148035773e-08
pi-1.50,-1.500000000e+00,5.598534658e-06,9.902343467e-01,-2.140354165e-08
pi-1.50,-1.500000000e+00,5.604055896e-06,9.912109092e-01,-2.144297207e-08
pi-1.50,-1.500000000e+00,5.609577133e-06,9.921874716e-01,-2.141570373e-08
pi-1.50,-1.500000000e+00,5.615098370e-06,9.931640341e-01,-2.142603857e-08
pi-1.50,-1.500000000e+00,5.620619608e-06,9.941405966e-01,-2.146446411e-08
pi-1.50,-1.500000000e+00,5.626140845e-06,9.951171591e-01,-2.138096224e-08
pi-1.50,-1.500000000e+00,5.631662082e-06,9.960937215e-01,-2.149921285e-08
pi-1.50,-1.500000000e+00,5.637183320e-06,9.970702840e-01,-2.142658145e-08
pi-1.50,-1.500000000e+00,5.642704557e-06,9.980468465e-01,-2.145142856e-08
pi-1.50,-1.500000000e+00,5.648225794e-06,9.990234089e-01,-2.134149922e-08
pi-1.50,-1.500000000e+00,5.653747032e-06,9.999999714e-01,-2.134143161e-08
pi-1.00,-1.000000000e+00,0.000000000e+00,0.000000000e+00,-1.452998514e-08
pi-1.00,-1.000000000e+00,1.022653814e-08,1.953124915e-03,-1.936670533e-08
pi-1.00,-1.000000000e+00,2.045307628e-08,3.906249830e-03,-2.154743196e-08
pi-1.00,-1.000000000e+00,3.067961442e-08,5.859374745e-03,-2.171340770e-08
pi-1.00,-1.000000000e+00,4.090615256e-08,7.812499660e-03,-2.176883819e-08
pi-1.00,-1.000000000e+00,5.113269070e-08,9.765624574e-03,-2.176255422e-08
pi-1.00,-1.000000000e+00,6.135922884e-08,1.171874949e-02,-2.178625461e-08
pi-1.00,-1.000000000e+00,7.158576698e-08,1.367187440e-02,-2.178290235e-08
pi-1.00,-1.000000000e+00,8.181230512e-08,1.562499932e-02,-2.178287821e-08
pi-1.00,-1.000000000e+00,9.203884326e-08,1.757812423e-02,-2.177971127e-08
pi-1.00,-1.000000000e+00,1.022653814e-07,1.953124915e-02,-2.179370240e-08
pi-1.00,-1.000000000e+00,1.124919195e-07,2.148437406e-02,-2.178082702e-08
pi-1.00,-1.000000000e+00,1.227184577e-07,2.343749898e-02,-2.178696872e-08
pi-1.00,-1.000000000e+00,1.329449958e-07,2.539062389e-02,-2.179759351e-08
pi-1.00,-1.000000000e+00,1.431715340e-07,2.734374881e-02,-2.177484870e-08
pi-1.00,-1.000000000e+00,1.533980721e-07,2.929687372e-02,-2.179312652e-08
pi-1.00,-1.000000000e+00,1.636246102e-07,3.124999864e-02,-2.178444045e-08
pi-1.00,-1.000000000e+00,1.738511484e-07,3.320312355e-02,-2.179080027e-08
pi-1.00,-1.000000000e+00,1.840776865e-07,3.515624847e-02,-2.178300115e-08
pi-1.00,-1.000000000e+00,1.943042247e-07,3.710937338e-02,-2.179225788e-08
pi-1.00,-1.000000000e+00,2.045307628e-07,3.906249830e-02,-2.178831083e-08
pi-1.00,-1.000000000e+00,2.147573009e-07,4.101562321e-02,-2.179082059e-08
pi-1.00,-1.000000000e+00,2.249838391e-07,4.296874813e-02,-2.177819250e-08
pi-1.00,-1.000000000e+00,2.352103772e-07,4.492187304e-02,-2.178966984e-08
pi-1.00,-1.000000000e+00,2.454369154e-07,4.687499796e-02,-2.179302813e-08
pi-1.00,-1.000000000e+00,2.556634535e-07,4.882812287e-02,-2.178518474e-08
pi-1.00,-1.000000000e+00,2.658899916e-07,5.078124779e-02,-2.178285326e-08
pi-1.00,-1.000000000e+00,2.761165298e-07,5.273437270e-02,-2.179295147e-08
pi-1.00,-1.000000000e+00,2.863430679e-07,5.468749762e-02,-2.179067370e-08
pi-1.00,-1.000000000e+00,2.965696061e-07,5.664062253e-02,-2.179134436e-08
pi-1.00,-1.000000000e+00,3.067961442e-07,5.859374745e-02,-2.177910199e-08
pi-1.00,-1.000000000e+00,3.170226823e-07,6.054687236e-02,-2.178860581e-08
pi-1.00,-1.000000000e+00,3.272492205e-07,6.249999728e-02,-2.179351165e-08
pi-1.00,-1.000000000e+00,3.374757586e-07,6.445312219e-02,-2.177596645e-08
pi-1.00,-1.000000000e+00,3.477022968e-07,6.640624711e-02,-2.179953021e-08
pi-1.00,-1.000000000e+00,3.579288349e-07,6.835937202e-02,-2.178525255e-08
pi-1.00,-1.000000000e+00,3.681553730e-07,7.031249694e-02,-2.178477909e-08
pi-1.00,-1.000000000e+00,3.783819112e-07,7.226562185e-02,-2.178912595e-08
pi-1.00,-1.000000000e+00,3.886084493e-07,7.421874677e-02,-2.178826878e-08
pi-1.00,-1.000000000e+00,3.988349875e-07,7.617187168e-02,-2.179227256e-08
pi-1.00,-1.000000000e+00,4.090615256e-07,7.812499660e-02,-2.177987849e-08
pi-1.00,-1.000000000e+00,4.192880638e-07,8.007812151e-02,-2.179039643e-08
pi-1.00,-1.000000000e+00,4.295146019e-07,8.203124643e-02,-2.179157274e-08
pi-1.00,-1.000000000e+00,4.397411400e-07,8.398437134e-02,-2.178080629e-08
pi-1.00,-1.000000000e+00,4.499676782e-07,8.593749626e-02,-2.179588016e-08
pi-1.00,-1.000000000e+00,4.601942163e-07,8.789062117e-02,-2.178232185e-08
pi-1.00,-1.000000000e+00,4.704207545e-07,8.984374608e-02,-2.179683613e-08
pi-1.00,-1.000000000e+00,4.806472926e-07,9.179687100e-02,-2.177453279e-08
pi-1.00,-1.000000000e+00,4.908738307e-07,9.374999591e-02,-2.180067372e-08
pi-1.00,-1.000000000e+00,5.011003689e-07,9.570312083e-02,-2.177876476e-08
pi-1.00,-1.000000000e+00,5.113269070e-07,9.765624574e-02,-2.179383963e-08
pi-1.00,-1.000000000e+00,5.215534452e-07,9.960937066e-02,-2.178806474e-08
pi-1.00,-1.000000000e+00,5.317799833e-07,1.015624956e-01,-2.178461591e-08
pi-1.00,-1.000000000e+00,5.420065214e-07,1.035156205e-01,-2.178593407e-08
pi-1.00,-1.000000000e+00,5.522330596e-07,1.054687454e-01,-2.179338267e-08
pi-1.00,-1.000000000e+00,5.624595977e-07,1.074218703e-01,-2.177801322e-08
pi-1.00,-1.000000000e+00,5.726861359e-07,1.093749952e-01,-2.180077151e-08
pi-1.00,-1.000000000e+00,5.829126740e-07,1.113281201e-01,-2.178091153e-08
pi-1.00,-1.000000000e+00,5.931392121e-07,1.132812451e-01,-2.178898047e-08
pi-1.00,-1.000000000e+00,6.033657503e-07,1.152343700e-01,-2.178349272e-08
pi-1.00,-1.000000000e+00,6.135922884e-07,1.171874949e-01,-2.179238565e-08
pi-1.00,-1.000000000e+00,6.238188266e-07,1.191406198e-01,-2.179409377e-08
pi-1.00,-1.000000000e+00,6.340453647e-07,1.210937447e-01,-2.177576463e-08
pi-1.00,-1.000000000e+00,6.442719028e-07,1.230468696e-01,-2.179475577e-08
pi-1.00,-1.000000000e+00,6.544984410e-07,1.249999946e-01,-2.178590188e-08
pi-1.00,-1.000000000e+00,6.647249791e-07,1.269531195e-01,-2.178660170e-08
pi-1.00,-1.000000000e+00,6.749515173e-07,1.289062444e-01,-2.179089383e-08
pi-1.00,-1.000000000e+00,6.851780554e-07,1.308593693e-01,-2.179419417e-08
pi-1.00,-1.000000000e+00,6.954045935e-07,1.328124942e-01,-2.177943058e-08
pi-1.00,-1.000000000e+00,7.056311317e-07,1.347656191e-01,-2.178166709e-08
pi-1.00,-1.000000000e+00,7.158576698e-07,1.367187440e-01,-2.180367666e-08
pi-1.00,-1.000000000e+00,7.260842080e-07,1.386718690e-01,-2.177610972e-08
pi-1.00,-1.000000000e+00,7.363107461e-07,1.406249939e-01,-2.179373540e-08
pi-1.00,-1.000000000e+00,7.465372842e-07,1.425781188e-01,-2.178536865e-08
pi-1.00,-1.000000000e+00,7.567638224e-07,1.445312437e-01,-2.178364725e-08
pi-1.00,-1.000000000e+00,7.669903605e-07,1.464843686e-01,-2.179896882e-08
pi-1.00,-1.000000000e+00,7.772168987e-07,1.484374935e-01,-2.177906980e-08
pi-1.00,-1.000000000e+00,7.874434368e-07,1.503906184e-01,-2.179557371e-08
pi-1.00,-1.000000000e+00,7.976699749e-07,1.523437434e-01,-2.177586564e-08
pi-1.00,-1.000000000e+00,8.078965131e-07,1.542968683e-01,-2.179862394e-08
pi-1.00,-1.000000000e+00,8.181230512e-07,1.562499932e-01,-2.178168480e-08
pi-1.00,-1.000000000e+00,8.283495894e-07,1.582031181e-01,-2.179114656e-08
pi-1.00,-1.000000000e+00,8.385761275e-07,1.601562430e-01,-2.178461671e-08
pi-1.00,-1.000000000e+00,8.488026656e-07,1.621093679e-01,-2.179815188e-08
pi-1.00,-1.000000000e+00,8.590292038e-07,1.640624929e-01,-2.177638961e-08
pi-1.00,-1.000000000e+00,8.692557419e-07,1.660156178e-01,-2.179460948e-08
pi-1.00,-1.000000000e+00,8.794822801e-07,1.679687427e-01,-2.177757940e-08
pi-1.00,-1.000000000e+00,8.897088182e-07,1.699218676e-01,-2.179951291e-08
pi-1.00,-1.000000000e+00,8.999353563e-07,1.718749925e-01,-2.178230132e-08
pi-1.00,-1.000000000e+00,9.101618945e-07,1.738281174e-01,-2.179016765e-08
pi-1.00,-1.000000000e+00,9.203884326e-07,1.757812423e-01,-2.178431750e-08
pi-1.00,-1.000000000e+00,9.306149708e-07,1.777343673e-01,-2.179777803e-08
pi-1.00,-1.000000000e+00,9.408415089e-07,1.796874922e-01,-2.178044028e-08
pi-1.00,-1.000000000e+00,9.510680470e-07,1.816406171e-01,-2.178338105e-08
pi-1.00,-1.000000000e+00,9.612945852e-07,1.835937420e-01,-2.179734984e-08
pi-1.00,-1.000000000e+00,9.715211233e-07,1.855468669e-01,-2.177961308e-08
pi-1.00,-1.000000000e+00,9.817476615e-07,1.874999918e-01,-2.179418009e-08
pi-1.00,-1.000000000e+00,9.919741996e-07,1.894531167e-01,-2.178280456e-08
pi-1.00,-1.000000000e+00,1.002200738e-06,1.914062417e-01,-2.178923783e-08
pi-1.00,-1.000000000e+00,1.012427276e-06,1.933593666e-01,-2.179848168e-08
pi-1.00,-1.000000000e+00,1.022653814e-06,1.953124915e-01,-2.177550325e-08
pi-1.00,-1.000000000e+00,1.032880352e-06,1.972656164e-01,-2.179189589e-08
pi-1.00,-1.000000000e+00,1.043106890e-06,1.992187413e-01,-2.178747860e-08
pi-1.00,-1.000000000e+00,1.053333428e-06,2.011718662e-01,-2.178120530e-08
pi-1.00,-1.000000000e+00,1.063559967e-06,2.031249911e-01,-2.179760357e-08
pi-1.00,-1.000000000e+00,1.073786505e-06,2.050781161e-01,-2.179007408e-08
pi-1.00,-1.000000000e+00,1.084013043e-06,2.070312410e-01,-2.178177877e-08
pi-1.00,-1.000000000e+00,1.094239581e-06,2.089843659e-01,-2.178652021e-08
pi-1.00,-1.000000000e+00,1.104466119e-06,2.109374908e-01,-2.178627171e-08
pi-1.00,-1.000000000e+00,1.114692657e-06,2.128906157e-01,-2.179485336e-08
pi-1.00,-1.000000000e+00,1.124919195e-06,2.148437406e-01,-2.178185986e-08
pi-1.00,-1.000000000e+00,1.135145734e-06,2.167968656e-01,-2.179022358e-08
pi-1.00,-1.000000000e+00,1.145372272e-06,2.187499905e-01,-2.178618680e-08
pi-1.00,-1.000000000e+00,1.155598810e-06,2.207031154e-01,-2.179611095e-08
pi-1.00,-1.000000000e+00,1.165825348e-06,2.226562403e-01,-2.178270717e-08
pi-1.00,-1.000000000e+00,1.176051886e-06,2.246093652e-01,-2.179024250e-08
pi-1.00,-1.000000000e+00,1.186278424e-06,2.265624901e-01,-2.178268725e-08
pi-1.00,-1.000000000e+00,1.196504962e-06,2.285156150e-01,-2.179083146e-08
pi-1.00,-1.000000000e+00,1.206731501e-06,2.304687400e-01,-2.178233633e-08
pi-1.00,-1.000000000e+00,1.216958039e-06,2.324218649e-01,-2.179977831e-08
pi-1.00,-1.000000000e+00,1.227184577e-06,2.343749898e-01,-2.177307317e-08
pi-1.00,-1.000000000e+00,1.237411115e-06,2.363281147e-01,-2.179636710e-08
pi-1.00,-1.000000000e+00,1.247637653e-06,2.382812396e-01,-2.178619002e-08
pi-1.00,-1.000000000e+00,1.257864191e-06,2.402343645e-01,-2.179529502e-08
pi-1.00,-1.000000000e+00,1.268090729e-06,2.421874894e-01,-2.177792488e-08
pi-1.00,-1.000000000e+00,1.278317268e-06,2.441406144e-01,-2.179711482e-08
pi-1.00,-1.000000000e+00,1.288543806e-06,2.460937393e-01,-2.177852632e-08
pi-1.00,-1.000000000e+00,1.298770344e-06,2.480468642e-01,-2.179278164e-08
pi-1.00,-1.000000000e+00,1.308996882e-06,2.499999891e-01,-2.178944971e-08
pi-1.00,-1.000000000e+00,1.319223420e-06,2.519531140e-01,-2.178293877e-08
pi-1.00,-1.000000000e+00,1.329449958e-06,2.539062389e-01,-2.179467588e-08
pi-1.00,-1.000000000e+00,1.339676496e-06,2.558593639e-01,-2.178122140e-08
pi-1.00,-1.000000000e+00,1.349903035e-06,2.578124888e-01,-2.178691560e-08
pi-1.00,-1.000000000e+00,1.360129573e-06,2.597656137e-01,-2.179463765e-08
pi-1.00,-1.000000000e+00,1.370356111e-06,2.617187386e-01,-2.178014268e-08
pi-1.00,-1.000000000e+00,1.380582649e-06,2.636718635e-01,-2.179815510e-08
pi-1.00,-1.000000000e+00,1.390809187e-06,2.656249884e-01,-2.178366235e-08
pi-1.00,-1.000000000e+00,1.401035725e-06,2.675781133e-01,-2.177979699e-08
pi-1.00,-1.000000000e+00,1.411262263e-06,2.695312383e-01,-2.179660655e-08
pi-1.00,-1.000000000e+00,1.421488801e-06,2.714843632e-01,-2.178454991e-08
pi-1.00,-1.000000000e+00,1.431715340e-06,2.734374881e-01,-2.178815328e-08
pi-1.00,-1.000000000e+00,1.441941878e-06,2.753906130e-01,-2.179129365e-08
pi-1.00,-1.000000000e+00,1.452168416e-06,2.773437379e-01,-2.178870903e-08
pi-1.00,-1.000000000e+00,1.462394954e-06,2.792968628e-01,-2.178459599e-08
pi-1.00,-1.000000000e+00,1.472621492e-06,2.812499877e-01,-2.179121055e-08
pi-1.00,-1.000000000e+00,1.482848030e-06,2.832031127e-01,-2.178162001e-08
pi-1.00,-1.000000000e+00,1.493074568e-06,2.851562376e-01,-2.179149305e-08
pi-1.00,-1.000000000e+00,1.503301107e-06,2.871093625e-01,-2.178685302e-08
pi-1.00,-1.000000000e+00,1.513527645e-06,2.890624874e-01,-2.179221280e-08
pi-1.00,-1.000000000e+00,1.523754183e-06,2.910156123e-01,-2.177849352e-08
pi-1.00,-1.000000000e+00,1.533980721e-06,2.929687372e-01,-2.179466844e-08
pi-1.00,-1.000000000e+00,1.544207259e-06,2.949218621e-01,-2.178902696e-08
pi-1.00,-1.000000000e+00,1.554433797e-06,2.968749871e-01,-2.178398852e-08
pi-1.00,-1.000000000e+00,1.564660335e-06,2.988281120e-01,-2.179364586e-08
pi-1.00,-1.000000000e+00,1.574886874e-06,3.007812369e-01,-2.178096847e-08
pi-1.00,-1.000000000e+00,1.585113412e-06,3.027343618e-01,-2.180053387e-08
pi-1.00,-1.000000000e+00,1.595339950e-06,3.046874867e-01,-2.177784339e-08
pi-1.00,-1.000000000e+00,1.605566488e-06,3.066406116e-01,-2.178263091e-08
pi-1.00,-1.000000000e+00,1.615793026e-06,3.085937366e-01,-2.179790338e-08
pi-1.00,-1.000000000e+00,1.626019564e-06,3.105468615e-01,-2.178070790e-08
pi-1.00,-1.000000000e+00,1.636246102e-06,3.124999864e-01,-2.179431812e-08
pi-1.00,-1.000000000e+00,1.646472641e-06,3.144531113e-01,-2.178489721e-08
pi-1.00,-1.000000000e+00,1.656699179e-06,3.164062362e-01,-2.178628740e-08
pi-1.00,-1.000000000e+00,1.666925717e-06,3.183593611e-01,-2.178679970e-08
pi-1.00,-1.000000000e+00,1.677152255e-06,3.203124860e-01,-2.179594153e-08
pi-1.00,-1.000000000e+00,1.687378793e-06,3.222656110e-01,-2.178091293e-08
pi-1.00,-1.000000000e+00,1.697605331e-06,3.242187359e-01,-2.179498757e-08
pi-1.00,-1.000000000e+00,1.707831869e-06,3.261718608e-01,-2.177945996e-08
pi-1.00,-1.000000000e+00,1.718058408e-06,3.281249857e-01,-2.179475094e-08
pi-1.00,-1.000000000e+00,1.728284946e-06,3.300781106e-01,-2.178111838e-08
pi-1.00,-1.000000000e+00,1.738511484e-06,3.320312355e-01,-2.179434931e-08
pi-1.00,-1.000000000e+00,1.748738022e-06,3.339843604e-01,-2.178060025e-08
pi-1.00,-1.000000000e+00,1.758964560e-06,3.359374854e-01,-2.179105440e-08
pi-1.00,-1.000000000e+00,1.769191098e-06,3.378906103e-01,-2.178903480e-08
pi-1.00,-1.000000000e+00,1.779417636e-06,3.398437352e-01,-2.178640512e-08
pi-1.00,-1.000000000e+00,1.789644175e-06,3.417968601e-01,-2.179531172e-08
pi-1.00,-1.000000000e+00,1.799870713e-06,3.437499850e-01,-2.177841424e-08
pi-1.00,-1.000000000e+00,1.810097251e-06,3.457031099e-01,-2.179303497e-08
pi-1.00,-1.000000000e+00,1.820323789e-06,3.476562349e-01,-2.178265425e-08
pi-1.00,-1.000000000e+00,1.830550327e-06,3.496093598e-01,-2.179528174e-08
pi-1.00,-1.000000000e+00,1.840776865e-06,3.515624847e-01,-2.178151397e-08
pi-1.00,-1.000000000e+00,1.851003403e-06,3.535156096e-01,-2.178636628e-08
pi-1.00,-1.000000000e+00,1.861229942e-06,3.554687345e-01,-2.179479983e-08
pi-1.00,-1.000000000e+00,1.871456480e-06,3.574218594e-01,-2.178358830e-08
pi-1.00,-1.000000000e+00,1.881683018e-06,3.593749843e-01,-2.179186711e-08
pi-1.00,-1.000000000e+00,1.891909556e-06,3.613281093e-01,-2.178542721e-08
pi-1.00,-1.000000000e+00,1.902136094e-06,3.632812342e-01,-2.178859696e-08
pi-1.00,-1.000000000e+00,1.912362632e-06,3.652343591e-01,-2.179361387e-08
pi-1.00,-1.000000000e+00,1.922589170e-06,3.671874840e-01,-2.178042257e-08
pi-1.00,-1.000000000e+00,1.932815709e-06,3.691406089e-01,-2.177949275e-08
pi-1.00,-1.000000000e+00,1.943042247e-06,3.710937338e-01,-2.179946622e-08
pi-1.00,-1.000000000e+00,1.953268785e-06,3.730468587e-01,-2.178875874e-08
pi-1.00,-1.000000000e+00,1.963495323e-06,3.749999837e-01,-2.179224721e-08
pi-1.00,-1.000000000e+00,1.973721861e-06,3.769531086e-01,-2.177700573e-08
pi-1.00,-1.000000000e+00,1.983948399e-06,3.789062335e-01,-2.178909094e-08
pi-1.00,-1.000000000e+00,1.994174937e-06,3.808593584e-01,-2.179044271e-08
pi-1.00,-1.000000000e+00,2.004401475e-06,3.828124833e-01,-2.179423059e-08
pi-1.00,-1.000000000e+00,2.014628014e-06,3.847656082e-01,-2.177530526e-08
pi-1.00,-1.000000000e+00,2.024854552e-06,3.867187331e-01,-2.179497409e-08
pi-1.00,-1.000000000e+00,2.035081090e-06,3.886718581e-01,-2.178373981e-08
pi-1.00,-1.000000000e+00,2.045307628e-06,3.906249830e-01,-2.180000870e-08
pi-1.00,-1.000000000e+00,2.055534166e-06,3.925781079e-01,-2.177841525e-08
pi-1.00,-1.000000000e+00,2.065760704e-06,3.945312328e-01,-2.179260900e-08
pi-1.00,-1.000000000e+00,2.075987242e-06,3.964843577e-01,-2.178036402e-08
pi-1.00,-1.000000000e+00,2.086213781e-06,3.984374826e-01,-2.179193673e-08
pi-1.00,-1.000000000e+00,2.096440319e-06,4.003906076e-01,-2.178790679e-08
pi-1.00,-1.000000000e+00,2.106666857e-06,4.023437325e-01,-2.178764360e-08
pi-1.00,-1.000000000e+00,2.116893395e-06,4.042968574e-01,-2.178884828e-08
pi-1.00,-1.000000000e+00,2.127119933e-06,4.062499823e-01,-2.178157795e-08
pi-1.00,-1.000000000e+00,2.137346471e-06,4.082031072e-01,-2.179778809e-08
pi-1.00,-1.000000000e+00,2.147573009e-06,4.101562321e-01,-2.177981711e-08
pi-1.00,-1.000000000e+00,2.157799548e-06,4.121093570e-01,-2.179510166e-08
pi-1.00,-1.000000000e+00,2.168026086e-06,4.140624820e-01,-2.177932615e-08
pi-1.00,-1.000000000e+00,2.178252624e-06,4.160156069e-01,-2.179202225e-08
pi-1.00,-1.000000000e+00,2.188479162e-06,4.179687318e-01,-2.178567933e-08
pi-1.00,-1.000000000e+00,2.198705700e-06,4.199218567e-01,-2.179226693e-08
pi-1.00,-1.000000000e+00,2.208932238e-06,4.218749816e-01,-2.178283636e-08
pi-1.00,-1.000000000e+00,2.219158776e-06,4.238281065e-01,-2.180376057e-08
pi-1.00,-1.000000000e+00,2.229385315e-06,4.257812314e-01,-2.177008250e-08
pi-1.00,-1.000000000e+00,2.239611853e-06,4.277343564e-01,-2.179716613e-08
pi-1.00,-1.000000000e+00,2.249838391e-06,4.296874813e-01,-2.179267821e-08
pi-1.00,-1.000000000e+00,2.260064929e-06,4.316406062e-01,-2.177302085e-08
pi-1.00,-1.000000000e+00,2.270291467e-06,4.335937311e-01,-2.180266575e-08
pi-1.00,-1.000000000e+00,2.280518005e-06,4.355468560e-01,-2.177783957e-08
pi-1.00,-1.000000000e+00,2.290744543e-06,4.374999809e-01,-2.179219087e-08
pi-1.00,-1.000000000e+00,2.300971082e-06,4.394531059e-01,-2.178557470e-08
pi-1.00,-1.000000000e+00,2.311197620e-06,4.414062308e-01,-2.178541735e-08
pi-1.00,-1.000000000e+00,2.321424158e-06,4.433593557e-01,-2.179024652e-08
pi-1.00,-1.000000000e+00,2.331650696e-06,4.453124806e-01,-2.179174880e-08
pi-1.00,-1.000000000e+00,2.341877234e-06,4.472656055e-01,-2.178722406e-08
pi-1.00,-1.000000000e+00,2.352103772e-06,4.492187304e-01,-2.178235847e-08
pi-1.00,-1.000000000e+00,2.362330310e-06,4.511718553e-01,-2.179299875e-08
pi-1.00,-1.000000000e+00,2.372556849e-06,4.531249803e-01,-2.177924043e-08
pi-1.00,-1.000000000e+00,2.382783387e-06,4.550781052e-01,-2.179994210e-08
pi-1.00,-1.000000000e+00,2.393009925e-06,4.570312301e-01,-2.178023162e-08
pi-1.00,-1.000000000e+00,2.403236463e-06,4.589843550e-01,-2.178229971e-08
pi-1.00,-1.000000000e+00,2.413463001e-06,4.609374799e-01,-2.179931189e-08
pi-1.00,-1.000000000e+00,2.423689539e-06,4.628906048e-01,-2.178914426e-08
pi-1.00,-1.000000000e+00,2.433916077e-06,4.648437297e-01,-2.178280738e-08
pi-1.00,-1.000000000e+00,2.444142616e-06,4.667968547e-01,-2.178648500e-08
pi-1.00,-1.000000000e+00,2.454369154e-06,4.687499796e-01,-2.178599625e-08
pi-1.00,-1.000000000e+00,2.464595692e-06,4.707031045e-01,-2.179612464e-08
pi-1.00,-1.000000000e+00,2.474822230e-06,4.726562294e-01,-2.178687274e-08
pi-1.00,-1.000000000e+00,2.485048768e-06,4.746093543e-01,-2.178159204e-08
pi-1.00,-1.000000000e+00,2.495275306e-06,4.765624792e-01,-2.179851729e-08
pi-1.00,-1.000000000e+00,2.505501844e-06,4.785156041e-01,-2.177657795e-08
pi-1.00,-1.000000000e+00,2.515728383e-06,4.804687291e-01,-2.179124536e-08
pi-1.00,-1.000000000e+00,2.525954921e-06,4.824218540e-01,-2.179571697e-08
pi-1.00,-1.000000000e+00,2.536181459e-06,4.843749789e-01,-2.177075617e-08
pi-1.00,-1.000000000e+00,2.546407997e-06,4.863281038e-01,-2.180106166e-08
pi-1.00,-1.000000000e+00,2.556634535e-06,4.882812287e-01,-2.178311625e-08
pi-1.00,-1.000000000e+00,2.566861073e-06,4.902343536e-01,-2.179000164e-08
pi-1.00,-1.000000000e+00,2.577087611e-06,4.921874786e-01,-2.178677475e-08
pi-1.00,-1.000000000e+00,2.587314149e-06,4.941406035e-01,-2.178601878e-08
pi-1.00,-1.000000000e+00,2.597540688e-06,4.960937284e-01,-2.179531233e-08
pi-1.00,-1.000000000e+00,2.607767226e-06,4.980468533e-01,-2.177820860e-08
pi-1.00,-1.000000000e+00,2.617993764e-06,4.999999782e-01,-2.179952035e-08
pi-1.00,-1.000000000e+00,2.628220302e-06,5.019531031e-01,-2.178716551e-08
pi-1.00,-1.000000000e+00,2.638446840e-06,5.039062280e-01,-2.178052700e-08
pi-1.00,-1.000000000e+00,2.648673378e-06,5.058593530e-01,-2.179007207e-08
pi-1.00,-1.000000000e+00,2.658899916e-06,5.078124779e-01,-2.178485877e-08
pi-1.00,-1.000000000e+00,2.669126455e-06,5.097656028e-01,-2.178932777e-08
pi-1.00,-1.000000000e+00,2.679352993e-06,5.117187277e-01,-2.179186611e-08
pi-1.00,-1.000000000e+00,2.689579531e-06,5.136718526e-01,-2.177937384e-08
pi-1.00,-1.000000000e+00,2.699806069e-06,5.156249775e-01,-2.179516826e-08
pi-1.00,-1.000000000e+00,2.710032607e-06,5.175781024e-01,-2.178497568e-08
pi-1.00,-1.000000000e+00,2.720259145e-06,5.195312274e-01,-2.179557069e-08
pi-1.00,-1.000000000e+00,2.730485683e-06,5.214843523e-01,-2.178222144e-08
pi-1.00,-1.000000000e+00,2.740712222e-06,5.234374772e-01,-2.178522016e-08
pi-1.00,-1.000000000e+00,2.750938760e-06,5.253906021e-01,-2.178798285e-08
pi-1.00,-1.000000000e+00,2.761165298e-06,5.273437270e-01,-2.179085963e-08
pi-1.00,-1.000000000e+00,2.771391836e-06,5.292968519e-01,-2.178148801e-08
pi-1.00,-1.000000000e+00,2.781618374e-06,5.312499769e-01,-2.180251303e-08
pi-1.00,-1.000000000e+00,2.791844912e-06,5.332031018e-01,-2.177635822e-08
pi-1.00,-1.000000000e+00,2.802071450e-06,5.351562267e-01,-2.179459178e-08
pi-1.00,-1.000000000e+00,2.812297989e-06,5.371093516e-01,-2.178276090e-08
pi-1.00,-1.000000000e+00,2.822524527e-06,5.390624765e-01,-2.178270919e-08
pi-1.00,-1.000000000e+00,2.832751065e-06,5.410156014e-01,-2.179329313e-08
pi-1.00,-1.000000000e+00,2.842977603e-06,5.429687263e-01,-2.178994490e-08
pi-1.00,-1.000000000e+00,2.853204141e-06,5.449218513e-01,-2.178561112e-08
pi-1.00,-1.000000000e+00,2.863430679e-06,5.468749762e-01,-2.178772086e-08
pi-1.00,-1.000000000e+00,2.873657217e-06,5.488281011e-01,-2.179220174e-08
pi-1.00,-1.000000000e+00,2.883883756e-06,5.507812260e-01,-2.178827783e-08
pi-1.00,-1.000000000e+00,2.894110294e-06,5.527343509e-01,-2.177867864e-08
pi-1.00,-1.000000000e+00,2.904336832e-06,5.546874758e-01,-2.178995738e-08
pi-1.00,-1.000000000e+00,2.914563370e-06,5.566406007e-01,-2.179690596e-08
pi-1.00,-1.000000000e+00,2.924789908e-06,5.585937257e-01,-2.178413399e-08
pi-1.00,-1.000000000e+00,2.935016446e-06,5.605468506e-01,-2.178727115e-08
pi-1.00,-1.000000000e+00,2.945242984e-06,5.624999755e-01,-2.179007328e-08
pi-1.00,-1.000000000e+00,2.955469523e-06,5.644531004e-01,-2.178421126e-08
pi-1.00,-1.000000000e+00,2.965696061e-06,5.664062253e-01,-2.178927988e-08
pi-1.00,-1.000000000e+00,2.975922599e-06,5.683593502e-01,-2.179214137e-08
pi-1.00,-1.000000000e+00,2.986149137e-06,5.703124751e-01,-2.177787901e-08
pi-1.00,-1.000000000e+00,2.996375675e-06,5.722656001e-01,-2.179587010e-08
pi-1.00,-1.000000000e+00,3.006602213e-06,5.742187250e-01,-2.178689729e-08
pi-1.00,-1.000000000e+00,3.016828751e-06,5.761718499e-01,-2.178711319e-08
pi-1.00,-1.000000000e+00,3.027055290e-06,5.781249748e-01,-2.178926721e-08
pi-1.00,-1.000000000e+00,3.037281828e-06,5.800780997e-01,-2.178627634e-08
pi-1.00,-1.000000000e+00,3.047508366e-06,5.820312246e-01,-2.178648480e-08
pi-1.00,-1.000000000e+00,3.057734904e-06,5.839843496e-01,-2.179162344e-08
pi-1.00,-1.000000000e+00,3.067961442e-06,5.859374745e-01,-2.178211721e-08
pi-1.00,-1.000000000e+00,3.078187980e-06,5.878905994e-01,-2.178913239e-08
pi-1.00,-1.000000000e+00,3.088414518e-06,5.898437243e-01,-2.179553266e-08
pi-1.00,-1.000000000e+00,3.098641057e-06,5.917968492e-01,-2.178148338e-08
pi-1.00,-1.000000000e+00,3.108867595e-06,5.937499741e-01,-2.178689206e-08
pi-1.00,-1.000000000e+00,3.119094133e-06,5.957030990e-01,-2.179019924e-08
pi-1.00,-1.000000000e+00,3.129320671e-06,5.976562240e-01,-2.179122182e-08
pi-1.00,-1.000000000e+00,3.139547209e-06,5.996093489e-01,-2.178215202e-08
pi-1.00,-1.000000000e+00,3.149773747e-06,6.015624738e-01,-2.179080067e-08
pi-1.00,-1.000000000e+00,3.160000285e-06,6.035155987e-01,-2.178483080e-08
pi-1.00,-1.000000000e+00,3.170226823e-06,6.054687236e-01,-2.178816354e-08
pi-1.00,-1.000000000e+00,3.180453362e-06,6.074218485e-01,-2.178607090e-08
pi-1.00,-1.000000000e+00,3.190679900e-06,6.093749734e-01,-2.179509562e-08
pi-1.00,-1.000000000e+00,3.200906438e-06,6.113280984e-01,-2.178196127e-08
pi-1.00,-1.000000000e+00,3.211132976e-06,6.132812233e-01,-2.178595922e-08
pi-1.00,-1.000000000e+00,3.221359514e-06,6.152343482e-01,-2.179348811e-08
pi-1.00,-1.000000000e+00,3.231586052e-06,6.171874731e-01,-2.179180172e-08
pi-1.00,-1.000000000e+00,3.241812590e-06,6.191405980e-01,-2.178346495e-08
pi-1.00,-1.000000000e+00,3.252039129e-06,6.210937229e-01,-2.179010768e-08
pi-1.00,-1.000000000e+00,3.262265667e-06,6.230468479e-01,-2.178269470e-08
pi-1.00,-1.000000000e+00,3.272492205e-06,6.249999728e-01,-2.179129486e-08
pi-1.00,-1.000000000e+00,3.282718743e-06,6.269530977e-01,-2.178918672e-08
pi-1.00,-1.000000000e+00,3.292945281e-06,6.289062226e-01,-2.178750577e-08
pi-1.00,-1.000000000e+00,3.303171819e-06,6.308593475e-01,-2.179063467e-08
pi-1.00,-1.000000000e+00,3.313398357e-06,6.328124724e-01,-2.178599745e-08
pi-1.00,-1.000000000e+00,3.323624896e-06,6.347655973e-01,-2.178335127e-08
pi-1.00,-1.000000000e+00,3.333851434e-06,6.367187223e-01,-2.179190192e-08
pi-1.00,-1.000000000e+00,3.344077972e-06,6.386718472e-01,-2.178425090e-08
pi-1.00,-1.000000000e+00,3.354304510e-06,6.406249721e-01,-2.178657273e-08
pi-1.00,-1.000000000e+00,3.364531048e-06,6.425780970e-01,-2.178838810e-08
pi-1.00,-1.000000000e+00,3.374757586e-06,6.445312219e-01,-2.179007690e-08
pi-1.00,-1.000000000e+00,3.384984124e-06,6.464843468e-01,-2.179155503e-08
pi-1.00,-1.000000000e+00,3.395210663e-06,6.484374717e-01,-2.178724841e-08
pi-1.00,-1.000000000e+00,3.405437201e-06,6.503905967e-01,-2.178548013e-08
pi-1.00,-1.000000000e+00,3.415663739e-06,6.523437216e-01,-2.179115159e-08
pi-1.00,-1.000000000e+00,3.425890277e-06,6.542968465e-01,-2.178572219e-08
pi-1.00,-1.000000000e+00,3.436116815e-06,6.562499714e-01,-2.178723493e-08
pi-1.00,-1.000000000e+00,3.446343353e-06,6.582030963e-01,-2.178767016e-08
pi-1.00,-1.000000000e+00,3.456569891e-06,6.601562212e-01,-2.178557812e-08
pi-1.00,-1.000000000e+00,3.466796430e-06,6.621093461e-01,-2.179019260e-08
pi-1.00,-1.000000000e+00,3.477022968e-06,6.640624711e-01,-2.178742508e-08
pi-1.00,-1.000000000e+00,3.487249506e-06,6.660155960e-01,-2.179226230e-08
pi-1.00,-1.000000000e+00,3.497476044e-06,6.679687209e-01,-2.178738705e-08
pi-1.00,-1.000000000e+00,3.507702582e-06,6.699218458e-01,-2.178461007e-08
pi-1.00,-1.000000000e+00,3.517929120e-06,6.718749707e-01,-2.178835409e-08
pi-1.00,-1.000000000e+00,3.528155658e-06,6.738280956e-01,-2.178416800e-08
pi-1.00,-1.000000000e+00,3.538382197e-06,6.757812206e-01,-2.179383138e-08
pi-1.00,-1.000000000e+00,3.548608735e-06,6.777343455e-01,-2.178292368e-08
pi-1.00,-1.000000000e+00,3.558835273e-06,6.796874704e-01,-2.179128218e-08
pi-1.00,-1.000000000e+00,3.569061811e-06,6.816405953e-01,-2.178550629e-08
pi-1.00,-1.000000000e+00,3.579288349e-06,6.835937202e-01,-2.178560126e-08
pi-1.00,-1.000000000e+00,3.589514887e-06,6.855468451e-01,-2.179712206e-08
pi-1.00,-1.000000000e+00,3.599741425e-06,6.874999700e-01,-2.177997406e-08
pi-1.00,-1.000000000e+00,3.609967964e-06,6.894530950e-01,-2.179057290e-08
pi-1.00,-1.000000000e+00,3.620194502e-06,6.914062199e-01,-2.178780719e-08
pi-1.00,-1.000000000e+00,3.630421040e-06,6.933593448e-01,-2.178922676e-08
pi-1.00,-1.000000000e+00,3.640647578e-06,6.953124697e-01,-2.178790558e-08
pi-1.00,-1.000000000e+00,3.650874116e-06,6.972655946e-01,-2.178599765e-08
pi-1.00,-1.000000000e+00,3.661100654e-06,6.992187195e-01,-2.178783495e-08
pi-1.00,-1.000000000e+00,3.671327192e-06,7.011718444e-01,-2.178707275e-08
pi-1.00,-1.000000000e+00,3.681553730e-06,7.031249694e-01,-2.179158260e-08
pi-1.00,-1.000000000e+00,3.691780269e-06,7.050780943e-01,-2.178694981e-08
pi-1.00,-1.000000000e+00,3.702006807e-06,7.070312192e-01,-2.178695021e-08
pi-1.00,-1.000000000e+00,3.712233345e-06,7.089843441e-01,-2.178789411e-08
pi-1.00,-1.000000000e+00,3.722459883e-06,7.109374690e-01,-2.178637071e-08
pi-1.00,-1.000000000e+00,3.732686421e-06,7.128905939e-01,-2.178656025e-08
pi-1.00,-1.000000000e+00,3.742912959e-06,7.148437189e-01,-2.178851225e-08
pi-1.00,-1.000000000e+00,3.753139497e-06,7.167968438e-01,-2.179125864e-08
pi-1.00,-1.000000000e+00,3.763366036e-06,7.187499687e-01,-2.178371144e-08
pi-1.00,-1.000000000e+00,3.773592574e-06,7.207030936e-01,-2.179281041e-08
pi-1.00,-1.000000000e+00,3.783819112e-06,7.226562185e-01,-2.178396497e-08
pi-1.00,-1.000000000e+00,3.794045650e-06,7.246093434e-01,-2.179128902e-08
pi-1.00,-1.000000000e+00,3.804272188e-06,7.265624683e-01,-2.178850259e-08
pi-1.00,-1.000000000e+00,3.814498726e-06,7.285155933e-01,-2.179097995e-08
pi-1.00,-1.000000000e+00,3.824725264e-06,7.304687182e-01,-2.178144334e-08
pi-1.00,-1.000000000e+00,3.834951803e-06,7.324218431e-01,-2.178938814e-08
pi-1.00,-1.000000000e+00,3.845178341e-06,7.343749680e-01,-2.178790156e-08
pi-1.00,-1.000000000e+00,3.855404879e-06,7.363280929e-01,-2.179132806e-08
pi-1.00,-1.000000000e+00,3.865631417e-06,7.382812178e-01,-2.178663853e-08
pi-1.00,-1.000000000e+00,3.875857955e-06,7.402343427e-01,-2.178603246e-08
pi-1.00,-1.000000000e+00,3.886084493e-06,7.421874677e-01,-2.178898772e-08
pi-1.00,-1.000000000e+00,3.896311031e-06,7.441405926e-01,-2.178831043e-08
pi-1.00,-1.000000000e+00,3.906537570e-06,7.460937175e-01,-2.178535095e-08
pi-1.00,-1.000000000e+00,3.916764108e-06,7.480468424e-01,-2.179358731e-08
pi-1.00,-1.000000000e+00,3.926990646e-06,7.499999673e-01,-2.177761521e-08
pi-1.00,-1.000000000e+00,3.937217184e-06,7.519530922e-01,-2.179780640e-08
pi-1.00,-1.000000000e+00,3.947443722e-06,7.539062171e-01,-2.178669648e-08
pi-1.00,-1.000000000e+00,3.957670260e-06,7.558593421e-01,-2.178181599e-08
pi-1.00,-1.000000000e+00,3.967896798e-06,7.578124670e-01,-2.179242830e-08
pi-1.00,-1.000000000e+00,3.978123337e-06,7.597655919e-01,-2.178475112e-08
pi-1.00,-1.000000000e+00,3.988349875e-06,7.617187168e-01,-2.178579724e-08
pi-1.00,-1.000000000e+00,3.998576413e-06,7.636718417e-01,-2.179041595e-08
pi-1.00,-1.000000000e+00,4.008802951e-06,7.656249666e-01,-2.178669849e-08
pi-1.00,-1.000000000e+00,4.019029489e-06,7.675780916e-01,-2.179699992e-08
pi-1.00,-1.000000000e+00,4.029256027e-06,7.695312165e-01,-2.178611074e-08
pi-1.00,-1.000000000e+00,4.039482565e-06,7.714843414e-01,-2.178912575e-08
pi-1.00,-1.000000000e+00,4.049709104e-06,7.734374663e-01,-2.179217417e-08
pi-1.00,-1.000000000e+00,4.059935642e-06,7.753905912e-01,-2.178359655e-08
pi-1.00,-1.000000000e+00,4.070162180e-06,7.773437161e-01,-2.178765949e-08
pi-1.00,-1.000000000e+00,4.080388718e-06,7.792968410e-01,-2.178687254e-08
pi-1.00,-1.000000000e+00,4.090615256e-06,7.812499660e-01,-2.178841566e-08
pi-1.00,-1.000000000e+00,4.100841794e-06,7.832030909e-01,-2.178041835e-08
pi-1.00,-1.000000000e+00,4.111068332e-06,7.851562158e-01,-2.179915293e-08
pi-1.00,-1.000000000e+00,4.121294871e-06,7.871093407e-01,-2.177850418e-08
pi-1.00,-1.000000000e+00,4.131521409e-06,7.890624656e-01,-2.179059402e-08
pi-1.00,-1.000000000e+00,4.141747947e-06,7.910155905e-01,-2.178434567e-08
pi-1.00,-1.000000000e+00,4.151974485e-06,7.929687154e-01,-2.178463341e-08
pi-1.00,-1.000000000e+00,4.162201023e-06,7.949218404e-01,-2.178788486e-08
pi-1.00,-1.000000000e+00,4.172427561e-06,7.968749653e-01,-2.179478937e-08
pi-1.00,-1.000000000e+00,4.182654099e-06,7.988280902e-01,-2.179596306e-08
pi-1.00,-1.000000000e+00,4.192880638e-06,8.007812151e-01,-2.178125601e-08
pi-1.00,-1.000000000e+00,4.203107176e-06,8.027343400e-01,-2.179210877e-08
pi-1.00,-1.000000000e+00,4.213333714e-06,8.046874649e-01,-2.177705724e-08
pi-1.00,-1.000000000e+00,4.223560252e-06,8.066405898e-01,-2.178399878e-08
pi-1.00,-1.000000000e+00,4.233786790e-06,8.085937148e-01,-2.179796898e-08
pi-1.00,-1.000000000e+00,4.244013328e-06,8.105468397e-01,-2.178006320e-08
pi-1.00,-1.000000000e+00,4.254239866e-06,8.124999646e-01,-2.179539664e-08
pi-1.00,-1.000000000e+00,4.264466404e-06,8.144530895e-01,-2.177981631e-08
pi-1.00,-1.000000000e+00,4.274692943e-06,8.164062144e-01,-2.180238043e-08
pi-1.00,-1.000000000e+00,4.284919481e-06,8.183593393e-01,-2.178827139e-08
pi-1.00,-1.000000000e+00,4.295146019e-06,8.203124643e-01,-2.178109443e-08
pi-1.00,-1.000000000e+00,4.305372557e-06,8.222655892e-01,-2.177671457e-08
pi-1.00,-1.000000000e+00,4.315599095e-06,8.242187141e-01,-2.179660152e-08
pi-1.00,-1.000000000e+00,4.325825633e-06,8.261718390e-01,-2.179712568e-08
pi-1.00,-1.000000000e+00,4.336052171e-06,8.281249639e-01,-2.178595882e-08
pi-1.00,-1.000000000e+00,4.346278710e-06,8.300780888e-01,-2.177379574e-08
pi-1.00,-1.000000000e+00,4.356505248e-06,8.320312137e-01,-2.178916036e-08
pi-1.00,-1.000000000e+00,4.366731786e-06,8.339843387e-01,-2.178592723e-08
pi-1.00,-1.000000000e+00,4.376958324e-06,8.359374636e-01,-2.179946461e-08
pi-1.00,-1.000000000e+00,4.387184862e-06,8.378905885e-01,-2.178352129e-08
pi-1.00,-1.000000000e+00,4.397411400e-06,8.398437134e-01,-2.178040205e-08
pi-1.00,-1.000000000e+00,4.407637938e-06,8.417968383e-01,-2.179897465e-08
pi-1.00,-1.000000000e+00,4.417864477e-06,8.437499632e-01,-2.178179969e-08
pi-1.00,-1.000000000e+00,4.428091015e-06,8.457030881e-01,-2.179183069e-08
pi-1.00,-1.000000000e+00,4.438317553e-06,8.476562131e-01,-2.179709771e-08
pi-1.00,-1.000000000e+00,4.448544091e-06,8.496093380e-01,-2.178185905e-08
pi-1.00,-1.000000000e+00,4.458770629e-06,8.515624629e-01,-2.178230132e-08
pi-1.00,-1.000000000e+00,4.468997167e-06,8.535155878e-01,-2.179019320e-08
pi-1.00,-1.000000000e+00,4.479223705e-06,8.554687127e-01,-2.178824483e-08
pi-1.00,-1.000000000e+00,4.489450244e-06,8.574218376e-01,-2.179373922e-08
pi-1.00,-1.000000000e+00,4.499676782e-06,8.593749626e-01,-2.178812792e-08
pi-1.00,-1.000000000e+00,4.509903320e-06,8.613280875e-01,-2.177852410e-08
pi-1.00,-1.000000000e+00,4.520129858e-06,8.632812124e-01,-2.178974932e-08
pi-1.00,-1.000000000e+00,4.530356396e-06,8.652343373e-01,-2.178402614e-08
pi-1.00,-1.000000000e+00,4.540582934e-06,8.671874622e-01,-2.180271747e-08
pi-1.00,-1.000000000e+00,4.550809472e-06,8.691405871e-01,-2.177943843e-08
pi-1.00,-1.000000000e+00,4.561036011e-06,8.710937120e-01,-2.179064433e-08
pi-1.00,-1.000000000e+00,4.571262549e-06,8.730468370e-01,-2.178722467e-08
pi-1.00,-1.000000000e+00,4.581489087e-06,8.749999619e-01,-2.178115419e-08
pi-1.00,-1.000000000e+00,4.591715625e-06,8.769530868e-01,-2.179424448e-08
pi-1.00,-1.000000000e+00,4.601942163e-06,8.789062117e-01,-2.179301284e-08
pi-1.00,-1.000000000e+00,4.612168701e-06,8.808593366e-01,-2.178829513e-08
pi-1.00,-1.000000000e+00,4.622395239e-06,8.828124615e-01,-2.178194195e-08
pi-1.00,-1.000000000e+00,4.632621778e-06,8.847655864e-01,-2.177477042e-08
pi-1.00,-1.000000000e+00,4.642848316e-06,8.867187114e-01,-2.180364970e-08
pi-1.00,-1.000000000e+00,4.653074854e-06,8.886718363e-01,-2.177784440e-08
pi-1.00,-1.000000000e+00,4.663301392e-06,8.906249612e-01,-2.179654437e-08
pi-1.00,-1.000000000e+00,4.673527930e-06,8.925780861e-01,-2.178581515e-08
pi-1.00,-1.000000000e+00,4.683754468e-06,8.945312110e-01,-2.178033404e-08
pi-1.00,-1.000000000e+00,4.693981006e-06,8.964843359e-01,-2.178712909e-08
pi-1.00,-1.000000000e+00,4.704207545e-06,8.984374608e-01,-2.178493000e-08
pi-1.00,-1.000000000e+00,4.714434083e-06,9.003905858e-01,-2.179791948e-08
pi-1.00,-1.000000000e+00,4.724660621e-06,9.023437107e-01,-2.178536362e-08
pi-1.00,-1.000000000e+00,4.734887159e-06,9.042968356e-01,-2.178891347e-08
pi-1.00,-1.000000000e+00,4.745113697e-06,9.062499605e-01,-2.178464609e-08
pi-1.00,-1.000000000e+00,4.755340235e-06,9.082030854e-01,-2.178593830e-08
pi-1.00,-1.000000000e+00,4.765566773e-06,9.101562103e-01,-2.178612603e-08
pi-1.00,-1.000000000e+00,4.775793312e-06,9.121093353e-01,-2.179696431e-08
pi-1.00,-1.000000000e+00,4.786019850e-06,9.140624602e-01,-2.179329937e-08
pi-1.00,-1.000000000e+00,4.796246388e-06,9.160155851e-01,-2.177543524e-08
pi-1.00,-1.000000000e+00,4.806472926e-06,9.179687100e-01,-2.179096909e-08
pi-1.00,-1.000000000e+00,4.816699464e-06,9.199218349e-01,-2.178472054e-08
pi-1.00,-1.000000000e+00,4.826926002e-06,9.218749598e-01,-2.179351628e-08
pi-1.00,-1.000000000e+00,4.837152540e-06,9.238280847e-01,-2.179764462e-08
pi-1.00,-1.000000000e+00,4.847379078e-06,9.257812097e-01,-2.178634395e-08
pi-1.00,-1.000000000e+00,4.857605617e-06,9.277343346e-01,-2.177608919e-08
pi-1.00,-1.000000000e+00,4.867832155e-06,9.296874595e-01,-2.180211845e-08
pi-1.00,-1.000000000e+00,4.878058693e-06,9.316405844e-01,-2.178642564e-08
pi-1.00,-1.000000000e+00,4.888285231e-06,9.335937093e-01,-2.177174434e-08
pi-1.00,-1.000000000e+00,4.898511769e-06,9.355468342e-01,-2.180078238e-08
pi-1.00,-1.000000000e+00,4.908738307e-06,9.374999591e-01,-2.178457104e-08
pi-1.00,-1.000000000e+00,4.918964845e-06,9.394530841e-01,-2.178229609e-08
pi-1.00,-1.000000000e+00,4.929191384e-06,9.414062090e-01,-2.179045639e-08
pi-1.00,-1.000000000e+00,4.939417922e-06,9.433593339e-01,-2.178062681e-08
pi-1.00,-1.000000000e+00,4.949644460e-06,9.453124588e-01,-2.180449662e-08
pi-1.00,-1.000000000e+00,4.959870998e-06,9.472655837e-01,-2.176826210e-08
pi-1.00,-1.000000000e+00,4.970097536e-06,9.492187086e-01,-2.179551495e-08
pi-1.00,-1.000000000e+00,4.980324074e-06,9.511718336e-01,-2.179434247e-08
pi-1.00,-1.000000000e+00,4.990550612e-06,9.531249585e-01,-2.179078437e-08
pi-1.00,-1.000000000e+00,5.000777151e-06,9.550780834e-01,-2.179405292e-08
pi-1.00,-1.000000000e+00,5.011003689e-06,9.570312083e-01,-2.176674776e-08
pi-1.00,-1.000000000e+00,5.021230227e-06,9.589843332e-01,-2.180060832e-08
pi-1.00,-1.000000000e+00,5.031456765e-06,9.609374581e-01,-2.177933520e-08
pi-1.00,-1.000000000e+00,5.041683303e-06,9.628905830e-01,-2.180600292e-08
pi-1.00,-1.000000000e+00,5.051909841e-06,9.648437080e-01,-2.178056966e-08
pi-1.00,-1.000000000e+00,5.062136379e-06,9.667968329e-01,-2.178369434e-08
pi-1.00,-1.000000000e+00,5.072362918e-06,9.687499578e-01,-2.177677131e-08
pi-1.00,-1.000000000e+00,5.082589456e-06,9.707030827e-01,-2.180751083e-08
pi-1.00,-1.000000000e+00,5.092815994e-06,9.726562076e-01,-2.177690693e-08
pi-1.00,-1.000000000e+00,5.103042532e-06,9.746093325e-01,-2.178356335e-08
pi-1.00,-1.000000000e+00,5.113269070e-06,9.765624574e-01,-2.180051637e-08
pi-1.00,-1.000000000e+00,5.123495608e-06,9.785155824e-01,-2.178223110e-08
pi-1.00,-1.000000000e+00,5.133722146e-06,9.804687073e-01,-2.177954970e-08
pi-1.00,-1.000000000e+00,5.143948685e-06,9.824218322e-01,-2.180133149e-08
pi-1.00,-1.000000000e+00,5.154175223e-06,9.843749571e-01,-2.178033484e-08
pi-1.00,-1.000000000e+00,5.164401761e-06,9.863280820e-01,-2.179482197e-08
pi-1.00,-1.000000000e+00,5.174628299e-06,9.882812069e-01,-2.178532378e-08
pi-1.00,-1.000000000e+00,5.184854837e-06,9.902343318e-01,-2.178938934e-08
pi-1.00,-1.000000000e+00,5.195081375e-06,9.921874568e-01,-2.178635562e-08
pi-1.00,-1.000000000e+00,5.205307913e-06,9.941405817e-01,-2.178994490e-08
pi-1.00,-1.000000000e+00,5.215534452e-06,9.960937066e-01,-2.178098034e-08
pi-1.00,-1.000000000e+00,5.225760990e-06,9.980468315e-01,-2.179236995e-08
pi-1.00,-1.000000000e+00,5.235987528e-06,9.999999564e-01,-2.179237800e-08
pi-0.50,-5.000000000e-01,0.000000000e+00,0.000000000e+00,-6.766639676e-09
pi-0.50,-5.000000000e-01,1.974064413e-08,3.906249841e-03,-9.019479884e-09
pi-0.50,-5.000000000e-01,3.948128826e-08,7.812499683e-03,-1.003696672e-08
pi-0.50,-5.000000000e-01,5.922193239e-08,1.171874952e-02,-1.011524393e-08
pi-0.50,-5.000000000e-01,7.896257653e-08,1.562499937e-02,-1.013458256e-08
pi-0.50,-5.000000000e-01,9.870322066e-08,1.953124921e-02,-1.014166918e-08
pi-0.50,-5.000000000e-01,1.184438648e-07,2.343749905e-02,-1.014409876e-08
pi-0.50,-5.000000000e-01,1.381845089e-07,2.734374889e-02,-1.014653196e-08
pi-0.50,-5.000000000e-01,1.579251531e-07,3.124999873e-02,-1.014632782e-08
pi-0.50,-5.000000000e-01,1.776657972e-07,3.515624857e-02,-1.014642934e-08
pi-0.50,-5.000000000e-01,1.974064413e-07,3.906249841e-02,-1.014812236e-08
pi-0.50,-5.000000000e-01,2.171470854e-07,4.296874826e-02,-1.014743944e-08
pi-0.50,-5.000000000e-01,2.368877296e-07,4.687499810e-02,-1.014789519e-08
pi-0.50,-5.000000000e-01,2.566283737e-07,5.078124794e-02,-1.014715874e-08
pi-0.50,-5.000000000e-01,2.763690178e-07,5.468749778e-02,-1.014800938e-08
pi-0.50,-5.000000000e-01,2.961096620e-07,5.859374762e-02,-1.014878346e-08
pi-0.50,-5.000000000e-01,3.158503061e-07,6.249999746e-02,-1.014748713e-08
pi-0.50,-5.000000000e-01,3.355909502e-07,6.640624730e-02,-1.014867893e-08
pi-0.50,-5.000000000e-01,3.553315944e-07,7.031249715e-02,-1.014715743e-08
pi-0.50,-5.000000000e-01,3.750722385e-07,7.421874699e-02,-1.014833012e-08
pi-0.50,-5.000000000e-01,3.948128826e-07,7.812499683e-02,-1.014923167e-08
pi-0.50,-5.000000000e-01,4.145535268e-07,8.203124667e-02,-1.014659383e-08
pi-0.50,-5.000000000e-01,4.342941709e-07,8.593749651e-02,-1.014912874e-08
pi-0.50,-5.000000000e-01,4.540348150e-07,8.984374635e-02,-1.014774820e-08
pi-0.50,-5.000000000e-01,4.737754592e-07,9.374999619e-02,-1.014930863e-08
pi-0.50,-5.000000000e-01,4.935161033e-07,9.765624604e-02,-1.014691648e-08
pi-0.50,-5.000000000e-01,5.132567474e-07,1.015624959e-01,-1.014822881e-08
pi-0.50,-5.000000000e-01,5.329973916e-07,1.054687457e-01,-1.014880278e-08
pi-0.50,-5.000000000e-01,5.527380357e-07,1.093749956e-01,-1.014758562e-08
pi-0.50,-5.000000000e-01,5.724786798e-07,1.132812454e-01,-1.014896435e-08
pi-0.50,-5.000000000e-01,5.922193239e-07,1.171874952e-01,-1.014765494e-08
pi-0.50,-5.000000000e-01,6.119599681e-07,1.210937451e-01,-1.014871857e-08
pi-0.50,-5.000000000e-01,6.317006122e-07,1.249999949e-01,-1.014776340e-08
pi-0.50,-5.000000000e-01,6.514412563e-07,1.289062448e-01,-1.014813001e-08
pi-0.50,-5.000000000e-01,6.711819005e-07,1.328124946e-01,-1.014891616e-08
pi-0.50,-5.000000000e-01,6.909225446e-07,1.367187445e-01,-1.014763532e-08
pi-0.50,-5.000000000e-01,7.106631887e-07,1.406249943e-01,-1.014831382e-08
pi-0.50,-5.000000000e-01,7.304038329e-07,1.445312441e-01,-1.014931115e-08
pi-0.50,-5.000000000e-01,7.501444770e-07,1.484374940e-01,-1.014739849e-08
pi-0.50,-5.000000000e-01,7.698851211e-07,1.523437438e-01,-1.014730181e-08
pi-0.50,-5.000000000e-01,7.896257653e-07,1.562499937e-01,-1.014928056e-08
pi-0.50,-5.000000000e-01,8.093664094e-07,1.601562435e-01,-1.014828575e-08
pi-0.50,-5.000000000e-01,8.291070535e-07,1.640624933e-01,-1.014804198e-08
pi-0.50,-5.000000000e-01,8.488476977e-07,1.679687432e-01,-1.014833163e-08
pi-0.50,-5.000000000e-01,8.685883418e-07,1.718749930e-01,-1.014725885e-08
pi-0.50,-5.000000000e-01,8.883289859e-07,1.757812429e-01,-1.014934394e-08
pi-0.50,-5.000000000e-01,9.080696301e-07,1.796874927e-01,-1.014821422e-08
pi-0.50,-5.000000000e-01,9.278102742e-07,1.835937425e-01,-1.014791310e-08
pi-0.50,-5.000000000e-01,9.475509183e-07,1.874999924e-01,-1.014848324e-08
pi-0.50,-5.000000000e-01,9.672915625e-07,1.914062422e-01,-1.014782064e-08
pi-0.50,-5.000000000e-01,9.870322066e-07,1.953124921e-01,-1.014824571e-08
pi-0.50,-5.000000000e-01,1.006772851e-06,1.992187419e-01,-1.014888497e-08
pi-0.50,-5.000000000e-01,1.026513495e-06,2.031249918e-01,-1.014730845e-08
pi-0.50,-5.000000000e-01,1.046254139e-06,2.070312416e-01,-1.014888175e-08
pi-0.50,-5.000000000e-01,1.065994783e-06,2.109374914e-01,-1.014786199e-08
pi-0.50,-5.000000000e-01,1.085735427e-06,2.148437413e-01,-1.014925682e-08
pi-0.50,-5.000000000e-01,1.105476071e-06,2.187499911e-01,-1.014713802e-08
pi-0.50,-5.000000000e-01,1.125216716e-06,2.226562410e-01,-1.014861625e-08
pi-0.50,-5.000000000e-01,1.144957360e-06,2.265624908e-01,-1.014805747e-08
pi-0.50,-5.000000000e-01,1.164698004e-06,2.304687406e-01,-1.014877823e-08
pi-0.50,-5.000000000e-01,1.184438648e-06,2.343749905e-01,-1.014752646e-08
pi-0.50,-5.000000000e-01,1.204179292e-06,2.382812403e-01,-1.014877179e-08
pi-0.50,-5.000000000e-01,1.223919936e-06,2.421874902e-01,-1.014838898e-08
pi-0.50,-5.000000000e-01,1.243660580e-06,2.460937400e-01,-1.014764880e-08
pi-0.50,-5.000000000e-01,1.263401224e-06,2.499999899e-01,-1.014807357e-08
pi-0.50,-5.000000000e-01,1.283141869e-06,2.539062397e-01,-1.014962213e-08
pi-0.50,-5.000000000e-01,1.302882513e-06,2.578124895e-01,-1.014672754e-08
pi-0.50,-5.000000000e-01,1.322623157e-06,2.617187394e-01,-1.014918639e-08
pi-0.50,-5.000000000e-01,1.342363801e-06,2.656249892e-01,-1.014826553e-08
pi-0.50,-5.000000000e-01,1.362104445e-06,2.695312391e-01,-1.014719194e-08
pi-0.50,-5.000000000e-01,1.381845089e-06,2.734374889e-01,-1.014863194e-08
pi-0.50,-5.000000000e-01,1.401585733e-06,2.773437387e-01,-1.014918478e-08
pi-0.50,-5.000000000e-01,1.421326377e-06,2.812499886e-01,-1.014787427e-08
pi-0.50,-5.000000000e-01,1.441067022e-06,2.851562384e-01,-1.014759307e-08
pi-0.50,-5.000000000e-01,1.460807666e-06,2.890624883e-01,-1.014907351e-08
pi-0.50,-5.000000000e-01,1.480548310e-06,2.929687381e-01,-1.014696407e-08
pi-0.50,-5.000000000e-01,1.500288954e-06,2.968749879e-01,-1.014945069e-08
pi-0.50,-5.000000000e-01,1.520029598e-06,3.007812378e-01,-1.014801934e-08
pi-0.50,-5.000000000e-01,1.539770242e-06,3.046874876e-01,-1.014826070e-08
pi-0.50,-5.000000000e-01,1.559510886e-06,3.085937375e-01,-1.014848817e-08
pi-0.50,-5.000000000e-01,1.579251531e-06,3.124999873e-01,-1.014706518e-08
pi-0.50,-5.000000000e-01,1.598992175e-06,3.164062372e-01,-1.014920571e-08
pi-0.50,-5.000000000e-01,1.618732819e-06,3.203124870e-01,-1.014878054e-08
pi-0.50,-5.000000000e-01,1.638473463e-06,3.242187368e-01,-1.014736096e-08
pi-0.50,-5.000000000e-01,1.658214107e-06,3.281249867e-01,-1.014872742e-08
pi-0.50,-5.000000000e-01,1.677954751e-06,3.320312365e-01,-1.014809269e-08
pi-0.50,-5.000000000e-01,1.697695395e-06,3.359374864e-01,-1.014765605e-08
pi-0.50,-5.000000000e-01,1.717436039e-06,3.398437362e-01,-1.014937523e-08
pi-0.50,-5.000000000e-01,1.737176684e-06,3.437499860e-01,-1.014683177e-08
pi-0.50,-5.000000000e-01,1.756917328e-06,3.476562359e-01,-1.014894896e-08
pi-0.50,-5.000000000e-01,1.776657972e-06,3.515624857e-01,-1.014890177e-08
pi-0.50,-5.000000000e-01,1.796398616e-06,3.554687356e-01,-1.014785062e-08
pi-0.50,-5.000000000e-01,1.816139260e-06,3.593749854e-01,-1.014796491e-08
pi-0.50,-5.000000000e-01,1.835879904e-06,3.632812353e-01,-1.014748672e-08
pi-0.50,-5.000000000e-01,1.855620548e-06,3.671874851e-01,-1.014946669e-08
pi-0.50,-5.000000000e-01,1.875361193e-06,3.710937349e-01,-1.014734618e-08
pi-0.50,-5.000000000e-01,1.895101837e-06,3.749999848e-01,-1.014962384e-08
pi-0.50,-5.000000000e-01,1.914842481e-06,3.789062346e-01,-1.014766098e-08
pi-0.50,-5.000000000e-01,1.934583125e-06,3.828124845e-01,-1.014734728e-08
pi-0.50,-5.000000000e-01,1.954323769e-06,3.867187343e-01,-1.014897149e-08
pi-0.50,-5.000000000e-01,1.974064413e-06,3.906249841e-01,-1.014853576e-08
pi-0.50,-5.000000000e-01,1.993805057e-06,3.945312340e-01,-1.014774851e-08
pi-0.50,-5.000000000e-01,2.013545701e-06,3.984374838e-01,-1.014805828e-08
pi-0.50,-5.000000000e-01,2.033286346e-06,4.023437337e-01,-1.014827076e-08
pi-0.50,-5.000000000e-01,2.053026990e-06,4.062499835e-01,-1.014938268e-08
pi-0.50,-5.000000000e-01,2.072767634e-06,4.101562334e-01,-1.014726287e-08
pi-0.50,-5.000000000e-01,2.092508278e-06,4.140624832e-01,-1.014838203e-08
pi-0.50,-5.000000000e-01,2.112248922e-06,4.179687330e-01,-1.014814400e-08
pi-0.50,-5.000000000e-01,2.131989566e-06,4.218749829e-01,-1.014772104e-08
pi-0.50,-5.000000000e-01,2.151730210e-06,4.257812327e-01,-1.014899665e-08
pi-0.50,-5.000000000e-01,2.171470854e-06,4.296874826e-01,-1.014784720e-08
pi-0.50,-5.000000000e-01,2.191211499e-06,4.335937324e-01,-1.014895600e-08
pi-0.50,-5.000000000e-01,2.210952143e-06,4.374999822e-01,-1.014864653e-08
pi-0.50,-5.000000000e-01,2.230692787e-06,4.414062321e-01,-1.014614965e-08
pi-0.50,-5.000000000e-01,2.250433431e-06,4.453124819e-01,-1.015010384e-08
pi-0.50,-5.000000000e-01,2.270174075e-06,4.492187318e-01,-1.014740272e-08
pi-0.50,-5.000000000e-01,2.289914719e-06,4.531249816e-01,-1.014739547e-08
pi-0.50,-5.000000000e-01,2.309655363e-06,4.570312314e-01,-1.014990373e-08
pi-0.50,-5.000000000e-01,2.329396008e-06,4.609374813e-01,-1.014781994e-08
pi-0.50,-5.000000000e-01,2.349136652e-06,4.648437311e-01,-1.014845940e-08
pi-0.50,-5.000000000e-01,2.368877296e-06,4.687499810e-01,-1.014892914e-08
pi-0.50,-5.000000000e-01,2.388617940e-06,4.726562308e-01,-1.014664675e-08
pi-0.50,-5.000000000e-01,2.408358584e-06,4.765624807e-01,-1.014975171e-08
pi-0.50,-5.000000000e-01,2.428099228e-06,4.804687305e-01,-1.014715251e-08
pi-0.50,-5.000000000e-01,2.447839872e-06,4.843749803e-01,-1.014772285e-08
pi-0.50,-5.000000000e-01,2.467580516e-06,4.882812302e-01,-1.014940642e-08
pi-0.50,-5.000000000e-01,2.487321161e-06,4.921874800e-01,-1.014781249e-08
pi-0.50,-5.000000000e-01,2.507061805e-06,4.960937299e-01,-1.014913196e-08
pi-0.50,-5.000000000e-01,2.526802449e-06,4.999999797e-01,-1.014648467e-08
pi-0.50,-5.000000000e-01,2.546543093e-06,5.039062295e-01,-1.014897059e-08
pi-0.50,-5.000000000e-01,2.566283737e-06,5.078124794e-01,-1.014858375e-08
pi-0.50,-5.000000000e-01,2.586024381e-06,5.117187292e-01,-1.014853455e-08
pi-0.50,-5.000000000e-01,2.605765025e-06,5.156249791e-01,-1.014770001e-08
pi-0.50,-5.000000000e-01,2.625505670e-06,5.195312289e-01,-1.014823525e-08
pi-0.50,-5.000000000e-01,2.645246314e-06,5.234374788e-01,-1.014849954e-08
pi-0.50,-5.000000000e-01,2.664986958e-06,5.273437286e-01,-1.014882964e-08
pi-0.50,-5.000000000e-01,2.684727602e-06,5.312499784e-01,-1.014708721e-08
pi-0.50,-5.000000000e-01,2.704468246e-06,5.351562283e-01,-1.014851202e-08
pi-0.50,-5.000000000e-01,2.724208890e-06,5.390624781e-01,-1.014861403e-08
pi-0.50,-5.000000000e-01,2.743949534e-06,5.429687280e-01,-1.014868406e-08
pi-0.50,-5.000000000e-01,2.763690178e-06,5.468749778e-01,-1.014695380e-08
pi-0.50,-5.000000000e-01,2.783430823e-06,5.507812276e-01,-1.014854643e-08
pi-0.50,-5.000000000e-01,2.803171467e-06,5.546874775e-01,-1.014857258e-08
pi-0.50,-5.000000000e-01,2.822912111e-06,5.585937273e-01,-1.014867732e-08
pi-0.50,-5.000000000e-01,2.842652755e-06,5.624999772e-01,-1.014763794e-08
pi-0.50,-5.000000000e-01,2.862393399e-06,5.664062270e-01,-1.014818474e-08
pi-0.50,-5.000000000e-01,2.882134043e-06,5.703124768e-01,-1.014786270e-08
pi-0.50,-5.000000000e-01,2.901874687e-06,5.742187267e-01,-1.014943017e-08
pi-0.50,-5.000000000e-01,2.921615331e-06,5.781249765e-01,-1.014798101e-08
pi-0.50,-5.000000000e-01,2.941355976e-06,5.820312264e-01,-1.014792477e-08
pi-0.50,-5.000000000e-01,2.961096620e-06,5.859374762e-01,-1.014862188e-08
pi-0.50,-5.000000000e-01,2.980837264e-06,5.898437261e-01,-1.014797850e-08
pi-0.50,-5.000000000e-01,3.000577908e-06,5.937499759e-01,-1.014929837e-08
pi-0.50,-5.000000000e-01,3.020318552e-06,5.976562257e-01,-1.014676587e-08
pi-0.50,-5.000000000e-01,3.040059196e-06,6.015624756e-01,-1.014834330e-08
pi-0.50,-5.000000000e-01,3.059799840e-06,6.054687254e-01,-1.014870649e-08
pi-0.50,-5.000000000e-01,3.079540485e-06,6.093749753e-01,-1.014844501e-08
pi-0.50,-5.000000000e-01,3.099281129e-06,6.132812251e-01,-1.014788986e-08
pi-0.50,-5.000000000e-01,3.119021773e-06,6.171874749e-01,-1.014837549e-08
pi-0.50,-5.000000000e-01,3.138762417e-06,6.210937248e-01,-1.014859804e-08
pi-0.50,-5.000000000e-01,3.158503061e-06,6.249999746e-01,-1.014856011e-08
pi-0.50,-5.000000000e-01,3.178243705e-06,6.289062245e-01,-1.014746177e-08
pi-0.50,-5.000000000e-01,3.197984349e-06,6.328124743e-01,-1.014775243e-08
pi-0.50,-5.000000000e-01,3.217724993e-06,6.367187242e-01,-1.014863989e-08
pi-0.50,-5.000000000e-01,3.237465638e-06,6.406249740e-01,-1.014837036e-08
pi-0.50,-5.000000000e-01,3.257206282e-06,6.445312238e-01,-1.014871997e-08
pi-0.50,-5.000000000e-01,3.276946926e-06,6.484374737e-01,-1.014791380e-08
pi-0.50,-5.000000000e-01,3.296687570e-06,6.523437235e-01,-1.014836443e-08
pi-0.50,-5.000000000e-01,3.316428214e-06,6.562499734e-01,-1.014805486e-08
pi-0.50,-5.000000000e-01,3.336168858e-06,6.601562232e-01,-1.014873909e-08
pi-0.50,-5.000000000e-01,3.355909502e-06,6.640624730e-01,-1.014719889e-08
pi-0.50,-5.000000000e-01,3.375650147e-06,6.679687229e-01,-1.014853174e-08
pi-0.50,-5.000000000e-01,3.395390791e-06,6.718749727e-01,-1.014886002e-08
pi-0.50,-5.000000000e-01,3.415131435e-06,6.757812226e-01,-1.014829501e-08
pi-0.50,-5.000000000e-01,3.434872079e-06,6.796874724e-01,-1.014779569e-08
pi-0.50,-5.000000000e-01,3.454612723e-06,6.835937223e-01,-1.014799067e-08
pi-0.50,-5.000000000e-01,3.474353367e-06,6.874999721e-01,-1.014846262e-08
pi-0.50,-5.000000000e-01,3.494094011e-06,6.914062219e-01,-1.014840839e-08
pi-0.50,-5.000000000e-01,3.513834655e-06,6.953124718e-01,-1.014785334e-08
pi-0.50,-5.000000000e-01,3.533575300e-06,6.992187216e-01,-1.014821160e-08
pi-0.50,-5.000000000e-01,3.553315944e-06,7.031249715e-01,-1.014934294e-08
pi-0.50,-5.000000000e-01,3.573056588e-06,7.070312213e-01,-1.014765907e-08
pi-0.50,-5.000000000e-01,3.592797232e-06,7.109374711e-01,-1.014868607e-08
pi-0.50,-5.000000000e-01,3.612537876e-06,7.148437210e-01,-1.014775927e-08
pi-0.50,-5.000000000e-01,3.632278520e-06,7.187499708e-01,-1.014833465e-08
pi-0.50,-5.000000000e-01,3.652019164e-06,7.226562207e-01,-1.014883125e-08
pi-0.50,-5.000000000e-01,3.671759808e-06,7.265624705e-01,-1.014802518e-08
pi-0.50,-5.000000000e-01,3.691500453e-06,7.304687203e-01,-1.014774820e-08
pi-0.50,-5.000000000e-01,3.711241097e-06,7.343749702e-01,-1.014868366e-08
pi-0.50,-5.000000000e-01,3.730981741e-06,7.382812200e-01,-1.014753813e-08
pi-0.50,-5.000000000e-01,3.750722385e-06,7.421874699e-01,-1.014848576e-08
pi-0.50,-5.000000000e-01,3.770463029e-06,7.460937197e-01,-1.014846825e-08
pi-0.50,-5.000000000e-01,3.790203673e-06,7.499999696e-01,-1.014811774e-08
pi-0.50,-5.000000000e-01,3.809944317e-06,7.539062194e-01,-1.014829984e-08
pi-0.50,-5.000000000e-01,3.829684962e-06,7.578124692e-01,-1.014817478e-08
pi-0.50,-5.000000000e-01,3.849425606e-06,7.617187191e-01,-1.014944646e-08
pi-0.50,-5.000000000e-01,3.869166250e-06,7.656249689e-01,-1.014739004e-08
pi-0.50,-5.000000000e-01,3.888906894e-06,7.695312188e-01,-1.014762365e-08
pi-0.50,-5.000000000e-01,3.908647538e-06,7.734374686e-01,-1.014809077e-08
pi-0.50,-5.000000000e-01,3.928388182e-06,7.773437184e-01,-1.014778593e-08
pi-0.50,-5.000000000e-01,3.948128826e-06,7.812499683e-01,-1.014959778e-08
pi-0.50,-5.000000000e-01,3.967869470e-06,7.851562181e-01,-1.014711116e-08
pi-0.50,-5.000000000e-01,3.987610115e-06,7.890624680e-01,-1.014981368e-08
pi-0.50,-5.000000000e-01,4.007350759e-06,7.929687178e-01,-1.014715130e-08
pi-0.50,-5.000000000e-01,4.027091403e-06,7.968749677e-01,-1.014904222e-08
pi-0.50,-5.000000000e-01,4.046832047e-06,8.007812175e-01,-1.014771641e-08
pi-0.50,-5.000000000e-01,4.066572691e-06,8.046874673e-01,-1.014764840e-08
pi-0.50,-5.000000000e-01,4.086313335e-06,8.085937172e-01,-1.014862440e-08
pi-0.50,-5.000000000e-01,4.106053979e-06,8.124999670e-01,-1.014881978e-08
pi-0.50,-5.000000000e-01,4.125794624e-06,8.164062169e-01,-1.014722374e-08
pi-0.50,-5.000000000e-01,4.145535268e-06,8.203124667e-01,-1.014886666e-08
pi-0.50,-5.000000000e-01,4.165275912e-06,8.242187165e-01,-1.014968420e-08
pi-0.50,-5.000000000e-01,4.185016556e-06,8.281249664e-01,-1.014722726e-08
pi-0.50,-5.000000000e-01,4.204757200e-06,8.320312162e-01,-1.014921758e-08
pi-0.50,-5.000000000e-01,4.224497844e-06,8.359374661e-01,-1.014720029e-08
pi-0.50,-5.000000000e-01,4.244238488e-06,8.398437159e-01,-1.014815838e-08
pi-0.50,-5.000000000e-01,4.263979132e-06,8.437499657e-01,-1.014770555e-08
pi-0.50,-5.000000000e-01,4.283719777e-06,8.476562156e-01,-1.014846403e-08
pi-0.50,-5.000000000e-01,4.303460421e-06,8.515624654e-01,-1.014853083e-08
pi-0.50,-5.000000000e-01,4.323201065e-06,8.554687153e-01,-1.014837217e-08
pi-0.50,-5.000000000e-01,4.342941709e-06,8.593749651e-01,-1.014859844e-08
pi-0.50,-5.000000000e-01,4.362682353e-06,8.632812150e-01,-1.014653407e-08
pi-0.50,-5.000000000e-01,4.382422997e-06,8.671874648e-01,-1.015068535e-08
pi-0.50,-5.000000000e-01,4.402163641e-06,8.710937146e-01,-1.014684414e-08
pi-0.50,-5.000000000e-01,4.421904285e-06,8.749999645e-01,-1.014840859e-08
pi-0.50,-5.000000000e-01,4.441644930e-06,8.789062143e-01,-1.014834612e-08
pi-0.50,-5.000000000e-01,4.461385574e-06,8.828124642e-01,-1.014894564e-08
pi-0.50,-5.000000000e-01,4.481126218e-06,8.867187140e-01,-1.014696900e-08
pi-0.50,-5.000000000e-01,4.500866862e-06,8.906249638e-01,-1.014963430e-08
pi-0.50,-5.000000000e-01,4.520607506e-06,8.945312137e-01,-1.014785324e-08
pi-0.50,-5.000000000e-01,4.540348150e-06,8.984374635e-01,-1.014863476e-08
pi-0.50,-5.000000000e-01,4.560088794e-06,9.023437134e-01,-1.014858244e-08
pi-0.50,-5.000000000e-01,4.579829439e-06,9.062499632e-01,-1.014801492e-08
pi-0.50,-5.000000000e-01,4.599570083e-06,9.101562131e-01,-1.014816794e-08
pi-0.50,-5.000000000e-01,4.619310727e-06,9.140624629e-01,-1.014873909e-08
pi-0.50,-5.000000000e-01,4.639051371e-06,9.179687127e-01,-1.014816532e-08
pi-0.50,-5.000000000e-01,4.658792015e-06,9.218749626e-01,-1.014695743e-08
pi-0.50,-5.000000000e-01,4.678532659e-06,9.257812124e-01,-1.014792900e-08
pi-0.50,-5.000000000e-01,4.698273303e-06,9.296874623e-01,-1.015015726e-08
pi-0.50,-5.000000000e-01,4.718013947e-06,9.335937121e-01,-1.014571210e-08
pi-0.50,-5.000000000e-01,4.737754592e-06,9.374999619e-01,-1.015098556e-08
pi-0.50,-5.000000000e-01,4.757495236e-06,9.414062118e-01,-1.014611735e-08
pi-0.50,-5.000000000e-01,4.777235880e-06,9.453124616e-01,-1.014969396e-08
pi-0.50,-5.000000000e-01,4.796976524e-06,9.492187115e-01,-1.014902592e-08
pi-0.50,-5.000000000e-01,4.816717168e-06,9.531249613e-01,-1.014669816e-08
pi-0.50,-5.000000000e-01,4.836457812e-06,9.570312112e-01,-1.014910007e-08
pi-0.50,-5.000000000e-01,4.856198456e-06,9.609374610e-01,-1.014656516e-08
pi-0.50,-5.000000000e-01,4.875939101e-06,9.648437108e-01,-1.015028614e-08
pi-0.50,-5.000000000e-01,4.895679745e-06,9.687499607e-01,-1.014618677e-08
pi-0.50,-5.000000000e-01,4.915420389e-06,9.726562105e-01,-1.014756993e-08
pi-0.50,-5.000000000e-01,4.935161033e-06,9.765624604e-01,-1.014914816e-08
pi-0.50,-5.000000000e-01,4.954901677e-06,9.804687102e-01,-1.014792135e-08
pi-0.50,-5.000000000e-01,4.974642321e-06,9.843749600e-01,-1.014863818e-08
pi-0.50,-5.000000000e-01,4.994382965e-06,9.882812099e-01,-1.014788543e-08
pi-0.50,-5.000000000e-01,5.014123609e-06,9.921874597e-01,-1.014859643e-08
pi-0.50,-5.000000000e-01,5.033864254e-06,9.960937096e-01,-1.014953128e-08
pi-0.50,-5.000000000e-01,5.053604898e-06,9.999999594e-01,-1.014953661e-08
pi+0.00,0.000000000e+00,0.000000000e+00,0.000000000e+00,-0.000000000e+00
pi+0.00,0.000000000e+00,3.906250000e-08,7.812500000e-03,0.000000000e+00
pi+0.00,0.000000000e+00,7.812500000e-08,1.562500000e-02,0.000000000e+00
pi+0.00,0.000000000e+00,1.171875000e-07,2.343750000e-02,0.000000000e+00
pi+0.00,0.000000000e+00,1.562500000e-07,3.125000000e-02,0.000000000e+00
pi+0.00,0.000000000e+00,1.953125000e-07,3.906250000e-02,0.000000000e+00
pi+0.00,0.000000000e+00,2.343750000e-07,4.687500000e-02,0.000000000e+00
pi+0.00,0.000000000e+00,2.734375000e-07,5.468750000e-02,0.000000000e+00
pi+0.00,0.000000000e+00,3.125000000e-07,6.250000000e-02,0.000000000e+00
pi+0.00,0.000000000e+00,3.515625000e-07,7.031250000e-02,0.000000000e+00
pi+0.00,0.000000000e+00,3.906250000e-07,7.812500000e-02,0.000000000e+00
pi+0.00,0.000000000e+00,4.296875000e-07,8.593750000e-02,0.000000000e+00
pi+0.00,0.000000000e+00,4.687500000e-07,9.375000000e-02,0.000000000e+00
pi+0.00,0.000000000e+00,5.078125000e-07,1.015625000e-01,0.000000000e+00
pi+0.00,0.000000000e+00,5.468750000e-07,1.093750000e-01,0.000000000e+00
pi+0.00,0.000000000e+00,5.859375000e-07,1.171875000e-01,0.000000000e+00
pi+0.00,0.000000000e+00,6.250000000e-07,1.250000000e-01,0.000000000e+00
pi+0.00,0.000000000e+00,6.640625000e-07,1.328125000e-01,0.000000000e+00
pi+0.00,0.000000000e+00,7.031250000e-07,1.406250000e-01,0.000000000e+00
pi+0.00,0.000000000e+00,7.421875000e-07,1.484375000e-01,0.000000000e+00
pi+0.00,0.000000000e+00,7.812500000e-07,1.562500000e-01,0.000000000e+00
pi+0.00,0.000000000e+00,8.203125000e-07,1.640625000e-01,0.000000000e+00
pi+0.00,0.000000000e+00,8.593750000e-07,1.718750000e-01,0.000000000e+00
pi+0.00,0.000000000e+00,8.984375000e-07,1.796875000e-01,0.000000000e+00
pi+0.00,0.000000000e+00,9.375000000e-07,1.875000000e-01,0.000000000e+00
pi+0.00,0.000000000e+00,9.765625000e-07,1.953125000e-01,0.000000000e+00
pi+0.00,0.000000000e+00,1.015625000e-06,2.031250000e-01,0.000000000e+00
pi+0.00,0.000000000e+00,1.054687500e-06,2.109375000e-01,0.000000000e+00
pi+0.00,0.000000000e+00,1.093750000e-06,2.187500000e-01,0.000000000e+00
pi+0.00,0.000000000e+00,1.132812500e-06,2.265625000e-01,0.000000000e+00
pi+0.00,0.000000000e+00,1.171875000e-06,2.343750000e-01,0.000000000e+00
pi+0.00,0.000000000e+00,1.210937500e-06,2.421875000e-01,0.000000000e+00
pi+0.00,0.000000000e+00,1.250000000e-06,2.500000000e-01,0.000000000e+00
pi+0.00,0.000000000e+00,1.289062500e-06,2.578125000e-01,0.000000000e+00
pi+0.00,0.000000000e+00,1.328125000e-06,2.656250000e-01,0.000000000e+00
pi+0.00,0.000000000e+00,1.367187500e-06,2.734375000e-01,0.000000000e+00
pi+0.00,0.000000000e+00,1.406250000e-06,2.812500000e-01,0.000000000e+00
pi+0.00,0.000000000e+00,1.445312500e-06,2.890625000e-01,0.000000000e+00
pi+0.00,0.000000000e+00,1.484375000e-06,2.968750000e-01,0.000000000e+00
pi+0.00,0.000000000e+00,1.523437500e-06,3.046875000e-01,0.000000000e+00
pi+0.00,0.000000000e+00,1.562500000e-06,3.125000000e-01,0.000000000e+00
pi+0.00,0.000000000e+00,1.601562500e-06,3.203125000e-01,0.000000000e+00
pi+0.00,0.000000000e+00,1.640625000e-06,3.281250000e-01,0.000000000e+00
pi+0.00,0.000000000e+00,1.679687500e-06,3.359375000e-01,0.000000000e+00
pi+0.00,0.000000000e+00,1.718750000e-06,3.437500000e-01,0.000000000e+00
pi+0.00,0.000000000e+00,1.757812500e-06,3.515625000e-01,0.000000000e+00
pi+0.00,0.000000000e+00,1.796875000e-06,3.593750000e-01,0.000000000e+00
pi+0.00,0.000000000e+00,1.835937500e-06,3.671875000e-01,0.000000000e+00
pi+0.00,0.000000000e+00,1.875000000e-06,3.750000000e-01,0.000000000e+00
pi+0.00,0.000000000e+00,1.914062500e-06,3.828125000e-01,0.000000000e+00
pi+0.00,0.000000000e+00,1.953125000e-06,3.906250000e-01,0.000000000e+00
pi+0.00,0.000000000e+00,1.992187500e-06,3.984375000e-01,0.000000000e+00
pi+0.00,0.000000000e+00,2.031250000e-06,4.062500000e-01,0.000000000e+00
pi+0.00,0.000000000e+00,2.070312500e-06,4.140625000e-01,0.000000000e+00
pi+0.00,0.000000000e+00,2.109375000e-06,4.218750000e-01,0.000000000e+00
pi+0.00,0.000000000e+00,2.148437500e-06,4.296875000e-01,0.000000000e+00
pi+0.00,0.000000000e+00,2.187500000e-06,4.375000000e-01,0.000000000e+00
pi+0.00,0.000000000e+00,2.226562500e-06,4.453125000e-01,0.000000000e+00
pi+0.00,0.000000000e+00,2.265625000e-06,4.531250000e-01,0.000000000e+00
pi+0.00,0.000000000e+00,2.304687500e-06,4.609375000e-01,0.000000000e+00
pi+0.00,0.000000000e+00,2.343750000e-06,4.687500000e-01,0.000000000e+00
pi+0.00,0.000000000e+00,2.382812500e-06,4.765625000e-01,0.000000000e+00
pi+0.00,0.000000000e+00,2.421875000e-06,4.843750000e-01,0.000000000e+00
pi+0.00,0.000000000e+00,2.460937500e-06,4.921875000e-01,0.000000000e+00
pi+0.00,0.000000000e+00,2.500000000e-06,5.000000000e-01,0.000000000e+00
pi+0.00,0.000000000e+00,2.539062500e-06,5.078125000e-01,0.000000000e+00
pi+0.00,0.000000000e+00,2.578125000e-06,5.156250000e-01,0.000000000e+00
pi+0.00,0.000000000e+00,2.617187500e-06,5.234375000e-01,0.000000000e+00
pi+0.00,0.000000000e+00,2.656250000e-06,5.312500000e-01,0.000000000e+00
pi+0.00,0.000000000e+00,2.695312500e-06,5.390625000e-01,0.000000000e+00
pi+0.00,0.000000000e+00,2.734375000e-06,5.468750000e-01,0.000000000e+00
pi+0.00,0.000000000e+00,2.773437500e-06,5.546875000e-01,0.000000000e+00
pi+0.00,0.000000000e+00,2.812500000e-06,5.625000000e-01,0.000000000e+00
pi+0.00,0.000000000e+00,2.851562500e-06,5.703125000e-01,0.000000000e+00
pi+0.00,0.000000000e+00,2.890625000e-06,5.781250000e-01,0.000000000e+00
pi+0.00,0.000000000e+00,2.929687500e-06,5.859375000e-01,0.000000000e+00
pi+0.00,0.000000000e+00,2.968750000e-06,5.937500000e-01,0.000000000e+00
pi+0.00,0.000000000e+00,3.007812500e-06,6.015625000e-01,0.000000000e+00
pi+0.00,0.000000000e+00,3.046875000e-06,6.093750000e-01,0.000000000e+00
pi+0.00,0.000000000e+00,3.085937500e-06,6.171875000e-01,0.000000000e+00
pi+0.00,0.000000000e+00,3.125000000e-06,6.250000000e-01,0.000000000e+00
pi+0.00,0.000000000e+00,3.164062500e-06,6.328125000e-01,0.000000000e+00
pi+0.00,0.000000000e+00,3.203125000e-06,6.406250000e-01,0.000000000e+00
pi+0.00,0.000000000e+00,3.242187500e-06,6.484375000e-01,0.000000000e+00
pi+0.00,0.000000000e+00,3.281250000e-06,6.562500000e-01,0.000000000e+00
pi+0.00,0.000000000e+00,3.320312500e-06,6.640625000e-01,0.000000000e+00
pi+0.00,0.000000000e+00,3.359375000e-06,6.718750000e-01,0.000000000e+00
pi+0.00,0.000000000e+00,3.398437500e-06,6.796875000e-01,0.000000000e+00
pi+0.00,0.000000000e+00,3.437500000e-06,6.875000000e-01,0.000000000e+00
pi+0.00,0.000000000e+00,3.476562500e-06,6.953125000e-01,0.000000000e+00
pi+0.00,0.000000000e+00,3.515625000e-06,7.031250000e-01,0.000000000e+00
pi+0.00,0.000000000e+00,3.554687500e-06,7.109375000e-01,0.000000000e+00
pi+0.00,0.000000000e+00,3.593750000e-06,7.187500000e-01,0.000000000e+00
pi+0.00,0.000000000e+00,3.632812500e-06,7.265625000e-01,0.000000000e+00
pi+0.00,0.000000000e+00,3.671875000e-06,7.343750000e-01,0.000000000e+00
pi+0.00,0.000000000e+00,3.710937500e-06,7.421875000e-01,0.000000000e+00
pi+0.00,0.000000000e+00,3.750000000e-06,7.500000000e-01,0.000000000e+00
pi+0.00,0.000000000e+00,3.789062500e-06,7.578125000e-01,0.000000000e+00
pi+0.00,0.000000000e+00,3.828125000e-06,7.656250000e-01,0.000000000e+00
pi+0.00,0.000000000e+00,3.867187500e-06,7.734375000e-01,0.000000000e+00
pi+0.00,0.000000000e+00,3.906250000e-06,7.812500000e-01,0.000000000e+00
pi+0.00,0.000000000e+00,3.945312500e-06,7.890625000e-01,0.000000000e+00
pi+0.00,0.000000000e+00,3.984375000e-06,7.968750000e-01,0.000000000e+00
pi+0.00,0.000000000e+00,4.023437500e-06,8.046875000e-01,0.000000000e+00
pi+0.00,0.000000000e+00,4.062500000e-06,8.125000000e-01,0.000000000e+00
pi+0.00,0.000000000e+00,4.101562500e-06,8.203125000e-01,0.000000000e+00
pi+0.00,0.000000000e+00,4.140625000e-06,8.281250000e-01,0.000000000e+00
pi+0.00,0.000000000e+00,4.179687500e-06,8.359375000e-01,0.000000000e+00
pi+0.00,0.000000000e+00,4.218750000e-06,8.437500000e-01,0.000000000e+00
pi+0.00,0.000000000e+00,4.257812500e-06,8.515625000e-01,0.000000000e+00
pi+0.00,0.000000000e+00,4.296875000e-06,8.593750000e-01,0.000000000e+00
pi+0.00,0.000000000e+00,4.335937500e-06,8.671875000e-01,0.000000000e+00
pi+0.00,0.000000000e+00,4.375000000e-06,8.750000000e-01,0.000000000e+00
pi+0.00,0.000000000e+00,4.414062500e-06,8.828125000e-01,0.000000000e+00
pi+0.00,0.000000000e+00,4.453125000e-06,8.906250000e-01,0.000000000e+00
pi+0.00,0.000000000e+00,4.492187500e-06,8.984375000e-01,0.000000000e+00
pi+0.00,0.000000000e+00,4.531250000e-06,9.062500000e-01,0.000000000e+00
pi+0.00,0.000000000e+00,4.570312500e-06,9.140625000e-01,0.000000000e+00
pi+0.00,0.000000000e+00,4.609375000e-06,9.218750000e-01,0.000000000e+00
pi+0.00,0.000000000e+00,4.648437500e-06,9.296875000e-01,0.000000000e+00
pi+0.00,0.000000000e+00,4.687500000e-06,9.375000000e-01,0.000000000e+00
pi+0.00,0.000000000e+00,4.726562500e-06,9.453125000e-01,0.000000000e+00
pi+0.00,0.000000000e+00,4.765625000e-06,9.531250000e-01,0.000000000e+00
pi+0.00,0.000000000e+00,4.804687500e-06,9.609375000e-01,0.000000000e+00
pi+0.00,0.000000000e+00,4.843750000e-06,9.687500000e-01,0.000000000e+00
pi+0.00,0.000000000e+00,4.882812500e-06,9.765625000e-01,0.000000000e+00
pi+0.00,0.000000000e+00,4.921875000e-06,9.843750000e-01,0.000000000e+00
pi+0.00,0.000000000e+00,4.960937500e-06,9.921875000e-01,0.000000000e+00
pi+0.00,0.000000000e+00,5.000000000e-06,1.000000000e+00,0.000000000e+00
pi+0.50,5.000000000e-01,0.000000000e+00,0.000000000e+00,6.766639676e-09
pi+0.50,5.000000000e-01,1.974064413e-08,3.906249841e-03,9.019479884e-09
pi+0.50,5.000000000e-01,3.948128826e-08,7.812499683e-03,1.003696672e-08
pi+0.50,5.000000000e-01,5.922193239e-08,1.171874952e-02,1.011524393e-08
pi+0.50,5.000000000e-01,7.896257653e-08,1.562499937e-02,1.013458256e-08
pi+0.50,5.000000000e-01,9.870322066e-08,1.953124921e-02,1.014166918e-08
pi+0.50,5.000000000e-01,1.184438648e-07,2.343749905e-02,1.014409876e-08
pi+0.50,5.000000000e-01,1.381845089e-07,2.734374889e-02,1.014653196e-08
pi+0.50,5.000000000e-01,1.579251531e-07,3.124999873e-02,1.014632782e-08
pi+0.50,5.000000000e-01,1.776657972e-07,3.515624857e-02,1.014642934e-08
pi+0.50,5.000000000e-01,1.974064413e-07,3.906249841e-02,1.014812236e-08
pi+0.50,5.000000000e-01,2.171470854e-07,4.296874826e-02,1.014743944e-08
pi+0.50,5.000000000e-01,2.368877296e-07,4.687499810e-02,1.014789519e-08
pi+0.50,5.000000000e-01,2.566283737e-07,5.078124794e-02,1.014715874e-08
pi+0.50,5.000000000e-01,2.763690178e-07,5.468749778e-02,1.014800938e-08
pi+0.50,5.000000000e-01,2.961096620e-07,5.859374762e-02,1.014878346e-08
pi+0.50,5.000000000e-01,3.158503061e-07,6.249999746e-02,1.014748713e-08
pi+0.50,5.000000000e-01,3.355909502e-07,6.640624730e-02,1.014867893e-08
pi+0.50,5.000000000e-01,3.553315944e-07,7.031249715e-02,1.014715743e-08
pi+0.50,5.000000000e-01,3.750722385e-07,7.421874699e-02,1.014833012e-08
pi+0.50,5.000000000e-01,3.948128826e-07,7.812499683e-02,1.014923167e-08
pi+0.50,5.000000000e-01,4.145535268e-07,8.203124667e-02,1.014659383e-08
pi+0.50,5.000000000e-01,4.342941709e-07,8.593749651e-02,1.014912874e-08
pi+0.50,5.000000000e-01,4.540348150e-07,8.984374635e-02,1.014774820e-08
pi+0.50,5.000000000e-01,4.737754592e-07,9.374999619e-02,1.014930863e-08
pi+0.50,5.000000000e-01,4.935161033e-07,9.765624604e-02,1.014691648e-08
pi+0.50,5.000000000e-01,5.132567474e-07,1.015624959e-01,1.014822881e-08
pi+0.50,5.000000000e-01,5.329973916e-07,1.054687457e-01,1.014880278e-08
pi+0.50,5.000000000e-01,5.527380357e-07,1.093749956e-01,1.014758562e-08
pi+0.50,5.000000000e-01,5.724786798e-07,1.132812454e-01,1.014896435e-08
pi+0.50,5.000000000e-01,5.922193239e-07,1.171874952e-01,1.014765494e-08
pi+0.50,5.000000000e-01,6.119599681e-07,1.210937451e-01,1.014871857e-08
pi+0.50,5.000000000e-01,6.317006122e-07,1.249999949e-01,1.014776340e-08
pi+0.50,5.000000000e-01,6.514412563e-07,1.289062448e-01,1.014813001e-08
pi+0.50,5.000000000e-01,6.711819005e-07,1.328124946e-01,1.014891616e-08
pi+0.50,5.000000000e-01,6.909225446e-07,1.367187445e-01,1.014763532e-08
pi+0.50,5.000000000e-01,7.106631887e-07,1.406249943e-01,1.014831382e-08
pi+0.50,5.000000000e-01,7.304038329e-07,1.445312441e-01,1.014931115e-08
pi+0.50,5.000000000e-01,7.501444770e-07,1.484374940e-01,1.014739849e-08
pi+0.50,5.000000000e-01,7.698851211e-07,1.523437438e-01,1.014730181e-08
pi+0.50,5.000000000e-01,7.896257653e-07,1.562499937e-01,1.014928056e-08
pi+0.50,5.000000000e-01,8.093664094e-07,1.601562435e-01,1.014828575e-08
pi+0.50,5.000000000e-01,8.291070535e-07,1.640624933e-01,1.014804198e-08
pi+0.50,5.000000000e-01,8.488476977e-07,1.679687432e-01,1.014833163e-08
pi+0.50,5.000000000e-01,8.685883418e-07,1.718749930e-01,1.014725885e-08
pi+0.50,5.000000000e-01,8.883289859e-07,1.757812429e-01,1.014934394e-08
pi+0.50,5.000000000e-01,9.080696301e-07,1.796874927e-01,1.014821422e-08
pi+0.50,5.000000000e-01,9.278102742e-07,1.835937425e-01,1.014791310e-08
pi+0.50,5.000000000e-01,9.475509183e-07,1.874999924e-01,1.014848324e-08
pi+0.50,5.000000000e-01,9.672915625e-07,1.914062422e-01,1.014782064e-08
pi+0.50,5.000000000e-01,9.870322066e-07,1.953124921e-01,1.014824571e-08
pi+0.50,5.000000000e-01,1.006772851e-06,1.992187419e-01,1.014888497e-08
pi+0.50,5.000000000e-01,1.026513495e-06,2.031249918e-01,1.014730845e-08
pi+0.50,5.000000000e-01,1.046254139e-06,2.070312416e-01,1.014888175e-08
pi+0.50,5.000000000e-01,1.065994783e-06,2.109374914e-01,1.014786199e-08
pi+0.50,5.000000000e-01,1.085735427e-06,2.148437413e-01,1.014925682e-08
pi+0.50,5.000000000e-01,1.105476071e-06,2.187499911e-01,1.014713802e-08
pi+0.50,5.000000000e-01,1.125216716e-06,2.226562410e-01,1.014861625e-08
pi+0.50,5.000000000e-01,1.144957360e-06,2.265624908e-01,1.014805747e-08
pi+0.50,5.000000000e-01,1.164698004e-06,2.304687406e-01,1.014877823e-08
pi+0.50,5.000000000e-01,1.184438648e-06,2.343749905e-01,1.014752646e-08
pi+0.50,5.000000000e-01,1.204179292e-06,2.382812403e-01,1.014877179e-08
pi+0.50,5.000000000e-01,1.223919936e-06,2.421874902e-01,1.014838898e-08
pi+0.50,5.000000000e-01,1.243660580e-06,2.460937400e-01,1.014764880e-08
pi+0.50,5.000000000e-01,1.263401224e-06,2.499999899e-01,1.014807357e-08
pi+0.50,5.000000000e-01,1.283141869e-06,2.539062397e-01,1.014962213e-08
pi+0.50,5.000000000e-01,1.302882513e-06,2.578124895e-01,1.014672754e-08
pi+0.50,5.000000000e-01,1.322623157e-06,2.617187394e-01,1.014918639e-08
pi+0.50,5.000000000e-01,1.342363801e-06,2.656249892e-01,1.014826553e-08
pi+0.50,5.000000000e-01,1.362104445e-06,2.695312391e-01,1.014719194e-08
pi+0.50,5.000000000e-01,1.381845089e-06,2.734374889e-01,1.014863194e-08
pi+0.50,5.000000000e-01,1.401585733e-06,2.773437387e-01,1.014918478e-08
pi+0.50,5.000000000e-01,1.421326377e-06,2.812499886e-01,1.014787427e-08
pi+0.50,5.000000000e-01,1.441067022e-06,2.851562384e-01,1.014759307e-08
pi+0.50,5.000000000e-01,1.460807666e-06,2.890624883e-01,1.014907351e-08
pi+0.50,5.000000000e-01,1.480548310e-06,2.929687381e-01,1.014696407e-08
pi+0.50,5.000000000e-01,1.500288954e-06,2.968749879e-01,1.014945069e-08
pi+0.50,5.000000000e-01,1.520029598e-06,3.007812378e-01,1.014801934e-08
pi+0.50,5.000000000e-01,1.539770242e-06,3.046874876e-01,1.014826070e-08
pi+0.50,5.000000000e-01,1.559510886e-06,3.085937375e-01,1.014848817e-08
pi+0.50,5.000000000e-01,1.579251531e-06,3.124999873e-01,1.014706518e-08
pi+0.50,5.000000000e-01,1.598992175e-06,3.164062372e-01,1.014920571e-08
pi+0.50,5.000000000e-01,1.618732819e-06,3.203124870e-01,1.014878054e-08
pi+0.50,5.000000000e-01,1.638473463e-06,3.242187368e-01,1.014736096e-08
pi+0.50,5.000000000e-01,1.658214107e-06,3.281249867e-01,1.014872742e-08
pi+0.50,5.000000000e-01,1.677954751e-06,3.320312365e-01,1.014809269e-08
pi+0.50,5.000000000e-01,1.697695395e-06,3.359374864e-01,1.014765605e-08
pi+0.50,5.000000000e-01,1.717436039e-06,3.398437362e-01,1.014937523e-08
pi+0.50,5.000000000e-01,1.737176684e-06,3.437499860e-01,1.014683177e-08
pi+0.50,5.000000000e-01,1.756917328e-06,3.476562359e-01,1.014894896e-08
pi+0.50,5.000000000e-01,1.776657972e-06,3.515624857e-01,1.014890177e-08
pi+0.50,5.000000000e-01,1.796398616e-06,3.554687356e-01,1.014785062e-08
pi+0.50,5.000000000e-01,1.816139260e-06,3.593749854e-01,1.014796491e-08
pi+0.50,5.000000000e-01,1.835879904e-06,3.632812353e-01,1.014748672e-08
pi+0.50,5.000000000e-01,1.855620548e-06,3.671874851e-01,1.014946669e-08
pi+0.50,5.000000000e-01,1.875361193e-06,3.710937349e-01,1.014734618e-08
pi+0.50,5.000000000e-01,1.895101837e-06,3.749999848e-01,1.014962384e-08
pi+0.50,5.000000000e-01,1.914842481e-06,3.789062346e-01,1.014766098e-08
pi+0.50,5.000000000e-01,1.934583125e-06,3.828124845e-01,1.014734728e-08
pi+0.50,5.000000000e-01,1.954323769e-06,3.867187343e-01,1.014897149e-08
pi+0.50,5.000000000e-01,1.974064413e-06,3.906249841e-01,1.014853576e-08
pi+0.50,5.000000000e-01,1.993805057e-06,3.945312340e-01,1.014774851e-08
pi+0.50,5.000000000e-01,2.013545701e-06,3.984374838e-01,1.014805828e-08
pi+0.50,5.000000000e-01,2.033286346e-06,4.023437337e-01,1.014827076e-08
pi+0.50,5.000000000e-01,2.053026990e-06,4.062499835e-01,1.014938268e-08
pi+0.50,5.000000000e-01,2.072767634e-06,4.101562334e-01,1.014726287e-08
pi+0.50,5.000000000e-01,2.092508278e-06,4.140624832e-01,1.014838203e-08
pi+0.50,5.000000000e-01,2.112248922e-06,4.179687330e-01,1.014814400e-08
pi+0.50,5.000000000e-01,2.131989566e-06,4.218749829e-01,1.014772104e-08
pi+0.50,5.000000000e-01,2.151730210e-06,4.257812327e-01,1.014899665e-08
pi+0.50,5.000000000e-01,2.171470854e-06,4.296874826e-01,1.014784720e-08
pi+0.50,5.000000000e-01,2.191211499e-06,4.335937324e-01,1.014895600e-08
pi+0.50,5.000000000e-01,2.210952143e-06,4.374999822e-01,1.014864653e-08
pi+0.50,5.000000000e-01,2.230692787e-06,4.414062321e-01,1.014614965e-08
pi+0.50,5.000000000e-01,2.250433431e-06,4.453124819e-01,1.015010384e-08
pi+0.50,5.000000000e-01,2.270174075e-06,4.492187318e-01,1.014740272e-08
pi+0.50,5.000000000e-01,2.289914719e-06,4.531249816e-01,1.014739547e-08
pi+0.50,5.000000000e-01,2.309655363e-06,4.570312314e-01,1.014990373e-08
pi+0.50,5.000000000e-01,2.329396008e-06,4.609374813e-01,1.014781994e-08
pi+0.50,5.000000000e-01,2.349136652e-06,4.648437311e-01,1.014845940e-08
pi+0.50,5.000000000e-01,2.368877296e-06,4.687499810e-01,1.014892914e-08
pi+0.50,5.000000000e-01,2.388617940e-06,4.726562308e-01,1.014664675e-08
pi+0.50,5.000000000e-01,2.408358584e-06,4.765624807e-01,1.014975171e-08
pi+0.50,5.000000000e-01,2.428099228e-06,4.804687305e-01,1.014715251e-08
pi+0.50,5.000000000e-01,2.447839872e-06,4.843749803e-01,1.014772285e-08
pi+0.50,5.000000000e-01,2.467580516e-06,4.882812302e-01,1.014940642e-08
pi+0.50,5.000000000e-01,2.487321161e-06,4.921874800e-01,1.014781249e-08
pi+0.50,5.000000000e-01,2.507061805e-06,4.960937299e-01,1.014913196e-08
pi+0.50,5.000000000e-01,2.526802449e-06,4.999999797e-01,1.014648467e-08
pi+0.50,5.000000000e-01,2.546543093e-06,5.039062295e-01,1.014897059e-08
pi+0.50,5.000000000e-01,2.566283737e-06,5.078124794e-01,1.014858375e-08
pi+0.50,5.000000000e-01,2.586024381e-06,5.117187292e-01,1.014853455e-08
pi+0.50,5.000000000e-01,2.605765025e-06,5.156249791e-01,1.014770001e-08
pi+0.50,5.000000000e-01,2.625505670e-06,5.195312289e-01,1.014823525e-08
pi+0.50,5.000000000e-01,2.645246314e-06,5.234374788e-01,1.014849954e-08
pi+0.50,5.000000000e-01,2.664986958e-06,5.273437286e-01,1.014882964e-08
pi+0.50,5.000000000e-01,2.684727602e-06,5.312499784e-01,1.014708721e-08
pi+0.50,5.000000000e-01,2.704468246e-06,5.351562283e-01,1.014851202e-08
pi+0.50,5.000000000e-01,2.724208890e-06,5.390624781e-01,1.014861403e-08
pi+0.50,5.000000000e-01,2.743949534e-06,5.429687280e-01,1.014868406e-08
pi+0.50,5.000000000e-01,2.763690178e-06,5.468749778e-01,1.014695380e-08
pi+0.50,5.000000000e-01,2.783430823e-06,5.507812276e-01,1.014854643e-08
pi+0.50,5.000000000e-01,2.803171467e-06,5.546874775e-01,1.014857258e-08
pi+0.50,5.000000000e-01,2.822912111e-06,5.585937273e-01,1.014867732e-08
pi+0.50,5.000000000e-01,2.842652755e-06,5.624999772e-01,1.014763794e-08
pi+0.50,5.000000000e-01,2.862393399e-06,5.664062270e-01,1.014818474e-08
pi+0.50,5.000000000e-01,2.882134043e-06,5.703124768e-01,1.014786270e-08
pi+0.50,5.000000000e-01,2.901874687e-06,5.742187267e-01,1.014943017e-08
pi+0.50,5.000000000e-01,2.921615331e-06,5.781249765e-01,1.014798101e-08
pi+0.50,5.000000000e-01,2.941355976e-06,5.820312264e-01,1.014792477e-08
pi+0.50,5.000000000e-01,2.961096620e-06,5.859374762e-01,1.014862188e-08
pi+0.50,5.000000000e-01,2.980837264e-06,5.898437261e-01,1.014797850e-08
pi+0.50,5.000000000e-01,3.000577908e-06,5.937499759e-01,1.014929837e-08
pi+0.50,5.000000000e-01,3.020318552e-06,5.976562257e-01,1.014676587e-08
pi+0.50,5.000000000e-01,3.040059196e-06,6.015624756e-01,1.014834330e-08
pi+0.50,5.000000000e-01,3.059799840e-06,6.054687254e-01,1.014870649e-08
pi+0.50,5.000000000e-01,3.079540485e-06,6.093749753e-01,1.014844501e-08
pi+0.50,5.000000000e-01,3.099281129e-06,6.132812251e-01,1.014788986e-08
pi+0.50,5.000000000e-01,3.119021773e-06,6.171874749e-01,1.014837549e-08
pi+0.50,5.000000000e-01,3.138762417e-06,6.210937248e-01,1.014859804e-08
pi+0.50,5.000000000e-01,3.158503061e-06,6.249999746e-01,1.014856011e-08
pi+0.50,5.000000000e-01,3.178243705e-06,6.289062245e-01,1.014746177e-08
pi+0.50,5.000000000e-01,3.197984349e-06,6.328124743e-01,1.014775243e-08
pi+0.50,5.000000000e-01,3.217724993e-06,6.367187242e-01,1.014863989e-08
pi+0.50,5.000000000e-01,3.237465638e-06,6.406249740e-01,1.014837036e-08
pi+0.50,5.000000000e-01,3.257206282e-06,6.445312238e-01,1.014871997e-08
pi+0.50,5.000000000e-01,3.276946926e-06,6.484374737e-01,1.014791380e-08
pi+0.50,5.000000000e-01,3.296687570e-06,6.523437235e-01,1.014836443e-08
pi+0.50,5.000000000e-01,3.316428214e-06,6.562499734e-01,1.014805486e-08
pi+0.50,5.000000000e-01,3.336168858e-06,6.601562232e-01,1.014873909e-08
pi+0.50,5.000000000e-01,3.355909502e-06,6.640624730e-01,1.014719889e-08
pi+0.50,5.000000000e-01,3.375650147e-06,6.679687229e-01,1.014853174e-08
pi+0.50,5.000000000e-01,3.395390791e-06,6.718749727e-01,1.014886002e-08
pi+0.50,5.000000000e-01,3.415131435e-06,6.757812226e-01,1.014829501e-08
pi+0.50,5.000000000e-01,3.434872079e-06,6.796874724e-01,1.014779569e-08
pi+0.50,5.000000000e-01,3.454612723e-06,6.835937223e-01,1.014799067e-08
pi+0.50,5.000000000e-01,3.474353367e-06,6.874999721e-01,1.014846262e-08
pi+0.50,5.000000000e-01,3.494094011e-06,6.914062219e-01,1.014840839e-08
pi+0.50,5.000000000e-01,3.513834655e-06,6.953124718e-01,1.014785334e-08
pi+0.50,5.000000000e-01,3.533575300e-06,6.992187216e-01,1.014821160e-08
pi+0.50,5.000000000e-01,3.553315944e-06,7.031249715e-01,1.014934294e-08
pi+0.50,5.000000000e-01,3.573056588e-06,7.070312213e-01,1.014765907e-08
pi+0.50,5.000000000e-01,3.592797232e-06,7.109374711e-01,1.014868607e-08
pi+0.50,5.000000000e-01,3.612537876e-06,7.148437210e-01,1.014775927e-08
pi+0.50,5.000000000e-01,3.632278520e-06,7.187499708e-01,1.014833465e-08
pi+0.50,5.000000000e-01,3.652019164e-06,7.226562207e-01,1.014883125e-08
pi+0.50,5.000000000e-01,3.671759808e-06,7.265624705e-01,1.014802518e-08
pi+0.50,5.000000000e-01,3.691500453e-06,7.304687203e-01,1.014774820e-08
pi+0.50,5.000000000e-01,3.711241097e-06,7.343749702e-01,1.014868366e-08
pi+0.50,5.000000000e-01,3.730981741e-06,7.382812200e-01,1.014753813e-08
pi+0.50,5.000000000e-01,3.750722385e-06,7.421874699e-01,1.014848576e-08
pi+0.50,5.000000000e-01,3.770463029e-06,7.460937197e-01,1.014846825e-08
pi+0.50,5.000000000e-01,3.790203673e-06,7.499999696e-01,1.014811774e-08
pi+0.50,5.000000000e-01,3.809944317e-06,7.539062194e-01,1.014829984e-08
pi+0.50,5.000000000e-01,3.829684962e-06,7.578124692e-01,1.014817478e-08
pi+0.50,5.000000000e-01,3.849425606e-06,7.617187191e-01,1.014944646e-08
pi+0.50,5.000000000e-01,3.869166250e-06,7.656249689e-01,1.014739004e-08
pi+0.50,5.000000000e-01,3.888906894e-06,7.695312188e-01,1.014762365e-08
pi+0.50,5.000000000e-01,3.908647538e-06,7.734374686e-01,1.014809077e-08
pi+0.50,5.000000000e-01,3.928388182e-06,7.773437184e-01,1.014778593e-08
pi+0.50,5.000000000e-01,3.948128826e-06,7.812499683e-01,1.014959778e-08
pi+0.50,5.000000000e-01,3.967869470e-06,7.851562181e-01,1.014711116e-08
pi+0.50,5.000000000e-01,3.987610115e-06,7.890624680e-01,1.014981368e-08
pi+0.50,5.000000000e-01,4.007350759e-06,7.929687178e-01,1.014715130e-08
pi+0.50,5.000000000e-01,4.027091403e-06,7.968749677e-01,1.014904222e-08
pi+0.50,5.000000000e-01,4.046832047e-06,8.007812175e-01,1.014771641e-08
pi+0.50,5.000000000e-01,4.066572691e-06,8.046874673e-01,1.014764840e-08
pi+0.50,5.000000000e-01,4.086313335e-06,8.085937172e-01,1.014862440e-08
pi+0.50,5.000000000e-01,4.106053979e-06,8.124999670e-01,1.014881978e-08
pi+0.50,5.000000000e-01,4.125794624e-06,8.164062169e-01,1.014722374e-08
pi+0.50,5.000000000e-01,4.145535268e-06,8.203124667e-01,1.014886666e-08
pi+0.50,5.000000000e-01,4.165275912e-06,8.242187165e-01,1.014968420e-08
pi+0.50,5.000000000e-01,4.185016556e-06,8.281249664e-01,1.014722726e-08
pi+0.50,5.000000000e-01,4.204757200e-06,8.320312162e-01,1.014921758e-08
pi+0.50,5.000000000e-01,4.224497844e-06,8.359374661e-01,1.014720029e-08
pi+0.50,5.000000000e-01,4.244238488e-06,8.398437159e-01,1.014815838e-08
pi+0.50,5.000000000e-01,4.263979132e-06,8.437499657e-01,1.014770555e-08
pi+0.50,5.000000000e-01,4.283719777e-06,8.476562156e-01,1.014846403e-08
pi+0.50,5.000000000e-01,4.303460421e-06,8.515624654e-01,1.014853083e-08
pi+0.50,5.000000000e-01,4.323201065e-06,8.554687153e-01,1.014837217e-08
pi+0.50,5.000000000e-01,4.342941709e-06,8.593749651e-01,1.014859844e-08
pi+0.50,5.000000000e-01,4.362682353e-06,8.632812150e-01,1.014653407e-08
pi+0.50,5.000000000e-01,4.382422997e-06,8.671874648e-01,1.015068535e-08
pi+0.50,5.000000000e-01,4.402163641e-06,8.710937146e-01,1.014684414e-08
pi+0.50,5.000000000e-01,4.421904285e-06,8.749999645e-01,1.014840859e-08
pi+0.50,5.000000000e-01,4.441644930e-06,8.789062143e-01,1.014834612e-08
pi+0.50,5.000000000e-01,4.461385574e-06,8.828124642e-01,1.014894564e-08
pi+0.50,5.000000000e-01,4.481126218e-06,8.867187140e-01,1.014696900e-08
pi+0.50,5.000000000e-01,4.500866862e-06,8.906249638e-01,1.014963430e-08
pi+0.50,5.000000000e-01,4.520607506e-06,8.945312137e-01,1.014785324e-08
pi+0.50,5.000000000e-01,4.540348150e-06,8.984374635e-01,1.014863476e-08
pi+0.50,5.000000000e-01,4.560088794e-06,9.023437134e-01,1.014858244e-08
pi+0.50,5.000000000e-01,4.579829439e-06,9.062499632e-01,1.014801492e-08
pi+0.50,5.000000000e-01,4.599570083e-06,9.101562131e-01,1.014816794e-08
pi+0.50,5.000000000e-01,4.619310727e-06,9.140624629e-01,1.014873909e-08
pi+0.50,5.000000000e-01,4.639051371e-06,9.179687127e-01,1.014816532e-08
pi+0.50,5.000000000e-01,4.658792015e-06,9.218749626e-01,1.014695743e-08
pi+0.50,5.000000000e-01,4.678532659e-06,9.257812124e-01,1.014792900e-08
pi+0.50,5.000000000e-01,4.698273303e-06,9.296874623e-01,1.015015726e-08
pi+0.50,5.000000000e-01,4.718013947e-06,9.335937121e-01,1.014571210e-08
pi+0.50,5.000000000e-01,4.737754592e-06,9.374999619e-01,1.015098556e-08
pi+0.50,5.000000000e-01,4.757495236e-06,9.414062118e-01,1.014611735e-08
pi+0.50,5.000000000e-01,4.777235880e-06,9.453124616e-01,1.014969396e-08
pi+0.50,5.000000000e-01,4.796976524e-06,9.492187115e-01,1.014902592e-08
pi+0.50,5.000000000e-01,4.816717168e-06,9.531249613e-01,1.014669816e-08
pi+0.50,5.000000000e-01,4.836457812e-06,9.570312112e-01,1.014910007e-08
pi+0.50,5.000000000e-01,4.856198456e-06,9.609374610e-01,1.014656516e-08
pi+0.50,5.000000000e-01,4.875939101e-06,9.648437108e-01,1.015028614e-08
pi+0.50,5.000000000e-01,4.895679745e-06,9.687499607e-01,1.014618677e-08
pi+0.50,5.000000000e-01,4.915420389e-06,9.726562105e-01,1.014756993e-08
pi+0.50,5.000000000e-01,4.935161033e-06,9.765624604e-01,1.014914816e-08
pi+0.50,5.000000000e-01,4.954901677e-06,9.804687102e-01,1.014792135e-08
pi+0.50,5.000000000e-01,4.974642321e-06,9.843749600e-01,1.014863818e-08
pi+0.50,5.000000000e-01,4.994382965e-06,9.882812099e-01,1.014788543e-08
pi+0.50,5.000000000e-01,5.014123609e-06,9.921874597e-01,1.014859643e-08
pi+0.50,5.000000000e-01,5.033864254e-06,9.960937096e-01,1.014953128e-08
pi+0.50,5.000000000e-01,5.053604898e-06,9.999999594e-01,1.014953661e-08
pi+1.00,1.000000000e+00,0.000000000e+00,0.000000000e+00,1.452998514e-08
pi+1.00,1.000000000e+00,1.022653814e-08,1.953124915e-03,1.936670533e-08
pi+1.00,1.000000000e+00,2.045307628e-08,3.906249830e-03,2.154743196e-08
pi+1.00,1.000000000e+00,3.067961442e-08,5.859374745e-03,2.171340770e-08
pi+1.00,1.000000000e+00,4.090615256e-08,7.812499660e-03,2.176883819e-08
pi+1.00,1.000000000e+00,5.113269070e-08,9.765624574e-03,2.176255422e-08
pi+1.00,1.000000000e+00,6.135922884e-08,1.171874949e-02,2.178625461e-08
pi+1.00,1.000000000e+00,7.158576698e-08,1.367187440e-02,2.178290235e-08
pi+1.00,1.000000000e+00,8.181230512e-08,1.562499932e-02,2.178287821e-08
pi+1.00,1.000000000e+00,9.203884326e-08,1.757812423e-02,2.177971127e-08
pi+1.00,1.000000000e+00,1.022653814e-07,1.953124915e-02,2.179370240e-08
pi+1.00,1.000000000e+00,1.124919195e-07,2.148437406e-02,2.178082702e-08
pi+1.00,1.000000000e+00,1.227184577e-07,2.343749898e-02,2.178696872e-08
pi+1.00,1.000000000e+00,1.329449958e-07,2.539062389e-02,2.179759351e-08
pi+1.00,1.000000000e+00,1.431715340e-07,2.734374881e-02,2.177484870e-08
pi+1.00,1.000000000e+00,1.533980721e-07,2.929687372e-02,2.179312652e-08
pi+1.00,1.000000000e+00,1.636246102e-07,3.124999864e-02,2.178444045e-08
pi+1.00,1.000000000e+00,1.738511484e-07,3.320312355e-02,2.179080027e-08
pi+1.00,1.000000000e+00,1.840776865e-07,3.515624847e-02,2.178300115e-08
pi+1.00,1.000000000e+00,1.943042247e-07,3.710937338e-02,2.179225788e-08
pi+1.00,1.000000000e+00,2.045307628e-07,3.906249830e-02,2.178831083e-08
pi+1.00,1.000000000e+00,2.147573009e-07,4.101562321e-02,2.179082059e-08
pi+1.00,1.000000000e+00,2.249838391e-07,4.296874813e-02,2.177819250e-08
pi+1.00,1.000000000e+00,2.352103772e-07,4.492187304e-02,2.178966984e-08
pi+1.00,1.000000000e+00,2.454369154e-07,4.687499796e-02,2.179302813e-08
pi+1.00,1.000000000e+00,2.556634535e-07,4.882812287e-02,2.178518474e-08
pi+1.00,1.000000000e+00,2.658899916e-07,5.078124779e-02,2.178285326e-08
pi+1.00,1.000000000e+00,2.761165298e-07,5.273437270e-02,2.179295147e-08
pi+1.00,1.000000000e+00,2.863430679e-07,5.468749762e-02,2.179067370e-08
pi+1.00,1.000000000e+00,2.965696061e-07,5.664062253e-02,2.179134436e-08
pi+1.00,1.000000000e+00,3.067961442e-07,5.859374745e-02,2.177910199e-08
pi+1.00,1.000000000e+00,3.170226823e-07,6.054687236e-02,2.178860581e-08
pi+1.00,1.000000000e+00,3.272492205e-07,6.249999728e-02,2.179351165e-08
pi+1.00,1.000000000e+00,3.374757586e-07,6.445312219e-02,2.177596645e-08
pi+1.00,1.000000000e+00,3.477022968e-07,6.640624711e-02,2.179953021e-08
pi+1.00,1.000000000e+00,3.579288349e-07,6.835937202e-02,2.178525255e-08
pi+1.00,1.000000000e+00,3.681553730e-07,7.031249694e-02,2.178477909e-08
pi+1.00,1.000000000e+00,3.783819112e-07,7.226562185e-02,2.178912595e-08
pi+1.00,1.000000000e+00,3.886084493e-07,7.421874677e-02,2.178826878e-08
pi+1.00,1.000000000e+00,3.988349875e-07,7.617187168e-02,2.179227256e-08
pi+1.00,1.000000000e+00,4.090615256e-07,7.812499660e-02,2.177987849e-08
pi+1.00,1.000000000e+00,4.192880638e-07,8.007812151e-02,2.179039643e-08
pi+1.00,1.000000000e+00,4.295146019e-07,8.203124643e-02,2.179157274e-08
pi+1.00,1.000000000e+00,4.397411400e-07,8.398437134e-02,2.178080629e-08
pi+1.00,1.000000000e+00,4.499676782e-07,8.593749626e-02,2.179588016e-08
pi+1.00,1.000000000e+00,4.601942163e-07,8.789062117e-02,2.178232185e-08
pi+1.00,1.000000000e+00,4.704207545e-07,8.984374608e-02,2.179683613e-08
pi+1.00,1.000000000e+00,4.806472926e-07,9.179687100e-02,2.177453279e-08
pi+1.00,1.000000000e+00,4.908738307e-07,9.374999591e-02,2.180067372e-08
pi+1.00,1.000000000e+00,5.011003689e-07,9.570312083e-02,2.177876476e-08
pi+1.00,1.000000000e+00,5.113269070e-07,9.765624574e-02,2.179383963e-08
pi+1.00,1.000000000e+00,5.215534452e-07,9.960937066e-02,2.178806474e-08
pi+1.00,1.000000000e+00,5.317799833e-07,1.015624956e-01,2.178461591e-08
pi+1.00,1.000000000e+00,5.420065214e-07,1.035156205e-01,2.178593407e-08
pi+1.00,1.000000000e+00,5.522330596e-07,1.054687454e-01,2.179338267e-08
pi+1.00,1.000000000e+00,5.624595977e-07,1.074218703e-01,2.177801322e-08
pi+1.00,1.000000000e+00,5.726861359e-07,1.093749952e-01,2.180077151e-08
pi+1.00,1.000000000e+00,5.829126740e-07,1.113281201e-01,2.178091153e-08
pi+1.00,1.000000000e+00,5.931392121e-07,1.132812451e-01,2.178898047e-08
pi+1.00,1.000000000e+00,6.033657503e-07,1.152343700e-01,2.178349272e-08
pi+1.00,1.000000000e+00,6.135922884e-07,1.171874949e-01,2.179238565e-08
pi+1.00,1.000000000e+00,6.238188266e-07,1.191406198e-01,2.179409377e-08
pi+1.00,1.000000000e+00,6.340453647e-07,1.210937447e-01,2.177576463e-08
pi+1.00,1.000000000e+00,6.442719028e-07,1.230468696e-01,2.179475577e-08
pi+1.00,1.000000000e+00,6.544984410e-07,1.249999946e-01,2.178590188e-08
pi+1.00,1.000000000e+00,6.647249791e-07,1.269531195e-01,2.178660170e-08
pi+1.00,1.000000000e+00,6.749515173e-07,1.289062444e-01,2.179089383e-08
pi+1.00,1.000000000e+00,6.851780554e-07,1.308593693e-01,2.179419417e-08
pi+1.00,1.000000000e+00,6.954045935e-07,1.328124942e-01,2.177943058e-08
pi+1.00,1.000000000e+00,7.056311317e-07,1.347656191e-01,2.178166709e-08
pi+1.00,1.000000000e+00,7.158576698e-07,1.367187440e-01,2.180367666e-08
pi+1.00,1.000000000e+00,7.260842080e-07,1.386718690e-01,2.177610972e-08
pi+1.00,1.000000000e+00,7.363107461e-07,1.406249939e-01,2.179373540e-08
pi+1.00,1.000000000e+00,7.465372842e-07,1.425781188e-01,2.178536865e-08
pi+1.00,1.000000000e+00,7.567638224e-07,1.445312437e-01,2.178364725e-08
pi+1.00,1.000000000e+00,7.669903605e-07,1.464843686e-01,2.179896882e-08
pi+1.00,1.000000000e+00,7.772168987e-07,1.484374935e-01,2.177906980e-08
pi+1.00,1.000000000e+00,7.874434368e-07,1.503906184e-01,2.179557371e-08
pi+1.00,1.000000000e+00,7.976699749e-07,1.523437434e-01,2.177586564e-08
pi+1.00,1.000000000e+00,8.078965131e-07,1.542968683e-01,2.179862394e-08
pi+1.00,1.000000000e+00,8.181230512e-07,1.562499932e-01,2.178168480e-08
pi+1.00,1.000000000e+00,8.283495894e-07,1.582031181e-01,2.179114656e-08
pi+1.00,1.000000000e+00,8.385761275e-07,1.601562430e-01,2.178461671e-08
pi+1.00,1.000000000e+00,8.488026656e-07,1.621093679e-01,2.179815188e-08
pi+1.00,1.000000000e+00,8.590292038e-07,1.640624929e-01,2.177638961e-08
pi+1.00,1.000000000e+00,8.692557419e-07,1.660156178e-01,2.179460948e-08
pi+1.00,1.000000000e+00,8.794822801e-07,1.679687427e-01,2.177757940e-08
pi+1.00,1.000000000e+00,8.897088182e-07,1.699218676e-01,2.179951291e-08
pi+1.00,1.000000000e+00,8.999353563e-07,1.718749925e-01,2.178230132e-08
pi+1.00,1.000000000e+00,9.101618945e-07,1.738281174e-01,2.179016765e-08
pi+1.00,1.000000000e+00,9.203884326e-07,1.757812423e-01,2.178431750e-08
pi+1.00,1.000000000e+00,9.306149708e-07,1.777343673e-01,2.179777803e-08
pi+1.00,1.000000000e+00,9.408415089e-07,1.796874922e-01,2.178044028e-08
pi+1.00,1.000000000e+00,9.510680470e-07,1.816406171e-01,2.178338105e-08
pi+1.00,1.000000000e+00,9.612945852e-07,1.835937420e-01,2.179734984e-08
pi+1.00,1.000000000e+00,9.715211233e-07,1.855468669e-01,2.177961308e-08
pi+1.00,1.000000000e+00,9.817476615e-07,1.874999918e-01,2.179418009e-08
pi+1.00,1.000000000e+00,9.919741996e-07,1.894531167e-01,2.178280456e-08
pi+1.00,1.000000000e+00,1.002200738e-06,1.914062417e-01,2.178923783e-08
pi+1.00,1.000000000e+00,1.012427276e-06,1.933593666e-01,2.179848168e-08
pi+1.00,1.000000000e+00,1.022653814e-06,1.953124915e-01,2.177550325e-08
pi+1.00,1.000000000e+00,1.032880352e-06,1.972656164e-01,2.179189589e-08
pi+1.00,1.000000000e+00,1.043106890e-06,1.992187413e-01,2.178747860e-08
pi+1.00,1.000000000e+00,1.053333428e-06,2.011718662e-01,2.178120530e-08
pi+1.00,1.000000000e+00,1.063559967e-06,2.031249911e-01,2.179760357e-08
pi+1.00,1.000000000e+00,1.073786505e-06,2.050781161e-01,2.179007408e-08
pi+1.00,1.000000000e+00,1.084013043e-06,2.070312410e-01,2.178177877e-08
pi+1.00,1.000000000e+00,1.094239581e-06,2.089843659e-01,2.178652021e-08
pi+1.00,1.000000000e+00,1.104466119e-06,2.109374908e-01,2.178627171e-08
pi+1.00,1.000000000e+00,1.114692657e-06,2.128906157e-01,2.179485336e-08
pi+1.00,1.000000000e+00,1.124919195e-06,2.148437406e-01,2.178185986e-08
pi+1.00,1.000000000e+00,1.135145734e-06,2.167968656e-01,2.179022358e-08
pi+1.00,1.000000000e+00,1.145372272e-06,2.187499905e-01,2.178618680e-08
pi+1.00,1.000000000e+00,1.155598810e-06,2.207031154e-01,2.179611095e-08
pi+1.00,1.000000000e+00,1.165825348e-06,2.226562403e-01,2.178270717e-08
pi+1.00,1.000000000e+00,1.176051886e-06,2.246093652e-01,2.179024250e-08
pi+1.00,1.000000000e+00,1.186278424e-06,2.265624901e-01,2.178268725e-08
pi+1.00,1.000000000e+00,1.196504962e-06,2.285156150e-01,2.179083146e-08
pi+1.00,1.000000000e+00,1.206731501e-06,2.304687400e-01,2.178233633e-08
pi+1.00,1.000000000e+00,1.216958039e-06,2.324218649e-01,2.179977831e-08
pi+1.00,1.000000000e+00,1.227184577e-06,2.343749898e-01,2.177307317e-08
pi+1.00,1.000000000e+00,1.237411115e-06,2.363281147e-01,2.179636710e-08
pi+1.00,1.000000000e+00,1.247637653e-06,2.382812396e-01,2.178619002e-08
pi+1.00,1.000000000e+00,1.257864191e-06,2.402343645e-01,2.179529502e-08
pi+1.00,1.000000000e+00,1.268090729e-06,2.421874894e-01,2.177792488e-08
pi+1.00,1.000000000e+00,1.278317268e-06,2.441406144e-01,2.179711482e-08
pi+1.00,1.000000000e+00,1.288543806e-06,2.460937393e-01,2.177852632e-08
pi+1.00,1.000000000e+00,1.298770344e-06,2.480468642e-01,2.179278164e-08
pi+1.00,1.000000000e+00,1.308996882e-06,2.499999891e-01,2.178944971e-08
pi+1.00,1.000000000e+00,1.319223420e-06,2.519531140e-01,2.178293877e-08
pi+1.00,1.000000000e+00,1.329449958e-06,2.539062389e-01,2.179467588e-08
pi+1.00,1.000000000e+00,1.339676496e-06,2.558593639e-01,2.178122140e-08
pi+1.00,1.000000000e+00,1.349903035e-06,2.578124888e-01,2.178691560e-08
pi+1.00,1.000000000e+00,1.360129573e-06,2.597656137e-01,2.179463765e-08
pi+1.00,1.000000000e+00,1.370356111e-06,2.617187386e-01,2.178014268e-08
pi+1.00,1.000000000e+00,1.380582649e-06,2.636718635e-01,2.179815510e-08
pi+1.00,1.000000000e+00,1.390809187e-06,2.656249884e-01,2.178366235e-08
pi+1.00,1.000000000e+00,1.401035725e-06,2.675781133e-01,2.177979699e-08
pi+1.00,1.000000000e+00,1.411262263e-06,2.695312383e-01,2.179660655e-08
pi+1.00,1.000000000e+00,1.421488801e-06,2.714843632e-01,2.178454991e-08
pi+1.00,1.000000000e+00,1.431715340e-06,2.734374881e-01,2.178815328e-08
pi+1.00,1.000000000e+00,1.441941878e-06,2.753906130e-01,2.179129365e-08
pi+1.00,1.000000000e+00,1.452168416e-06,2.773437379e-01,2.178870903e-08
pi+1.00,1.000000000e+00,1.462394954e-06,2.792968628e-01,2.178459599e-08
pi+1.00,1.000000000e+00,1.472621492e-06,2.812499877e-01,2.179121055e-08
pi+1.00,1.000000000e+00,1.482848030e-06,2.832031127e-01,2.178162001e-08
pi+1.00,1.000000000e+00,1.493074568e-06,2.851562376e-01,2.179149305e-08
pi+1.00,1.000000000e+00,1.503301107e-06,2.871093625e-01,2.178685302e-08
pi+1.00,1.000000000e+00,1.513527645e-06,2.890624874e-01,2.179221280e-08
pi+1.00,1.000000000e+00,1.523754183e-06,2.910156123e-01,2.177849352e-08
pi+1.00,1.000000000e+00,1.533980721e-06,2.929687372e-01,2.179466844e-08
pi+1.00,1.000000000e+00,1.544207259e-06,2.949218621e-01,2.178902696e-08
pi+1.00,1.000000000e+00,1.554433797e-06,2.968749871e-01,2.178398852e-08
pi+1.00,1.000000000e+00,1.564660335e-06,2.988281120e-01,2.179364586e-08
pi+1.00,1.000000000e+00,1.574886874e-06,3.007812369e-01,2.178096847e-08
pi+1.00,1.000000000e+00,1.585113412e-06,3.027343618e-01,2.180053387e-08
pi+1.00,1.000000000e+00,1.595339950e-06,3.046874867e-01,2.177784339e-08
pi+1.00,1.000000000e+00,1.605566488e-06,3.066406116e-01,2.178263091e-08
pi+1.00,1.000000000e+00,1.615793026e-06,3.085937366e-01,2.179790338e-08
pi+1.00,1.000000000e+00,1.626019564e-06,3.105468615e-01,2.178070790e-08
pi+1.00,1.000000000e+00,1.636246102e-06,3.124999864e-01,2.179431812e-08
pi+1.00,1.000000000e+00,1.646472641e-06,3.144531113e-01,2.178489721e-08
pi+1.00,1.000000000e+00,1.656699179e-06,3.164062362e-01,2.178628740e-08
pi+1.00,1.000000000e+00,1.666925717e-06,3.183593611e-01,2.178679970e-08
pi+1.00,1.000000000e+00,1.677152255e-06,3.203124860e-01,2.179594153e-08
pi+1.00,1.000000000e+00,1.687378793e-06,3.222656110e-01,2.178091293e-08
pi+1.00,1.000000000e+00,1.697605331e-06,3.242187359e-01,2.179498757e-08
pi+1.00,1.000000000e+00,1.707831869e-06,3.261718608e-01,2.177945996e-08
pi+1.00,1.000000000e+00,1.718058408e-06,3.281249857e-01,2.179475094e-08
pi+1.00,1.000000000e+00,1.728284946e-06,3.300781106e-01,2.178111838e-08
pi+1.00,1.000000000e+00,1.738511484e-06,3.320312355e-01,2.179434931e-08
pi+1.00,1.000000000e+00,1.748738022e-06,3.339843604e-01,2.178060025e-08
pi+1.00,1.000000000e+00,1.758964560e-06,3.359374854e-01,2.179105440e-08
pi+1.00,1.000000000e+00,1.769191098e-06,3.378906103e-01,2.178903480e-08
pi+1.00,1.000000000e+00,1.779417636e-06,3.398437352e-01,2.178640512e-08
pi+1.00,1.000000000e+00,1.789644175e-06,3.417968601e-01,2.179531172e-08
pi+1.00,1.000000000e+00,1.799870713e-06,3.437499850e-01,2.177841424e-08
pi+1.00,1.000000000e+00,1.810097251e-06,3.457031099e-01,2.179303497e-08
pi+1.00,1.000000000e+00,1.820323789e-06,3.476562349e-01,2.178265425e-08
pi+1.00,1.000000000e+00,1.830550327e-06,3.496093598e-01,2.179528174e-08
pi+1.00,1.000000000e+00,1.840776865e-06,3.515624847e-01,2.178151397e-08
pi+1.00,1.000000000e+00,1.851003403e-06,3.535156096e-01,2.178636628e-08
pi+1.00,1.000000000e+00,1.861229942e-06,3.554687345e-01,2.179479983e-08
pi+1.00,1.000000000e+00,1.871456480e-06,3.574218594e-01,2.178358830e-08
pi+1.00,1.000000000e+00,1.881683018e-06,3.593749843e-01,2.179186711e-08
pi+1.00,1.000000000e+00,1.891909556e-06,3.613281093e-01,2.178542721e-08
pi+1.00,1.000000000e+00,1.902136094e-06,3.632812342e-01,2.178859696e-08
pi+1.00,1.000000000e+00,1.912362632e-06,3.652343591e-01,2.179361387e-08
pi+1.00,1.000000000e+00,1.922589170e-06,3.671874840e-01,2.178042257e-08
pi+1.00,1.000000000e+00,1.932815709e-06,3.691406089e-01,2.177949275e-08
pi+1.00,1.000000000e+00,1.943042247e-06,3.710937338e-01,2.179946622e-08
pi+1.00,1.000000000e+00,1.953268785e-06,3.730468587e-01,2.178875874e-08
pi+1.00,1.000000000e+00,1.963495323e-06,3.749999837e-01,2.179224721e-08
pi+1.00,1.000000000e+00,1.973721861e-06,3.769531086e-01,2.177700573e-08
pi+1.00,1.000000000e+00,1.983948399e-06,3.789062335e-01,2.178909094e-08
pi+1.00,1.000000000e+00,1.994174937e-06,3.808593584e-01,2.179044271e-08
pi+1.00,1.000000000e+00,2.004401475e-06,3.828124833e-01,2.179423059e-08
pi+1.00,1.000000000e+00,2.014628014e-06,3.847656082e-01,2.177530526e-08
pi+1.00,1.000000000e+00,2.024854552e-06,3.867187331e-01,2.179497409e-08
pi+1.00,1.000000000e+00,2.035081090e-06,3.886718581e-01,2.178373981e-08
pi+1.00,1.000000000e+00,2.045307628e-06,3.906249830e-01,2.180000870e-08
pi+1.00,1.000000000e+00,2.055534166e-06,3.925781079e-01,2.177841525e-08
pi+1.00,1.000000000e+00,2.065760704e-06,3.945312328e-01,2.179260900e-08
pi+1.00,1.000000000e+00,2.075987242e-06,3.964843577e-01,2.178036402e-08
pi+1.00,1.000000000e+00,2.086213781e-06,3.984374826e-01,2.179193673e-08
pi+1.00,1.000000000e+00,2.096440319e-06,4.003906076e-01,2.178790679e-08
pi+1.00,1.000000000e+00,2.106666857e-06,4.023437325e-01,2.178764360e-08
pi+1.00,1.000000000e+00,2.116893395e-06,4.042968574e-01,2.178884828e-08
pi+1.00,1.000000000e+00,2.127119933e-06,4.062499823e-01,2.178157795e-08
pi+1.00,1.000000000e+00,2.137346471e-06,4.082031072e-01,2.179778809e-08
pi+1.00,1.000000000e+00,2.147573009e-06,4.101562321e-01,2.177981711e-08
pi+1.00,1.000000000e+00,2.157799548e-06,4.121093570e-01,2.179510166e-08
pi+1.00,1.000000000e+00,2.168026086e-06,4.140624820e-01,2.177932615e-08
pi+1.00,1.000000000e+00,2.178252624e-06,4.160156069e-01,2.179202225e-08
pi+1.00,1.000000000e+00,2.188479162e-06,4.179687318e-01,2.178567933e-08
pi+1.00,1.000000000e+00,2.198705700e-06,4.199218567e-01,2.179226693e-08
pi+1.00,1.000000000e+00,2.208932238e-06,4.218749816e-01,2.178283636e-08
pi+1.00,1.000000000e+00,2.219158776e-06,4.238281065e-01,2.180376057e-08
pi+1.00,1.000000000e+00,2.229385315e-06,4.257812314e-01,2.177008250e-08
pi+1.00,1.000000000e+00,2.239611853e-06,4.277343564e-01,2.179716613e-08
pi+1.00,1.000000000e+00,2.249838391e-06,4.296874813e-01,2.179267821e-08
pi+1.00,1.000000000e+00,2.260064929e-06,4.316406062e-01,2.177302085e-08
pi+1.00,1.000000000e+00,2.270291467e-06,4.335937311e-01,2.180266575e-08
pi+1.00,1.000000000e+00,2.280518005e-06,4.355468560e-01,2.177783957e-08
pi+1.00,1.000000000e+00,2.290744543e-06,4.374999809e-01,2.179219087e-08
pi+1.00,1.000000000e+00,2.300971082e-06,4.394531059e-01,2.178557470e-08
pi+1.00,1.000000000e+00,2.311197620e-06,4.414062308e-01,2.178541735e-08
pi+1.00,1.000000000e+00,2.321424158e-06,4.433593557e-01,2.179024652e-08
pi+1.00,1.000000000e+00,2.331650696e-06,4.453124806e-01,2.179174880e-08
pi+1.00,1.000000000e+00,2.341877234e-06,4.472656055e-01,2.178722406e-08
pi+1.00,1.000000000e+00,2.352103772e-06,4.492187304e-01,2.178235847e-08
pi+1.00,1.000000000e+00,2.362330310e-06,4.511718553e-01,2.179299875e-08
pi+1.00,1.000000000e+00,2.372556849e-06,4.531249803e-01,2.177924043e-08
pi+1.00,1.000000000e+00,2.382783387e-06,4.550781052e-01,2.179994210e-08
pi+1.00,1.000000000e+00,2.393009925e-06,4.570312301e-01,2.178023162e-08
pi+1.00,1.000000000e+00,2.403236463e-06,4.589843550e-01,2.178229971e-08
pi+1.00,1.000000000e+00,2.413463001e-06,4.609374799e-01,2.179931189e-08
pi+1.00,1.000000000e+00,2.423689539e-06,4.628906048e-01,2.178914426e-08
pi+1.00,1.000000000e+00,2.433916077e-06,4.648437297e-01,2.178280738e-08
pi+1.00,1.000000000e+00,2.444142616e-06,4.667968547e-01,2.178648500e-08
pi+1.00,1.000000000e+00,2.454369154e-06,4.687499796e-01,2.178599625e-08
pi+1.00,1.000000000e+00,2.464595692e-06,4.707031045e-01,2.179612464e-08
pi+1.00,1.000000000e+00,2.474822230e-06,4.726562294e-01,2.178687274e-08
pi+1.00,1.000000000e+00,2.485048768e-06,4.746093543e-01,2.178159204e-08
pi+1.00,1.000000000e+00,2.495275306e-06,4.765624792e-01,2.179851729e-08
pi+1.00,1.000000000e+00,2.505501844e-06,4.785156041e-01,2.177657795e-08
pi+1.00,1.000000000e+00,2.515728383e-06,4.804687291e-01,2.179124536e-08
pi+1.00,1.000000000e+00,2.525954921e-06,4.824218540e-01,2.179571697e-08
pi+1.00,1.000000000e+00,2.536181459e-06,4.843749789e-01,2.177075617e-08
pi+1.00,1.000000000e+00,2.546407997e-06,4.863281038e-01,2.180106166e-08
pi+1.00,1.000000000e+00,2.556634535e-06,4.882812287e-01,2.178311625e-08
pi+1.00,1.000000000e+00,2.566861073e-06,4.902343536e-01,2.179000164e-08
pi+1.00,1.000000000e+00,2.577087611e-06,4.921874786e-01,2.178677475e-08
pi+1.00,1.000000000e+00,2.587314149e-06,4.941406035e-01,2.178601878e-08
pi+1.00,1.000000000e+00,2.597540688e-06,4.960937284e-01,2.179531233e-08
pi+1.00,1.000000000e+00,2.607767226e-06,4.980468533e-01,2.177820860e-08
pi+1.00,1.000000000e+00,2.617993764e-06,4.999999782e-01,2.179952035e-08
pi+1.00,1.000000000e+00,2.628220302e-06,5.019531031e-01,2.178716551e-08
pi+1.00,1.000000000e+00,2.638446840e-06,5.039062280e-01,2.178052700e-08
pi+1.00,1.000000000e+00,2.648673378e-06,5.058593530e-01,2.179007207e-08
pi+1.00,1.000000000e+00,2.658899916e-06,5.078124779e-01,2.178485877e-08
pi+1.00,1.000000000e+00,2.669126455e-06,5.097656028e-01,2.178932777e-08
pi+1.00,1.000000000e+00,2.679352993e-06,5.117187277e-01,2.179186611e-08
pi+1.00,1.000000000e+00,2.689579531e-06,5.136718526e-01,2.177937384e-08
pi+1.00,1.000000000e+00,2.699806069e-06,5.156249775e-01,2.179516826e-08
pi+1.00,1.000000000e+00,2.710032607e-06,5.175781024e-01,2.178497568e-08
pi+1.00,1.000000000e+00,2.720259145e-06,5.195312274e-01,2.179557069e-08
pi+1.00,1.000000000e+00,2.730485683e-06,5.214843523e-01,2.178222144e-08
pi+1.00,1.000000000e+00,2.740712222e-06,5.234374772e-01,2.178522016e-08
pi+1.00,1.000000000e+00,2.750938760e-06,5.253906021e-01,2.178798285e-08
pi+1.00,1.000000000e+00,2.761165298e-06,5.273437270e-01,2.179085963e-08
pi+1.00,1.000000000e+00,2.771391836e-06,5.292968519e-01,2.178148801e-08
pi+1.00,1.000000000e+00,2.781618374e-06,5.312499769e-01,2.180251303e-08
pi+1.00,1.000000000e+00,2.791844912e-06,5.332031018e-01,2.177635822e-08
pi+1.00,1.000000000e+00,2.802071450e-06,5.351562267e-01,2.179459178e-08
pi+1.00,1.000000000e+00,2.812297989e-06,5.371093516e-01,2.178276090e-08
pi+1.00,1.000000000e+00,2.822524527e-06,5.390624765e-01,2.178270919e-08
pi+1.00,1.000000000e+00,2.832751065e-06,5.410156014e-01,2.179329313e-08
pi+1.00,1.000000000e+00,2.842977603e-06,5.429687263e-01,2.178994490e-08
pi+1.00,1.000000000e+00,2.853204141e-06,5.449218513e-01,2.178561112e-08
pi+1.00,1.000000000e+00,2.863430679e-06,5.468749762e-01,2.178772086e-08
pi+1.00,1.000000000e+00,2.873657217e-06,5.488281011e-01,2.179220174e-08
pi+1.00,1.000000000e+00,2.883883756e-06,5.507812260e-01,2.178827783e-08
pi+1.00,1.000000000e+00,2.894110294e-06,5.527343509e-01,2.177867864e-08
pi+1.00,1.000000000e+00,2.904336832e-06,5.546874758e-01,2.178995738e-08
pi+1.00,1.000000000e+00,2.914563370e-06,5.566406007e-01,2.179690596e-08
pi+1.00,1.000000000e+00,2.924789908e-06,5.585937257e-01,2.178413399e-08
pi+1.00,1.000000000e+00,2.935016446e-06,5.605468506e-01,2.178727115e-08
pi+1.00,1.000000000e+00,2.945242984e-06,5.624999755e-01,2.179007328e-08
pi+1.00,1.000000000e+00,2.955469523e-06,5.644531004e-01,2.178421126e-08
pi+1.00,1.000000000e+00,2.965696061e-06,5.664062253e-01,2.178927988e-08
pi+1.00,1.000000000e+00,2.975922599e-06,5.683593502e-01,2.179214137e-08
pi+1.00,1.000000000e+00,2.986149137e-06,5.703124751e-01,2.177787901e-08
pi+1.00,1.000000000e+00,2.996375675e-06,5.722656001e-01,2.179587010e-08
pi+1.00,1.000000000e+00,3.006602213e-06,5.742187250e-01,2.178689729e-08
pi+1.00,1.000000000e+00,3.016828751e-06,5.761718499e-01,2.178711319e-08
pi+1.00,1.000000000e+00,3.027055290e-06,5.781249748e-01,2.178926721e-08
pi+1.00,1.000000000e+00,3.037281828e-06,5.800780997e-01,2.178627634e-08
pi+1.00,1.000000000e+00,3.047508366e-06,5.820312246e-01,2.178648480e-08
pi+1.00,1.000000000e+00,3.057734904e-06,5.839843496e-01,2.179162344e-08
pi+1.00,1.000000000e+00,3.067961442e-06,5.859374745e-01,2.178211721e-08
pi+1.00,1.000000000e+00,3.078187980e-06,5.878905994e-01,2.178913239e-08
pi+1.00,1.000000000e+00,3.088414518e-06,5.898437243e-01,2.179553266e-08
pi+1.00,1.000000000e+00,3.098641057e-06,5.917968492e-01,2.178148338e-08
pi+1.00,1.000000000e+00,3.108867595e-06,5.937499741e-01,2.178689206e-08
pi+1.00,1.000000000e+00,3.119094133e-06,5.957030990e-01,2.179019924e-08
pi+1.00,1.000000000e+00,3.129320671e-06,5.976562240e-01,2.179122182e-08
pi+1.00,1.000000000e+00,3.139547209e-06,5.996093489e-01,2.178215202e-08
pi+1.00,1.000000000e+00,3.149773747e-06,6.015624738e-01,2.179080067e-08
pi+1.00,1.000000000e+00,3.160000285e-06,6.035155987e-01,2.178483080e-08
pi+1.00,1.000000000e+00,3.170226823e-06,6.054687236e-01,2.178816354e-08
pi+1.00,1.000000000e+00,3.180453362e-06,6.074218485e-01,2.178607090e-08
pi+1.00,1.000000000e+00,3.190679900e-06,6.093749734e-01,2.179509562e-08
pi+1.00,1.000000000e+00,3.200906438e-06,6.113280984e-01,2.178196127e-08
pi+1.00,1.000000000e+00,3.211132976e-06,6.132812233e-01,2.178595922e-08
pi+1.00,1.000000000e+00,3.221359514e-06,6.152343482e-01,2.179348811e-08
pi+1.00,1.000000000e+00,3.231586052e-06,6.171874731e-01,2.179180172e-08
pi+1.00,1.000000000e+00,3.241812590e-06,6.191405980e-01,2.178346495e-08
pi+1.00,1.000000000e+00,3.252039129e-06,6.210937229e-01,2.179010768e-08
pi+1.00,1.000000000e+00,3.262265667e-06,6.230468479e-01,2.178269470e-08
pi+1.00,1.000000000e+00,3.272492205e-06,6.249999728e-01,2.179129486e-08
pi+1.00,1.000000000e+00,3.282718743e-06,6.269530977e-01,2.178918672e-08
pi+1.00,1.000000000e+00,3.292945281e-06,6.289062226e-01,2.178750577e-08
pi+1.00,1.000000000e+00,3.303171819e-06,6.308593475e-01,2.179063467e-08
pi+1.00,1.000000000e+00,3.313398357e-06,6.328124724e-01,2.178599745e-08
pi+1.00,1.000000000e+00,3.323624896e-06,6.347655973e-01,2.178335127e-08
pi+1.00,1.000000000e+00,3.333851434e-06,6.367187223e-01,2.179190192e-08
pi+1.00,1.000000000e+00,3.344077972e-06,6.386718472e-01,2.178425090e-08
pi+1.00,1.000000000e+00,3.354304510e-06,6.406249721e-01,2.178657273e-08
pi+1.00,1.000000000e+00,3.364531048e-06,6.425780970e-01,2.178838810e-08
pi+1.00,1.000000000e+00,3.374757586e-06,6.445312219e-01,2.179007690e-08
pi+1.00,1.000000000e+00,3.384984124e-06,6.464843468e-01,2.179155503e-08
pi+1.00,1.000000000e+00,3.395210663e-06,6.484374717e-01,2.178724841e-08
pi+1.00,1.000000000e+00,3.405437201e-06,6.503905967e-01,2.178548013e-08
pi+1.00,1.000000000e+00,3.415663739e-06,6.523437216e-01,2.179115159e-08
pi+1.00,1.000000000e+00,3.425890277e-06,6.542968465e-01,2.178572219e-08
pi+1.00,1.000000000e+00,3.436116815e-06,6.562499714e-01,2.178723493e-08
pi+1.00,1.000000000e+00,3.446343353e-06,6.582030963e-01,2.178767016e-08
pi+1.00,1.000000000e+00,3.456569891e-06,6.601562212e-01,2.178557812e-08
pi+1.00,1.000000000e+00,3.466796430e-06,6.621093461e-01,2.179019260e-08
pi+1.00,1.000000000e+00,3.477022968e-06,6.640624711e-01,2.178742508e-08
pi+1.00,1.000000000e+00,3.487249506e-06,6.660155960e-01,2.179226230e-08
pi+1.00,1.000000000e+00,3.497476044e-06,6.679687209e-01,2.178738705e-08
pi+1.00,1.000000000e+00,3.507702582e-06,6.699218458e-01,2.178461007e-08
pi+1.00,1.000000000e+00,3.517929120e-06,6.718749707e-01,2.178835409e-08
pi+1.00,1.000000000e+00,3.528155658e-06,6.738280956e-01,2.178416800e-08
pi+1.00,1.000000000e+00,3.538382197e-06,6.757812206e-01,2.179383138e-08
pi+1.00,1.000000000e+00,3.548608735e-06,6.777343455e-01,2.178292368e-08
pi+1.00,1.000000000e+00,3.558835273e-06,6.796874704e-01,2.179128218e-08
pi+1.00,1.000000000e+00,3.569061811e-06,6.816405953e-01,2.178550629e-08
pi+1.00,1.000000000e+00,3.579288349e-06,6.835937202e-01,2.178560126e-08
pi+1.00,1.000000000e+00,3.589514887e-06,6.855468451e-01,2.179712206e-08
pi+1.00,1.000000000e+00,3.599741425e-06,6.874999700e-01,2.177997406e-08
pi+1.00,1.000000000e+00,3.609967964e-06,6.894530950e-01,2.179057290e-08
pi+1.00,1.000000000e+00,3.620194502e-06,6.914062199e-01,2.178780719e-08
pi+1.00,1.000000000e+00,3.630421040e-06,6.933593448e-01,2.178922676e-08
pi+1.00,1.000000000e+00,3.640647578e-06,6.953124697e-01,2.178790558e-08
pi+1.00,1.000000000e+00,3.650874116e-06,6.972655946e-01,2.178599765e-08
pi+1.00,1.000000000e+00,3.661100654e-06,6.992187195e-01,2.178783495e-08
pi+1.00,1.000000000e+00,3.671327192e-06,7.011718444e-01,2.178707275e-08
pi+1.00,1.000000000e+00,3.681553730e-06,7.031249694e-01,2.179158260e-08
pi+1.00,1.000000000e+00,3.691780269e-06,7.050780943e-01,2.178694981e-08
pi+1.00,1.000000000e+00,3.702006807e-06,7.070312192e-01,2.178695021e-08
pi+1.00,1.000000000e+00,3.712233345e-06,7.089843441e-01,2.178789411e-08
pi+1.00,1.000000000e+00,3.722459883e-06,7.109374690e-01,2.178637071e-08
pi+1.00,1.000000000e+00,3.732686421e-06,7.128905939e-01,2.178656025e-08
pi+1.00,1.000000000e+00,3.742912959e-06,7.148437189e-01,2.178851225e-08
pi+1.00,1.000000000e+00,3.753139497e-06,7.167968438e-01,2.179125864e-08
pi+1.00,1.000000000e+00,3.763366036e-06,7.187499687e-01,2.178371144e-08
pi+1.00,1.000000000e+00,3.773592574e-06,7.207030936e-01,2.179281041e-08
pi+1.00,1.000000000e+00,3.783819112e-06,7.226562185e-01,2.178396497e-08
pi+1.00,1.000000000e+00,3.794045650e-06,7.246093434e-01,2.179128902e-08
pi+1.00,1.000000000e+00,3.804272188e-06,7.265624683e-01,2.178850259e-08
pi+1.00,1.000000000e+00,3.814498726e-06,7.285155933e-01,2.179097995e-08
pi+1.00,1.000000000e+00,3.824725264e-06,7.304687182e-01,2.178144334e-08
pi+1.00,1.000000000e+00,3.834951803e-06,7.324218431e-01,2.178938814e-08
pi+1.00,1.000000000e+00,3.845178341e-06,7.343749680e-01,2.178790156e-08
pi+1.00,1.000000000e+00,3.855404879e-06,7.363280929e-01,2.179132806e-08
pi+1.00,1.000000000e+00,3.865631417e-06,7.382812178e-01,2.178663853e-08
pi+1.00,1.000000000e+00,3.875857955e-06,7.402343427e-01,2.178603246e-08
pi+1.00,1.000000000e+00,3.886084493e-06,7.421874677e-01,2.178898772e-08
pi+1.00,1.000000000e+00,3.896311031e-06,7.441405926e-01,2.178831043e-08
pi+1.00,1.000000000e+00,3.906537570e-06,7.460937175e-01,2.178535095e-08
pi+1.00,1.000000000e+00,3.916764108e-06,7.480468424e-01,2.179358731e-08
pi+1.00,1.000000000e+00,3.926990646e-06,7.499999673e-01,2.177761521e-08
pi+1.00,1.000000000e+00,3.937217184e-06,7.519530922e-01,2.179780640e-08
pi+1.00,1.000000000e+00,3.947443722e-06,7.539062171e-01,2.178669648e-08
pi+1.00,1.000000000e+00,3.957670260e-06,7.558593421e-01,2.178181599e-08
pi+1.00,1.000000000e+00,3.967896798e-06,7.578124670e-01,2.179242830e-08
pi+1.00,1.000000000e+00,3.978123337e-06,7.597655919e-01,2.178475112e-08
pi+1.00,1.000000000e+00,3.988349875e-06,7.617187168e-01,2.178579724e-08
pi+1.00,1.000000000e+00,3.998576413e-06,7.636718417e-01,2.179041595e-08
pi+1.00,1.000000000e+00,4.008802951e-06,7.656249666e-01,2.178669849e-08
pi+1.00,1.000000000e+00,4.019029489e-06,7.675780916e-01,2.179699992e-08
pi+1.00,1.000000000e+00,4.029256027e-06,7.695312165e-01,2.178611074e-08
pi+1.00,1.000000000e+00,4.039482565e-06,7.714843414e-01,2.178912575e-08
pi+1.00,1.000000000e+00,4.049709104e-06,7.734374663e-01,2.179217417e-08
pi+1.00,1.000000000e+00,4.059935642e-06,7.753905912e-01,2.178359655e-08
pi+1.00,1.000000000e+00,4.070162180e-06,7.773437161e-01,2.178765949e-08
pi+1.00,1.000000000e+00,4.080388718e-06,7.792968410e-01,2.178687254e-08
pi+1.00,1.000000000e+00,4.090615256e-06,7.812499660e-01,2.178841566e-08
pi+1.00,1.000000000e+00,4.100841794e-06,7.832030909e-01,2.178041835e-08
pi+1.00,1.000000000e+00,4.111068332e-06,7.851562158e-01,2.179915293e-08
pi+1.00,1.000000000e+00,4.121294871e-06,7.871093407e-01,2.177850418e-08
pi+1.00,1.000000000e+00,4.131521409e-06,7.890624656e-01,2.179059402e-08
pi+1.00,1.000000000e+00,4.141747947e-06,7.910155905e-01,2.178434567e-08
pi+1.00,1.000000000e+00,4.151974485e-06,7.929687154e-01,2.178463341e-08
pi+1.00,1.000000000e+00,4.162201023e-06,7.949218404e-01,2.178788486e-08
pi+1.00,1.000000000e+00,4.172427561e-06,7.968749653e-01,2.179478937e-08
pi+1.00,1.000000000e+00,4.182654099e-06,7.988280902e-01,2.179596306e-08
pi+1.00,1.000000000e+00,4.192880638e-06,8.007812151e-01,2.178125601e-08
pi+1.00,1.000000000e+00,4.203107176e-06,8.027343400e-01,2.179210877e-08
pi+1.00,1.000000000e+00,4.213333714e-06,8.046874649e-01,2.177705724e-08
pi+1.00,1.000000000e+00,4.223560252e-06,8.066405898e-01,2.178399878e-08
pi+1.00,1.000000000e+00,4.233786790e-06,8.085937148e-01,2.179796898e-08
pi+1.00,1.000000000e+00,4.244013328e-06,8.105468397e-01,2.178006320e-08
pi+1.00,1.000000000e+00,4.254239866e-06,8.124999646e-01,2.179539664e-08
pi+1.00,1.000000000e+00,4.264466404e-06,8.144530895e-01,2.177981631e-08
pi+1.00,1.000000000e+00,4.274692943e-06,8.164062144e-01,2.180238043e-08
pi+1.00,1.000000000e+00,4.284919481e-06,8.183593393e-01,2.178827139e-08
pi+1.00,1.000000000e+00,4.295146019e-06,8.203124643e-01,2.178109443e-08
pi+1.00,1.000000000e+00,4.305372557e-06,8.222655892e-01,2.177671457e-08
pi+1.00,1.000000000e+00,4.315599095e-06,8.242187141e-01,2.179660152e-08
pi+1.00,1.000000000e+00,4.325825633e-06,8.261718390e-01,2.179712568e-08
pi+1.00,1.000000000e+00,4.336052171e-06,8.281249639e-01,2.178595882e-08
pi+1.00,1.000000000e+00,4.346278710e-06,8.300780888e-01,2.177379574e-08
pi+1.00,1.000000000e+00,4.356505248e-06,8.320312137e-01,2.178916036e-08
pi+1.00,1.000000000e+00,4.366731786e-06,8.339843387e-01,2.178592723e-08
pi+1.00,1.000000000e+00,4.376958324e-06,8.359374636e-01,2.179946461e-08
pi+1.00,1.000000000e+00,4.387184862e-06,8.378905885e-01,2.178352129e-08
pi+1.00,1.000000000e+00,4.397411400e-06,8.398437134e-01,2.178040205e-08
pi+1.00,1.000000000e+00,4.407637938e-06,8.417968383e-01,2.179897465e-08
pi+1.00,1.000000000e+00,4.417864477e-06,8.437499632e-01,2.178179969e-08
pi+1.00,1.000000000e+00,4.428091015e-06,8.457030881e-01,2.179183069e-08
pi+1.00,1.000000000e+00,4.438317553e-06,8.476562131e-01,2.179709771e-08
pi+1.00,1.000000000e+00,4.448544091e-06,8.496093380e-01,2.178185905e-08
pi+1.00,1.000000000e+00,4.458770629e-06,8.515624629e-01,2.178230132e-08
pi+1.00,1.000000000e+00,4.468997167e-06,8.535155878e-01,2.179019320e-08
pi+1.00,1.000000000e+00,4.479223705e-06,8.554687127e-01,2.178824483e-08
pi+1.00,1.000000000e+00,4.489450244e-06,8.574218376e-01,2.179373922e-08
pi+1.00,1.000000000e+00,4.499676782e-06,8.593749626e-01,2.178812792e-08
pi+1.00,1.000000000e+00,4.509903320e-06,8.613280875e-01,2.177852410e-08
pi+1.00,1.000000000e+00,4.520129858e-06,8.632812124e-01,2.178974932e-08
pi+1.00,1.000000000e+00,4.530356396e-06,8.652343373e-01,2.178402614e-08
pi+1.00,1.000000000e+00,4.540582934e-06,8.671874622e-01,2.180271747e-08
pi+1.00,1.000000000e+00,4.550809472e-06,8.691405871e-01,2.177943843e-08
pi+1.00,1.000000000e+00,4.561036011e-06,8.710937120e-01,2.179064433e-08
pi+1.00,1.000000000e+00,4.571262549e-06,8.730468370e-01,2.178722467e-08
pi+1.00,1.000000000e+00,4.581489087e-06,8.749999619e-01,2.178115419e-08
pi+1.00,1.000000000e+00,4.591715625e-06,8.769530868e-01,2.179424448e-08
pi+1.00,1.000000000e+00,4.601942163e-06,8.789062117e-01,2.179301284e-08
pi+1.00,1.000000000e+00,4.612168701e-06,8.808593366e-01,2.178829513e-08
pi+1.00,1.000000000e+00,4.622395239e-06,8.828124615e-01,2.178194195e-08
pi+1.00,1.000000000e+00,4.632621778e-06,8.847655864e-01,2.177477042e-08
pi+1.00,1.000000000e+00,4.642848316e-06,8.867187114e-01,2.180364970e-08
pi+1.00,1.000000000e+00,4.653074854e-06,8.886718363e-01,2.177784440e-08
pi+1.00,1.000000000e+00,4.663301392e-06,8.906249612e-01,2.179654437e-08
pi+1.00,1.000000000e+00,4.673527930e-06,8.925780861e-01,2.178581515e-08
pi+1.00,1.000000000e+00,4.683754468e-06,8.945312110e-01,2.178033404e-08
pi+1.00,1.000000000e+00,4.693981006e-06,8.964843359e-01,2.178712909e-08
pi+1.00,1.000000000e+00,4.704207545e-06,8.984374608e-01,2.178493000e-08
pi+1.00,1.000000000e+00,4.714434083e-06,9.003905858e-01,2.179791948e-08
pi+1.00,1.000000000e+00,4.724660621e-06,9.023437107e-01,2.178536362e-08
pi+1.00,1.000000000e+00,4.734887159e-06,9.042968356e-01,2.178891347e-08
pi+1.00,1.000000000e+00,4.745113697e-06,9.062499605e-01,2.178464609e-08
pi+1.00,1.000000000e+00,4.755340235e-06,9.082030854e-01,2.178593830e-08
pi+1.00,1.000000000e+00,4.765566773e-06,9.101562103e-01,2.178612603e-08
pi+1.00,1.000000000e+00,4.775793312e-06,9.121093353e-01,2.179696431e-08
pi+1.00,1.000000000e+00,4.786019850e-06,9.140624602e-01,2.179329937e-08
pi+1.00,1.000000000e+00,4.796246388e-06,9.160155851e-01,2.177543524e-08
pi+1.00,1.000000000e+00,4.806472926e-06,9.179687100e-01,2.179096909e-08
pi+1.00,1.000000000e+00,4.816699464e-06,9.199218349e-01,2.178472054e-08
pi+1.00,1.000000000e+00,4.826926002e-06,9.218749598e-01,2.179351628e-08
pi+1.00,1.000000000e+00,4.837152540e-06,9.238280847e-01,2.179764462e-08
pi+1.00,1.000000000e+00,4.847379078e-06,9.257812097e-01,2.178634395e-08
pi+1.00,1.000000000e+00,4.857605617e-06,9.277343346e-01,2.177608919e-08
pi+1.00,1.000000000e+00,4.867832155e-06,9.296874595e-01,2.180211845e-08
pi+1.00,1.000000000e+00,4.878058693e-06,9.316405844e-01,2.178642564e-08
pi+1.00,1.000000000e+00,4.888285231e-06,9.335937093e-01,2.177174434e-08
pi+1.00,1.000000000e+00,4.898511769e-06,9.355468342e-01,2.180078238e-08
pi+1.00,1.000000000e+00,4.908738307e-06,9.374999591e-01,2.178457104e-08
pi+1.00,1.000000000e+00,4.918964845e-06,9.394530841e-01,2.178229609e-08
pi+1.00,1.000000000e+00,4.929191384e-06,9.414062090e-01,2.179045639e-08
pi+1.00,1.000000000e+00,4.939417922e-06,9.433593339e-01,2.178062681e-08
pi+1.00,1.000000000e+00,4.949644460e-06,9.453124588e-01,2.180449662e-08
pi+1.00,1.000000000e+00,4.959870998e-06,9.472655837e-01,2.176826210e-08
pi+1.00,1.000000000e+00,4.970097536e-06,9.492187086e-01,2.179551495e-08
pi+1.00,1.000000000e+00,4.980324074e-06,9.511718336e-01,2.179434247e-08
pi+1.00,1.000000000e+00,4.990550612e-06,9.531249585e-01,2.179078437e-08
pi+1.00,1.000000000e+00,5.000777151e-06,9.550780834e-01,2.179405292e-08
pi+1.00,1.000000000e+00,5.011003689e-06,9.570312083e-01,2.176674776e-08
pi+1.00,1.000000000e+00,5.021230227e-06,9.589843332e-01,2.180060832e-08
pi+1.00,1.000000000e+00,5.031456765e-06,9.609374581e-01,2.177933520e-08
pi+1.00,1.000000000e+00,5.041683303e-06,9.628905830e-01,2.180600292e-08
pi+1.00,1.000000000e+00,5.051909841e-06,9.648437080e-01,2.178056966e-08
pi+1.00,1.000000000e+00,5.062136379e-06,9.667968329e-01,2.178369434e-08
pi+1.00,1.000000000e+00,5.072362918e-06,9.687499578e-01,2.177677131e-08
pi+1.00,1.000000000e+00,5.082589456e-06,9.707030827e-01,2.180751083e-08
pi+1.00,1.000000000e+00,5.092815994e-06,9.726562076e-01,2.177690693e-08
pi+1.00,1.000000000e+00,5.103042532e-06,9.746093325e-01,2.178356335e-08
pi+1.00,1.000000000e+00,5.113269070e-06,9.765624574e-01,2.180051637e-08
pi+1.00,1.000000000e+00,5.123495608e-06,9.785155824e-01,2.178223110e-08
pi+1.00,1.000000000e+00,5.133722146e-06,9.804687073e-01,2.177954970e-08
pi+1.00,1.000000000e+00,5.143948685e-06,9.824218322e-01,2.180133149e-08
pi+1.00,1.000000000e+00,5.154175223e-06,9.843749571e-01,2.178033484e-08
pi+1.00,1.000000000e+00,5.164401761e-06,9.863280820e-01,2.179482197e-08
pi+1.00,1.000000000e+00,5.174628299e-06,9.882812069e-01,2.178532378e-08
pi+1.00,1.000000000e+00,5.184854837e-06,9.902343318e-01,2.178938934e-08
pi+1.00,1.000000000e+00,5.195081375e-06,9.921874568e-01,2.178635562e-08
pi+1.00,1.000000000e+00,5.205307913e-06,9.941405817e-01,2.178994490e-08
pi+1.00,1.000000000e+00,5.215534452e-06,9.960937066e-01,2.178098034e-08
pi+1.00,1.000000000e+00,5.225760990e-06,9.980468315e-01,2.179236995e-08
pi+1.00,1.000000000e+00,5.235987528e-06,9.999999564e-01,2.179237800e-08
pi+1.50,1.500000000e+00,0.000000000e+00,0.000000000e+00,1.423089157e-08
pi+1.50,1.500000000e+00,5.521237336e-09,9.765624721e-04,1.912811911e-08
pi+1.50,1.500000000e+00,1.104247467e-08,1.953124944e-03,2.109521329e-08
pi+1.50,1.500000000e+00,1.656371201e-08,2.929687416e-03,2.146703746e-08
pi+1.50,1.500000000e+00,2.208494934e-08,3.906249888e-03,2.137134171e-08
pi+1.50,1.500000000e+00,2.760618668e-08,4.882812360e-03,2.139362534e-08
pi+1.50,1.500000000e+00,3.312742401e-08,5.859374833e-03,2.144978583e-08
pi+1.50,1.500000000e+00,3.864866135e-08,6.835937305e-03,2.142783401e-08
pi+1.50,1.500000000e+00,4.416989868e-08,7.812499777e-03,2.140477732e-08
pi+1.50,1.500000000e+00,4.969113602e-08,8.789062249e-03,2.146034463e-08
pi+1.50,1.500000000e+00,5.521237336e-08,9.765624721e-03,2.138368026e-08
pi+1.50,1.500000000e+00,6.073361069e-08,1.074218719e-02,2.152505658e-08
pi+1.50,1.500000000e+00,6.625484803e-08,1.171874967e-02,2.132039552e-08
pi+1.50,1.500000000e+00,7.177608536e-08,1.269531214e-02,2.153407869e-08
pi+1.50,1.500000000e+00,7.729732270e-08,1.367187461e-02,2.140054857e-08
pi+1.50,1.500000000e+00,8.281856003e-08,1.464843708e-02,2.139377323e-08
pi+1.50,1.500000000e+00,8.833979737e-08,1.562499955e-02,2.144628851e-08
pi+1.50,1.500000000e+00,9.386103470e-08,1.660156203e-02,2.148425025e-08
pi+1.50,1.500000000e+00,9.938227204e-08,1.757812450e-02,2.135758319e-08
pi+1.50,1.500000000e+00,1.049035094e-07,1.855468697e-02,2.147968004e-08
pi+1.50,1.500000000e+00,1.104247467e-07,1.953124944e-02,2.142920832e-08
pi+1.50,1.500000000e+00,1.159459840e-07,2.050781191e-02,2.147515068e-08
pi+1.50,1.500000000e+00,1.214672214e-07,2.148437439e-02,2.140138844e-08
pi+1.50,1.500000000e+00,1.269884587e-07,2.246093686e-02,2.140793861e-08
pi+1.50,1.500000000e+00,1.325096961e-07,2.343749933e-02,2.141967391e-08
pi+1.50,1.500000000e+00,1.380309334e-07,2.441406180e-02,2.149888406e-08
pi+1.50,1.500000000e+00,1.435521707e-07,2.539062427e-02,2.142691949e-08
pi+1.50,1.500000000e+00,1.490734081e-07,2.636718675e-02,2.140096529e-08
pi+1.50,1.500000000e+00,1.545946454e-07,2.734374922e-02,2.141383443e-08
pi+1.50,1.500000000e+00,1.601158827e-07,2.832031169e-02,2.145664729e-08
pi+1.50,1.500000000e+00,1.656371201e-07,2.929687416e-02,2.144953371e-08
pi+1.50,1.500000000e+00,1.711583574e-07,3.027343663e-02,2.145117301e-08
pi+1.50,1.500000000e+00,1.766795947e-07,3.124999911e-02,2.137986300e-08
pi+1.50,1.500000000e+00,1.822008321e-07,3.222656158e-02,2.150457142e-08
pi+1.50,1.500000000e+00,1.877220694e-07,3.320312405e-02,2.139646812e-08
pi+1.50,1.500000000e+00,1.932433067e-07,3.417968652e-02,2.138920504e-08
pi+1.50,1.500000000e+00,1.987645441e-07,3.515624900e-02,2.147317252e-08
pi+1.50,1.500000000e+00,2.042857814e-07,3.613281147e-02,2.142690882e-08
pi+1.50,1.500000000e+00,2.098070188e-07,3.710937394e-02,2.144536734e-08
pi+1.50,1.500000000e+00,2.153282561e-07,3.808593641e-02,2.144614725e-08
pi+1.50,1.500000000e+00,2.208494934e-07,3.906249888e-02,2.141488921e-08
pi+1.50,1.500000000e+00,2.263707308e-07,4.003906136e-02,2.140762130e-08
pi+1.50,1.500000000e+00,2.318919681e-07,4.101562383e-02,2.148019676e-08
pi+1.50,1.500000000e+00,2.374132054e-07,4.199218630e-02,2.140904510e-08
pi+1.50,1.500000000e+00,2.429344428e-07,4.296874877e-02,2.145676560e-08
pi+1.50,1.500000000e+00,2.484556801e-07,4.394531124e-02,2.139995377e-08
pi+1.50,1.500000000e+00,2.539769174e-07,4.492187372e-02,2.150104592e-08
pi+1.50,1.500000000e+00,2.594981548e-07,4.589843619e-02,2.139620171e-08
pi+1.50,1.500000000e+00,2.650193921e-07,4.687499866e-02,2.141562384e-08
pi+1.50,1.500000000e+00,2.705406294e-07,4.785156113e-02,2.140478134e-08
pi+1.50,1.500000000e+00,2.760618668e-07,4.882812360e-02,2.148528470e-08
pi+1.50,1.500000000e+00,2.815831041e-07,4.980468608e-02,2.143206538e-08
pi+1.50,1.500000000e+00,2.871043415e-07,5.078124855e-02,2.143410289e-08
pi+1.50,1.500000000e+00,2.926255788e-07,5.175781102e-02,2.140407890e-08
pi+1.50,1.500000000e+00,2.981468161e-07,5.273437349e-02,2.146322221e-08
pi+1.50,1.500000000e+00,3.036680535e-07,5.371093597e-02,2.145366567e-08
pi+1.50,1.500000000e+00,3.091892908e-07,5.468749844e-02,2.135521207e-08
pi+1.50,1.500000000e+00,3.147105281e-07,5.566406091e-02,2.149579902e-08
pi+1.50,1.500000000e+00,3.202317655e-07,5.664062338e-02,2.144076654e-08
pi+1.50,1.500000000e+00,3.257530028e-07,5.761718585e-02,2.137545295e-08
pi+1.50,1.500000000e+00,3.312742401e-07,5.859374833e-02,2.148839851e-08
pi+1.50,1.500000000e+00,3.367954775e-07,5.957031080e-02,2.141291045e-08
pi+1.50,1.500000000e+00,3.423167148e-07,6.054687327e-02,2.147284273e-08
pi+1.50,1.500000000e+00,3.478379521e-07,6.152343574e-02,2.137015132e-08
pi+1.50,1.500000000e+00,3.533591895e-07,6.249999821e-02,2.149826271e-08
pi+1.50,1.500000000e+00,3.588804268e-07,6.347656069e-02,2.141919824e-08
pi+1.50,1.500000000e+00,3.644016641e-07,6.445312316e-02,2.138743836e-08
pi+1.50,1.500000000e+00,3.699229015e-07,6.542968563e-02,2.144893771e-08
pi+1.50,1.500000000e+00,3.754441388e-07,6.640624810e-02,2.144268594e-08
pi+1.50,1.500000000e+00,3.809653762e-07,6.738281057e-02,2.148294798e-08
pi+1.50,1.500000000e+00,3.864866135e-07,6.835937305e-02,2.133707952e-08
pi+1.50,1.500000000e+00,3.920078508e-07,6.933593552e-02,2.153548841e-08
pi+1.50,1.500000000e+00,3.975290882e-07,7.031249799e-02,2.136120145e-08
pi+1.50,1.500000000e+00,4.030503255e-07,7.128906046e-02,2.148094146e-08
pi+1.50,1.500000000e+00,4.085715628e-07,7.226562293e-02,2.138429417e-08
pi+1.50,1.500000000e+00,4.140928002e-07,7.324218541e-02,2.146164911e-08
pi+1.50,1.500000000e+00,4.196140375e-07,7.421874788e-02,2.147953818e-08
pi+1.50,1.500000000e+00,4.251352748e-07,7.519531035e-02,2.133950799e-08
pi+1.50,1.500000000e+00,4.306565122e-07,7.617187282e-02,2.150252546e-08
pi+1.50,1.500000000e+00,4.361777495e-07,7.714843530e-02,2.145549030e-08
pi+1.50,1.500000000e+00,4.416989868e-07,7.812499777e-02,2.137777599e-08
pi+1.50,1.500000000e+00,4.472202242e-07,7.910156024e-02,2.145009571e-08
pi+1.50,1.500000000e+00,4.527414615e-07,8.007812271e-02,2.143599532e-08
pi+1.50,1.500000000e+00,4.582626989e-07,8.105468518e-02,2.144553837e-08
pi+1.50,1.500000000e+00,4.637839362e-07,8.203124766e-02,2.138010949e-08
pi+1.50,1.500000000e+00,4.693051735e-07,8.300781013e-02,2.148808039e-08
pi+1.50,1.500000000e+00,4.748264109e-07,8.398437260e-02,2.139305751e-08
pi+1.50,1.500000000e+00,4.803476482e-07,8.496093507e-02,2.147992371e-08
pi+1.50,1.500000000e+00,4.858688855e-07,8.593749754e-02,2.144326665e-08
pi+1.50,1.500000000e+00,4.913901229e-07,8.691406002e-02,2.138822129e-08
pi+1.50,1.500000000e+00,4.969113602e-07,8.789062249e-02,2.142382882e-08
pi+1.50,1.500000000e+00,5.024325975e-07,8.886718496e-02,2.151746391e-08
pi+1.50,1.500000000e+00,5.079538349e-07,8.984374743e-02,2.136236669e-08
pi+1.50,1.500000000e+00,5.134750722e-07,9.082030990e-02,2.147866551e-08
pi+1.50,1.500000000e+00,5.189963095e-07,9.179687238e-02,2.134843009e-08
pi+1.50,1.500000000e+00,5.245175469e-07,9.277343485e-02,2.149493500e-08
pi+1.50,1.500000000e+00,5.300387842e-07,9.374999732e-02,2.146928866e-08
pi+1.50,1.500000000e+00,5.355600216e-07,9.472655979e-02,2.137305044e-08
pi+1.50,1.500000000e+00,5.410812589e-07,9.570312226e-02,2.145463755e-08
pi+1.50,1.500000000e+00,5.466024962e-07,9.667968474e-02,2.146767189e-08
pi+1.50,1.500000000e+00,5.521237336e-07,9.765624721e-02,2.137872009e-08
pi+1.50,1.500000000e+00,5.576449709e-07,9.863280968e-02,2.150015796e-08
pi+1.50,1.500000000e+00,5.631662082e-07,9.960937215e-02,2.138188662e-08
pi+1.50,1.500000000e+00,5.686874456e-07,1.005859346e-01,2.140084898e-08
pi+1.50,1.500000000e+00,5.742086829e-07,1.015624971e-01,2.152129345e-08
pi+1.50,1.500000000e+00,5.797299202e-07,1.025390596e-01,2.136513743e-08
pi+1.50,1.500000000e+00,5.852511576e-07,1.035156220e-01,2.144384052e-08
pi+1.50,1.500000000e+00,5.907723949e-07,1.044921845e-01,2.151596506e-08
pi+1.50,1.500000000e+00,5.962936322e-07,1.054687470e-01,2.133445989e-08
pi+1.50,1.500000000e+00,6.018148696e-07,1.064453095e-01,2.148849369e-08
pi+1.50,1.500000000e+00,6.073361069e-07,1.074218719e-01,2.137970645e-08
pi+1.50,1.500000000e+00,6.128573442e-07,1.083984344e-01,2.146215798e-08
pi+1.50,1.500000000e+00,6.183785816e-07,1.093749969e-01,2.148126602e-08
pi+1.50,1.500000000e+00,6.238998189e-07,1.103515593e-01,2.140592606e-08
pi+1.50,1.500000000e+00,6.294210563e-07,1.113281218e-01,2.139500950e-08
pi+1.50,1.500000000e+00,6.349422936e-07,1.123046843e-01,2.148743630e-08
pi+1.50,1.500000000e+00,6.404635309e-07,1.132812468e-01,2.136008813e-08
pi+1.50,1.500000000e+00,6.459847683e-07,1.142578092e-01,2.152828006e-08
pi+1.50,1.500000000e+00,6.515060056e-07,1.152343717e-01,2.139535258e-08
pi+1.50,1.500000000e+00,6.570272429e-07,1.162109342e-01,2.140747381e-08
pi+1.50,1.500000000e+00,6.625484803e-07,1.171874967e-01,2.145378178e-08
pi+1.50,1.500000000e+00,6.680697176e-07,1.181640591e-01,2.141859520e-08
pi+1.50,1.500000000e+00,6.735909549e-07,1.191406216e-01,2.147291054e-08
pi+1.50,1.500000000e+00,6.791121923e-07,1.201171841e-01,2.136382993e-08
pi+1.50,1.500000000e+00,6.846334296e-07,1.210937465e-01,2.153330662e-08
pi+1.50,1.500000000e+00,6.901546669e-07,1.220703090e-01,2.131287851e-08
pi+1.50,1.500000000e+00,6.956759043e-07,1.230468715e-01,2.156175791e-08
pi+1.50,1.500000000e+00,7.011971416e-07,1.240234340e-01,2.133674490e-08
pi+1.50,1.500000000e+00,7.067183790e-07,1.249999964e-01,2.148837698e-08
pi+1.50,1.500000000e+00,7.122396163e-07,1.259765589e-01,2.142429564e-08
pi+1.50,1.500000000e+00,7.177608536e-07,1.269531214e-01,2.144150400e-08
pi+1.50,1.500000000e+00,7.232820910e-07,1.279296838e-01,2.142452683e-08
pi+1.50,1.500000000e+00,7.288033283e-07,1.289062463e-01,2.139920465e-08
pi+1.50,1.500000000e+00,7.343245656e-07,1.298828088e-01,2.145673301e-08
pi+1.50,1.500000000e+00,7.398458030e-07,1.308593713e-01,2.141521437e-08
pi+1.50,1.500000000e+00,7.453670403e-07,1.318359337e-01,2.150116222e-08
pi+1.50,1.500000000e+00,7.508882776e-07,1.328124962e-01,2.138985054e-08
pi+1.50,1.500000000e+00,7.564095150e-07,1.337890587e-01,2.145261332e-08
pi+1.50,1.500000000e+00,7.619307523e-07,1.347656211e-01,2.142976991e-08
pi+1.50,1.500000000e+00,7.674519896e-07,1.357421836e-01,2.141570413e-08
pi+1.50,1.500000000e+00,7.729732270e-07,1.367187461e-01,2.142787647e-08
pi+1.50,1.500000000e+00,7.784944643e-07,1.376953086e-01,2.142025120e-08
pi+1.50,1.500000000e+00,7.840157017e-07,1.386718710e-01,2.147652176e-08
pi+1.50,1.500000000e+00,7.895369390e-07,1.396484335e-01,2.141585303e-08
pi+1.50,1.500000000e+00,7.950581763e-07,1.406249960e-01,2.146105592e-08
pi+1.50,1.500000000e+00,8.005794137e-07,1.416015585e-01,2.142273098e-08
pi+1.50,1.500000000e+00,8.061006510e-07,1.425781209e-01,2.139089183e-08
pi+1.50,1.500000000e+00,8.116218883e-07,1.435546834e-01,2.145160362e-08
pi+1.50,1.500000000e+00,8.171431257e-07,1.445312459e-01,2.148351420e-08
pi+1.50,1.500000000e+00,8.226643630e-07,1.455078083e-01,2.136850699e-08
pi+1.50,1.500000000e+00,8.281856003e-07,1.464843708e-01,2.146715155e-08
pi+1.50,1.500000000e+00,8.337068377e-07,1.474609333e-01,2.145041383e-08
pi+1.50,1.500000000e+00,8.392280750e-07,1.484374958e-01,2.140601721e-08
pi+1.50,1.500000000e+00,8.447493123e-07,1.494140582e-01,2.141539728e-08
pi+1.50,1.500000000e+00,8.502705497e-07,1.503906207e-01,2.149973037e-08
pi+1.50,1.500000000e+00,8.557917870e-07,1.513671832e-01,2.139251000e-08
pi+1.50,1.500000000e+00,8.613130244e-07,1.523437456e-01,2.145606577e-08
pi+1.50,1.500000000e+00,8.668342617e-07,1.533203081e-01,2.136134633e-08
pi+1.50,1.500000000e+00,8.723554990e-07,1.542968706e-01,2.153703797e-08
pi+1.50,1.500000000e+00,8.778767364e-07,1.552734331e-01,2.137316453e-08
pi+1.50,1.500000000e+00,8.833979737e-07,1.562499955e-01,2.143695975e-08
pi+1.50,1.500000000e+00,8.889192110e-07,1.572265580e-01,2.139613812e-08
pi+1.50,1.500000000e+00,8.944404484e-07,1.582031205e-01,2.154226796e-08
pi+1.50,1.500000000e+00,8.999616857e-07,1.591796830e-01,2.133037059e-08
pi+1.50,1.500000000e+00,9.054829230e-07,1.601562454e-01,2.146878944e-08
pi+1.50,1.500000000e+00,9.110041604e-07,1.611328079e-01,2.148183385e-08
pi+1.50,1.500000000e+00,9.165253977e-07,1.621093704e-01,2.138337039e-08
pi+1.50,1.500000000e+00,9.220466350e-07,1.630859328e-01,2.146076899e-08
pi+1.50,1.500000000e+00,9.275678724e-07,1.640624953e-01,2.137672826e-08
pi+1.50,1.500000000e+00,9.330891097e-07,1.650390578e-01,2.149376936e-08
pi+1.50,1.500000000e+00,9.386103470e-07,1.660156203e-01,2.139784946e-08
pi+1.50,1.500000000e+00,9.441315844e-07,1.669921827e-01,2.145281936e-08
pi+1.50,1.500000000e+00,9.496528217e-07,1.679687452e-01,2.145799744e-08
pi+1.50,1.500000000e+00,9.551740591e-07,1.689453077e-01,2.142030372e-08
pi+1.50,1.500000000e+00,9.606952964e-07,1.699218701e-01,2.142050976e-08
pi+1.50,1.500000000e+00,9.662165337e-07,1.708984326e-01,2.146022953e-08
pi+1.50,1.500000000e+00,9.717377711e-07,1.718749951e-01,2.135683165e-08
pi+1.50,1.500000000e+00,9.772590084e-07,1.728515576e-01,2.151129524e-08
pi+1.50,1.500000000e+00,9.827802457e-07,1.738281200e-01,2.139692045e-08
pi+1.50,1.500000000e+00,9.883014831e-07,1.748046825e-01,2.148695137e-08
pi+1.50,1.500000000e+00,9.938227204e-07,1.757812450e-01,2.139184478e-08
pi+1.50,1.500000000e+00,9.993439577e-07,1.767578074e-01,2.144659033e-08
pi+1.50,1.500000000e+00,1.004865195e-06,1.777343699e-01,2.138820157e-08
pi+1.50,1.500000000e+00,1.010386432e-06,1.787109324e-01,2.150837178e-08
pi+1.50,1.500000000e+00,1.015907670e-06,1.796874949e-01,2.137989237e-08
pi+1.50,1.500000000e+00,1.021428907e-06,1.806640573e-01,2.143056109e-08
pi+1.50,1.500000000e+00,1.026950144e-06,1.816406198e-01,2.146537824e-08
pi+1.50,1.500000000e+00,1.032471382e-06,1.826171823e-01,2.139898754e-08
pi+1.50,1.500000000e+00,1.037992619e-06,1.835937448e-01,2.146860674e-08
pi+1.50,1.500000000e+00,1.043513856e-06,1.845703072e-01,2.145122936e-08
pi+1.50,1.500000000e+00,1.049035094e-06,1.855468697e-01,2.135563784e-08
pi+1.50,1.500000000e+00,1.054556331e-06,1.865234322e-01,2.152872937e-08
pi+1.50,1.500000000e+00,1.060077568e-06,1.874999946e-01,2.136155881e-08
pi+1.50,1.500000000e+00,1.065598806e-06,1.884765571e-01,2.146318056e-08
pi+1.50,1.500000000e+00,1.071120043e-06,1.894531196e-01,2.143020011e-08
pi+1.50,1.500000000e+00,1.076641280e-06,1.904296821e-01,2.146478304e-08
pi+1.50,1.500000000e+00,1.082162518e-06,1.914062445e-01,2.143704164e-08
pi+1.50,1.500000000e+00,1.087683755e-06,1.923828070e-01,2.134248940e-08
pi+1.50,1.500000000e+00,1.093204992e-06,1.933593695e-01,2.153096749e-08
pi+1.50,1.500000000e+00,1.098726230e-06,1.943359319e-01,2.137488915e-08
pi+1.50,1.500000000e+00,1.104247467e-06,1.953124944e-01,2.143956026e-08
pi+1.50,1.500000000e+00,1.109768704e-06,1.962890569e-01,2.149709063e-08
pi+1.50,1.500000000e+00,1.115289942e-06,1.972656194e-01,2.135821119e-08
pi+1.50,1.500000000e+00,1.120811179e-06,1.982421818e-01,2.149037224e-08
pi+1.50,1.500000000e+00,1.126332416e-06,1.992187443e-01,2.142485662e-08
pi+1.50,1.500000000e+00,1.131853654e-06,2.001953068e-01,2.141632428e-08
pi+1.50,1.500000000e+00,1.137374891e-06,2.011718693e-01,2.141223618e-08
pi+1.50,1.500000000e+00,1.142896128e-06,2.021484317e-01,2.146144085e-08
pi+1.50,1.500000000e+00,1.148417366e-06,2.031249942e-01,2.144214789e-08
pi+1.50,1.500000000e+00,1.153938603e-06,2.041015567e-01,2.140214220e-08
pi+1.50,1.500000000e+00,1.159459840e-06,2.050781191e-01,2.148108010e-08
pi+1.50,1.500000000e+00,1.164981078e-06,2.060546816e-01,2.140164861e-08
pi+1.50,1.500000000e+00,1.170502315e-06,2.070312441e-01,2.144579130e-08
pi+1.50,1.500000000e+00,1.176023552e-06,2.080078066e-01,2.137369614e-08
pi+1.50,1.500000000e+00,1.181544790e-06,2.089843690e-01,2.148486476e-08
pi+1.50,1.500000000e+00,1.187066027e-06,2.099609315e-01,2.148890960e-08
pi+1.50,1.500000000e+00,1.192587264e-06,2.109374940e-01,2.136155982e-08
pi+1.50,1.500000000e+00,1.198108502e-06,2.119140564e-01,2.147618191e-08
pi+1.50,1.500000000e+00,1.203629739e-06,2.128906189e-01,2.137964186e-08
pi+1.50,1.500000000e+00,1.209150976e-06,2.138671814e-01,2.150054349e-08
pi+1.50,1.500000000e+00,1.214672214e-06,2.148437439e-01,2.140975438e-08
pi+1.50,1.500000000e+00,1.220193451e-06,2.158203063e-01,2.137318042e-08
pi+1.50,1.500000000e+00,1.225714688e-06,2.167968688e-01,2.152049824e-08
pi+1.50,1.500000000e+00,1.231235926e-06,2.177734313e-01,2.137199043e-08
pi+1.50,1.500000000e+00,1.236757163e-06,2.187499937e-01,2.146593943e-08
pi+1.50,1.500000000e+00,1.242278401e-06,2.197265562e-01,2.143346141e-08
pi+1.50,1.500000000e+00,1.247799638e-06,2.207031187e-01,2.142774326e-08
pi+1.50,1.500000000e+00,1.253320875e-06,2.216796812e-01,2.148237110e-08
pi+1.50,1.500000000e+00,1.258842113e-06,2.226562436e-01,2.134047906e-08
pi+1.50,1.500000000e+00,1.264363350e-06,2.236328061e-01,2.151892433e-08
pi+1.50,1.500000000e+00,1.269884587e-06,2.246093686e-01,2.139999100e-08
pi+1.50,1.500000000e+00,1.275405825e-06,2.255859311e-01,2.138215021e-08
pi+1.50,1.500000000e+00,1.280927062e-06,2.265624935e-01,2.151656367e-08
pi+1.50,1.500000000e+00,1.286448299e-06,2.275390560e-01,2.139585823e-08
pi+1.50,1.500000000e+00,1.291969537e-06,2.285156185e-01,2.146569575e-08
pi+1.50,1.500000000e+00,1.297490774e-06,2.294921809e-01,2.139337905e-08
pi+1.50,1.500000000e+00,1.303012011e-06,2.304687434e-01,2.143261188e-08
pi+1.50,1.500000000e+00,1.308533249e-06,2.314453059e-01,2.148932893e-08
pi+1.50,1.500000000e+00,1.314054486e-06,2.324218684e-01,2.136608958e-08
pi+1.50,1.500000000e+00,1.319575723e-06,2.333984308e-01,2.144485907e-08
pi+1.50,1.500000000e+00,1.325096961e-06,2.343749933e-01,2.143966589e-08
pi+1.50,1.500000000e+00,1.330618198e-06,2.353515558e-01,2.147937480e-08
pi+1.50,1.500000000e+00,1.336139435e-06,2.363281182e-01,2.141352275e-08
pi+1.50,1.500000000e+00,1.341660673e-06,2.373046807e-01,2.141759837e-08
pi+1.50,1.500000000e+00,1.347181910e-06,2.382812432e-01,2.142947070e-08
pi+1.50,1.500000000e+00,1.352703147e-06,2.392578057e-01,2.141273197e-08
pi+1.50,1.500000000e+00,1.358224385e-06,2.402343681e-01,2.150181597e-08
pi+1.50,1.500000000e+00,1.363745622e-06,2.412109306e-01,2.140836580e-08
pi+1.50,1.500000000e+00,1.369266859e-06,2.421874931e-01,2.138085378e-08
pi+1.50,1.500000000e+00,1.374788097e-06,2.431640556e-01,2.146347695e-08
pi+1.50,1.500000000e+00,1.380309334e-06,2.441406180e-01,2.146366810e-08
pi+1.50,1.500000000e+00,1.385830571e-06,2.451171805e-01,2.145690464e-08
pi+1.50,1.500000000e+00,1.391351809e-06,2.460937430e-01,2.133199681e-08
pi+1.50,1.500000000e+00,1.396873046e-06,2.470703054e-01,2.152547672e-08
pi+1.50,1.500000000e+00,1.402394283e-06,2.480468679e-01,2.139983586e-08
pi+1.50,1.500000000e+00,1.407915521e-06,2.490234304e-01,2.143325718e-08
pi+1.50,1.500000000e+00,1.413436758e-06,2.499999929e-01,2.144161225e-08
pi+1.50,1.500000000e+00,1.418957995e-06,2.509765553e-01,2.144183460e-08
pi+1.50,1.500000000e+00,1.424479233e-06,2.519531178e-01,2.145259843e-08
pi+1.50,1.500000000e+00,1.430000470e-06,2.529296803e-01,2.139285871e-08
pi+1.50,1.500000000e+00,1.435521707e-06,2.539062427e-01,2.146050238e-08
pi+1.50,1.500000000e+00,1.441042945e-06,2.548828052e-01,2.140125001e-08
pi+1.50,1.500000000e+00,1.446564182e-06,2.558593677e-01,2.142685369e-08
pi+1.50,1.500000000e+00,1.452085419e-06,2.568359302e-01,2.150854060e-08
pi+1.50,1.500000000e+00,1.457606657e-06,2.578124926e-01,2.133758759e-08
pi+1.50,1.500000000e+00,1.463127894e-06,2.587890551e-01,2.151707476e-08
pi+1.50,1.500000000e+00,1.468649131e-06,2.597656176e-01,2.134616944e-08
pi+1.50,1.500000000e+00,1.474170369e-06,2.607421800e-01,2.154002059e-08
pi+1.50,1.500000000e+00,1.479691606e-06,2.617187425e-01,2.133704511e-08
pi+1.50,1.500000000e+00,1.485212843e-06,2.626953050e-01,2.151902917e-08
pi+1.50,1.500000000e+00,1.490734081e-06,2.636718675e-01,2.139973364e-08
pi+1.50,1.500000000e+00,1.496255318e-06,2.646484299e-01,2.139775147e-08
pi+1.50,1.500000000e+00,1.501776555e-06,2.656249924e-01,2.146704229e-08
pi+1.50,1.500000000e+00,1.507297793e-06,2.666015549e-01,2.140051315e-08
pi+1.50,1.500000000e+00,1.512819030e-06,2.675781174e-01,2.148220509e-08
pi+1.50,1.500000000e+00,1.518340267e-06,2.685546798e-01,2.145200886e-08
pi+1.50,1.500000000e+00,1.523861505e-06,2.695312423e-01,2.137459356e-08
pi+1.50,1.500000000e+00,1.529382742e-06,2.705078048e-01,2.148638797e-08
pi+1.50,1.500000000e+00,1.534903979e-06,2.714843672e-01,2.141425236e-08
pi+1.50,1.500000000e+00,1.540425217e-06,2.724609297e-01,2.141709815e-08
pi+1.50,1.500000000e+00,1.545946454e-06,2.734374922e-01,2.139178603e-08
pi+1.50,1.500000000e+00,1.551467691e-06,2.744140547e-01,2.151337300e-08
pi+1.50,1.500000000e+00,1.556988929e-06,2.753906171e-01,2.142335515e-08
pi+1.50,1.500000000e+00,1.562510166e-06,2.763671796e-01,2.141476405e-08
pi+1.50,1.500000000e+00,1.568031403e-06,2.773437421e-01,2.140711705e-08
pi+1.50,1.500000000e+00,1.573552641e-06,2.783203045e-01,2.143870227e-08
pi+1.50,1.500000000e+00,1.579073878e-06,2.792968670e-01,2.147173102e-08
pi+1.50,1.500000000e+00,1.584595115e-06,2.802734295e-01,2.140833159e-08
pi+1.50,1.500000000e+00,1.590116353e-06,2.812499920e-01,2.143699757e-08
pi+1.50,1.500000000e+00,1.595637590e-06,2.822265544e-01,2.144320789e-08
pi+1.50,1.500000000e+00,1.601158827e-06,2.832031169e-01,2.147141591e-08
pi+1.50,1.500000000e+00,1.606680065e-06,2.841796794e-01,2.141430649e-08
pi+1.50,1.500000000e+00,1.612201302e-06,2.851562419e-01,2.139981856e-08
pi+1.50,1.500000000e+00,1.617722539e-06,2.861328043e-01,2.143009970e-08
pi+1.50,1.500000000e+00,1.623243777e-06,2.871093668e-01,2.150593969e-08
pi+1.50,1.500000000e+00,1.628765014e-06,2.880859293e-01,2.136705522e-08
pi+1.50,1.500000000e+00,1.634286251e-06,2.890624917e-01,2.146870393e-08
pi+1.50,1.500000000e+00,1.639807489e-06,2.900390542e-01,2.136466478e-08
pi+1.50,1.500000000e+00,1.645328726e-06,2.910156167e-01,2.150106564e-08
pi+1.50,1.500000000e+00,1.650849963e-06,2.919921792e-01,2.143957273e-08
pi+1.50,1.500000000e+00,1.656371201e-06,2.929687416e-01,2.140618482e-08
pi+1.50,1.500000000e+00,1.661892438e-06,2.939453041e-01,2.144188711e-08
pi+1.50,1.500000000e+00,1.667413675e-06,2.949218666e-01,2.138526564e-08
pi+1.50,1.500000000e+00,1.672934913e-06,2.958984290e-01,2.152882012e-08
pi+1.50,1.500000000e+00,1.678456150e-06,2.968749915e-01,2.135652721e-08
pi+1.50,1.500000000e+00,1.683977387e-06,2.978515540e-01,2.152223111e-08
pi+1.50,1.500000000e+00,1.689498625e-06,2.988281165e-01,2.131642997e-08
pi+1.50,1.500000000e+00,1.695019862e-06,2.998046789e-01,2.150049801e-08
pi+1.50,1.500000000e+00,1.700541099e-06,3.007812414e-01,2.144063394e-08
pi+1.50,1.500000000e+00,1.706062337e-06,3.017578039e-01,2.143501681e-08
pi+1.50,1.500000000e+00,1.711583574e-06,3.027343663e-01,2.143687483e-08
pi+1.50,1.500000000e+00,1.717104811e-06,3.037109288e-01,2.143405781e-08
pi+1.50,1.500000000e+00,1.722626049e-06,3.046874913e-01,2.142857549e-08
pi+1.50,1.500000000e+00,1.728147286e-06,3.056640538e-01,2.139876197e-08
pi+1.50,1.500000000e+00,1.733668523e-06,3.066406162e-01,2.148896775e-08
pi+1.50,1.500000000e+00,1.739189761e-06,3.076171787e-01,2.135922954e-08
pi+1.50,1.500000000e+00,1.744710998e-06,3.085937412e-01,2.147944140e-08
pi+1.50,1.500000000e+00,1.750232235e-06,3.095703037e-01,2.141564940e-08
pi+1.50,1.500000000e+00,1.755753473e-06,3.105468661e-01,2.145295116e-08
pi+1.50,1.500000000e+00,1.761274710e-06,3.115234286e-01,2.144338617e-08
pi+1.50,1.500000000e+00,1.766795947e-06,3.124999911e-01,2.145206722e-08
pi+1.50,1.500000000e+00,1.772317185e-06,3.134765535e-01,2.139728948e-08
pi+1.50,1.500000000e+00,1.777838422e-06,3.144531160e-01,2.141968880e-08
pi+1.50,1.500000000e+00,1.783359659e-06,3.154296785e-01,2.149506901e-08
pi+1.50,1.500000000e+00,1.788880897e-06,3.164062410e-01,2.135152016e-08
pi+1.50,1.500000000e+00,1.794402134e-06,3.173828034e-01,2.151861346e-08
pi+1.50,1.500000000e+00,1.799923371e-06,3.183593659e-01,2.133142818e-08
pi+1.50,1.500000000e+00,1.805444609e-06,3.193359284e-01,2.149167913e-08
pi+1.50,1.500000000e+00,1.810965846e-06,3.203124908e-01,2.148656322e-08
pi+1.50,1.500000000e+00,1.816487083e-06,3.212890533e-01,2.139565279e-08
pi+1.50,1.500000000e+00,1.822008321e-06,3.222656158e-01,2.138380924e-08
pi+1.50,1.500000000e+00,1.827529558e-06,3.232421783e-01,2.149149140e-08
pi+1.50,1.500000000e+00,1.833050795e-06,3.242187407e-01,2.145354957e-08
pi+1.50,1.500000000e+00,1.838572033e-06,3.251953032e-01,2.135726064e-08
pi+1.50,1.500000000e+00,1.844093270e-06,3.261718657e-01,2.150000684e-08
pi+1.50,1.500000000e+00,1.849614507e-06,3.271484282e-01,2.137659546e-08
pi+1.50,1.500000000e+00,1.855135745e-06,3.281249906e-01,2.146493295e-08
pi+1.50,1.500000000e+00,1.860656982e-06,3.291015531e-01,2.145988465e-08
pi+1.50,1.500000000e+00,1.866178219e-06,3.300781156e-01,2.143740705e-08
pi+1.50,1.500000000e+00,1.871699457e-06,3.310546780e-01,2.135883516e-08
pi+1.50,1.500000000e+00,1.877220694e-06,3.320312405e-01,2.151925956e-08
pi+1.50,1.500000000e+00,1.882741931e-06,3.330078030e-01,2.139274120e-08
pi+1.50,1.500000000e+00,1.888263169e-06,3.339843655e-01,2.139706070e-08
pi+1.50,1.500000000e+00,1.893784406e-06,3.349609279e-01,2.150216408e-08
pi+1.50,1.500000000e+00,1.899305643e-06,3.359374904e-01,2.138149787e-08
pi+1.50,1.500000000e+00,1.904826881e-06,3.369140529e-01,2.144177302e-08
pi+1.50,1.500000000e+00,1.910348118e-06,3.378906153e-01,2.145179980e-08
pi+1.50,1.500000000e+00,1.915869355e-06,3.388671778e-01,2.143709476e-08
pi+1.50,1.500000000e+00,1.921390593e-06,3.398437403e-01,2.146006413e-08
pi+1.50,1.500000000e+00,1.926911830e-06,3.408203028e-01,2.141206112e-08
pi+1.50,1.500000000e+00,1.932433067e-06,3.417968652e-01,2.137403559e-08
pi+1.50,1.500000000e+00,1.937954305e-06,3.427734277e-01,2.153354909e-08
pi+1.50,1.500000000e+00,1.943475542e-06,3.437499902e-01,2.135853957e-08
pi+1.50,1.500000000e+00,1.948996779e-06,3.447265526e-01,2.148456837e-08
pi+1.50,1.500000000e+00,1.954518017e-06,3.457031151e-01,2.142940450e-08
pi+1.50,1.500000000e+00,1.960039254e-06,3.466796776e-01,2.136488732e-08
pi+1.50,1.500000000e+00,1.965560491e-06,3.476562401e-01,2.149657934e-08
pi+1.50,1.500000000e+00,1.971081729e-06,3.486328025e-01,2.141764828e-08
pi+1.50,1.500000000e+00,1.976602966e-06,3.496093650e-01,2.149235320e-08
pi+1.50,1.500000000e+00,1.982124203e-06,3.505859275e-01,2.135906173e-08
pi+1.50,1.500000000e+00,1.987645441e-06,3.515624900e-01,2.142168547e-08
pi+1.50,1.500000000e+00,1.993166678e-06,3.525390524e-01,2.151765285e-08
pi+1.50,1.500000000e+00,1.998687915e-06,3.535156149e-01,2.139106185e-08
pi+1.50,1.500000000e+00,2.004209153e-06,3.544921774e-01,2.137898489e-08
pi+1.50,1.500000000e+00,2.009730390e-06,3.554687398e-01,2.154144157e-08
pi+1.50,1.500000000e+00,2.015251627e-06,3.564453023e-01,2.135209705e-08
pi+1.50,1.500000000e+00,2.020772865e-06,3.574218648e-01,2.146215557e-08
pi+1.50,1.500000000e+00,2.026294102e-06,3.583984273e-01,2.145759240e-08
pi+1.50,1.500000000e+00,2.031815339e-06,3.593749897e-01,2.135035834e-08
pi+1.50,1.500000000e+00,2.037336577e-06,3.603515522e-01,2.152081375e-08
pi+1.50,1.500000000e+00,2.042857814e-06,3.613281147e-01,2.140107273e-08
pi+1.50,1.500000000e+00,2.048379051e-06,3.623046771e-01,2.144078003e-08
pi+1.50,1.500000000e+00,2.053900289e-06,3.632812396e-01,2.142682109e-08
pi+1.50,1.500000000e+00,2.059421526e-06,3.642578021e-01,2.147339728e-08
pi+1.50,1.500000000e+00,2.064942764e-06,3.652343646e-01,2.138801927e-08
pi+1.50,1.500000000e+00,2.070464001e-06,3.662109270e-01,2.144086997e-08
pi+1.50,1.500000000e+00,2.075985238e-06,3.671874895e-01,2.148347758e-08
pi+1.50,1.500000000e+00,2.081506476e-06,3.681640520e-01,2.134321277e-08
pi+1.50,1.500000000e+00,2.087027713e-06,3.691406145e-01,2.150876878e-08
pi+1.50,1.500000000e+00,2.092548950e-06,3.701171769e-01,2.136791099e-08
pi+1.50,1.500000000e+00,2.098070188e-06,3.710937394e-01,2.147435346e-08
pi+1.50,1.500000000e+00,2.103591425e-06,3.720703019e-01,2.141349861e-08
pi+1.50,1.500000000e+00,2.109112662e-06,3.730468643e-01,2.149549800e-08
pi+1.50,1.500000000e+00,2.114633900e-06,3.740234268e-01,2.132794212e-08
pi+1.50,1.500000000e+00,2.120155137e-06,3.749999893e-01,2.154934572e-08
pi+1.50,1.500000000e+00,2.125676374e-06,3.759765518e-01,2.139325571e-08
pi+1.50,1.500000000e+00,2.131197612e-06,3.769531142e-01,2.140962541e-08
pi+1.50,1.500000000e+00,2.136718849e-06,3.779296767e-01,2.140235528e-08
pi+1.50,1.500000000e+00,2.142240086e-06,3.789062392e-01,2.154757301e-08
pi+1.50,1.500000000e+00,2.147761324e-06,3.798828016e-01,2.131854857e-08
pi+1.50,1.500000000e+00,2.153282561e-06,3.808593641e-01,2.148394843e-08
pi+1.50,1.500000000e+00,2.158803798e-06,3.818359266e-01,2.140664701e-08
pi+1.50,1.500000000e+00,2.164325036e-06,3.828124891e-01,2.143732978e-08
pi+1.50,1.500000000e+00,2.169846273e-06,3.837890515e-01,2.147609981e-08
pi+1.50,1.500000000e+00,2.175367510e-06,3.847656140e-01,2.140050611e-08
pi+1.50,1.500000000e+00,2.180888748e-06,3.857421765e-01,2.144000575e-08
pi+1.50,1.500000000e+00,2.186409985e-06,3.867187389e-01,2.143751369e-08
pi+1.50,1.500000000e+00,2.191931222e-06,3.876953014e-01,2.144670381e-08
pi+1.50,1.500000000e+00,2.197452460e-06,3.886718639e-01,2.143215069e-08
pi+1.50,1.500000000e+00,2.202973697e-06,3.896484264e-01,2.139918352e-08
pi+1.50,1.500000000e+00,2.208494934e-06,3.906249888e-01,2.144629132e-08
pi+1.50,1.500000000e+00,2.214016172e-06,3.916015513e-01,2.144651809e-08
pi+1.50,1.500000000e+00,2.219537409e-06,3.925781138e-01,2.146352464e-08
pi+1.50,1.500000000e+00,2.225058646e-06,3.935546763e-01,2.139150252e-08
pi+1.50,1.500000000e+00,2.230579884e-06,3.945312387e-01,2.146748456e-08
pi+1.50,1.500000000e+00,2.236101121e-06,3.955078012e-01,2.140378472e-08
pi+1.50,1.500000000e+00,2.241622358e-06,3.964843637e-01,2.145415282e-08
pi+1.50,1.500000000e+00,2.247143596e-06,3.974609261e-01,2.142837247e-08
pi+1.50,1.500000000e+00,2.252664833e-06,3.984374886e-01,2.141849217e-08
pi+1.50,1.500000000e+00,2.258186070e-06,3.994140511e-01,2.145026312e-08
pi+1.50,1.500000000e+00,2.263707308e-06,4.003906136e-01,2.141808371e-08
pi+1.50,1.500000000e+00,2.269228545e-06,4.013671760e-01,2.143570859e-08
pi+1.50,1.500000000e+00,2.274749782e-06,4.023437385e-01,2.146265478e-08
pi+1.50,1.500000000e+00,2.280271020e-06,4.033203010e-01,2.141087757e-08
pi+1.50,1.500000000e+00,2.285792257e-06,4.042968634e-01,2.145385542e-08
pi+1.50,1.500000000e+00,2.291313494e-06,4.052734259e-01,2.140032180e-08
pi+1.50,1.500000000e+00,2.296834732e-06,4.062499884e-01,2.147425305e-08
pi+1.50,1.500000000e+00,2.302355969e-06,4.072265509e-01,2.139526324e-08
pi+1.50,1.500000000e+00,2.307877206e-06,4.082031133e-01,2.145665171e-08
pi+1.50,1.500000000e+00,2.313398444e-06,4.091796758e-01,2.142813966e-08
pi+1.50,1.500000000e+00,2.318919681e-06,4.101562383e-01,2.147648635e-08
pi+1.50,1.500000000e+00,2.324440918e-06,4.111328008e-01,2.139459741e-08
pi+1.50,1.500000000e+00,2.329962156e-06,4.121093632e-01,2.140813138e-08
pi+1.50,1.500000000e+00,2.335483393e-06,4.130859257e-01,2.144614846e-08
pi+1.50,1.500000000e+00,2.341004630e-06,4.140624882e-01,2.144860490e-08
pi+1.50,1.500000000e+00,2.346525868e-06,4.150390506e-01,2.146797875e-08
pi+1.50,1.500000000e+00,2.352047105e-06,4.160156131e-01,2.138452275e-08
pi+1.50,1.500000000e+00,2.357568342e-06,4.169921756e-01,2.144550558e-08
pi+1.50,1.500000000e+00,2.363089580e-06,4.179687381e-01,2.146574183e-08
pi+1.50,1.500000000e+00,2.368610817e-06,4.189453005e-01,2.139848269e-08
pi+1.50,1.500000000e+00,2.374132054e-06,4.199218630e-01,2.146565088e-08
pi+1.50,1.500000000e+00,2.379653292e-06,4.208984255e-01,2.138316837e-08
pi+1.50,1.500000000e+00,2.385174529e-06,4.218749879e-01,2.144495525e-08
pi+1.50,1.500000000e+00,2.390695766e-06,4.228515504e-01,2.146485226e-08
pi+1.50,1.500000000e+00,2.396217004e-06,4.238281129e-01,2.140215427e-08
pi+1.50,1.500000000e+00,2.401738241e-06,4.248046754e-01,2.144386406e-08
pi+1.50,1.500000000e+00,2.407259478e-06,4.257812378e-01,2.144312982e-08
pi+1.50,1.500000000e+00,2.412780716e-06,4.267578003e-01,2.140736354e-08
pi+1.50,1.500000000e+00,2.418301953e-06,4.277343628e-01,2.147380615e-08
pi+1.50,1.500000000e+00,2.423823190e-06,4.287109252e-01,2.142065987e-08
pi+1.50,1.500000000e+00,2.429344428e-06,4.296874877e-01,2.142575183e-08
pi+1.50,1.500000000e+00,2.434865665e-06,4.306640502e-01,2.144602049e-08
pi+1.50,1.500000000e+00,2.440386902e-06,4.316406127e-01,2.143769137e-08
pi+1.50,1.500000000e+00,2.445908140e-06,4.326171751e-01,2.143099149e-08
pi+1.50,1.500000000e+00,2.451429377e-06,4.335937376e-01,2.143908961e-08
pi+1.50,1.500000000e+00,2.456950614e-06,4.345703001e-01,2.141671262e-08
pi+1.50,1.500000000e+00,2.462471852e-06,4.355468626e-01,2.145844958e-08
pi+1.50,1.500000000e+00,2.467993089e-06,4.365234250e-01,2.139614174e-08
pi+1.50,1.500000000e+00,2.473514326e-06,4.374999875e-01,2.143879041e-08
pi+1.50,1.500000000e+00,2.479035564e-06,4.384765500e-01,2.146437679e-08
pi+1.50,1.500000000e+00,2.484556801e-06,4.394531124e-01,2.142935701e-08
pi+1.50,1.500000000e+00,2.490078038e-06,4.404296749e-01,2.141579266e-08
pi+1.50,1.500000000e+00,2.495599276e-06,4.414062374e-01,2.144495284e-08
pi+1.50,1.500000000e+00,2.501120513e-06,4.423827999e-01,2.143159936e-08
pi+1.50,1.500000000e+00,2.506641750e-06,4.433593623e-01,2.144019207e-08
pi+1.50,1.500000000e+00,2.512162988e-06,4.443359248e-01,2.141001395e-08
pi+1.50,1.500000000e+00,2.517684225e-06,4.453124873e-01,2.145810670e-08
pi+1.50,1.500000000e+00,2.523205462e-06,4.462890497e-01,2.143124784e-08
pi+1.50,1.500000000e+00,2.528726700e-06,4.472656122e-01,2.144686217e-08
pi+1.50,1.500000000e+00,2.534247937e-06,4.482421747e-01,2.140203133e-08
pi+1.50,1.500000000e+00,2.539769174e-06,4.492187372e-01,2.145207808e-08
pi+1.50,1.500000000e+00,2.545290412e-06,4.501952996e-01,2.142922482e-08
pi+1.50,1.500000000e+00,2.550811649e-06,4.511718621e-01,2.142336421e-08
pi+1.50,1.500000000e+00,2.556332886e-06,4.521484246e-01,2.143400228e-08
pi+1.50,1.500000000e+00,2.561854124e-06,4.531249871e-01,2.144050114e-08
pi+1.50,1.500000000e+00,2.567375361e-06,4.541015495e-01,2.144163680e-08
pi+1.50,1.500000000e+00,2.572896598e-06,4.550781120e-01,2.144788837e-08
pi+1.50,1.500000000e+00,2.578417836e-06,4.560546745e-01,2.141314245e-08
pi+1.50,1.500000000e+00,2.583939073e-06,4.570312369e-01,2.144990636e-08
pi+1.50,1.500000000e+00,2.589460310e-06,4.580077994e-01,2.143266339e-08
pi+1.50,1.500000000e+00,2.594981548e-06,4.589843619e-01,2.137910140e-08
pi+1.50,1.500000000e+00,2.600502785e-06,4.599609244e-01,2.152297159e-08
pi+1.50,1.500000000e+00,2.606024022e-06,4.609374868e-01,2.136383879e-08
pi+1.50,1.500000000e+00,2.611545260e-06,4.619140493e-01,2.145889949e-08
pi+1.50,1.500000000e+00,2.617066497e-06,4.628906118e-01,2.143579149e-08
pi+1.50,1.500000000e+00,2.622587734e-06,4.638671742e-01,2.144531442e-08
pi+1.50,1.500000000e+00,2.628108972e-06,4.648437367e-01,2.143478279e-08
pi+1.50,1.500000000e+00,2.633630209e-06,4.658202992e-01,2.139376800e-08
pi+1.50,1.500000000e+00,2.639151446e-06,4.667968617e-01,2.144552248e-08
pi+1.50,1.500000000e+00,2.644672684e-06,4.677734241e-01,2.143980373e-08
pi+1.50,1.500000000e+00,2.650193921e-06,4.687499866e-01,2.145651167e-08
pi+1.50,1.500000000e+00,2.655715158e-06,4.697265491e-01,2.140880042e-08
pi+1.50,1.500000000e+00,2.661236396e-06,4.707031115e-01,2.144022165e-08
pi+1.50,1.500000000e+00,2.666757633e-06,4.716796740e-01,2.147273387e-08
pi+1.50,1.500000000e+00,2.672278870e-06,4.726562365e-01,2.141060110e-08
pi+1.50,1.500000000e+00,2.677800108e-06,4.736327990e-01,2.143086130e-08
pi+1.50,1.500000000e+00,2.683321345e-06,4.746093614e-01,2.142953308e-08
pi+1.50,1.500000000e+00,2.688842582e-06,4.755859239e-01,2.142120335e-08
pi+1.50,1.500000000e+00,2.694363820e-06,4.765624864e-01,2.147563299e-08
pi+1.50,1.500000000e+00,2.699885057e-06,4.775390489e-01,2.139691783e-08
pi+1.50,1.500000000e+00,2.705406294e-06,4.785156113e-01,2.142693699e-08
pi+1.50,1.500000000e+00,2.710927532e-06,4.794921738e-01,2.149722383e-08
pi+1.50,1.500000000e+00,2.716448769e-06,4.804687363e-01,2.138369213e-08
pi+1.50,1.500000000e+00,2.721970006e-06,4.814452987e-01,2.142691265e-08
pi+1.50,1.500000000e+00,2.727491244e-06,4.824218612e-01,2.142134219e-08
pi+1.50,1.500000000e+00,2.733012481e-06,4.833984237e-01,2.149246488e-08
pi+1.50,1.500000000e+00,2.738533718e-06,4.843749862e-01,2.141061840e-08
pi+1.50,1.500000000e+00,2.744054956e-06,4.853515486e-01,2.139145422e-08
pi+1.50,1.500000000e+00,2.749576193e-06,4.863281111e-01,2.147921966e-08
pi+1.50,1.500000000e+00,2.755097430e-06,4.873046736e-01,2.139175041e-08
pi+1.50,1.500000000e+00,2.760618668e-06,4.882812360e-01,2.145893732e-08
pi+1.50,1.500000000e+00,2.766139905e-06,4.892577985e-01,2.142174603e-08
pi+1.50,1.500000000e+00,2.771661142e-06,4.902343610e-01,2.145825742e-08
pi+1.50,1.500000000e+00,2.777182380e-06,4.912109235e-01,2.143204948e-08
pi+1.50,1.500000000e+00,2.782703617e-06,4.921874859e-01,2.139698806e-08
pi+1.50,1.500000000e+00,2.788224854e-06,4.931640484e-01,2.146628954e-08
pi+1.50,1.500000000e+00,2.793746092e-06,4.941406109e-01,2.146398643e-08
pi+1.50,1.500000000e+00,2.799267329e-06,4.951171734e-01,2.136151535e-08
pi+1.50,1.500000000e+00,2.804788566e-06,4.960937358e-01,2.151095801e-08
pi+1.50,1.500000000e+00,2.810309804e-06,4.970702983e-01,2.140044675e-08
pi+1.50,1.500000000e+00,2.815831041e-06,4.980468608e-01,2.142691426e-08
pi+1.50,1.500000000e+00,2.821352278e-06,4.990234232e-01,2.141940911e-08
pi+1.50,1.500000000e+00,2.826873516e-06,4.999999857e-01,2.148900799e-08
pi+1.50,1.500000000e+00,2.832394753e-06,5.009765482e-01,2.140089426e-08
pi+1.50,1.500000000e+00,2.837915990e-06,5.019531107e-01,2.142373907e-08
pi+1.50,1.500000000e+00,2.843437228e-06,5.029296731e-01,2.145159154e-08
pi+1.50,1.500000000e+00,2.848958465e-06,5.039062356e-01,2.139860442e-08
pi+1.50,1.500000000e+00,2.854479702e-06,5.048827981e-01,2.147986958e-08
pi+1.50,1.500000000e+00,2.860000940e-06,5.058593605e-01,2.141936364e-08
pi+1.50,1.500000000e+00,2.865522177e-06,5.068359230e-01,2.142561159e-08
pi+1.50,1.500000000e+00,2.871043415e-06,5.078124855e-01,2.147525571e-08
pi+1.50,1.500000000e+00,2.876564652e-06,5.087890480e-01,2.137315306e-08
pi+1.50,1.500000000e+00,2.882085889e-06,5.097656104e-01,2.147133925e-08
pi+1.50,1.500000000e+00,2.887607127e-06,5.107421729e-01,2.140618723e-08
pi+1.50,1.500000000e+00,2.893128364e-06,5.117187354e-01,2.147839427e-08
pi+1.50,1.500000000e+00,2.898649601e-06,5.126952978e-01,2.135278279e-08
pi+1.50,1.500000000e+00,2.904170839e-06,5.136718603e-01,2.151124333e-08
pi+1.50,1.500000000e+00,2.909692076e-06,5.146484228e-01,2.140647115e-08
pi+1.50,1.500000000e+00,2.915213313e-06,5.156249853e-01,2.142070534e-08
pi+1.50,1.500000000e+00,2.920734551e-06,5.166015477e-01,2.147407176e-08
pi+1.50,1.500000000e+00,2.926255788e-06,5.175781102e-01,2.142143254e-08
pi+1.50,1.500000000e+00,2.931777025e-06,5.185546727e-01,2.143162572e-08
pi+1.50,1.500000000e+00,2.937298263e-06,5.195312352e-01,2.141597658e-08
pi+1.50,1.500000000e+00,2.942819500e-06,5.205077976e-01,2.142233740e-08
pi+1.50,1.500000000e+00,2.948340737e-06,5.214843601e-01,2.148565071e-08
pi+1.50,1.500000000e+00,2.953861975e-06,5.224609226e-01,2.140145887e-08
pi+1.50,1.500000000e+00,2.959383212e-06,5.234374850e-01,2.142553673e-08
pi+1.50,1.500000000e+00,2.964904449e-06,5.244140475e-01,2.144196881e-08
pi+1.50,1.500000000e+00,2.970425687e-06,5.253906100e-01,2.142852137e-08
pi+1.50,1.500000000e+00,2.975946924e-06,5.263671725e-01,2.145764451e-08
pi+1.50,1.500000000e+00,2.981468161e-06,5.273437349e-01,2.140686875e-08
pi+1.50,1.500000000e+00,2.986989399e-06,5.283202974e-01,2.147596419e-08
pi+1.50,1.500000000e+00,2.992510636e-06,5.292968599e-01,2.138792209e-08
pi+1.50,1.500000000e+00,2.998031873e-06,5.302734223e-01,2.146163381e-08
pi+1.50,1.500000000e+00,3.003553111e-06,5.312499848e-01,2.139118761e-08
pi+1.50,1.500000000e+00,3.009074348e-06,5.322265473e-01,2.143298533e-08
pi+1.50,1.500000000e+00,3.014595585e-06,5.332031098e-01,2.146679258e-08
pi+1.50,1.500000000e+00,3.020116823e-06,5.341796722e-01,2.143580155e-08
pi+1.50,1.500000000e+00,3.025638060e-06,5.351562347e-01,2.140657659e-08
pi+1.50,1.500000000e+00,3.031159297e-06,5.361327972e-01,2.147698858e-08
pi+1.50,1.500000000e+00,3.036680535e-06,5.371093597e-01,2.143425138e-08
pi+1.50,1.500000000e+00,3.042201772e-06,5.380859221e-01,2.137381083e-08
pi+1.50,1.500000000e+00,3.047723009e-06,5.390624846e-01,2.148595414e-08
pi+1.50,1.500000000e+00,3.053244247e-06,5.400390471e-01,2.143221267e-08
pi+1.50,1.500000000e+00,3.058765484e-06,5.410156095e-01,2.143236720e-08
pi+1.50,1.500000000e+00,3.064286721e-06,5.419921720e-01,2.142662591e-08
pi+1.50,1.500000000e+00,3.069807959e-06,5.429687345e-01,2.144772840e-08
pi+1.50,1.500000000e+00,3.075329196e-06,5.439452970e-01,2.140398915e-08
pi+1.50,1.500000000e+00,3.080850433e-06,5.449218594e-01,2.142130074e-08
pi+1.50,1.500000000e+00,3.086371671e-06,5.458984219e-01,2.146895424e-08
pi+1.50,1.500000000e+00,3.091892908e-06,5.468749844e-01,2.142337467e-08
pi+1.50,1.500000000e+00,3.097414145e-06,5.478515468e-01,2.144002788e-08
pi+1.50,1.500000000e+00,3.102935383e-06,5.488281093e-01,2.145641166e-08
pi+1.50,1.500000000e+00,3.108456620e-06,5.498046718e-01,2.140986344e-08
pi+1.50,1.500000000e+00,3.113977857e-06,5.507812343e-01,2.142348876e-08
pi+1.50,1.500000000e+00,3.119499095e-06,5.517577967e-01,2.146567805e-08
pi+1.50,1.500000000e+00,3.125020332e-06,5.527343592e-01,2.140964754e-08
pi+1.50,1.500000000e+00,3.130541569e-06,5.537109217e-01,2.147102757e-08
pi+1.50,1.500000000e+00,3.136062807e-06,5.546874841e-01,2.139953082e-08
pi+1.50,1.500000000e+00,3.141584044e-06,5.556640466e-01,2.140949824e-08
pi+1.50,1.500000000e+00,3.147105281e-06,5.566406091e-01,2.146605311e-08
pi+1.50,1.500000000e+00,3.152626519e-06,5.576171716e-01,2.141272795e-08
pi+1.50,1.500000000e+00,3.158147756e-06,5.585937340e-01,2.149134853e-08
pi+1.50,1.500000000e+00,3.163668993e-06,5.595702965e-01,2.135801078e-08
pi+1.50,1.500000000e+00,3.169190231e-06,5.605468590e-01,2.147390716e-08
pi+1.50,1.500000000e+00,3.174711468e-06,5.615234215e-01,2.142948821e-08
pi+1.50,1.500000000e+00,3.180232705e-06,5.624999839e-01,2.147008004e-08
pi+1.50,1.500000000e+00,3.185753943e-06,5.634765464e-01,2.140126852e-08
pi+1.50,1.500000000e+00,3.191275180e-06,5.644531089e-01,2.143689556e-08
pi+1.50,1.500000000e+00,3.196796417e-06,5.654296713e-01,2.141244102e-08
pi+1.50,1.500000000e+00,3.202317655e-06,5.664062338e-01,2.148096621e-08
pi+1.50,1.500000000e+00,3.207838892e-06,5.673827963e-01,2.138339936e-08
pi+1.50,1.500000000e+00,3.213360129e-06,5.683593588e-01,2.148646242e-08
pi+1.50,1.500000000e+00,3.218881367e-06,5.693359212e-01,2.140982682e-08
pi+1.50,1.500000000e+00,3.224402604e-06,5.703124837e-01,2.139348731e-08
pi+1.50,1.500000000e+00,3.229923841e-06,5.712890462e-01,2.149156384e-08
pi+1.50,1.500000000e+00,3.235445079e-06,5.722656086e-01,2.138548436e-08
pi+1.50,1.500000000e+00,3.240966316e-06,5.732421711e-01,2.146993738e-08
pi+1.50,1.500000000e+00,3.246487553e-06,5.742187336e-01,2.142220179e-08
pi+1.50,1.500000000e+00,3.252008791e-06,5.751952961e-01,2.142278149e-08
pi+1.50,1.500000000e+00,3.257530028e-06,5.761718585e-01,2.145899366e-08
pi+1.50,1.500000000e+00,3.263051265e-06,5.771484210e-01,2.139664921e-08
pi+1.50,1.500000000e+00,3.268572503e-06,5.781249835e-01,2.147508689e-08
pi+1.50,1.500000000e+00,3.274093740e-06,5.791015459e-01,2.143078866e-08
pi+1.50,1.500000000e+00,3.279614977e-06,5.800781084e-01,2.141054174e-08
pi+1.50,1.500000000e+00,3.285136215e-06,5.810546709e-01,2.143408196e-08
pi+1.50,1.500000000e+00,3.290657452e-06,5.820312334e-01,2.142725431e-08
pi+1.50,1.500000000e+00,3.296178689e-06,5.830077958e-01,2.146543739e-08
pi+1.50,1.500000000e+00,3.301699927e-06,5.839843583e-01,2.144983654e-08
pi+1.50,1.500000000e+00,3.307221164e-06,5.849609208e-01,2.136101332e-08
pi+1.50,1.500000000e+00,3.312742401e-06,5.859374833e-01,2.149957966e-08
pi+1.50,1.500000000e+00,3.318263639e-06,5.869140457e-01,2.138723473e-08
pi+1.50,1.500000000e+00,3.323784876e-06,5.878906082e-01,2.147130343e-08
pi+1.50,1.500000000e+00,3.329306113e-06,5.888671707e-01,2.142506911e-08
pi+1.50,1.500000000e+00,3.334827351e-06,5.898437331e-01,2.139839496e-08
pi+1.50,1.500000000e+00,3.340348588e-06,5.908202956e-01,2.148806329e-08
pi+1.50,1.500000000e+00,3.345869825e-06,5.917968581e-01,2.140522261e-08
pi+1.50,1.500000000e+00,3.351391063e-06,5.927734206e-01,2.144561463e-08
pi+1.50,1.500000000e+00,3.356912300e-06,5.937499830e-01,2.140286456e-08
pi+1.50,1.500000000e+00,3.362433537e-06,5.947265455e-01,2.145031724e-08
pi+1.50,1.500000000e+00,3.367954775e-06,5.957031080e-01,2.144109895e-08
pi+1.50,1.500000000e+00,3.373476012e-06,5.966796704e-01,2.145367231e-08
pi+1.50,1.500000000e+00,3.378997249e-06,5.976562329e-01,2.141427168e-08
pi+1.50,1.500000000e+00,3.384518487e-06,5.986327954e-01,2.144503735e-08
pi+1.50,1.500000000e+00,3.390039724e-06,5.996093579e-01,2.142059971e-08
pi+1.50,1.500000000e+00,3.395560961e-06,6.005859203e-01,2.143205994e-08
pi+1.50,1.500000000e+00,3.401082199e-06,6.015624828e-01,2.146806487e-08
pi+1.50,1.500000000e+00,3.406603436e-06,6.025390453e-01,2.138298466e-08
pi+1.50,1.500000000e+00,3.412124673e-06,6.035156078e-01,2.146843792e-08
pi+1.50,1.500000000e+00,3.417645911e-06,6.044921702e-01,2.144905864e-08
pi+1.50,1.500000000e+00,3.423167148e-06,6.054687327e-01,2.141175648e-08
pi+1.50,1.500000000e+00,3.428688385e-06,6.064452952e-01,2.143919525e-08
pi+1.50,1.500000000e+00,3.434209623e-06,6.074218576e-01,2.140648946e-08
pi+1.50,1.500000000e+00,3.439730860e-06,6.083984201e-01,2.143322176e-08
pi+1.50,1.500000000e+00,3.445252097e-06,6.093749826e-01,2.147297413e-08
pi+1.50,1.500000000e+00,3.450773335e-06,6.103515451e-01,2.143672110e-08
pi+1.50,1.500000000e+00,3.456294572e-06,6.113281075e-01,2.145864999e-08
pi+1.50,1.500000000e+00,3.461815809e-06,6.123046700e-01,2.139701482e-08
pi+1.50,1.500000000e+00,3.467337047e-06,6.132812325e-01,2.143288050e-08
pi+1.50,1.500000000e+00,3.472858284e-06,6.142577949e-01,2.143276480e-08
pi+1.50,1.500000000e+00,3.478379521e-06,6.152343574e-01,2.142593092e-08
pi+1.50,1.500000000e+00,3.483900759e-06,6.162109199e-01,2.148055432e-08
pi+1.50,1.500000000e+00,3.489421996e-06,6.171874824e-01,2.138824222e-08
pi+1.50,1.500000000e+00,3.494943233e-06,6.181640448e-01,2.143656335e-08
pi+1.50,1.500000000e+00,3.500464471e-06,6.191406073e-01,2.144242335e-08
pi+1.50,1.500000000e+00,3.505985708e-06,6.201171698e-01,2.143257103e-08
pi+1.50,1.500000000e+00,3.511506945e-06,6.210937322e-01,2.143215773e-08
pi+1.50,1.500000000e+00,3.517028183e-06,6.220702947e-01,2.142795414e-08
pi+1.50,1.500000000e+00,3.522549420e-06,6.230468572e-01,2.142471135e-08
pi+1.50,1.500000000e+00,3.528070657e-06,6.240234197e-01,2.144289601e-08
pi+1.50,1.500000000e+00,3.533591895e-06,6.249999821e-01,2.143679274e-08
pi+1.50,1.500000000e+00,3.539113132e-06,6.259765446e-01,2.144606355e-08
pi+1.50,1.500000000e+00,3.544634369e-06,6.269531071e-01,2.140933565e-08
pi+1.50,1.500000000e+00,3.550155607e-06,6.279296696e-01,2.146603923e-08
pi+1.50,1.500000000e+00,3.555676844e-06,6.289062320e-01,2.144335921e-08
pi+1.50,1.500000000e+00,3.561198081e-06,6.298827945e-01,2.138490848e-08
pi+1.50,1.500000000e+00,3.566719319e-06,6.308593570e-01,2.144822058e-08
pi+1.50,1.500000000e+00,3.572240556e-06,6.318359194e-01,2.141010390e-08
pi+1.50,1.500000000e+00,3.577761793e-06,6.328124819e-01,2.149851382e-08
pi+1.50,1.500000000e+00,3.583283031e-06,6.337890444e-01,2.138823759e-08
pi+1.50,1.500000000e+00,3.588804268e-06,6.347656069e-01,2.146704531e-08
pi+1.50,1.500000000e+00,3.594325505e-06,6.357421693e-01,2.138520628e-08
pi+1.50,1.500000000e+00,3.599846743e-06,6.367187318e-01,2.144690684e-08
pi+1.50,1.500000000e+00,3.605367980e-06,6.376952943e-01,2.147981043e-08
pi+1.50,1.500000000e+00,3.610889217e-06,6.386718567e-01,2.140673434e-08
pi+1.50,1.500000000e+00,3.616410455e-06,6.396484192e-01,2.141766618e-08
pi+1.50,1.500000000e+00,3.621931692e-06,6.406249817e-01,2.144652091e-08
pi+1.50,1.500000000e+00,3.627452929e-06,6.416015442e-01,2.146254431e-08
pi+1.50,1.500000000e+00,3.632974167e-06,6.425781066e-01,2.139245829e-08
pi+1.50,1.500000000e+00,3.638495404e-06,6.435546691e-01,2.143153256e-08
pi+1.50,1.500000000e+00,3.644016641e-06,6.445312316e-01,2.144037659e-08
pi+1.50,1.500000000e+00,3.649537879e-06,6.455077941e-01,2.145900413e-08
pi+1.50,1.500000000e+00,3.655059116e-06,6.464843565e-01,2.143551341e-08
pi+1.50,1.500000000e+00,3.660580353e-06,6.474609190e-01,2.140310119e-08
pi+1.50,1.500000000e+00,3.666101591e-06,6.484374815e-01,2.143091664e-08
pi+1.50,1.500000000e+00,3.671622828e-06,6.494140439e-01,2.146584063e-08
pi+1.50,1.500000000e+00,3.677144065e-06,6.503906064e-01,2.144456348e-08
pi+1.50,1.500000000e+00,3.682665303e-06,6.513671689e-01,2.139215184e-08
pi+1.50,1.500000000e+00,3.688186540e-06,6.523437314e-01,2.146563982e-08
pi+1.50,1.500000000e+00,3.693707778e-06,6.533202938e-01,2.142554176e-08
pi+1.50,1.500000000e+00,3.699229015e-06,6.542968563e-01,2.143488642e-08
pi+1.50,1.500000000e+00,3.704750252e-06,6.552734188e-01,2.144465725e-08
pi+1.50,1.500000000e+00,3.710271490e-06,6.562499812e-01,2.141912138e-08
pi+1.50,1.500000000e+00,3.715792727e-06,6.572265437e-01,2.144041442e-08
pi+1.50,1.500000000e+00,3.721313964e-06,6.582031062e-01,2.142070011e-08
pi+1.50,1.500000000e+00,3.726835202e-06,6.591796687e-01,2.141937169e-08
pi+1.50,1.500000000e+00,3.732356439e-06,6.601562311e-01,2.145122533e-08
pi+1.50,1.500000000e+00,3.737877676e-06,6.611327936e-01,2.143485845e-08
pi+1.50,1.500000000e+00,3.743398914e-06,6.621093561e-01,2.141363885e-08
pi+1.50,1.500000000e+00,3.748920151e-06,6.630859185e-01,2.145284170e-08
pi+1.50,1.500000000e+00,3.754441388e-06,6.640624810e-01,2.141131340e-08
pi+1.50,1.500000000e+00,3.759962626e-06,6.650390435e-01,2.143412240e-08
pi+1.50,1.500000000e+00,3.765483863e-06,6.660156060e-01,2.144599010e-08
pi+1.50,1.500000000e+00,3.771005100e-06,6.669921684e-01,2.144451278e-08
pi+1.50,1.500000000e+00,3.776526338e-06,6.679687309e-01,2.142571984e-08
pi+1.50,1.500000000e+00,3.782047575e-06,6.689452934e-01,2.146926612e-08
pi+1.50,1.500000000e+00,3.787568812e-06,6.699218559e-01,2.141539969e-08
pi+1.50,1.500000000e+00,3.793090050e-06,6.708984183e-01,2.144495324e-08
pi+1.50,1.500000000e+00,3.798611287e-06,6.718749808e-01,2.142111140e-08
pi+1.50,1.500000000e+00,3.804132524e-06,6.728515433e-01,2.142834148e-08
pi+1.50,1.500000000e+00,3.809653762e-06,6.738281057e-01,2.143800164e-08
pi+1.50,1.500000000e+00,3.815174999e-06,6.748046682e-01,2.144584402e-08
pi+1.50,1.500000000e+00,3.820696236e-06,6.757812307e-01,2.143941639e-08
pi+1.50,1.500000000e+00,3.826217474e-06,6.767577932e-01,2.142614742e-08
pi+1.50,1.500000000e+00,3.831738711e-06,6.777343556e-01,2.142189674e-08
pi+1.50,1.500000000e+00,3.837259948e-06,6.787109181e-01,2.145931058e-08
pi+1.50,1.500000000e+00,3.842781186e-06,6.796874806e-01,2.143159936e-08
pi+1.50,1.500000000e+00,3.848302423e-06,6.806640430e-01,2.139949943e-08
pi+1.50,1.500000000e+00,3.853823660e-06,6.816406055e-01,2.144482547e-08
pi+1.50,1.500000000e+00,3.859344898e-06,6.826171680e-01,2.144736521e-08
pi+1.50,1.500000000e+00,3.864866135e-06,6.835937305e-01,2.144999832e-08
pi+1.50,1.500000000e+00,3.870387372e-06,6.845702929e-01,2.140763820e-08
pi+1.50,1.500000000e+00,3.875908610e-06,6.855468554e-01,2.143858255e-08
pi+1.50,1.500000000e+00,3.881429847e-06,6.865234179e-01,2.144142613e-08
pi+1.50,1.500000000e+00,3.886951084e-06,6.874999804e-01,2.142794770e-08
pi+1.50,1.500000000e+00,3.892472322e-06,6.884765428e-01,2.139955094e-08
pi+1.50,1.500000000e+00,3.897993559e-06,6.894531053e-01,2.144568828e-08
pi+1.50,1.500000000e+00,3.903514796e-06,6.904296678e-01,2.145234811e-08
pi+1.50,1.500000000e+00,3.909036034e-06,6.914062302e-01,2.140116026e-08
pi+1.50,1.500000000e+00,3.914557271e-06,6.923827927e-01,2.146662396e-08
pi+1.50,1.500000000e+00,3.920078508e-06,6.933593552e-01,2.141797585e-08
pi+1.50,1.500000000e+00,3.925599746e-06,6.943359177e-01,2.144812802e-08
pi+1.50,1.500000000e+00,3.931120983e-06,6.953124801e-01,2.142178628e-08
pi+1.50,1.500000000e+00,3.936642220e-06,6.962890426e-01,2.145447275e-08
pi+1.50,1.500000000e+00,3.942163458e-06,6.972656051e-01,2.144857452e-08
pi+1.50,1.500000000e+00,3.947684695e-06,6.982421675e-01,2.138349192e-08
pi+1.50,1.500000000e+00,3.953205932e-06,6.992187300e-01,2.147014483e-08
pi+1.50,1.500000000e+00,3.958727170e-06,7.001952925e-01,2.144615892e-08
pi+1.50,1.500000000e+00,3.964248407e-06,7.011718550e-01,2.141457772e-08
pi+1.50,1.500000000e+00,3.969769644e-06,7.021484174e-01,2.143205693e-08
pi+1.50,1.500000000e+00,3.975290882e-06,7.031249799e-01,2.144553193e-08
pi+1.50,1.500000000e+00,3.980812119e-06,7.041015424e-01,2.142450631e-08
pi+1.50,1.500000000e+00,3.986333356e-06,7.050781048e-01,2.142197723e-08
pi+1.50,1.500000000e+00,3.991854594e-06,7.060546673e-01,2.145417294e-08
pi+1.50,1.500000000e+00,3.997375831e-06,7.070312298e-01,2.140853301e-08
pi+1.50,1.500000000e+00,4.002897068e-06,7.080077923e-01,2.144692736e-08
pi+1.50,1.500000000e+00,4.008418306e-06,7.089843547e-01,2.145610199e-08
pi+1.50,1.500000000e+00,4.013939543e-06,7.099609172e-01,2.142223096e-08
pi+1.50,1.500000000e+00,4.019460780e-06,7.109374797e-01,2.142431294e-08
pi+1.50,1.500000000e+00,4.024982018e-06,7.119140422e-01,2.144099875e-08
pi+1.50,1.500000000e+00,4.030503255e-06,7.128906046e-01,2.142118907e-08
pi+1.50,1.500000000e+00,4.036024492e-06,7.138671671e-01,2.145083698e-08
pi+1.50,1.500000000e+00,4.041545730e-06,7.148437296e-01,2.140287482e-08
pi+1.50,1.500000000e+00,4.047066967e-06,7.158202920e-01,2.145495869e-08
pi+1.50,1.500000000e+00,4.052588204e-06,7.167968545e-01,2.143305455e-08
pi+1.50,1.500000000e+00,4.058109442e-06,7.177734170e-01,2.141773963e-08
pi+1.50,1.500000000e+00,4.063630679e-06,7.187499795e-01,2.145012106e-08
pi+1.50,1.500000000e+00,4.069151916e-06,7.197265419e-01,2.142841774e-08
pi+1.50,1.500000000e+00,4.074673154e-06,7.207031044e-01,2.146675053e-08
pi+1.50,1.500000000e+00,4.080194391e-06,7.216796669e-01,2.142285252e-08
pi+1.50,1.500000000e+00,4.085715628e-06,7.226562293e-01,2.141569004e-08
pi+1.50,1.500000000e+00,4.091236866e-06,7.236327918e-01,2.148478790e-08
pi+1.50,1.500000000e+00,4.096758103e-06,7.246093543e-01,2.137206669e-08
pi+1.50,1.500000000e+00,4.102279340e-06,7.255859168e-01,2.146995891e-08
pi+1.50,1.500000000e+00,4.107800578e-06,7.265624792e-01,2.146318056e-08
pi+1.50,1.500000000e+00,4.113321815e-06,7.275390417e-01,2.136562337e-08
pi+1.50,1.500000000e+00,4.118843052e-06,7.285156042e-01,2.148456053e-08
pi+1.50,1.500000000e+00,4.124364290e-06,7.294921667e-01,2.142730381e-08
pi+1.50,1.500000000e+00,4.129885527e-06,7.304687291e-01,2.139094193e-08
pi+1.50,1.500000000e+00,4.135406764e-06,7.314452916e-01,2.141308470e-08
pi+1.50,1.500000000e+00,4.140928002e-06,7.324218541e-01,2.147775702e-08
pi+1.50,1.500000000e+00,4.146449239e-06,7.333984165e-01,2.143115367e-08
pi+1.50,1.500000000e+00,4.151970476e-06,7.343749790e-01,2.141807324e-08
pi+1.50,1.500000000e+00,4.157491714e-06,7.353515415e-01,2.142114601e-08
pi+1.50,1.500000000e+00,4.163012951e-06,7.363281040e-01,2.147274333e-08
pi+1.50,1.500000000e+00,4.168534188e-06,7.373046664e-01,2.147675638e-08
pi+1.50,1.500000000e+00,4.174055426e-06,7.382812289e-01,2.138283777e-08
pi+1.50,1.500000000e+00,4.179576663e-06,7.392577914e-01,2.147290370e-08
pi+1.50,1.500000000e+00,4.185097900e-06,7.402343538e-01,2.137072821e-08
pi+1.50,1.500000000e+00,4.190619138e-06,7.412109163e-01,2.146711553e-08
pi+1.50,1.500000000e+00,4.196140375e-06,7.421874788e-01,2.143851132e-08
pi+1.50,1.500000000e+00,4.201661612e-06,7.431640413e-01,2.145794996e-08
pi+1.50,1.500000000e+00,4.207182850e-06,7.441406037e-01,2.141814186e-08
pi+1.50,1.500000000e+00,4.212704087e-06,7.451171662e-01,2.140955397e-08
pi+1.50,1.500000000e+00,4.218225324e-06,7.460937287e-01,2.146293145e-08
pi+1.50,1.500000000e+00,4.223746562e-06,7.470702911e-01,2.139133249e-08
pi+1.50,1.500000000e+00,4.229267799e-06,7.480468536e-01,2.141913486e-08
pi+1.50,1.500000000e+00,4.234789036e-06,7.490234161e-01,2.144083898e-08
pi+1.50,1.500000000e+00,4.240310274e-06,7.499999786e-01,2.148614812e-08
pi+1.50,1.500000000e+00,4.245831511e-06,7.509765410e-01,2.136730915e-08
pi+1.50,1.500000000e+00,4.251352748e-06,7.519531035e-01,2.149970945e-08
pi+1.50,1.500000000e+00,4.256873986e-06,7.529296660e-01,2.138951933e-08
pi+1.50,1.500000000e+00,4.262395223e-06,7.539062285e-01,2.142545524e-08
pi+1.50,1.500000000e+00,4.267916460e-06,7.548827909e-01,2.144415723e-08
pi+1.50,1.500000000e+00,4.273437698e-06,7.558593534e-01,2.147458848e-08
pi+1.50,1.500000000e+00,4.278958935e-06,7.568359159e-01,2.143512707e-08
pi+1.50,1.500000000e+00,4.284480172e-06,7.578124783e-01,2.138147936e-08
pi+1.50,1.500000000e+00,4.290001410e-06,7.587890408e-01,2.148111370e-08
pi+1.50,1.500000000e+00,4.295522647e-06,7.597656033e-01,2.142877349e-08
pi+1.50,1.500000000e+00,4.301043884e-06,7.607421658e-01,2.139072603e-08
pi+1.50,1.500000000e+00,4.306565122e-06,7.617187282e-01,2.150587329e-08
pi+1.50,1.500000000e+00,4.312086359e-06,7.626952907e-01,2.141141361e-08
pi+1.50,1.500000000e+00,4.317607596e-06,7.636718532e-01,2.138408752e-08
pi+1.50,1.500000000e+00,4.323128834e-06,7.646484156e-01,2.150685663e-08
pi+1.50,1.500000000e+00,4.328650071e-06,7.656249781e-01,2.138652424e-08
pi+1.50,1.500000000e+00,4.334171308e-06,7.666015406e-01,2.141199432e-08
pi+1.50,1.500000000e+00,4.339692546e-06,7.675781031e-01,2.146893211e-08
pi+1.50,1.500000000e+00,4.345213783e-06,7.685546655e-01,2.141396422e-08
pi+1.50,1.500000000e+00,4.350735020e-06,7.695312280e-01,2.146785701e-08
pi+1.50,1.500000000e+00,4.356256258e-06,7.705077905e-01,2.143148588e-08
pi+1.50,1.500000000e+00,4.361777495e-06,7.714843530e-01,2.143962746e-08
pi+1.50,1.500000000e+00,4.367298732e-06,7.724609154e-01,2.143319339e-08
pi+1.50,1.500000000e+00,4.372819970e-06,7.734374779e-01,2.143431658e-08
pi+1.50,1.500000000e+00,4.378341207e-06,7.744140404e-01,2.138138720e-08
pi+1.50,1.500000000e+00,4.383862444e-06,7.753906028e-01,2.146702700e-08
pi+1.50,1.500000000e+00,4.389383682e-06,7.763671653e-01,2.148731054e-08
pi+1.50,1.500000000e+00,4.394904919e-06,7.773437278e-01,2.143667985e-08
pi+1.50,1.500000000e+00,4.400426156e-06,7.783202903e-01,2.139229853e-08
pi+1.50,1.500000000e+00,4.405947394e-06,7.792968527e-01,2.146136660e-08
pi+1.50,1.500000000e+00,4.411468631e-06,7.802734152e-01,2.135153646e-08
pi+1.50,1.500000000e+00,4.416989868e-06,7.812499777e-01,2.145311756e-08
pi+1.50,1.500000000e+00,4.422511106e-06,7.822265401e-01,2.150346413e-08
pi+1.50,1.500000000e+00,4.428032343e-06,7.832031026e-01,2.137919798e-08
pi+1.50,1.500000000e+00,4.433553580e-06,7.841796651e-01,2.144311232e-08
pi+1.50,1.500000000e+00,4.439074818e-06,7.851562276e-01,2.139634095e-08
pi+1.50,1.500000000e+00,4.444596055e-06,7.861327900e-01,2.149216628e-08
pi+1.50,1.500000000e+00,4.450117292e-06,7.871093525e-01,2.140281566e-08
pi+1.50,1.500000000e+00,4.455638530e-06,7.880859150e-01,2.140487430e-08
pi+1.50,1.500000000e+00,4.461159767e-06,7.890624774e-01,2.148602819e-08
pi+1.50,1.500000000e+00,4.466681004e-06,7.900390399e-01,2.143780606e-08
pi+1.50,1.500000000e+00,4.472202242e-06,7.910156024e-01,2.141888857e-08
pi+1.50,1.500000000e+00,4.477723479e-06,7.919921649e-01,2.147471887e-08
pi+1.50,1.500000000e+00,4.483244716e-06,7.929687273e-01,2.136319389e-08
pi+1.50,1.500000000e+00,4.488765954e-06,7.939452898e-01,2.147517724e-08
pi+1.50,1.500000000e+00,4.494287191e-06,7.949218523e-01,2.142162128e-08
pi+1.50,1.500000000e+00,4.499808428e-06,7.958984148e-01,2.147925125e-08
pi+1.50,1.500000000e+00,4.505329666e-06,7.968749772e-01,2.140415455e-08
pi+1.50,1.500000000e+00,4.510850903e-06,7.978515397e-01,2.143992788e-08
pi+1.50,1.500000000e+00,4.516372141e-06,7.988281022e-01,2.142908074e-08
pi+1.50,1.500000000e+00,4.521893378e-06,7.998046646e-01,2.144063817e-08
pi+1.50,1.500000000e+00,4.527414615e-06,8.007812271e-01,2.143570597e-08
pi+1.50,1.500000000e+00,4.532935853e-06,8.017577896e-01,2.139607474e-08
pi+1.50,1.500000000e+00,4.538457090e-06,8.027343521e-01,2.141714363e-08
pi+1.50,1.500000000e+00,4.543978327e-06,8.037109145e-01,2.143230080e-08
pi+1.50,1.500000000e+00,4.549499565e-06,8.046874770e-01,2.144900713e-08
pi+1.50,1.500000000e+00,4.555020802e-06,8.056640395e-01,2.148073984e-08
pi+1.50,1.500000000e+00,4.560542039e-06,8.066406019e-01,2.139226512e-08
pi+1.50,1.500000000e+00,4.566063277e-06,8.076171644e-01,2.145961542e-08
pi+1.50,1.500000000e+00,4.571584514e-06,8.085937269e-01,2.139848812e-08
pi+1.50,1.500000000e+00,4.577105751e-06,8.095702894e-01,2.142336018e-08
pi+1.50,1.500000000e+00,4.582626989e-06,8.105468518e-01,2.149326753e-08
pi+1.50,1.500000000e+00,4.588148226e-06,8.115234143e-01,2.143583455e-08
pi+1.50,1.500000000e+00,4.593669463e-06,8.124999768e-01,2.140424329e-08
pi+1.50,1.500000000e+00,4.599190701e-06,8.134765393e-01,2.144443189e-08
pi+1.50,1.500000000e+00,4.604711938e-06,8.144531017e-01,2.144405783e-08
pi+1.50,1.500000000e+00,4.610233175e-06,8.154296642e-01,2.137866013e-08
pi+1.50,1.500000000e+00,4.615754413e-06,8.164062267e-01,2.149769085e-08
pi+1.50,1.500000000e+00,4.621275650e-06,8.173827891e-01,2.139424991e-08
pi+1.50,1.500000000e+00,4.626796887e-06,8.183593516e-01,2.145991040e-08
pi+1.50,1.500000000e+00,4.632318125e-06,8.193359141e-01,2.142878214e-08
pi+1.50,1.500000000e+00,4.637839362e-06,8.203124766e-01,2.143400429e-08
pi+1.50,1.500000000e+00,4.643360599e-06,8.212890390e-01,2.144890028e-08
pi+1.50,1.500000000e+00,4.648881837e-06,8.222656015e-01,2.141923667e-08
pi+1.50,1.500000000e+00,4.654403074e-06,8.232421640e-01,2.146900253e-08
pi+1.50,1.500000000e+00,4.659924311e-06,8.242187264e-01,2.140082383e-08
pi+1.50,1.500000000e+00,4.665445549e-06,8.251952889e-01,2.139141398e-08
pi+1.50,1.500000000e+00,4.670966786e-06,8.261718514e-01,2.147447519e-08
pi+1.50,1.500000000e+00,4.676488023e-06,8.271484139e-01,2.141496024e-08
pi+1.50,1.500000000e+00,4.682009261e-06,8.281249763e-01,2.143483149e-08
pi+1.50,1.500000000e+00,4.687530498e-06,8.291015388e-01,2.146754714e-08
pi+1.50,1.500000000e+00,4.693051735e-06,8.300781013e-01,2.142907652e-08
pi+1.50,1.500000000e+00,4.698572973e-06,8.310546637e-01,2.144125208e-08
pi+1.50,1.500000000e+00,4.704094210e-06,8.320312262e-01,2.144599896e-08
pi+1.50,1.500000000e+00,4.709615447e-06,8.330077887e-01,2.138452235e-08
pi+1.50,1.500000000e+00,4.715136685e-06,8.339843512e-01,2.144198088e-08
pi+1.50,1.500000000e+00,4.720657922e-06,8.349609136e-01,2.140526365e-08
pi+1.50,1.500000000e+00,4.726179159e-06,8.359374761e-01,2.148531428e-08
pi+1.50,1.500000000e+00,4.731700397e-06,8.369140386e-01,2.141466968e-08
pi+1.50,1.500000000e+00,4.737221634e-06,8.378906011e-01,2.143055203e-08
pi+1.50,1.500000000e+00,4.742742871e-06,8.388671635e-01,2.140749614e-08
pi+1.50,1.500000000e+00,4.748264109e-06,8.398437260e-01,2.147727028e-08
pi+1.50,1.500000000e+00,4.753785346e-06,8.408202885e-01,2.144937435e-08
pi+1.50,1.500000000e+00,4.759306583e-06,8.417968509e-01,2.144266119e-08
pi+1.50,1.500000000e+00,4.764827821e-06,8.427734134e-01,2.136841966e-08
pi+1.50,1.500000000e+00,4.770349058e-06,8.437499759e-01,2.148907258e-08
pi+1.50,1.500000000e+00,4.775870295e-06,8.447265384e-01,2.144176135e-08
pi+1.50,1.500000000e+00,4.781391533e-06,8.457031008e-01,2.138329694e-08
pi+1.50,1.500000000e+00,4.786912770e-06,8.466796633e-01,2.141944533e-08
pi+1.50,1.500000000e+00,4.792434007e-06,8.476562258e-01,2.148552998e-08
pi+1.50,1.500000000e+00,4.797955245e-06,8.486327882e-01,2.143802237e-08
pi+1.50,1.500000000e+00,4.803476482e-06,8.496093507e-01,2.140693535e-08
pi+1.50,1.500000000e+00,4.808997719e-06,8.505859132e-01,2.143153517e-08
pi+1.50,1.500000000e+00,4.814518957e-06,8.515624757e-01,2.140586871e-08
pi+1.50,1.500000000e+00,4.820040194e-06,8.525390381e-01,2.151259027e-08
pi+1.50,1.500000000e+00,4.825561431e-06,8.535156006e-01,2.143484577e-08
pi+1.50,1.500000000e+00,4.831082669e-06,8.544921631e-01,2.135444342e-08
pi+1.50,1.500000000e+00,4.836603906e-06,8.554687256e-01,2.143963028e-08
pi+1.50,1.500000000e+00,4.842125143e-06,8.564452880e-01,2.145242679e-08
pi+1.50,1.500000000e+00,4.847646381e-06,8.574218505e-01,2.142741669e-08
pi+1.50,1.500000000e+00,4.853167618e-06,8.583984130e-01,2.142779156e-08
pi+1.50,1.500000000e+00,4.858688855e-06,8.593749754e-01,2.145081646e-08
pi+1.50,1.500000000e+00,4.864210093e-06,8.603515379e-01,2.147823692e-08
pi+1.50,1.500000000e+00,4.869731330e-06,8.613281004e-01,2.137245705e-08
pi+1.50,1.500000000e+00,4.875252567e-06,8.623046629e-01,2.147416955e-08
pi+1.50,1.500000000e+00,4.880773805e-06,8.632812253e-01,2.143419967e-08
pi+1.50,1.500000000e+00,4.886295042e-06,8.642577878e-01,2.146951805e-08
pi+1.50,1.500000000e+00,4.891816279e-06,8.652343503e-01,2.135284799e-08
pi+1.50,1.500000000e+00,4.897337517e-06,8.662109127e-01,2.147165496e-08
pi+1.50,1.500000000e+00,4.902858754e-06,8.671874752e-01,2.143779620e-08
pi+1.50,1.500000000e+00,4.908379991e-06,8.681640377e-01,2.141567093e-08
pi+1.50,1.500000000e+00,4.913901229e-06,8.691406002e-01,2.147641693e-08
pi+1.50,1.500000000e+00,4.919422466e-06,8.701171626e-01,2.137484206e-08
pi+1.50,1.500000000e+00,4.924943703e-06,8.710937251e-01,2.146189016e-08
pi+1.50,1.500000000e+00,4.930464941e-06,8.720702876e-01,2.140780762e-08
pi+1.50,1.500000000e+00,4.935986178e-06,8.730468500e-01,2.148544366e-08
pi+1.50,1.500000000e+00,4.941507415e-06,8.740234125e-01,2.143210642e-08
pi+1.50,1.500000000e+00,4.947028653e-06,8.749999750e-01,2.140966907e-08
pi+1.50,1.500000000e+00,4.952549890e-06,8.759765375e-01,2.141011798e-08
pi+1.50,1.500000000e+00,4.958071127e-06,8.769530999e-01,2.145031584e-08
pi+1.50,1.500000000e+00,4.963592365e-06,8.779296624e-01,2.145297631e-08
pi+1.50,1.500000000e+00,4.969113602e-06,8.789062249e-01,2.141649893e-08
pi+1.50,1.500000000e+00,4.974634839e-06,8.798827874e-01,2.139985357e-08
pi+1.50,1.500000000e+00,4.980156077e-06,8.808593498e-01,2.151329211e-08
pi+1.50,1.500000000e+00,4.985677314e-06,8.818359123e-01,2.141995159e-08
pi+1.50,1.500000000e+00,4.991198551e-06,8.828124748e-01,2.144348195e-08
pi+1.50,1.500000000e+00,4.996719789e-06,8.837890372e-01,2.140907951e-08
pi+1.50,1.500000000e+00,5.002241026e-06,8.847655997e-01,2.140068600e-08
pi+1.50,1.500000000e+00,5.007762263e-06,8.857421622e-01,2.141340846e-08
pi+1.50,1.500000000e+00,5.013283501e-06,8.867187247e-01,2.150543443e-08
pi+1.50,1.500000000e+00,5.018804738e-06,8.876952871e-01,2.143048362e-08
pi+1.50,1.500000000e+00,5.024325975e-06,8.886718496e-01,2.141648545e-08
pi+1.50,1.500000000e+00,5.029847213e-06,8.896484121e-01,2.145118428e-08
pi+1.50,1.500000000e+00,5.035368450e-06,8.906249745e-01,2.143251268e-08
pi+1.50,1.500000000e+00,5.040889687e-06,8.916015370e-01,2.141681363e-08
pi+1.50,1.500000000e+00,5.046410925e-06,8.925780995e-01,2.146658311e-08
pi+1.50,1.500000000e+00,5.051932162e-06,8.935546620e-01,2.135151332e-08
pi+1.50,1.500000000e+00,5.057453399e-06,8.945312244e-01,2.144496571e-08
pi+1.50,1.500000000e+00,5.062974637e-06,8.955077869e-01,2.147145012e-08
pi+1.50,1.500000000e+00,5.068495874e-06,8.964843494e-01,2.141556328e-08
pi+1.50,1.500000000e+00,5.074017111e-06,8.974609119e-01,2.143344511e-08
pi+1.50,1.500000000e+00,5.079538349e-06,8.984374743e-01,2.143896788e-08
pi+1.50,1.500000000e+00,5.085059586e-06,8.994140368e-01,2.141683979e-08
pi+1.50,1.500000000e+00,5.090580823e-06,9.003905993e-01,2.145103840e-08
pi+1.50,1.500000000e+00,5.096102061e-06,9.013671617e-01,2.145437556e-08
pi+1.50,1.500000000e+00,5.101623298e-06,9.023437242e-01,2.145622313e-08
pi+1.50,1.500000000e+00,5.107144535e-06,9.033202867e-01,2.142256538e-08
pi+1.50,1.500000000e+00,5.112665773e-06,9.042968492e-01,2.138207878e-08
pi+1.50,1.500000000e+00,5.118187010e-06,9.052734116e-01,2.143864030e-08
pi+1.50,1.500000000e+00,5.123708247e-06,9.062499741e-01,2.148212904e-08
pi+1.50,1.500000000e+00,5.129229485e-06,9.072265366e-01,2.139698162e-08
pi+1.50,1.500000000e+00,5.134750722e-06,9.082030990e-01,2.140808349e-08
pi+1.50,1.500000000e+00,5.140271959e-06,9.091796615e-01,2.152194176e-08
pi+1.50,1.500000000e+00,5.145793197e-06,9.101562240e-01,2.138161136e-08
pi+1.50,1.500000000e+00,5.151314434e-06,9.111327865e-01,2.147722179e-08
pi+1.50,1.500000000e+00,5.156835671e-06,9.121093489e-01,2.137868226e-08
pi+1.50,1.500000000e+00,5.162356909e-06,9.130859114e-01,2.145435001e-08
pi+1.50,1.500000000e+00,5.167878146e-06,9.140624739e-01,2.144220141e-08
pi+1.50,1.500000000e+00,5.173399383e-06,9.150390363e-01,2.144353728e-08
pi+1.50,1.500000000e+00,5.178920621e-06,9.160155988e-01,2.143954275e-08
pi+1.50,1.500000000e+00,5.184441858e-06,9.169921613e-01,2.140833682e-08
pi+1.50,1.500000000e+00,5.189963095e-06,9.179687238e-01,2.140144378e-08
pi+1.50,1.500000000e+00,5.195484333e-06,9.189452862e-01,2.147303348e-08
pi+1.50,1.500000000e+00,5.201005570e-06,9.199218487e-01,2.137933883e-08
pi+1.50,1.500000000e+00,5.206526807e-06,9.208984112e-01,2.146710004e-08
pi+1.50,1.500000000e+00,5.212048045e-06,9.218749737e-01,2.149198760e-08
pi+1.50,1.500000000e+00,5.217569282e-06,9.228515361e-01,2.135865849e-08
pi+1.50,1.500000000e+00,5.223090519e-06,9.238280986e-01,2.150905229e-08
pi+1.50,1.500000000e+00,5.228611757e-06,9.248046611e-01,2.145412646e-08
pi+1.50,1.500000000e+00,5.234132994e-06,9.257812235e-01,2.134156884e-08
pi+1.50,1.500000000e+00,5.239654231e-06,9.267577860e-01,2.146611086e-08
pi+1.50,1.500000000e+00,5.245175469e-06,9.277343485e-01,2.138588437e-08
pi+1.50,1.500000000e+00,5.250696706e-06,9.287109110e-01,2.149345868e-08
pi+1.50,1.500000000e+00,5.256217943e-06,9.296874734e-01,2.144434396e-08
pi+1.50,1.500000000e+00,5.261739181e-06,9.306640359e-01,2.143361916e-08
pi+1.50,1.500000000e+00,5.267260418e-06,9.316405984e-01,2.141016366e-08
pi+1.50,1.500000000e+00,5.272781655e-06,9.326171608e-01,2.142300303e-08
pi+1.50,1.500000000e+00,5.278302893e-06,9.335937233e-01,2.141835434e-08
pi+1.50,1.500000000e+00,5.283824130e-06,9.345702858e-01,2.149528150e-08
pi+1.50,1.500000000e+00,5.289345367e-06,9.355468483e-01,2.140150434e-08
pi+1.50,1.500000000e+00,5.294866605e-06,9.365234107e-01,2.143092308e-08
pi+1.50,1.500000000e+00,5.300387842e-06,9.374999732e-01,2.143283281e-08
pi+1.50,1.500000000e+00,5.305909079e-06,9.384765357e-01,2.140167256e-08
pi+1.50,1.500000000e+00,5.311430317e-06,9.394530982e-01,2.148110565e-08
pi+1.50,1.500000000e+00,5.316951554e-06,9.404296606e-01,2.142210842e-08
pi+1.50,1.500000000e+00,5.322472791e-06,9.414062231e-01,2.141395778e-08
pi+1.50,1.500000000e+00,5.327994029e-06,9.423827856e-01,2.150286330e-08
pi+1.50,1.500000000e+00,5.333515266e-06,9.433593480e-01,2.133625172e-08
pi+1.50,1.500000000e+00,5.339036504e-06,9.443359105e-01,2.150080466e-08
pi+1.50,1.500000000e+00,5.344557741e-06,9.453124730e-01,2.139845069e-08
pi+1.50,1.500000000e+00,5.350078978e-06,9.462890355e-01,2.146733948e-08
pi+1.50,1.500000000e+00,5.355600216e-06,9.472655979e-01,2.144949065e-08
pi+1.50,1.500000000e+00,5.361121453e-06,9.482421604e-01,2.134115635e-08
pi+1.50,1.500000000e+00,5.366642690e-06,9.492187229e-01,2.148018569e-08
pi+1.50,1.500000000e+00,5.372163928e-06,9.501952853e-01,2.141031417e-08
pi+1.50,1.500000000e+00,5.377685165e-06,9.511718478e-01,2.142435137e-08
pi+1.50,1.500000000e+00,5.383206402e-06,9.521484103e-01,2.150984106e-08
pi+1.50,1.500000000e+00,5.388727640e-06,9.531249728e-01,2.146225517e-08
pi+1.50,1.500000000e+00,5.394248877e-06,9.541015352e-01,2.141623031e-08
pi+1.50,1.500000000e+00,5.399770114e-06,9.550780977e-01,2.141530955e-08
pi+1.50,1.500000000e+00,5.405291352e-06,9.560546602e-01,2.139738606e-08
pi+1.50,1.500000000e+00,5.410812589e-06,9.570312226e-01,2.150105055e-08
pi+1.50,1.500000000e+00,5.416333826e-06,9.580077851e-01,2.141933748e-08
pi+1.50,1.500000000e+00,5.421855064e-06,9.589843476e-01,2.138562762e-08
pi+1.50,1.500000000e+00,5.427376301e-06,9.599609101e-01,2.149030241e-08
pi+1.50,1.500000000e+00,5.432897538e-06,9.609374725e-01,2.141902781e-08
pi+1.50,1.500000000e+00,5.438418776e-06,9.619140350e-01,2.141619590e-08
pi+1.50,1.500000000e+00,5.443940013e-06,9.628905975e-01,2.145804735e-08
pi+1.50,1.500000000e+00,5.449461250e-06,9.638671600e-01,2.143722817e-08
pi+1.50,1.500000000e+00,5.454982488e-06,9.648437224e-01,2.144274148e-08
pi+1.50,1.500000000e+00,5.460503725e-06,9.658202849e-01,2.140827263e-08
pi+1.50,1.500000000e+00,5.466024962e-06,9.667968474e-01,2.146278416e-08
pi+1.50,1.500000000e+00,5.471546200e-06,9.677734098e-01,2.145052510e-08
pi+1.50,1.500000000e+00,5.477067437e-06,9.687499723e-01,2.140548660e-08
pi+1.50,1.500000000e+00,5.482588674e-06,9.697265348e-01,2.135344519e-08
pi+1.50,1.500000000e+00,5.488109912e-06,9.707030973e-01,2.149126644e-08
pi+1.50,1.500000000e+00,5.493631149e-06,9.716796597e-01,2.149133224e-08
pi+1.50,1.500000000e+00,5.499152386e-06,9.726562222e-01,2.134572676e-08
pi+1.50,1.500000000e+00,5.504673624e-06,9.736327847e-01,2.147920517e-08
pi+1.50,1.500000000e+00,5.510194861e-06,9.746093471e-01,2.143649957e-08
pi+1.50,1.500000000e+00,5.515716098e-06,9.755859096e-01,2.143683399e-08
pi+1.50,1.500000000e+00,5.521237336e-06,9.765624721e-01,2.141671343e-08
pi+1.50,1.500000000e+00,5.526758573e-06,9.775390346e-01,2.146173945e-08
pi+1.50,1.500000000e+00,5.532279810e-06,9.785155970e-01,2.135050080e-08
pi+1.50,1.500000000e+00,5.537801048e-06,9.794921595e-01,2.151357622e-08
pi+1.50,1.500000000e+00,5.543322285e-06,9.804687220e-01,2.138300659e-08
pi+1.50,1.500000000e+00,5.548843522e-06,9.814452845e-01,2.148223769e-08
pi+1.50,1.500000000e+00,5.554364760e-06,9.824218469e-01,2.135402872e-08
pi+1.50,1.500000000e+00,5.559885997e-06,9.833984094e-01,2.146552351e-08
pi+1.50,1.500000000e+00,5.565407234e-06,9.843749719e-01,2.149914021e-08
pi+1.50,1.500000000e+00,5.570928472e-06,9.853515343e-01,2.134187469e-08
pi+1.50,1.500000000e+00,5.576449709e-06,9.863280968e-01,2.145989068e-08
pi+1.50,1.500000000e+00,5.581970946e-06,9.873046593e-01,2.148787756e-08
pi+1.50,1.500000000e+00,5.587492184e-06,9.882812218e-01,2.140505057e-08
pi+1.50,1.500000000e+00,5.593013421e-06,9.892577842e-01,2.148035773e-08
pi+1.50,1.500000000e+00,5.598534658e-06,9.902343467e-01,2.140354165e-08
pi+1.50,1.500000000e+00,5.604055896e-06,9.912109092e-01,2.144297207e-08
pi+1.50,1.500000000e+00,5.609577133e-06,9.921874716e-01,2.141570373e-08
pi+1.50,1.500000000e+00,5.615098370e-06,9.931640341e-01,2.142603857e-08
pi+1.50,1.500000000e+00,5.620619608e-06,9.941405966e-01,2.146446411e-08
pi+1.50,1.500000000e+00,5.626140845e-06,9.951171591e-01,2.138096224e-08
pi+1.50,1.500000000e+00,5.631662082e-06,9.960937215e-01,2.149921285e-08
pi+1.50,1.500000000e+00,5.637183320e-06,9.970702840e-01,2.142658145e-08
pi+1.50,1.500000000e+00,5.642704557e-06,9.980468465e-01,2.145142856e-08
pi+1.50,1.500000000e+00,5.648225794e-06,9.990234089e-01,2.134149922e-08
pi+1.50,1.500000000e+00,5.653747032e-06,9.999999714e-01,2.134143161e-08
pi+1.98,1.980000000e+00,0.000000000e+00,0.000000000e+00,1.361983166e-08
pi+1.98,1.980000000e+00,3.524642974e-09,4.882812401e-04,1.765235772e-08
pi+1.98,1.980000000e+00,7.049285948e-09,9.765624802e-04,2.018954933e-08
pi+1.98,1.980000000e+00,1.057392892e-08,1.464843720e-03,1.958817574e-08
pi+1.98,1.980000000e+00,1.409857190e-08,1.953124960e-03,2.027935831e-08
pi+1.98,1.980000000e+00,1.762321487e-08,2.441406200e-03,2.031892415e-08
pi+1.98,1.980000000e+00,2.114785784e-08,2.929687441e-03,1.965447509e-08
pi+1.98,1.980000000e+00,2.467250082e-08,3.417968681e-03,2.045409719e-08
pi+1.98,1.980000000e+00,2.819714379e-08,3.906249921e-03,2.000816953e-08
pi+1.98,1.980000000e+00,3.172178676e-08,4.394531161e-03,1.997315720e-08
pi+1.98,1.980000000e+00,3.524642974e-08,4.882812401e-03,2.004626085e-08
pi+1.98,1.980000000e+00,3.877107271e-08,5.371093641e-03,2.023522085e-08
pi+1.98,1.980000000e+00,4.229571569e-08,5.859374881e-03,1.983371959e-08
pi+1.98,1.980000000e+00,4.582035866e-08,6.347656121e-03,2.021341954e-08
pi+1.98,1.980000000e+00,4.934500163e-08,6.835937361e-03,2.036837973e-08
pi+1.98,1.980000000e+00,5.286964461e-08,7.324218601e-03,1.992334586e-08
pi+1.98,1.980000000e+00,5.639428758e-08,7.812499841e-03,1.989522517e-08
pi+1.98,1.980000000e+00,5.991893056e-08,8.300781082e-03,2.030842632e-08
pi+1.98,1.980000000e+00,6.344357353e-08,8.789062322e-03,2.012978869e-08
pi+1.98,1.980000000e+00,6.696821650e-08,9.277343562e-03,1.967255310e-08
pi+1.98,1.980000000e+00,7.049285948e-08,9.765624802e-03,2.066881239e-08
pi+1.98,1.980000000e+00,7.401750245e-08,1.025390604e-02,1.969051321e-08
pi+1.98,1.980000000e+00,7.754214542e-08,1.074218728e-02,2.012923937e-08
pi+1.98,1.980000000e+00,8.106678840e-08,1.123046852e-02,2.030221681e-08
pi+1.98,1.980000000e+00,8.459143137e-08,1.171874976e-02,1.984292681e-08
pi+1.98,1.980000000e+00,8.811607435e-08,1.220703100e-02,2.011189579e-08
pi+1.98,1.980000000e+00,9.164071732e-08,1.269531224e-02,2.043728039e-08
pi+1.98,1.980000000e+00,9.516536029e-08,1.318359348e-02,1.977170573e-08
pi+1.98,1.980000000e+00,9.869000327e-08,1.367187472e-02,2.015608797e-08
pi+1.98,1.980000000e+00,1.022146462e-07,1.416015596e-02,2.023407875e-08
pi+1.98,1.980000000e+00,1.057392892e-07,1.464843720e-02,1.964076707e-08
pi+1.98,1.980000000e+00,1.092639322e-07,1.513671844e-02,2.042672100e-08
pi+1.98,1.980000000e+00,1.127885752e-07,1.562499968e-02,2.020421111e-08
pi+1.98,1.980000000e+00,1.163132181e-07,1.611328092e-02,1.997215635e-08
pi+1.98,1.980000000e+00,1.198378611e-07,1.660156216e-02,2.006925699e-08
pi+1.98,1.980000000e+00,1.233625041e-07,1.708984340e-02,2.015123385e-08
pi+1.98,1.980000000e+00,1.268871471e-07,1.757812464e-02,1.986374579e-08
pi+1.98,1.980000000e+00,1.304117900e-07,1.806640588e-02,2.022521802e-08
pi+1.98,1.980000000e+00,1.339364330e-07,1.855468712e-02,2.020766477e-08
pi+1.98,1.980000000e+00,1.374610760e-07,1.904296836e-02,2.013733950e-08
pi+1.98,1.980000000e+00,1.409857190e-07,1.953124960e-02,1.965874649e-08
pi+1.98,1.980000000e+00,1.445103619e-07,2.001953084e-02,2.047804266e-08
pi+1.98,1.980000000e+00,1.480350049e-07,2.050781208e-02,2.020212611e-08
pi+1.98,1.980000000e+00,1.515596479e-07,2.099609332e-02,1.982950654e-08
pi+1.98,1.980000000e+00,1.550842908e-07,2.148437456e-02,2.003773012e-08
pi+1.98,1.980000000e+00,1.586089338e-07,2.197265580e-02,2.014028490e-08
pi+1.98,1.980000000e+00,1.621335768e-07,2.246093704e-02,2.012418040e-08
pi+1.98,1.980000000e+00,1.656582198e-07,2.294921828e-02,2.032061033e-08
pi+1.98,1.980000000e+00,1.691828627e-07,2.343749952e-02,1.968951518e-08
pi+1.98,1.980000000e+00,1.727075057e-07,2.392578076e-02,2.026848824e-08
pi+1.98,1.980000000e+00,1.762321487e-07,2.441406200e-02,2.000569578e-08
pi+1.98,1.980000000e+00,1.797567917e-07,2.490234324e-02,2.024875422e-08
pi+1.98,1.980000000e+00,1.832814346e-07,2.539062448e-02,1.996370047e-08
pi+1.98,1.980000000e+00,1.868060776e-07,2.587890572e-02,2.015959677e-08
pi+1.98,1.980000000e+00,1.903307206e-07,2.636718696e-02,2.014588554e-08
pi+1.98,1.980000000e+00,1.938553636e-07,2.685546821e-02,2.024957236e-08
pi+1.98,1.980000000e+00,1.973800065e-07,2.734374945e-02,1.977227356e-08
pi+1.98,1.980000000e+00,2.009046495e-07,2.783203069e-02,2.006523992e-08
pi+1.98,1.980000000e+00,2.044292925e-07,2.832031193e-02,2.044146809e-08
pi+1.98,1.980000000e+00,2.079539355e-07,2.880859317e-02,1.985860594e-08
pi+1.98,1.980000000e+00,2.114785784e-07,2.929687441e-02,2.000320916e-08
pi+1.98,1.980000000e+00,2.150032214e-07,2.978515565e-02,2.018717458e-08
pi+1.98,1.980000000e+00,2.185278644e-07,3.027343689e-02,2.005269895e-08
pi+1.98,1.980000000e+00,2.220525074e-07,3.076171813e-02,2.026744031e-08
pi+1.98,1.980000000e+00,2.255771503e-07,3.124999937e-02,1.979166109e-08
pi+1.98,1.980000000e+00,2.291017933e-07,3.173828061e-02,2.031655262e-08
pi+1.98,1.980000000e+00,2.326264363e-07,3.222656185e-02,2.012607867e-08
pi+1.98,1.980000000e+00,2.361510792e-07,3.271484309e-02,1.987944705e-08
pi+1.98,1.980000000e+00,2.396757222e-07,3.320312433e-02,2.024766081e-08
pi+1.98,1.980000000e+00,2.432003652e-07,3.369140557e-02,1.984988123e-08
pi+1.98,1.980000000e+00,2.467250082e-07,3.417968681e-02,2.037503997e-08
pi+1.98,1.980000000e+00,2.502496511e-07,3.466796805e-02,2.010598568e-08
pi+1.98,1.980000000e+00,2.537742941e-07,3.515624929e-02,1.969838275e-08
pi+1.98,1.980000000e+00,2.572989371e-07,3.564453053e-02,2.050567359e-08
pi+1.98,1.980000000e+00,2.608235801e-07,3.613281177e-02,1.978791164e-08
pi+1.98,1.980000000e+00,2.643482230e-07,3.662109301e-02,2.058622947e-08
pi+1.98,1.980000000e+00,2.678728660e-07,3.710937425e-02,1.948137973e-08
pi+1.98,1.980000000e+00,2.713975090e-07,3.759765549e-02,2.053904641e-08
pi+1.98,1.980000000e+00,2.749221520e-07,3.808593673e-02,2.000339589e-08
pi+1.98,1.980000000e+00,2.784467949e-07,3.857421797e-02,1.988876454e-08
pi+1.98,1.980000000e+00,2.819714379e-07,3.906249921e-02,2.018287742e-08
pi+1.98,1.980000000e+00,2.854960809e-07,3.955078045e-02,2.018671943e-08
pi+1.98,1.980000000e+00,2.890207239e-07,4.003906169e-02,1.987869370e-08
pi+1.98,1.980000000e+00,2.925453668e-07,4.052734293e-02,2.026156240e-08
pi+1.98,1.980000000e+00,2.960700098e-07,4.101562417e-02,1.995683700e-08
pi+1.98,1.980000000e+00,2.995946528e-07,4.150390541e-02,2.030321967e-08
pi+1.98,1.980000000e+00,3.031192958e-07,4.199218665e-02,1.992143915e-08
pi+1.98,1.980000000e+00,3.066439387e-07,4.248046789e-02,2.015173930e-08
pi+1.98,1.980000000e+00,3.101685817e-07,4.296874913e-02,2.029463098e-08
pi+1.98,1.980000000e+00,3.136932247e-07,4.345703037e-02,1.964646187e-08
pi+1.98,1.980000000e+00,3.172178676e-07,4.394531161e-02,2.057106344e-08
pi+1.98,1.980000000e+00,3.207425106e-07,4.443359285e-02,1.964307823e-08
pi+1.98,1.980000000e+00,3.242671536e-07,4.492187409e-02,2.024434276e-08
pi+1.98,1.980000000e+00,3.277917966e-07,4.541015533e-02,2.031437788e-08
pi+1.98,1.980000000e+00,3.313164395e-07,4.589843657e-02,1.982811131e-08
pi+1.98,1.980000000e+00,3.348410825e-07,4.638671781e-02,2.012395987e-08
pi+1.98,1.980000000e+00,3.383657255e-07,4.687499905e-02,2.016447223e-08
pi+1.98,1.980000000e+00,3.418903685e-07,4.736328029e-02,1.992135544e-08
pi+1.98,1.980000000e+00,3.454150114e-07,4.785156153e-02,2.039562031e-08
pi+1.98,1.980000000e+00,3.489396544e-07,4.833984277e-02,1.986351721e-08
pi+1.98,1.980000000e+00,3.524642974e-07,4.882812401e-02,2.034078341e-08
pi+1.98,1.980000000e+00,3.559889404e-07,4.931640525e-02,1.976752528e-08
pi+1.98,1.980000000e+00,3.595135833e-07,4.980468649e-02,2.015393336e-08
pi+1.98,1.980000000e+00,3.630382263e-07,5.029296773e-02,2.012421300e-08
pi+1.98,1.980000000e+00,3.665628693e-07,5.078124897e-02,2.033014152e-08
pi+1.98,1.980000000e+00,3.700875123e-07,5.126953021e-02,1.972589255e-08
pi+1.98,1.980000000e+00,3.736121552e-07,5.175781145e-02,2.033015681e-08
pi+1.98,1.980000000e+00,3.771367982e-07,5.224609269e-02,2.007791811e-08
pi+1.98,1.980000000e+00,3.806614412e-07,5.273437393e-02,1.996209074e-08
pi+1.98,1.980000000e+00,3.841860841e-07,5.322265517e-02,2.029810235e-08
pi+1.98,1.980000000e+00,3.877107271e-07,5.371093641e-02,1.970315559e-08
pi+1.98,1.980000000e+00,3.912353701e-07,5.419921765e-02,2.052794615e-08
pi+1.98,1.980000000e+00,3.947600131e-07,5.468749889e-02,1.968924595e-08
pi+1.98,1.980000000e+00,3.982846560e-07,5.517578013e-02,2.056127551e-08
pi+1.98,1.980000000e+00,4.018092990e-07,5.566406137e-02,1.971532511e-08
pi+1.98,1.980000000e+00,4.053339420e-07,5.615234261e-02,2.018459057e-08
pi+1.98,1.980000000e+00,4.088585850e-07,5.664062385e-02,2.024666278e-08
pi+1.98,1.980000000e+00,4.123832279e-07,5.712890509e-02,1.987045432e-08
pi+1.98,1.980000000e+00,4.159078709e-07,5.761718633e-02,2.005002157e-08
pi+1.98,1.980000000e+00,4.194325139e-07,5.810546757e-02,2.041709484e-08
pi+1.98,1.980000000e+00,4.229571569e-07,5.859374881e-02,1.958570199e-08
pi+1.98,1.980000000e+00,4.264817998e-07,5.908203005e-02,2.058400644e-08
pi+1.98,1.980000000e+00,4.300064428e-07,5.957031129e-02,1.999261354e-08
pi+1.98,1.980000000e+00,4.335310858e-07,6.005859253e-02,1.981069891e-08
pi+1.98,1.980000000e+00,4.370557288e-07,6.054687377e-02,2.035878416e-08
pi+1.98,1.980000000e+00,4.405803717e-07,6.103515501e-02,1.990639546e-08
pi+1.98,1.980000000e+00,4.441050147e-07,6.152343625e-02,2.012078509e-08
pi+1.98,1.980000000e+00,4.476296577e-07,6.201171749e-02,2.029715422e-08
pi+1.98,1.980000000e+00,4.511543007e-07,6.249999873e-02,2.006417428e-08
pi+1.98,1.980000000e+00,4.546789436e-07,6.298827997e-02,1.972731314e-08
pi+1.98,1.980000000e+00,4.582035866e-07,6.347656121e-02,2.028330173e-08
pi+1.98,1.980000000e+00,4.617282296e-07,6.396484245e-02,2.034292233e-08
pi+1.98,1.980000000e+00,4.652528725e-07,6.445312369e-02,1.986934039e-08
pi+1.98,1.980000000e+00,4.687775155e-07,6.494140493e-02,2.019219008e-08
pi+1.98,1.980000000e+00,4.723021585e-07,6.542968617e-02,1.992682448e-08
pi+1.98,1.980000000e+00,4.758268015e-07,6.591796741e-02,2.005323338e-08
pi+1.98,1.980000000e+00,4.793514444e-07,6.640624865e-02,2.020950107e-08
pi+1.98,1.980000000e+00,4.828760874e-07,6.689452989e-02,2.036154927e-08
pi+1.98,1.980000000e+00,4.864007304e-07,6.738281113e-02,1.978958374e-08
pi+1.98,1.980000000e+00,4.899253734e-07,6.787109237e-02,2.016444808e-08
pi+1.98,1.980000000e+00,4.934500163e-07,6.835937361e-02,1.976560246e-08
pi+1.98,1.980000000e+00,4.969746593e-07,6.884765485e-02,2.058062159e-08
pi+1.98,1.980000000e+00,5.004993023e-07,6.933593609e-02,1.987744616e-08
pi+1.98,1.980000000e+00,5.040239453e-07,6.982421733e-02,1.998663865e-08
pi+1.98,1.980000000e+00,5.075485882e-07,7.031249857e-02,2.020312092e-08
pi+1.98,1.980000000e+00,5.110732312e-07,7.080077981e-02,2.014876493e-08
pi+1.98,1.980000000e+00,5.145978742e-07,7.128906105e-02,2.013626099e-08
pi+1.98,1.980000000e+00,5.181225172e-07,7.177734229e-02,1.978669429e-08
pi+1.98,1.980000000e+00,5.216471601e-07,7.226562353e-02,2.041948287e-08
pi+1.98,1.980000000e+00,5.251718031e-07,7.275390477e-02,1.997770025e-08
pi+1.98,1.980000000e+00,5.286964461e-07,7.324218601e-02,2.011127484e-08
pi+1.98,1.980000000e+00,5.322210891e-07,7.373046725e-02,1.976770516e-08
pi+1.98,1.980000000e+00,5.357457320e-07,7.421874849e-02,2.061758691e-08
pi+1.98,1.980000000e+00,5.392703750e-07,7.470702973e-02,1.956275013e-08
pi+1.98,1.980000000e+00,5.427950180e-07,7.519531097e-02,2.064446731e-08
pi+1.98,1.980000000e+00,5.463196609e-07,7.568359221e-02,1.975480925e-08
pi+1.98,1.980000000e+00,5.498443039e-07,7.617187345e-02,1.990928693e-08
pi+1.98,1.980000000e+00,5.533689469e-07,7.666015469e-02,2.038794312e-08
pi+1.98,1.980000000e+00,5.568935899e-07,7.714843593e-02,2.014976216e-08
pi+1.98,1.980000000e+00,5.604182328e-07,7.763671717e-02,1.982802398e-08
pi+1.98,1.980000000e+00,5.639428758e-07,7.812499841e-02,2.039926150e-08
pi+1.98,1.980000000e+00,5.674675188e-07,7.861327965e-02,1.980623675e-08
pi+1.98,1.980000000e+00,5.709921618e-07,7.910156089e-02,2.036310265e-08
pi+1.98,1.980000000e+00,5.745168047e-07,7.958984213e-02,2.002376937e-08
pi+1.98,1.980000000e+00,5.780414477e-07,8.007812337e-02,1.974422652e-08
pi+1.98,1.980000000e+00,5.815660907e-07,8.056640462e-02,2.051441400e-08
pi+1.98,1.980000000e+00,5.850907337e-07,8.105468586e-02,1.992876621e-08
pi+1.98,1.980000000e+00,5.886153766e-07,8.154296710e-02,1.996794129e-08
pi+1.98,1.980000000e+00,5.921400196e-07,8.203124834e-02,2.026612717e-08
pi+1.98,1.980000000e+00,5.956646626e-07,8.251952958e-02,2.010085629e-08
pi+1.98,1.980000000e+00,5.991893056e-07,8.300781082e-02,2.010837129e-08
pi+1.98,1.980000000e+00,6.027139485e-07,8.349609206e-02,1.991995136e-08
pi+1.98,1.980000000e+00,6.062385915e-07,8.398437330e-02,2.016784500e-08
pi+1.98,1.980000000e+00,6.097632345e-07,8.447265454e-02,2.012961685e-08
pi+1.98,1.980000000e+00,6.132878774e-07,8.496093578e-02,2.011228615e-08
pi+1.98,1.980000000e+00,6.168125204e-07,8.544921702e-02,1.973546841e-08
pi+1.98,1.980000000e+00,6.203371634e-07,8.593749826e-02,2.064164828e-08
pi+1.98,1.980000000e+00,6.238618064e-07,8.642577950e-02,1.975296250e-08
pi+1.98,1.980000000e+00,6.273864493e-07,8.691406074e-02,2.007630919e-08
pi+1.98,1.980000000e+00,6.309110923e-07,8.740234198e-02,2.021382238e-08
pi+1.98,1.980000000e+00,6.344357353e-07,8.789062322e-02,2.011669196e-08
pi+1.98,1.980000000e+00,6.379603783e-07,8.837890446e-02,2.009069289e-08
pi+1.98,1.980000000e+00,6.414850212e-07,8.886718570e-02,2.009341654e-08
pi+1.98,1.980000000e+00,6.450096642e-07,8.935546694e-02,2.007629511e-08
pi+1.98,1.980000000e+00,6.485343072e-07,8.984374818e-02,2.000681937e-08
pi+1.98,1.980000000e+00,6.520589502e-07,9.033202942e-02,2.016907524e-08
pi+1.98,1.980000000e+00,6.555835931e-07,9.082031066e-02,1.984790529e-08
pi+1.98,1.980000000e+00,6.591082361e-07,9.130859190e-02,2.036343224e-08
pi+1.98,1.980000000e+00,6.626328791e-07,9.179687314e-02,1.996453994e-08
pi+1.98,1.980000000e+00,6.661575221e-07,9.228515438e-02,2.030732245e-08
pi+1.98,1.980000000e+00,6.696821650e-07,9.277343562e-02,2.000112819e-08
pi+1.98,1.980000000e+00,6.732068080e-07,9.326171686e-02,1.999703144e-08
pi+1.98,1.980000000e+00,6.767314510e-07,9.374999810e-02,1.994081822e-08
pi+1.98,1.980000000e+00,6.802560940e-07,9.423827934e-02,2.043565940e-08
pi+1.98,1.980000000e+00,6.837807369e-07,9.472656058e-02,1.976793817e-08
pi+1.98,1.980000000e+00,6.873053799e-07,9.521484182e-02,2.025085732e-08
pi+1.98,1.980000000e+00,6.908300229e-07,9.570312306e-02,2.013897056e-08
pi+1.98,1.980000000e+00,6.943546658e-07,9.619140430e-02,2.008326844e-08
pi+1.98,1.980000000e+00,6.978793088e-07,9.667968554e-02,2.002591996e-08
pi+1.98,1.980000000e+00,7.014039518e-07,9.716796678e-02,1.992567997e-08
pi+1.98,1.980000000e+00,7.049285948e-07,9.765624802e-02,2.040022372e-08
pi+1.98,1.980000000e+00,7.084532377e-07,9.814452926e-02,2.006888272e-08
pi+1.98,1.980000000e+00,7.119778807e-07,9.863281050e-02,1.988958993e-08
pi+1.98,1.980000000e+00,7.155025237e-07,9.912109174e-02,2.015338323e-08
pi+1.98,1.980000000e+00,7.190271667e-07,9.960937298e-02,2.013758056e-08
pi+1.98,1.980000000e+00,7.225518096e-07,1.000976542e-01,2.014289909e-08
pi+1.98,1.980000000e+00,7.260764526e-07,1.005859355e-01,1.976450946e-08
pi+1.98,1.980000000e+00,7.296010956e-07,1.010742167e-01,2.032260921e-08
pi+1.98,1.980000000e+00,7.331257386e-07,1.015624979e-01,2.041384159e-08
pi+1.98,1.980000000e+00,7.366503815e-07,1.020507792e-01,1.964872957e-08
pi+1.98,1.980000000e+00,7.401750245e-07,1.025390604e-01,2.034639250e-08
pi+1.98,1.980000000e+00,7.436996675e-07,1.030273417e-01,1.975331784e-08
pi+1.98,1.980000000e+00,7.472243105e-07,1.035156229e-01,2.053004362e-08
pi+1.98,1.980000000e+00,7.507489534e-07,1.040039041e-01,1.957834434e-08
pi+1.98,1.980000000e+00,7.542735964e-07,1.044921854e-01,2.056970484e-08
pi+1.98,1.980000000e+00,7.577982394e-07,1.049804666e-01,1.973261758e-08
pi+1.98,1.980000000e+00,7.613228824e-07,1.054687479e-01,2.041208135e-08
pi+1.98,1.980000000e+00,7.648475253e-07,1.059570291e-01,1.983549190e-08
pi+1.98,1.980000000e+00,7.683721683e-07,1.064453103e-01,2.032959703e-08
pi+1.98,1.980000000e+00,7.718968113e-07,1.069335916e-01,1.981451838e-08
pi+1.98,1.980000000e+00,7.754214542e-07,1.074218728e-01,2.026015912e-08
pi+1.98,1.980000000e+00,7.789460972e-07,1.079101541e-01,2.027440438e-08
pi+1.98,1.980000000e+00,7.824707402e-07,1.083984353e-01,1.979647457e-08
pi+1.98,1.980000000e+00,7.859953832e-07,1.088867165e-01,2.014184593e-08
pi+1.98,1.980000000e+00,7.895200261e-07,1.093749978e-01,2.022194143e-08
pi+1.98,1.980000000e+00,7.930446691e-07,1.098632790e-01,1.967182752e-08
pi+1.98,1.980000000e+00,7.965693121e-07,1.103515603e-01,2.044005596e-08
pi+1.98,1.980000000e+00,8.000939551e-07,1.108398415e-01,2.014356632e-08
pi+1.98,1.980000000e+00,8.036185980e-07,1.113281227e-01,2.004680816e-08
pi+1.98,1.980000000e+00,8.071432410e-07,1.118164040e-01,2.011676722e-08
pi+1.98,1.980000000e+00,8.106678840e-07,1.123046852e-01,1.996271894e-08
pi+1.98,1.980000000e+00,8.141925270e-07,1.127929665e-01,2.019687318e-08
pi+1.98,1.980000000e+00,8.177171699e-07,1.132812477e-01,2.009848476e-08
pi+1.98,1.980000000e+00,8.212418129e-07,1.137695289e-01,1.994851351e-08
pi+1.98,1.980000000e+00,8.247664559e-07,1.142578102e-01,2.002865650e-08
pi+1.98,1.980000000e+00,8.282910989e-07,1.147460914e-01,2.029121715e-08
pi+1.98,1.980000000e+00,8.318157418e-07,1.152343727e-01,2.000039818e-08
pi+1.98,1.980000000e+00,8.353403848e-07,1.157226539e-01,2.011594183e-08
pi+1.98,1.980000000e+00,8.388650278e-07,1.162109351e-01,2.025350331e-08
pi+1.98,1.980000000e+00,8.423896707e-07,1.166992164e-01,1.966899601e-08
pi+1.98,1.980000000e+00,8.459143137e-07,1.171874976e-01,2.034522826e-08
pi+1.98,1.980000000e+00,8.494389567e-07,1.176757789e-01,2.018809414e-08
pi+1.98,1.980000000e+00,8.529635997e-07,1.181640601e-01,2.016895129e-08
pi+1.98,1.980000000e+00,8.564882426e-07,1.186523413e-01,1.988733953e-08
pi+1.98,1.980000000e+00,8.600128856e-07,1.191406226e-01,1.995802136e-08
pi+1.98,1.980000000e+00,8.635375286e-07,1.196289038e-01,2.033169168e-08
pi+1.98,1.980000000e+00,8.670621716e-07,1.201171851e-01,1.994180056e-08
pi+1.98,1.980000000e+00,8.705868145e-07,1.206054663e-01,2.041005753e-08
pi+1.98,1.980000000e+00,8.741114575e-07,1.210937475e-01,1.965472218e-08
pi+1.98,1.980000000e+00,8.776361005e-07,1.215820288e-01,2.032631802e-08
pi+1.98,1.980000000e+00,8.811607435e-07,1.220703100e-01,2.000153102e-08
pi+1.98,1.980000000e+00,8.846853864e-07,1.225585913e-01,2.031422737e-08
pi+1.98,1.980000000e+00,8.882100294e-07,1.230468725e-01,1.983968885e-08
pi+1.98,1.980000000e+00,8.917346724e-07,1.235351537e-01,2.022670460e-08
pi+1.98,1.980000000e+00,8.952593154e-07,1.240234350e-01,1.972228516e-08
pi+1.98,1.980000000e+00,8.987839583e-07,1.245117162e-01,2.063156416e-08
pi+1.98,1.980000000e+00,9.023086013e-07,1.249999975e-01,1.985124507e-08
pi+1.98,1.980000000e+00,9.058332443e-07,1.254882787e-01,2.002635620e-08
pi+1.98,1.980000000e+00,9.093578873e-07,1.259765599e-01,2.009111947e-08
pi+1.98,1.980000000e+00,9.128825302e-07,1.264648412e-01,2.032034916e-08
pi+1.98,1.980000000e+00,9.164071732e-07,1.269531224e-01,1.963767599e-08
pi+1.98,1.980000000e+00,9.199318162e-07,1.274414037e-01,2.068113403e-08
pi+1.98,1.980000000e+00,9.234564591e-07,1.279296849e-01,1.969269962e-08
pi+1.98,1.980000000e+00,9.269811021e-07,1.284179661e-01,1.996942545e-08
pi+1.98,1.980000000e+00,9.305057451e-07,1.289062474e-01,2.043818667e-08
pi+1.98,1.980000000e+00,9.340303881e-07,1.293945286e-01,2.004561737e-08
pi+1.98,1.980000000e+00,9.375550310e-07,1.298828099e-01,2.006900868e-08
pi+1.98,1.980000000e+00,9.410796740e-07,1.303710911e-01,1.975989397e-08
pi+1.98,1.980000000e+00,9.446043170e-07,1.308593723e-01,2.041983500e-08
pi+1.98,1.980000000e+00,9.481289600e-07,1.313476536e-01,1.996761170e-08
pi+1.98,1.980000000e+00,9.516536029e-07,1.318359348e-01,2.034089689e-08
pi+1.98,1.980000000e+00,9.551782459e-07,1.323242161e-01,1.983327812e-08
pi+1.98,1.980000000e+00,9.587028889e-07,1.328124973e-01,2.001483379e-08
pi+1.98,1.980000000e+00,9.622275319e-07,1.333007785e-01,2.020089347e-08
pi+1.98,1.980000000e+00,9.657521748e-07,1.337890598e-01,2.028659563e-08
pi+1.98,1.980000000e+00,9.692768178e-07,1.342773410e-01,1.991227498e-08
pi+1.98,1.980000000e+00,9.728014608e-07,1.347656223e-01,1.996810347e-08
pi+1.98,1.980000000e+00,9.763261038e-07,1.352539035e-01,2.012023819e-08
pi+1.98,1.980000000e+00,9.798507467e-07,1.357421847e-01,2.025461040e-08
pi+1.98,1.980000000e+00,9.833753897e-07,1.362304660e-01,1.998652275e-08
pi+1.98,1.980000000e+00,9.869000327e-07,1.367187472e-01,2.028701617e-08
pi+1.98,1.980000000e+00,9.904246757e-07,1.372070285e-01,1.970227909e-08
pi+1.98,1.980000000e+00,9.939493186e-07,1.376953097e-01,2.054047746e-08
pi+1.98,1.980000000e+00,9.974739616e-07,1.381835909e-01,1.974243932e-08
pi+1.98,1.980000000e+00,1.000998605e-06,1.386718722e-01,2.019953767e-08
pi+1.98,1.980000000e+00,1.004523248e-06,1.391601534e-01,2.022458097e-08
pi+1.98,1.980000000e+00,1.008047891e-06,1.396484347e-01,1.973242200e-08
pi+1.98,1.980000000e+00,1.011572533e-06,1.401367159e-01,2.034407892e-08
pi+1.98,1.980000000e+00,1.015097176e-06,1.406249971e-01,2.030510546e-08
pi+1.98,1.980000000e+00,1.018621819e-06,1.411132784e-01,1.987992836e-08
pi+1.98,1.980000000e+00,1.022146462e-06,1.416015596e-01,2.001983279e-08
pi+1.98,1.980000000e+00,1.025671105e-06,1.420898409e-01,1.998891681e-08
pi+1.98,1.980000000e+00,1.029195748e-06,1.425781221e-01,2.038686622e-08
pi+1.98,1.980000000e+00,1.032720391e-06,1.430664033e-01,1.980853182e-08
pi+1.98,1.980000000e+00,1.036245034e-06,1.435546846e-01,2.018767199e-08
pi+1.98,1.980000000e+00,1.039769677e-06,1.440429658e-01,2.013801559e-08
pi+1.98,1.980000000e+00,1.043294320e-06,1.445312471e-01,2.023960333e-08
pi+1.98,1.980000000e+00,1.046818963e-06,1.450195283e-01,1.977217577e-08
pi+1.98,1.980000000e+00,1.050343606e-06,1.455078095e-01,2.031696431e-08
pi+1.98,1.980000000e+00,1.053868249e-06,1.459960908e-01,2.017125802e-08
pi+1.98,1.980000000e+00,1.057392892e-06,1.464843720e-01,1.989535113e-08
pi+1.98,1.980000000e+00,1.060917535e-06,1.469726533e-01,2.012133803e-08
pi+1.98,1.980000000e+00,1.064442178e-06,1.474609345e-01,2.007603031e-08
pi+1.98,1.980000000e+00,1.067966821e-06,1.479492157e-01,2.009282779e-08
pi+1.98,1.980000000e+00,1.071491464e-06,1.484374970e-01,2.001091089e-08
pi+1.98,1.980000000e+00,1.075016107e-06,1.489257782e-01,2.049716297e-08
pi+1.98,1.980000000e+00,1.078540750e-06,1.494140595e-01,1.977690635e-08
pi+1.98,1.980000000e+00,1.082065393e-06,1.499023407e-01,1.983084100e-08
pi+1.98,1.980000000e+00,1.085590036e-06,1.503906219e-01,2.051593961e-08
pi+1.98,1.980000000e+00,1.089114679e-06,1.508789032e-01,1.981436184e-08
pi+1.98,1.980000000e+00,1.092639322e-06,1.513671844e-01,2.031751886e-08
pi+1.98,1.980000000e+00,1.096163965e-06,1.518554657e-01,1.993661563e-08
pi+1.98,1.980000000e+00,1.099688608e-06,1.523437469e-01,2.028107387e-08
pi+1.98,1.980000000e+00,1.103213251e-06,1.528320281e-01,1.994596532e-08
pi+1.98,1.980000000e+00,1.106737894e-06,1.533203094e-01,2.017009298e-08
pi+1.98,1.980000000e+00,1.110262537e-06,1.538085906e-01,1.993688929e-08
pi+1.98,1.980000000e+00,1.113787180e-06,1.542968719e-01,2.011468665e-08
pi+1.98,1.980000000e+00,1.117311823e-06,1.547851531e-01,1.998209761e-08
pi+1.98,1.980000000e+00,1.120836466e-06,1.552734343e-01,2.050028584e-08
pi+1.98,1.980000000e+00,1.124361109e-06,1.557617156e-01,1.956041522e-08
pi+1.98,1.980000000e+00,1.127885752e-06,1.562499968e-01,2.045077915e-08
pi+1.98,1.980000000e+00,1.131410395e-06,1.567382781e-01,2.004759733e-08
pi+1.98,1.980000000e+00,1.134935038e-06,1.572265593e-01,2.001190610e-08
pi+1.98,1.980000000e+00,1.138459681e-06,1.577148405e-01,2.021163073e-08
pi+1.98,1.980000000e+00,1.141984324e-06,1.582031218e-01,1.996305859e-08
pi+1.98,1.980000000e+00,1.145508966e-06,1.586914030e-01,2.012916693e-08
pi+1.98,1.980000000e+00,1.149033609e-06,1.591796843e-01,2.002670390e-08
pi+1.98,1.980000000e+00,1.152558252e-06,1.596679655e-01,2.022402964e-08
pi+1.98,1.980000000e+00,1.156082895e-06,1.601562467e-01,1.996049711e-08
pi+1.98,1.980000000e+00,1.159607538e-06,1.606445280e-01,2.021294467e-08
pi+1.98,1.980000000e+00,1.163132181e-06,1.611328092e-01,2.018222750e-08
pi+1.98,1.980000000e+00,1.166656824e-06,1.616210905e-01,1.982859946e-08
pi+1.98,1.980000000e+00,1.170181467e-06,1.621093717e-01,2.008989447e-08
pi+1.98,1.980000000e+00,1.173706110e-06,1.625976530e-01,2.047842819e-08
pi+1.98,1.980000000e+00,1.177230753e-06,1.630859342e-01,1.970524139e-08
pi+1.98,1.980000000e+00,1.180755396e-06,1.635742154e-01,2.024748897e-08
pi+1.98,1.980000000e+00,1.184280039e-06,1.640624967e-01,1.978364305e-08
pi+1.98,1.980000000e+00,1.187804682e-06,1.645507779e-01,2.051679116e-08
pi+1.98,1.980000000e+00,1.191329325e-06,1.650390592e-01,1.973459191e-08
pi+1.98,1.980000000e+00,1.194853968e-06,1.655273404e-01,2.032086588e-08
pi+1.98,1.980000000e+00,1.198378611e-06,1.660156216e-01,2.022767929e-08
pi+1.98,1.980000000e+00,1.201903254e-06,1.665039029e-01,1.974562980e-08
pi+1.98,1.980000000e+00,1.205427897e-06,1.669921841e-01,2.037148248e-08
pi+1.98,1.980000000e+00,1.208952540e-06,1.674804654e-01,2.011770005e-08
pi+1.98,1.980000000e+00,1.212477183e-06,1.679687466e-01,1.985606539e-08
pi+1.98,1.980000000e+00,1.216001826e-06,1.684570278e-01,2.018878592e-08
pi+1.98,1.980000000e+00,1.219526469e-06,1.689453091e-01,2.004151136e-08
pi+1.98,1.980000000e+00,1.223051112e-06,1.694335903e-01,1.999437257e-08
pi+1.98,1.980000000e+00,1.226575755e-06,1.699218716e-01,2.031787702e-08
pi+1.98,1.980000000e+00,1.230100398e-06,1.704101528e-01,1.991645986e-08
pi+1.98,1.980000000e+00,1.233625041e-06,1.708984340e-01,2.038304634e-08
pi+1.98,1.980000000e+00,1.237149684e-06,1.713867153e-01,1.962937384e-08
pi+1.98,1.980000000e+00,1.240674327e-06,1.718749965e-01,2.059159669e-08
pi+1.98,1.980000000e+00,1.244198970e-06,1.723632778e-01,1.985930094e-08
pi+1.98,1.980000000e+00,1.247723613e-06,1.728515590e-01,1.997274632e-08
pi+1.98,1.980000000e+00,1.251248256e-06,1.733398402e-01,2.027202843e-08
pi+1.98,1.980000000e+00,1.254772899e-06,1.738281215e-01,1.990770336e-08
pi+1.98,1.980000000e+00,1.258297542e-06,1.743164027e-01,2.022257284e-08
pi+1.98,1.980000000e+00,1.261822185e-06,1.748046840e-01,2.007878012e-08
pi+1.98,1.980000000e+00,1.265346828e-06,1.752929652e-01,2.009469064e-08
pi+1.98,1.980000000e+00,1.268871471e-06,1.757812464e-01,1.981314247e-08
pi+1.98,1.980000000e+00,1.272396114e-06,1.762695277e-01,2.053467762e-08
pi+1.98,1.980000000e+00,1.275920757e-06,1.767578089e-01,1.982035807e-08
pi+1.98,1.980000000e+00,1.279445400e-06,1.772460902e-01,2.024695334e-08
pi+1.98,1.980000000e+00,1.282970042e-06,1.777343714e-01,2.007940550e-08
pi+1.98,1.980000000e+00,1.286494685e-06,1.782226526e-01,1.989147210e-08
pi+1.98,1.980000000e+00,1.290019328e-06,1.787109339e-01,2.030082198e-08
pi+1.98,1.980000000e+00,1.293543971e-06,1.791992151e-01,1.981565606e-08
pi+1.98,1.980000000e+00,1.297068614e-06,1.796874964e-01,2.043632261e-08
pi+1.98,1.980000000e+00,1.300593257e-06,1.801757776e-01,1.972506837e-08
pi+1.98,1.980000000e+00,1.304117900e-06,1.806640588e-01,2.054077968e-08
pi+1.98,1.980000000e+00,1.307642543e-06,1.811523401e-01,1.987322265e-08
pi+1.98,1.980000000e+00,1.311167186e-06,1.816406213e-01,1.991984592e-08
pi+1.98,1.980000000e+00,1.314691829e-06,1.821289026e-01,2.028628174e-08
pi+1.98,1.980000000e+00,1.318216472e-06,1.826171838e-01,1.989631938e-08
pi+1.98,1.980000000e+00,1.321741115e-06,1.831054650e-01,2.030920986e-08
pi+1.98,1.980000000e+00,1.325265758e-06,1.835937463e-01,2.014165156e-08
pi+1.98,1.980000000e+00,1.328790401e-06,1.840820275e-01,1.991920283e-08
pi+1.98,1.980000000e+00,1.332315044e-06,1.845703088e-01,2.027853655e-08
pi+1.98,1.980000000e+00,1.335839687e-06,1.850585900e-01,1.976966702e-08
pi+1.98,1.980000000e+00,1.339364330e-06,1.855468712e-01,2.032292592e-08
pi+1.98,1.980000000e+00,1.342888973e-06,1.860351525e-01,2.015942051e-08
pi+1.98,1.980000000e+00,1.346413616e-06,1.865234337e-01,1.989167613e-08
pi+1.98,1.980000000e+00,1.349938259e-06,1.870117150e-01,2.008823524e-08
pi+1.98,1.980000000e+00,1.353462902e-06,1.874999962e-01,2.030812370e-08
pi+1.98,1.980000000e+00,1.356987545e-06,1.879882774e-01,1.982564963e-08
pi+1.98,1.980000000e+00,1.360512188e-06,1.884765587e-01,2.021661525e-08
pi+1.98,1.980000000e+00,1.364036831e-06,1.889648399e-01,2.005380081e-08
pi+1.98,1.980000000e+00,1.367561474e-06,1.894531212e-01,2.023149434e-08
pi+1.98,1.980000000e+00,1.371086117e-06,1.899414024e-01,1.971859044e-08
pi+1.98,1.980000000e+00,1.374610760e-06,1.904296836e-01,2.034933065e-08
pi+1.98,1.980000000e+00,1.378135403e-06,1.909179649e-01,2.041316550e-08
pi+1.98,1.980000000e+00,1.381660046e-06,1.914062461e-01,1.948888266e-08
pi+1.98,1.980000000e+00,1.385184689e-06,1.918945274e-01,2.048588323e-08
pi+1.98,1.980000000e+00,1.388709332e-06,1.923828086e-01,1.998389044e-08
pi+1.98,1.980000000e+00,1.392233975e-06,1.928710898e-01,2.021023349e-08
pi+1.98,1.980000000e+00,1.395758618e-06,1.933593711e-01,1.975964809e-08
pi+1.98,1.980000000e+00,1.399283261e-06,1.938476523e-01,2.050783746e-08
pi+1.98,1.980000000e+00,1.402807904e-06,1.943359336e-01,1.976107953e-08
pi+1.98,1.980000000e+00,1.406332547e-06,1.948242148e-01,2.004886821e-08
pi+1.98,1.980000000e+00,1.409857190e-06,1.953124960e-01,2.029475171e-08
pi+1.98,1.980000000e+00,1.413381833e-06,1.958007773e-01,2.007709393e-08
pi+1.98,1.980000000e+00,1.416906475e-06,1.962890585e-01,1.995654645e-08
pi+1.98,1.980000000e+00,1.420431118e-06,1.967773398e-01,2.049467796e-08
pi+1.98,1.980000000e+00,1.423955761e-06,1.972656210e-01,1.967851070e-08
pi+1.98,1.980000000e+00,1.427480404e-06,1.977539022e-01,2.000941988e-08
pi+1.98,1.980000000e+00,1.431005047e-06,1.982421835e-01,2.038716764e-08
pi+1.98,1.980000000e+00,1.434529690e-06,1.987304647e-01,2.013302665e-08
pi+1.98,1.980000000e+00,1.438054333e-06,1.992187460e-01,1.973383011e-08
pi+1.98,1.980000000e+00,1.441578976e-06,1.997070272e-01,2.047533389e-08
pi+1.98,1.980000000e+00,1.445103619e-06,2.001953084e-01,1.962021852e-08
pi+1.98,1.980000000e+00,1.448628262e-06,2.006835897e-01,2.064638530e-08
pi+1.98,1.980000000e+00,1.452152905e-06,2.011718709e-01,1.960533702e-08
pi+1.98,1.980000000e+00,1.455677548e-06,2.016601522e-01,2.027563783e-08
pi+1.98,1.980000000e+00,1.459202191e-06,2.021484334e-01,2.029717756e-08
pi+1.98,1.980000000e+00,1.462726834e-06,2.026367146e-01,1.989882935e-08
pi+1.98,1.980000000e+00,1.466251477e-06,2.031249959e-01,1.996370127e-08
pi+1.98,1.980000000e+00,1.469776120e-06,2.036132771e-01,2.039484563e-08
pi+1.98,1.980000000e+00,1.473300763e-06,2.041015584e-01,1.986100765e-08
pi+1.98,1.980000000e+00,1.476825406e-06,2.045898396e-01,2.012580220e-08
pi+1.98,1.980000000e+00,1.480350049e-06,2.050781208e-01,2.018508194e-08
pi+1.98,1.980000000e+00,1.483874692e-06,2.055664021e-01,1.991608198e-08
pi+1.98,1.980000000e+00,1.487399335e-06,2.060546833e-01,2.022355316e-08
pi+1.98,1.980000000e+00,1.490923978e-06,2.065429646e-01,2.000538712e-08
pi+1.98,1.980000000e+00,1.494448621e-06,2.070312458e-01,2.019043830e-08
pi+1.98,1.980000000e+00,1.497973264e-06,2.075195270e-01,2.002756671e-08
pi+1.98,1.980000000e+00,1.501497907e-06,2.080078083e-01,2.032036405e-08
pi+1.98,1.980000000e+00,1.505022550e-06,2.084960895e-01,1.978974431e-08
pi+1.98,1.980000000e+00,1.508547193e-06,2.089843708e-01,2.024153903e-08
pi+1.98,1.980000000e+00,1.512071836e-06,2.094726520e-01,1.992136148e-08
pi+1.98,1.980000000e+00,1.515596479e-06,2.099609332e-01,2.038253726e-08
pi+1.98,1.980000000e+00,1.519121122e-06,2.104492145e-01,1.962005473e-08
pi+1.98,1.980000000e+00,1.522645765e-06,2.109374957e-01,2.043937948e-08
pi+1.98,1.980000000e+00,1.526170408e-06,2.114257770e-01,2.010949206e-08
pi+1.98,1.980000000e+00,1.529695051e-06,2.119140582e-01,1.988100486e-08
pi+1.98,1.980000000e+00,1.533219694e-06,2.124023394e-01,2.030389615e-08
pi+1.98,1.980000000e+00,1.536744337e-06,2.128906207e-01,1.994923709e-08
pi+1.98,1.980000000e+00,1.540268980e-06,2.133789019e-01,2.036697605e-08
pi+1.98,1.980000000e+00,1.543793623e-06,2.138671832e-01,1.982849845e-08
pi+1.98,1.980000000e+00,1.547318266e-06,2.143554644e-01,1.990837341e-08
pi+1.98,1.980000000e+00,1.550842908e-06,2.148437456e-01,2.042731257e-08
pi+1.98,1.980000000e+00,1.554367551e-06,2.153320269e-01,2.005929520e-08
pi+1.98,1.980000000e+00,1.557892194e-06,2.158203081e-01,2.000084326e-08
pi+1.98,1.980000000e+00,1.561416837e-06,2.163085894e-01,2.007106430e-08
pi+1.98,1.980000000e+00,1.564941480e-06,2.167968706e-01,1.997090841e-08
pi+1.98,1.980000000e+00,1.568466123e-06,2.172851518e-01,2.016846072e-08
pi+1.98,1.980000000e+00,1.571990766e-06,2.177734331e-01,2.026092213e-08
pi+1.98,1.980000000e+00,1.575515409e-06,2.182617143e-01,2.016998594e-08
pi+1.98,1.980000000e+00,1.579040052e-06,2.187499956e-01,1.973840495e-08
pi+1.98,1.980000000e+00,1.582564695e-06,2.192382768e-01,2.029066945e-08
pi+1.98,1.980000000e+00,1.586089338e-06,2.197265580e-01,1.994275191e-08
pi+1.98,1.980000000e+00,1.589613981e-06,2.202148393e-01,2.034168928e-08
pi+1.98,1.980000000e+00,1.593138624e-06,2.207031205e-01,2.005960427e-08
pi+1.98,1.980000000e+00,1.596663267e-06,2.211914018e-01,1.990970103e-08
pi+1.98,1.980000000e+00,1.600187910e-06,2.216796830e-01,2.021627117e-08
pi+1.98,1.980000000e+00,1.603712553e-06,2.221679642e-01,1.984858138e-08
pi+1.98,1.980000000e+00,1.607237196e-06,2.226562455e-01,2.031941109e-08
pi+1.98,1.980000000e+00,1.610761839e-06,2.231445267e-01,2.025394437e-08
pi+1.98,1.980000000e+00,1.614286482e-06,2.236328080e-01,1.986856008e-08
pi+1.98,1.980000000e+00,1.617811125e-06,2.241210892e-01,2.008121080e-08
pi+1.98,1.980000000e+00,1.621335768e-06,2.246093704e-01,2.003021270e-08
pi+1.98,1.980000000e+00,1.624860411e-06,2.250976517e-01,2.006580855e-08
pi+1.98,1.980000000e+00,1.628385054e-06,2.255859329e-01,2.029614251e-08
pi+1.98,1.980000000e+00,1.631909697e-06,2.260742142e-01,2.010158992e-08
pi+1.98,1.980000000e+00,1.635434340e-06,2.265624954e-01,1.991230476e-08
pi+1.98,1.980000000e+00,1.638958983e-06,2.270507766e-01,1.999718476e-08
pi+1.98,1.980000000e+00,1.642483626e-06,2.275390579e-01,2.024796143e-08
pi+1.98,1.980000000e+00,1.646008269e-06,2.280273391e-01,2.025989754e-08
pi+1.98,1.980000000e+00,1.649532912e-06,2.285156204e-01,1.992389076e-08
pi+1.98,1.980000000e+00,1.653057555e-06,2.290039016e-01,2.007209372e-08
pi+1.98,1.980000000e+00,1.656582198e-06,2.294921828e-01,2.000413193e-08
pi+1.98,1.980000000e+00,1.660106841e-06,2.299804641e-01,2.020085926e-08
pi+1.98,1.980000000e+00,1.663631484e-06,2.304687453e-01,2.034001718e-08
pi+1.98,1.980000000e+00,1.667156127e-06,2.309570266e-01,1.955545687e-08
pi+1.98,1.980000000e+00,1.670680770e-06,2.314453078e-01,2.039997421e-08
pi+1.98,1.980000000e+00,1.674205413e-06,2.319335890e-01,2.015609844e-08
pi+1.98,1.980000000e+00,1.677730056e-06,2.324218703e-01,2.005752813e-08
pi+1.98,1.980000000e+00,1.681254699e-06,2.329101515e-01,1.993767322e-08
pi+1.98,1.980000000e+00,1.684779341e-06,2.333984328e-01,2.038564444e-08
pi+1.98,1.980000000e+00,1.688303984e-06,2.338867140e-01,1.965097836e-08
pi+1.98,1.980000000e+00,1.691828627e-06,2.343749952e-01,2.052071084e-08
pi+1.98,1.980000000e+00,1.695353270e-06,2.348632765e-01,1.974690872e-08
pi+1.98,1.980000000e+00,1.698877913e-06,2.353515577e-01,2.038047319e-08
pi+1.98,1.980000000e+00,1.702402556e-06,2.358398390e-01,1.973439230e-08
pi+1.98,1.980000000e+00,1.705927199e-06,2.363281202e-01,2.029817841e-08
pi+1.98,1.980000000e+00,1.709451842e-06,2.368164014e-01,2.035046832e-08
pi+1.98,1.980000000e+00,1.712976485e-06,2.373046827e-01,1.980652208e-08
pi+1.98,1.980000000e+00,1.716501128e-06,2.377929639e-01,1.983889405e-08
pi+1.98,1.980000000e+00,1.720025771e-06,2.382812452e-01,2.065626660e-08
pi+1.98,1.980000000e+00,1.723550414e-06,2.387695264e-01,1.954460813e-08
pi+1.98,1.980000000e+00,1.727075057e-06,2.392578076e-01,2.035988883e-08
pi+1.98,1.980000000e+00,1.730599700e-06,2.397460889e-01,2.027547646e-08
pi+1.98,1.980000000e+00,1.734124343e-06,2.402343701e-01,1.964052199e-08
pi+1.98,1.980000000e+00,1.737648986e-06,2.407226514e-01,2.055976921e-08
pi+1.98,1.980000000e+00,1.741173629e-06,2.412109326e-01,1.965107092e-08
pi+1.98,1.980000000e+00,1.744698272e-06,2.416992138e-01,2.041505693e-08
pi+1.98,1.980000000e+00,1.748222915e-06,2.421874951e-01,2.014149179e-08
pi+1.98,1.980000000e+00,1.751747558e-06,2.426757763e-01,1.967655407e-08
pi+1.98,1.980000000e+00,1.755272201e-06,2.431640576e-01,2.059505921e-08
pi+1.98,1.980000000e+00,1.758796844e-06,2.436523388e-01,1.977981754e-08
pi+1.98,1.980000000e+00,1.762321487e-06,2.441406200e-01,2.008572045e-08
pi+1.98,1.980000000e+00,1.765846130e-06,2.446289013e-01,2.011518446e-08
pi+1.98,1.980000000e+00,1.769370773e-06,2.451171825e-01,2.007164541e-08
pi+1.98,1.980000000e+00,1.772895416e-06,2.456054638e-01,2.015838586e-08
pi+1.98,1.980000000e+00,1.776420059e-06,2.460937450e-01,2.028790515e-08
pi+1.98,1.980000000e+00,1.779944702e-06,2.465820262e-01,2.002248763e-08
pi+1.98,1.980000000e+00,1.783469345e-06,2.470703075e-01,1.985497239e-08
pi+1.98,1.980000000e+00,1.786993988e-06,2.475585887e-01,2.007618927e-08
pi+1.98,1.980000000e+00,1.790518631e-06,2.480468700e-01,2.018917990e-08
pi+1.98,1.980000000e+00,1.794043274e-06,2.485351512e-01,2.013505490e-08
pi+1.98,1.980000000e+00,1.797567917e-06,2.490234324e-01,2.005554655e-08
pi+1.98,1.980000000e+00,1.801092560e-06,2.495117137e-01,2.021081501e-08
pi+1.98,1.980000000e+00,1.804617203e-06,2.499999949e-01,1.987275462e-08
pi+1.98,1.980000000e+00,1.808141846e-06,2.504882762e-01,2.014052555e-08
pi+1.98,1.980000000e+00,1.811666489e-06,2.509765574e-01,2.031554896e-08
pi+1.98,1.980000000e+00,1.815191132e-06,2.514648386e-01,1.995903548e-08
pi+1.98,1.980000000e+00,1.818715775e-06,2.519531199e-01,1.993881210e-08
pi+1.98,1.980000000e+00,1.822240417e-06,2.524414011e-01,2.007484112e-08
pi+1.98,1.980000000e+00,1.825765060e-06,2.529296824e-01,2.033701786e-08
pi+1.98,1.980000000e+00,1.829289703e-06,2.534179636e-01,1.990663410e-08
pi+1.98,1.980000000e+00,1.832814346e-06,2.539062448e-01,2.034808190e-08
pi+1.98,1.980000000e+00,1.836338989e-06,2.543945261e-01,1.985563600e-08
pi+1.98,1.980000000e+00,1.839863632e-06,2.548828073e-01,1.996202957e-08
pi+1.98,1.980000000e+00,1.843388275e-06,2.553710886e-01,2.028815707e-08
pi+1.98,1.980000000e+00,1.846912918e-06,2.558593698e-01,2.001509738e-08
pi+1.98,1.980000000e+00,1.850437561e-06,2.563476510e-01,2.029404665e-08
pi+1.98,1.980000000e+00,1.853962204e-06,2.568359323e-01,1.979084094e-08
pi+1.98,1.980000000e+00,1.857486847e-06,2.573242135e-01,2.029293795e-08
pi+1.98,1.980000000e+00,1.861011490e-06,2.578124948e-01,2.005619608e-08
pi+1.98,1.980000000e+00,1.864536133e-06,2.583007760e-01,1.997370732e-08
pi+1.98,1.980000000e+00,1.868060776e-06,2.587890572e-01,2.020971476e-08
pi+1.98,1.980000000e+00,1.871585419e-06,2.592773385e-01,2.006696353e-08
pi+1.98,1.980000000e+00,1.875110062e-06,2.597656197e-01,1.996504338e-08
pi+1.98,1.980000000e+00,1.878634705e-06,2.602539010e-01,2.022166777e-08
pi+1.98,1.980000000e+00,1.882159348e-06,2.607421822e-01,2.004699891e-08
pi+1.98,1.980000000e+00,1.885683991e-06,2.612304634e-01,2.023858759e-08
pi+1.98,1.980000000e+00,1.889208634e-06,2.617187447e-01,2.013045270e-08
pi+1.98,1.980000000e+00,1.892733277e-06,2.622070259e-01,1.982198349e-08
pi+1.98,1.980000000e+00,1.896257920e-06,2.626953072e-01,2.026541608e-08
pi+1.98,1.980000000e+00,1.899782563e-06,2.631835884e-01,1.997324091e-08
pi+1.98,1.980000000e+00,1.903307206e-06,2.636718696e-01,2.015107770e-08
pi+1.98,1.980000000e+00,1.906831849e-06,2.641601509e-01,2.007118101e-08
pi+1.98,1.980000000e+00,1.910356492e-06,2.646484321e-01,1.986192077e-08
pi+1.98,1.980000000e+00,1.913881135e-06,2.651367134e-01,2.044268102e-08
pi+1.98,1.980000000e+00,1.917405778e-06,2.656249946e-01,2.007212069e-08
pi+1.98,1.980000000e+00,1.920930421e-06,2.661132758e-01,1.989047246e-08
pi+1.98,1.980000000e+00,1.924455064e-06,2.666015571e-01,2.008790002e-08
pi+1.98,1.980000000e+00,1.927979707e-06,2.670898383e-01,2.028464948e-08
pi+1.98,1.980000000e+00,1.931504350e-06,2.675781196e-01,2.003741139e-08
pi+1.98,1.980000000e+00,1.935028993e-06,2.680664008e-01,2.010462627e-08
pi+1.98,1.980000000e+00,1.938553636e-06,2.685546821e-01,1.985348460e-08
pi+1.98,1.980000000e+00,1.942078279e-06,2.690429633e-01,2.035775192e-08
pi+1.98,1.980000000e+00,1.945602922e-06,2.695312445e-01,2.019311849e-08
pi+1.98,1.980000000e+00,1.949127565e-06,2.700195258e-01,1.970752237e-08
pi+1.98,1.980000000e+00,1.952652208e-06,2.705078070e-01,2.047585062e-08
pi+1.98,1.980000000e+00,1.956176850e-06,2.709960883e-01,1.978435053e-08
pi+1.98,1.980000000e+00,1.959701493e-06,2.714843695e-01,2.008842519e-08
pi+1.98,1.980000000e+00,1.963226136e-06,2.719726507e-01,2.022212654e-08
pi+1.98,1.980000000e+00,1.966750779e-06,2.724609320e-01,2.030783596e-08
pi+1.98,1.980000000e+00,1.970275422e-06,2.729492132e-01,1.983548707e-08
pi+1.98,1.980000000e+00,1.973800065e-06,2.734374945e-01,2.006661301e-08
pi+1.98,1.980000000e+00,1.977324708e-06,2.739257757e-01,1.992592344e-08
pi+1.98,1.980000000e+00,1.980849351e-06,2.744140569e-01,2.047932481e-08
pi+1.98,1.980000000e+00,1.984373994e-06,2.749023382e-01,2.002076039e-08
pi+1.98,1.980000000e+00,1.987898637e-06,2.753906194e-01,1.980998459e-08
pi+1.98,1.980000000e+00,1.991423280e-06,2.758789007e-01,2.028128475e-08
pi+1.98,1.980000000e+00,1.994947923e-06,2.763671819e-01,2.011027318e-08
pi+1.98,1.980000000e+00,1.998472566e-06,2.768554631e-01,1.997866608e-08
pi+1.98,1.980000000e+00,2.001997209e-06,2.773437444e-01,2.020046850e-08
pi+1.98,1.980000000e+00,2.005521852e-06,2.778320256e-01,2.008162611e-08
pi+1.98,1.980000000e+00,2.009046495e-06,2.783203069e-01,1.998739522e-08
pi+1.98,1.980000000e+00,2.012571138e-06,2.788085881e-01,2.016579623e-08
pi+1.98,1.980000000e+00,2.016095781e-06,2.792968693e-01,2.023661649e-08
pi+1.98,1.980000000e+00,2.019620424e-06,2.797851506e-01,1.975368647e-08
pi+1.98,1.980000000e+00,2.023145067e-06,2.802734318e-01,2.040225157e-08
pi+1.98,1.980000000e+00,2.026669710e-06,2.807617131e-01,1.991804786e-08
pi+1.98,1.980000000e+00,2.030194353e-06,2.812499943e-01,2.011784573e-08
pi+1.98,1.980000000e+00,2.033718996e-06,2.817382755e-01,2.010776362e-08
pi+1.98,1.980000000e+00,2.037243639e-06,2.822265568e-01,2.020093411e-08
pi+1.98,1.980000000e+00,2.040768282e-06,2.827148380e-01,1.988331683e-08
pi+1.98,1.980000000e+00,2.044292925e-06,2.832031193e-01,2.016278041e-08
pi+1.98,1.980000000e+00,2.047817568e-06,2.836914005e-01,2.025616378e-08
pi+1.98,1.980000000e+00,2.051342211e-06,2.841796817e-01,1.980537273e-08
pi+1.98,1.980000000e+00,2.054866854e-06,2.846679630e-01,2.028671234e-08
pi+1.98,1.980000000e+00,2.058391497e-06,2.851562442e-01,2.013387377e-08
pi+1.98,1.980000000e+00,2.061916140e-06,2.856445255e-01,1.983831978e-08
pi+1.98,1.980000000e+00,2.065440783e-06,2.861328067e-01,2.044862654e-08
pi+1.98,1.980000000e+00,2.068965426e-06,2.866210879e-01,1.977489379e-08
pi+1.98,1.980000000e+00,2.072490069e-06,2.871093692e-01,2.011560822e-08
pi+1.98,1.980000000e+00,2.076014712e-06,2.875976504e-01,2.039698455e-08
pi+1.98,1.980000000e+00,2.079539355e-06,2.880859317e-01,1.968113495e-08
pi+1.98,1.980000000e+00,2.083063998e-06,2.885742129e-01,2.026398181e-08
pi+1.98,1.980000000e+00,2.086588641e-06,2.890624941e-01,2.037859022e-08
pi+1.98,1.980000000e+00,2.090113283e-06,2.895507754e-01,1.964359294e-08
pi+1.98,1.980000000e+00,2.093637926e-06,2.900390566e-01,2.024477256e-08
pi+1.98,1.980000000e+00,2.097162569e-06,2.905273379e-01,2.034767263e-08
pi+1.98,1.980000000e+00,2.100687212e-06,2.910156191e-01,1.981420851e-08
pi+1.98,1.980000000e+00,2.104211855e-06,2.915039003e-01,1.996113135e-08
pi+1.98,1.980000000e+00,2.107736498e-06,2.919921816e-01,2.037480938e-08
pi+1.98,1.980000000e+00,2.111261141e-06,2.924804628e-01,1.994630457e-08
pi+1.98,1.980000000e+00,2.114785784e-06,2.929687441e-01,2.002675179e-08
pi+1.98,1.980000000e+00,2.118310427e-06,2.934570253e-01,2.040826188e-08
pi+1.98,1.980000000e+00,2.121835070e-06,2.939453065e-01,1.970576455e-08
pi+1.98,1.980000000e+00,2.125359713e-06,2.944335878e-01,2.023801896e-08
pi+1.98,1.980000000e+00,2.128884356e-06,2.949218690e-01,2.027330212e-08
pi+1.98,1.980000000e+00,2.132408999e-06,2.954101503e-01,1.995039166e-08
pi+1.98,1.980000000e+00,2.135933642e-06,2.958984315e-01,1.992351529e-08
pi+1.98,1.980000000e+00,2.139458285e-06,2.963867127e-01,2.012253848e-08
pi+1.98,1.980000000e+00,2.142982928e-06,2.968749940e-01,2.023692153e-08
pi+1.98,1.980000000e+00,2.146507571e-06,2.973632752e-01,2.015667271e-08
pi+1.98,1.980000000e+00,2.150032214e-06,2.978515565e-01,2.002181678e-08
pi+1.98,1.980000000e+00,2.153556857e-06,2.983398377e-01,1.993237803e-08
pi+1.98,1.980000000e+00,2.157081500e-06,2.988281189e-01,2.036835881e-08
pi+1.98,1.980000000e+00,2.160606143e-06,2.993164002e-01,1.987622720e-08
pi+1.98,1.980000000e+00,2.164130786e-06,2.998046814e-01,2.007813220e-08
pi+1.98,1.980000000e+00,2.167655429e-06,3.002929627e-01,2.007087919e-08
pi+1.98,1.980000000e+00,2.171180072e-06,3.007812439e-01,2.040345725e-08
pi+1.98,1.980000000e+00,2.174704715e-06,3.012695251e-01,1.969414354e-08
pi+1.98,1.980000000e+00,2.178229358e-06,3.017578064e-01,2.027957562e-08
pi+1.98,1.980000000e+00,2.181754001e-06,3.022460876e-01,2.022975382e-08
pi+1.98,1.980000000e+00,2.185278644e-06,3.027343689e-01,1.964082502e-08
pi+1.98,1.980000000e+00,2.188803287e-06,3.032226501e-01,2.036982446e-08
pi+1.98,1.980000000e+00,2.192327930e-06,3.037109313e-01,2.034586249e-08
pi+1.98,1.980000000e+00,2.195852573e-06,3.041992126e-01,1.966313742e-08
pi+1.98,1.980000000e+00,2.199377216e-06,3.046874938e-01,2.048590898e-08
pi+1.98,1.980000000e+00,2.202901859e-06,3.051757751e-01,1.965147939e-08
pi+1.98,1.980000000e+00,2.206426502e-06,3.056640563e-01,2.050823225e-08
pi+1.98,1.980000000e+00,2.209951145e-06,3.061523375e-01,1.980216576e-08
pi+1.98,1.980000000e+00,2.213475788e-06,3.066406188e-01,2.026072333e-08
pi+1.98,1.980000000e+00,2.217000431e-06,3.071289000e-01,2.010399002e-08
pi+1.98,1.980000000e+00,2.220525074e-06,3.076171813e-01,1.989554229e-08
pi+1.98,1.980000000e+00,2.224049716e-06,3.081054625e-01,2.001638878e-08
pi+1.98,1.980000000e+00,2.227574359e-06,3.085937437e-01,2.024886126e-08
pi+1.98,1.980000000e+00,2.231099002e-06,3.090820250e-01,2.021199051e-08
pi+1.98,1.980000000e+00,2.234623645e-06,3.095703062e-01,2.006870565e-08
pi+1.98,1.980000000e+00,2.238148288e-06,3.100585875e-01,2.014317395e-08
pi+1.98,1.980000000e+00,2.241672931e-06,3.105468687e-01,1.989175823e-08
pi+1.98,1.980000000e+00,2.245197574e-06,3.110351499e-01,2.009289540e-08
pi+1.98,1.980000000e+00,2.248722217e-06,3.115234312e-01,2.021873365e-08
pi+1.98,1.980000000e+00,2.252246860e-06,3.120117124e-01,1.988821080e-08
pi+1.98,1.980000000e+00,2.255771503e-06,3.124999937e-01,2.011119153e-08
pi+1.98,1.980000000e+00,2.259296146e-06,3.129882749e-01,2.034658526e-08
pi+1.98,1.980000000e+00,2.262820789e-06,3.134765561e-01,1.984458926e-08
pi+1.98,1.980000000e+00,2.266345432e-06,3.139648374e-01,2.036323465e-08
pi+1.98,1.980000000e+00,2.269870075e-06,3.144531186e-01,1.961591855e-08
pi+1.98,1.980000000e+00,2.273394718e-06,3.149413999e-01,2.044040809e-08
pi+1.98,1.980000000e+00,2.276919361e-06,3.154296811e-01,2.015857419e-08
pi+1.98,1.980000000e+00,2.280444004e-06,3.159179623e-01,1.984936330e-08
pi+1.98,1.980000000e+00,2.283968647e-06,3.164062436e-01,2.043338687e-08
pi+1.98,1.980000000e+00,2.287493290e-06,3.168945248e-01,1.977272187e-08
pi+1.98,1.980000000e+00,2.291017933e-06,3.173828061e-01,2.024547802e-08
pi+1.98,1.980000000e+00,2.294542576e-06,3.178710873e-01,2.001292224e-08
pi+1.98,1.980000000e+00,2.298067219e-06,3.183593685e-01,1.985203263e-08
pi+1.98,1.980000000e+00,2.301591862e-06,3.188476498e-01,2.029319269e-08
pi+1.98,1.980000000e+00,2.305116505e-06,3.193359310e-01,2.042495956e-08
pi+1.98,1.980000000e+00,2.308641148e-06,3.198242123e-01,1.971570782e-08
pi+1.98,1.980000000e+00,2.312165791e-06,3.203124935e-01,2.030692324e-08
pi+1.98,1.980000000e+00,2.315690434e-06,3.208007747e-01,1.990703895e-08
pi+1.98,1.980000000e+00,2.319215077e-06,3.212890560e-01,2.004730597e-08
pi+1.98,1.980000000e+00,2.322739720e-06,3.217773372e-01,2.011798417e-08
pi+1.98,1.980000000e+00,2.326264363e-06,3.222656185e-01,2.019623452e-08
pi+1.98,1.980000000e+00,2.329789006e-06,3.227538997e-01,1.997839001e-08
pi+1.98,1.980000000e+00,2.333313649e-06,3.232421809e-01,2.022930713e-08
pi+1.98,1.980000000e+00,2.336838292e-06,3.237304622e-01,2.003245344e-08
pi+1.98,1.980000000e+00,2.340362935e-06,3.242187434e-01,2.015202100e-08
pi+1.98,1.980000000e+00,2.343887578e-06,3.247070247e-01,1.997813688e-08
pi+1.98,1.980000000e+00,2.347412221e-06,3.251953059e-01,2.004401810e-08
pi+1.98,1.980000000e+00,2.350936864e-06,3.256835871e-01,2.027371743e-08
pi+1.98,1.980000000e+00,2.354461507e-06,3.261718684e-01,2.005645565e-08
pi+1.98,1.980000000e+00,2.357986150e-06,3.266601496e-01,1.992595885e-08
pi+1.98,1.980000000e+00,2.361510792e-06,3.271484309e-01,2.025984683e-08
pi+1.98,1.980000000e+00,2.365035435e-06,3.276367121e-01,1.999410616e-08
pi+1.98,1.980000000e+00,2.368560078e-06,3.281249933e-01,2.011395865e-08
pi+1.98,1.980000000e+00,2.372084721e-06,3.286132746e-01,2.008542345e-08
pi+1.98,1.980000000e+00,2.375609364e-06,3.291015558e-01,2.013828643e-08
pi+1.98,1.980000000e+00,2.379134007e-06,3.295898371e-01,2.003590509e-08
pi+1.98,1.980000000e+00,2.382658650e-06,3.300781183e-01,2.008734627e-08
pi+1.98,1.980000000e+00,2.386183293e-06,3.305663995e-01,2.013220649e-08
pi+1.98,1.980000000e+00,2.389707936e-06,3.310546808e-01,2.017024148e-08
pi+1.98,1.980000000e+00,2.393232579e-06,3.315429620e-01,2.004625643e-08
pi+1.98,1.980000000e+00,2.396757222e-06,3.320312433e-01,2.005986343e-08
pi+1.98,1.980000000e+00,2.400281865e-06,3.325195245e-01,2.005523708e-08
pi+1.98,1.980000000e+00,2.403806508e-06,3.330078057e-01,2.003241883e-08
pi+1.98,1.980000000e+00,2.407331151e-06,3.334960870e-01,2.013433415e-08
pi+1.98,1.980000000e+00,2.410855794e-06,3.339843682e-01,2.013050340e-08
pi+1.98,1.980000000e+00,2.414380437e-06,3.344726495e-01,2.009475060e-08
pi+1.98,1.980000000e+00,2.417905080e-06,3.349609307e-01,2.002166788e-08
pi+1.98,1.980000000e+00,2.421429723e-06,3.354492119e-01,2.020222753e-08
pi+1.98,1.980000000e+00,2.424954366e-06,3.359374932e-01,1.996485303e-08
pi+1.98,1.980000000e+00,2.428479009e-06,3.364257744e-01,2.011986956e-08
pi+1.98,1.980000000e+00,2.432003652e-06,3.369140557e-01,2.006865897e-08
pi+1.98,1.980000000e+00,2.435528295e-06,3.374023369e-01,2.017943824e-08
pi+1.98,1.980000000e+00,2.439052938e-06,3.378906181e-01,2.006372195e-08
pi+1.98,1.980000000e+00,2.442577581e-06,3.383788994e-01,2.010287650e-08
pi+1.98,1.980000000e+00,2.446102224e-06,3.388671806e-01,2.005170897e-08
pi+1.98,1.980000000e+00,2.449626867e-06,3.393554619e-01,2.014014485e-08
pi+1.98,1.980000000e+00,2.453151510e-06,3.398437431e-01,2.005057291e-08
pi+1.98,1.980000000e+00,2.456676153e-06,3.403320243e-01,2.001337296e-08
pi+1.98,1.980000000e+00,2.460200796e-06,3.408203056e-01,2.016250997e-08
pi+1.98,1.980000000e+00,2.463725439e-06,3.413085868e-01,2.011664488e-08
pi+1.98,1.980000000e+00,2.467250082e-06,3.417968681e-01,2.009742878e-08
pi+1.98,1.980000000e+00,2.470774725e-06,3.422851493e-01,2.000574528e-08
pi+1.98,1.980000000e+00,2.474299368e-06,3.427734305e-01,2.008172793e-08
pi+1.98,1.980000000e+00,2.477824011e-06,3.432617118e-01,2.022580436e-08
pi+1.98,1.980000000e+00,2.481348654e-06,3.437499930e-01,1.998682900e-08
pi+1.98,1.980000000e+00,2.484873297e-06,3.442382743e-01,2.002569823e-08
pi+1.98,1.980000000e+00,2.488397940e-06,3.447265555e-01,2.018115984e-08
pi+1.98,1.980000000e+00,2.491922583e-06,3.452148367e-01,2.015277838e-08
pi+1.98,1.980000000e+00,2.495447225e-06,3.457031180e-01,1.999904923e-08
pi+1.98,1.980000000e+00,2.498971868e-06,3.461913992e-01,2.023984117e-08
pi+1.98,1.980000000e+00,2.502496511e-06,3.466796805e-01,1.995066974e-08
pi+1.98,1.980000000e+00,2.506021154e-06,3.471679617e-01,2.004392152e-08
pi+1.98,1.980000000e+00,2.509545797e-06,3.476562429e-01,2.019531215e-08
pi+1.98,1.980000000e+00,2.513070440e-06,3.481445242e-01,2.009245916e-08
pi+1.98,1.980000000e+00,2.516595083e-06,3.486328054e-01,1.995372621e-08
pi+1.98,1.980000000e+00,2.520119726e-06,3.491210867e-01,2.021506830e-08
pi+1.98,1.980000000e+00,2.523644369e-06,3.496093679e-01,2.004658924e-08
pi+1.98,1.980000000e+00,2.527169012e-06,3.500976491e-01,2.010163983e-08
pi+1.98,1.980000000e+00,2.530693655e-06,3.505859304e-01,2.014844701e-08
pi+1.98,1.980000000e+00,2.534218298e-06,3.510742116e-01,2.002320919e-08
pi+1.98,1.980000000e+00,2.537742941e-06,3.515624929e-01,2.009276581e-08
pi+1.98,1.980000000e+00,2.541267584e-06,3.520507741e-01,2.004395170e-08
pi+1.98,1.980000000e+00,2.544792227e-06,3.525390553e-01,2.022750866e-08
pi+1.98,1.980000000e+00,2.548316870e-06,3.530273366e-01,1.989645822e-08
pi+1.98,1.980000000e+00,2.551841513e-06,3.535156178e-01,2.021405820e-08
pi+1.98,1.980000000e+00,2.555366156e-06,3.540038991e-01,2.015171918e-08
pi+1.98,1.980000000e+00,2.558890799e-06,3.544921803e-01,1.989353376e-08
pi+1.98,1.980000000e+00,2.562415442e-06,3.549804615e-01,2.018504854e-08
pi+1.98,1.980000000e+00,2.565940085e-06,3.554687428e-01,2.024705435e-08
pi+1.98,1.980000000e+00,2.569464728e-06,3.559570240e-01,1.994829178e-08
pi+1.98,1.980000000e+00,2.572989371e-06,3.564453053e-01,1.998203564e-08
pi+1.98,1.980000000e+00,2.576514014e-06,3.569335865e-01,2.029928027e-08
pi+1.98,1.980000000e+00,2.580038657e-06,3.574218677e-01,1.987216465e-08
pi+1.98,1.980000000e+00,2.583563300e-06,3.579101490e-01,2.028822548e-08
pi+1.98,1.980000000e+00,2.587087943e-06,3.583984302e-01,2.002546562e-08
pi+1.98,1.980000000e+00,2.590612586e-06,3.588867115e-01,2.002161717e-08
pi+1.98,1.980000000e+00,2.594137229e-06,3.593749927e-01,2.029521813e-08
pi+1.98,1.980000000e+00,2.597661872e-06,3.598632739e-01,1.983455946e-08
pi+1.98,1.980000000e+00,2.601186515e-06,3.603515552e-01,2.018805631e-08
pi+1.98,1.980000000e+00,2.604711158e-06,3.608398364e-01,2.016844825e-08
pi+1.98,1.980000000e+00,2.608235801e-06,3.613281177e-01,2.018210878e-08
pi+1.98,1.980000000e+00,2.611760444e-06,3.618163989e-01,1.984768798e-08
pi+1.98,1.980000000e+00,2.615285087e-06,3.623046801e-01,2.026657025e-08
pi+1.98,1.980000000e+00,2.618809730e-06,3.627929614e-01,1.993709292e-08
pi+1.98,1.980000000e+00,2.622334373e-06,3.632812426e-01,2.017142865e-08
pi+1.98,1.980000000e+00,2.625859016e-06,3.637695239e-01,2.005978778e-08
pi+1.98,1.980000000e+00,2.629383658e-06,3.642578051e-01,2.010985264e-08
pi+1.98,1.980000000e+00,2.632908301e-06,3.647460863e-01,2.015208901e-08
pi+1.98,1.980000000e+00,2.636432944e-06,3.652343676e-01,2.001678598e-08
pi+1.98,1.980000000e+00,2.639957587e-06,3.657226488e-01,2.021004837e-08
pi+1.98,1.980000000e+00,2.643482230e-06,3.662109301e-01,1.988587307e-08
pi+1.98,1.980000000e+00,2.647006873e-06,3.666992113e-01,2.022553031e-08
pi+1.98,1.980000000e+00,2.650531516e-06,3.671874925e-01,2.002591473e-08
pi+1.98,1.980000000e+00,2.654056159e-06,3.676757738e-01,2.003957406e-08
pi+1.98,1.980000000e+00,2.657580802e-06,3.681640550e-01,2.016649364e-08
pi+1.98,1.980000000e+00,2.661105445e-06,3.686523363e-01,2.018835008e-08
pi+1.98,1.980000000e+00,2.664630088e-06,3.691406175e-01,2.001874783e-08
pi+1.98,1.980000000e+00,2.668154731e-06,3.696288987e-01,2.010030899e-08
pi+1.98,1.980000000e+00,2.671679374e-06,3.701171800e-01,1.994196757e-08
pi+1.98,1.980000000e+00,2.675204017e-06,3.706054612e-01,2.027943759e-08
pi+1.98,1.980000000e+00,2.678728660e-06,3.710937425e-01,1.999725961e-08
pi+1.98,1.980000000e+00,2.682253303e-06,3.715820237e-01,2.013523559e-08
pi+1.98,1.980000000e+00,2.685777946e-06,3.720703049e-01,1.989699547e-08
pi+1.98,1.980000000e+00,2.689302589e-06,3.725585862e-01,2.037235294e-08
pi+1.98,1.980000000e+00,2.692827232e-06,3.730468674e-01,1.995365095e-08
pi+1.98,1.980000000e+00,2.696351875e-06,3.735351487e-01,2.013522835e-08
pi+1.98,1.980000000e+00,2.699876518e-06,3.740234299e-01,2.004391790e-08
pi+1.98,1.980000000e+00,2.703401161e-06,3.745117111e-01,2.011883451e-08
pi+1.98,1.980000000e+00,2.706925804e-06,3.749999924e-01,1.998031042e-08
pi+1.98,1.980000000e+00,2.710450447e-06,3.754882736e-01,2.033443707e-08
pi+1.98,1.980000000e+00,2.713975090e-06,3.759765549e-01,1.980653053e-08
pi+1.98,1.980000000e+00,2.717499733e-06,3.764648361e-01,2.024145411e-08
pi+1.98,1.980000000e+00,2.721024376e-06,3.769531174e-01,2.014706345e-08
pi+1.98,1.980000000e+00,2.724549019e-06,3.774413986e-01,2.005163854e-08
pi+1.98,1.980000000e+00,2.728073662e-06,3.779296798e-01,2.004241764e-08
pi+1.98,1.980000000e+00,2.731598305e-06,3.784179611e-01,2.009122772e-08
pi+1.98,1.980000000e+00,2.735122948e-06,3.789062423e-01,2.013881160e-08
pi+1.98,1.980000000e+00,2.738647591e-06,3.793945236e-01,1.998094465e-08
pi+1.98,1.980000000e+00,2.742172234e-06,3.798828048e-01,2.008436707e-08
pi+1.98,1.980000000e+00,2.745696877e-06,3.803710860e-01,2.021500955e-08
pi+1.98,1.980000000e+00,2.749221520e-06,3.808593673e-01,2.010833709e-08
pi+1.98,1.980000000e+00,2.752746163e-06,3.813476485e-01,1.996782539e-08
pi+1.98,1.980000000e+00,2.756270806e-06,3.818359298e-01,2.014229826e-08
pi+1.98,1.980000000e+00,2.759795449e-06,3.823242110e-01,2.007533933e-08
pi+1.98,1.980000000e+00,2.763320091e-06,3.828124922e-01,2.014686908e-08
pi+1.98,1.980000000e+00,2.766844734e-06,3.833007735e-01,2.011621709e-08
pi+1.98,1.980000000e+00,2.770369377e-06,3.837890547e-01,2.001505915e-08
pi+1.98,1.980000000e+00,2.773894020e-06,3.842773360e-01,2.015916617e-08
pi+1.98,1.980000000e+00,2.777418663e-06,3.847656172e-01,2.007981759e-08
pi+1.98,1.980000000e+00,2.780943306e-06,3.852538984e-01,1.997867856e-08
pi+1.98,1.980000000e+00,2.784467949e-06,3.857421797e-01,2.016921528e-08
pi+1.98,1.980000000e+00,2.787992592e-06,3.862304609e-01,2.015997224e-08
pi+1.98,1.980000000e+00,2.791517235e-06,3.867187422e-01,1.993994575e-08
pi+1.98,1.980000000e+00,2.795041878e-06,3.872070234e-01,2.032363903e-08
pi+1.98,1.980000000e+00,2.798566521e-06,3.876953046e-01,1.993794808e-08
pi+1.98,1.980000000e+00,2.802091164e-06,3.881835859e-01,2.003218743e-08
pi+1.98,1.980000000e+00,2.805615807e-06,3.886718671e-01,2.010273041e-08
pi+1.98,1.980000000e+00,2.809140450e-06,3.891601484e-01,2.014923819e-08
pi+1.98,1.980000000e+00,2.812665093e-06,3.896484296e-01,2.010184788e-08
pi+1.98,1.980000000e+00,2.816189736e-06,3.901367108e-01,2.014014324e-08
pi+1.98,1.980000000e+00,2.819714379e-06,3.906249921e-01,2.001336330e-08
pi+1.98,1.980000000e+00,2.823239022e-06,3.911132733e-01,2.004574051e-08
pi+1.98,1.980000000e+00,2.826763665e-06,3.916015546e-01,2.016558575e-08
pi+1.98,1.980000000e+00,2.830288308e-06,3.920898358e-01,1.993907449e-08
pi+1.98,1.980000000e+00,2.833812951e-06,3.925781170e-01,2.025031042e-08
pi+1.98,1.980000000e+00,2.837337594e-06,3.930663983e-01,2.014222019e-08
pi+1.98,1.980000000e+00,2.840862237e-06,3.935546795e-01,1.991978073e-08
pi+1.98,1.980000000e+00,2.844386880e-06,3.940429608e-01,2.025031243e-08
pi+1.98,1.980000000e+00,2.847911523e-06,3.945312420e-01,1.999681694e-08
pi+1.98,1.980000000e+00,2.851436166e-06,3.950195232e-01,2.009160319e-08
pi+1.98,1.980000000e+00,2.854960809e-06,3.955078045e-01,2.008765614e-08
pi+1.98,1.980000000e+00,2.858485452e-06,3.959960857e-01,2.015763291e-08
pi+1.98,1.980000000e+00,2.862010095e-06,3.964843670e-01,1.996105931e-08
pi+1.98,1.980000000e+00,2.865534738e-06,3.969726482e-01,2.023053494e-08
pi+1.98,1.980000000e+00,2.869059381e-06,3.974609294e-01,2.001146021e-08
pi+1.98,1.980000000e+00,2.872584024e-06,3.979492107e-01,2.012717127e-08
pi+1.98,1.980000000e+00,2.876108667e-06,3.984374919e-01,2.005422980e-08
pi+1.98,1.980000000e+00,2.879633310e-06,3.989257732e-01,2.018422275e-08
pi+1.98,1.980000000e+00,2.883157953e-06,3.994140544e-01,1.995367510e-08
pi+1.98,1.980000000e+00,2.886682596e-06,3.999023356e-01,2.022313544e-08
pi+1.98,1.980000000e+00,2.890207239e-06,4.003906169e-01,1.994797828e-08
pi+1.98,1.980000000e+00,2.893731882e-06,4.008788981e-01,2.023397613e-08
pi+1.98,1.980000000e+00,2.897256525e-06,4.013671794e-01,1.998578871e-08
pi+1.98,1.980000000e+00,2.900781167e-06,4.018554606e-01,2.007175206e-08
pi+1.98,1.980000000e+00,2.904305810e-06,4.023437418e-01,2.020518459e-08
pi+1.98,1.980000000e+00,2.907830453e-06,4.028320231e-01,1.996565306e-08
pi+1.98,1.980000000e+00,2.911355096e-06,4.033203043e-01,2.026081750e-08
pi+1.98,1.980000000e+00,2.914879739e-06,4.038085856e-01,1.990470243e-08
pi+1.98,1.980000000e+00,2.918404382e-06,4.042968668e-01,2.023304330e-08
pi+1.98,1.980000000e+00,2.921929025e-06,4.047851480e-01,1.991742369e-08
pi+1.98,1.980000000e+00,2.925453668e-06,4.052734293e-01,2.024811354e-08
pi+1.98,1.980000000e+00,2.928978311e-06,4.057617105e-01,1.998541204e-08
pi+1.98,1.980000000e+00,2.932502954e-06,4.062499918e-01,2.013789164e-08
pi+1.98,1.980000000e+00,2.936027597e-06,4.067382730e-01,2.008610034e-08
pi+1.98,1.980000000e+00,2.939552240e-06,4.072265542e-01,2.011884980e-08
pi+1.98,1.980000000e+00,2.943076883e-06,4.077148355e-01,2.009426849e-08
pi+1.98,1.980000000e+00,2.946601526e-06,4.082031167e-01,2.001599319e-08
pi+1.98,1.980000000e+00,2.950126169e-06,4.086913980e-01,2.012259080e-08
pi+1.98,1.980000000e+00,2.953650812e-06,4.091796792e-01,1.998788015e-08
pi+1.98,1.980000000e+00,2.957175455e-06,4.096679604e-01,2.018221180e-08
pi+1.98,1.980000000e+00,2.960700098e-06,4.101562417e-01,2.004362332e-08
pi+1.98,1.980000000e+00,2.964224741e-06,4.106445229e-01,2.023532911e-08
pi+1.98,1.980000000e+00,2.967749384e-06,4.111328042e-01,1.995362198e-08
pi+1.98,1.980000000e+00,2.971274027e-06,4.116210854e-01,2.009753020e-08
pi+1.98,1.980000000e+00,2.974798670e-06,4.121093666e-01,2.024106536e-08
pi+1.98,1.980000000e+00,2.978323313e-06,4.125976479e-01,1.986452168e-08
pi+1.98,1.980000000e+00,2.981847956e-06,4.130859291e-01,2.028988350e-08
pi+1.98,1.980000000e+00,2.985372599e-06,4.135742104e-01,1.995818474e-08
pi+1.98,1.980000000e+00,2.988897242e-06,4.140624916e-01,2.004928513e-08
pi+1.98,1.980000000e+00,2.992421885e-06,4.145507728e-01,2.023073012e-08
pi+1.98,1.980000000e+00,2.995946528e-06,4.150390541e-01,1.998399709e-08
pi+1.98,1.980000000e+00,2.999471171e-06,4.155273353e-01,2.019980851e-08
pi+1.98,1.980000000e+00,3.002995814e-06,4.160156166e-01,1.998449248e-08
pi+1.98,1.980000000e+00,3.006520457e-06,4.165038978e-01,2.013568793e-08
pi+1.98,1.980000000e+00,3.010045100e-06,4.169921790e-01,2.013016697e-08
pi+1.98,1.980000000e+00,3.013569743e-06,4.174804603e-01,2.011379526e-08
pi+1.98,1.980000000e+00,3.017094386e-06,4.179687415e-01,1.998103640e-08
pi+1.98,1.980000000e+00,3.020619029e-06,4.184570228e-01,2.006381169e-08
pi+1.98,1.980000000e+00,3.024143672e-06,4.189453040e-01,2.021515764e-08
pi+1.98,1.980000000e+00,3.027668315e-06,4.194335852e-01,2.001346069e-08
pi+1.98,1.980000000e+00,3.031192958e-06,4.199218665e-01,2.024459147e-08
pi+1.98,1.980000000e+00,3.034717600e-06,4.204101477e-01,2.001938690e-08
pi+1.98,1.980000000e+00,3.038242243e-06,4.208984290e-01,1.998939248e-08
pi+1.98,1.980000000e+00,3.041766886e-06,4.213867102e-01,2.010226037e-08
pi+1.98,1.980000000e+00,3.045291529e-06,4.218749914e-01,2.012115935e-08
pi+1.98,1.980000000e+00,3.048816172e-06,4.223632727e-01,2.003671679e-08
pi+1.98,1.980000000e+00,3.052340815e-06,4.228515539e-01,2.022702655e-08
pi+1.98,1.980000000e+00,3.055865458e-06,4.233398352e-01,1.997034099e-08
pi+1.98,1.980000000e+00,3.059390101e-06,4.238281164e-01,2.011864738e-08
pi+1.98,1.980000000e+00,3.062914744e-06,4.243163976e-01,2.014342869e-08
pi+1.98,1.980000000e+00,3.066439387e-06,4.248046789e-01,2.013086600e-08
pi+1.98,1.980000000e+00,3.069964030e-06,4.252929601e-01,1.994105727e-08
pi+1.98,1.980000000e+00,3.073488673e-06,4.257812414e-01,2.026141873e-08
pi+1.98,1.980000000e+00,3.077013316e-06,4.262695226e-01,2.001574811e-08
pi+1.98,1.980000000e+00,3.080537959e-06,4.267578038e-01,2.012705215e-08
pi+1.98,1.980000000e+00,3.084062602e-06,4.272460851e-01,2.003713130e-08
pi+1.98,1.980000000e+00,3.087587245e-06,4.277343663e-01,2.009524439e-08
pi+1.98,1.980000000e+00,3.091111888e-06,4.282226476e-01,2.007773299e-08
pi+1.98,1.980000000e+00,3.094636531e-06,4.287109288e-01,2.001218458e-08
pi+1.98,1.980000000e+00,3.098161174e-06,4.291992100e-01,2.017772429e-08
pi+1.98,1.980000000e+00,3.101685817e-06,4.296874913e-01,2.004179105e-08
pi+1.98,1.980000000e+00,3.105210460e-06,4.301757725e-01,2.021943549e-08
pi+1.98,1.980000000e+00,3.108735103e-06,4.306640538e-01,1.994099771e-08
pi+1.98,1.980000000e+00,3.112259746e-06,4.311523350e-01,2.004125783e-08
pi+1.98,1.980000000e+00,3.115784389e-06,4.316406162e-01,2.028260875e-08
pi+1.98,1.980000000e+00,3.119309032e-06,4.321288975e-01,1.999288036e-08
pi+1.98,1.980000000e+00,3.122833675e-06,4.326171787e-01,2.010437636e-08
pi+1.98,1.980000000e+00,3.126358318e-06,4.331054600e-01,2.008324107e-08
pi+1.98,1.980000000e+00,3.129882961e-06,4.335937412e-01,2.012734633e-08
pi+1.98,1.980000000e+00,3.133407604e-06,4.340820224e-01,2.005951412e-08
pi+1.98,1.980000000e+00,3.136932247e-06,4.345703037e-01,2.011698010e-08
pi+1.98,1.980000000e+00,3.140456890e-06,4.350585849e-01,1.996320467e-08
pi+1.98,1.980000000e+00,3.143981533e-06,4.355468662e-01,2.019188987e-08
pi+1.98,1.980000000e+00,3.147506176e-06,4.360351474e-01,2.012812383e-08
pi+1.98,1.980000000e+00,3.151030819e-06,4.365234286e-01,1.997154023e-08
pi+1.98,1.980000000e+00,3.154555462e-06,4.370117099e-01,2.019283518e-08
pi+1.98,1.980000000e+00,3.158080105e-06,4.374999911e-01,2.006153312e-08
pi+1.98,1.980000000e+00,3.161604748e-06,4.379882724e-01,2.014677893e-08
pi+1.98,1.980000000e+00,3.165129391e-06,4.384765536e-01,2.003367079e-08
pi+1.98,1.980000000e+00,3.168654033e-06,4.389648348e-01,2.017479781e-08
pi+1.98,1.980000000e+00,3.172178676e-06,4.394531161e-01,2.003211580e-08
pi+1.98,1.980000000e+00,3.175703319e-06,4.399413973e-01,2.011980799e-08
pi+1.98,1.980000000e+00,3.179227962e-06,4.404296786e-01,1.999932368e-08
pi+1.98,1.980000000e+00,3.182752605e-06,4.409179598e-01,2.015868607e-08
pi+1.98,1.980000000e+00,3.186277248e-06,4.414062410e-01,1.990963584e-08
pi+1.98,1.980000000e+00,3.189801891e-06,4.418945223e-01,2.018963988e-08
pi+1.98,1.980000000e+00,3.193326534e-06,4.423828035e-01,2.021000049e-08
pi+1.98,1.980000000e+00,3.196851177e-06,4.428710848e-01,1.990679065e-08
pi+1.98,1.980000000e+00,3.200375820e-06,4.433593660e-01,2.038044140e-08
pi+1.98,1.980000000e+00,3.203900463e-06,4.438476472e-01,1.988928006e-08
pi+1.98,1.980000000e+00,3.207425106e-06,4.443359285e-01,2.014612257e-08
pi+1.98,1.980000000e+00,3.210949749e-06,4.448242097e-01,2.005982037e-08
pi+1.98,1.980000000e+00,3.214474392e-06,4.453124910e-01,2.004277218e-08
pi+1.98,1.980000000e+00,3.217999035e-06,4.458007722e-01,2.030332873e-08
pi+1.98,1.980000000e+00,3.221523678e-06,4.462890534e-01,1.985226523e-08
pi+1.98,1.980000000e+00,3.225048321e-06,4.467773347e-01,2.019613633e-08
pi+1.98,1.980000000e+00,3.228572964e-06,4.472656159e-01,2.000144128e-08
pi+1.98,1.980000000e+00,3.232097607e-06,4.477538972e-01,2.005847102e-08
pi+1.98,1.980000000e+00,3.235622250e-06,4.482421784e-01,2.016292770e-08
pi+1.98,1.980000000e+00,3.239146893e-06,4.487304596e-01,2.004167434e-08
pi+1.98,1.980000000e+00,3.242671536e-06,4.492187409e-01,2.020847889e-08
pi+1.98,1.980000000e+00,3.246196179e-06,4.497070221e-01,2.001502655e-08
pi+1.98,1.980000000e+00,3.249720822e-06,4.501953034e-01,2.000789225e-08
pi+1.98,1.980000000e+00,3.253245465e-06,4.506835846e-01,2.022114904e-08
pi+1.98,1.980000000e+00,3.256770108e-06,4.511718658e-01,2.004130330e-08
pi+1.98,1.980000000e+00,3.260294751e-06,4.516601471e-01,2.014956295e-08
pi+1.98,1.980000000e+00,3.263819394e-06,4.521484283e-01,2.006718044e-08
pi+1.98,1.980000000e+00,3.267344037e-06,4.526367096e-01,2.000068551e-08
pi+1.98,1.980000000e+00,3.270868680e-06,4.531249908e-01,2.014969938e-08
pi+1.98,1.980000000e+00,3.274393323e-06,4.536132720e-01,2.007265029e-08
pi+1.98,1.980000000e+00,3.277917966e-06,4.541015533e-01,2.021064719e-08
pi+1.98,1.980000000e+00,3.281442609e-06,4.545898345e-01,1.988088856e-08
pi+1.98,1.980000000e+00,3.284967252e-06,4.550781158e-01,2.030409093e-08
pi+1.98,1.980000000e+00,3.288491895e-06,4.555663970e-01,2.005259150e-08
pi+1.98,1.980000000e+00,3.292016538e-06,4.560546782e-01,1.997363167e-08
pi+1.98,1.980000000e+00,3.295541181e-06,4.565429595e-01,2.013063259e-08
pi+1.98,1.980000000e+00,3.299065824e-06,4.570312407e-01,2.004603469e-08
pi+1.98,1.980000000e+00,3.302590466e-06,4.575195220e-01,2.012605131e-08
pi+1.98,1.980000000e+00,3.306115109e-06,4.580078032e-01,2.009175330e-08
pi+1.98,1.980000000e+00,3.309639752e-06,4.584960844e-01,2.021285855e-08
pi+1.98,1.980000000e+00,3.313164395e-06,4.589843657e-01,1.998054383e-08
pi+1.98,1.980000000e+00,3.316689038e-06,4.594726469e-01,2.002919978e-08
pi+1.98,1.980000000e+00,3.320213681e-06,4.599609282e-01,2.011912788e-08
pi+1.98,1.980000000e+00,3.323738324e-06,4.604492094e-01,2.014641272e-08
pi+1.98,1.980000000e+00,3.327262967e-06,4.609374906e-01,2.006815271e-08
pi+1.98,1.980000000e+00,3.330787610e-06,4.614257719e-01,2.015365165e-08
pi+1.98,1.980000000e+00,3.334312253e-06,4.619140531e-01,2.006026063e-08
pi+1.98,1.980000000e+00,3.337836896e-06,4.624023344e-01,2.011713423e-08
pi+1.98,1.980000000e+00,3.341361539e-06,4.628906156e-01,1.998054181e-08
pi+1.98,1.980000000e+00,3.344886182e-06,4.633788968e-01,2.015882813e-08
pi+1.98,1.980000000e+00,3.348410825e-06,4.638671781e-01,2.002322287e-08
pi+1.98,1.980000000e+00,3.351935468e-06,4.643554593e-01,2.015703208e-08
pi+1.98,1.980000000e+00,3.355460111e-06,4.648437406e-01,2.000661735e-08
pi+1.98,1.980000000e+00,3.358984754e-06,4.653320218e-01,2.000362125e-08
pi+1.98,1.980000000e+00,3.362509397e-06,4.658203030e-01,2.033993388e-08
pi+1.98,1.980000000e+00,3.366034040e-06,4.663085843e-01,1.997208190e-08
pi+1.98,1.980000000e+00,3.369558683e-06,4.667968655e-01,2.029719205e-08
pi+1.98,1.980000000e+00,3.373083326e-06,4.672851468e-01,1.976542056e-08
pi+1.98,1.980000000e+00,3.376607969e-06,4.677734280e-01,2.022208147e-08
pi+1.98,1.980000000e+00,3.380132612e-06,4.682617092e-01,2.030866859e-08
pi+1.98,1.980000000e+00,3.383657255e-06,4.687499905e-01,1.981369903e-08
pi+1.98,1.980000000e+00,3.387181898e-06,4.692382717e-01,2.034081198e-08
pi+1.98,1.980000000e+00,3.390706541e-06,4.697265530e-01,1.980765250e-08
pi+1.98,1.980000000e+00,3.394231184e-06,4.702148342e-01,2.024530095e-08
pi+1.98,1.980000000e+00,3.397755827e-06,4.707031154e-01,2.000040824e-08
pi+1.98,1.980000000e+00,3.401280470e-06,4.711913967e-01,2.014040965e-08
pi+1.98,1.980000000e+00,3.404805113e-06,4.716796779e-01,2.007913305e-08
pi+1.98,1.980000000e+00,3.408329756e-06,4.721679592e-01,2.008382379e-08
pi+1.98,1.980000000e+00,3.411854399e-06,4.726562404e-01,2.020766920e-08
pi+1.98,1.980000000e+00,3.415379042e-06,4.731445216e-01,1.986483034e-08
pi+1.98,1.980000000e+00,3.418903685e-06,4.736328029e-01,2.025193101e-08
pi+1.98,1.980000000e+00,3.422428328e-06,4.741210841e-01,1.995927292e-08
pi+1.98,1.980000000e+00,3.425952971e-06,4.746093654e-01,2.020854731e-08
pi+1.98,1.980000000e+00,3.429477614e-06,4.750976466e-01,1.998947700e-08
pi+1.98,1.980000000e+00,3.433002257e-06,4.755859278e-01,2.028243449e-08
pi+1.98,1.980000000e+00,3.436526899e-06,4.760742091e-01,1.989363597e-08
pi+1.98,1.980000000e+00,3.440051542e-06,4.765624903e-01,2.014261981e-08
pi+1.98,1.980000000e+00,3.443576185e-06,4.770507716e-01,2.015832630e-08
pi+1.98,1.980000000e+00,3.447100828e-06,4.775390528e-01,2.004242528e-08
pi+1.98,1.980000000e+00,3.450625471e-06,4.780273340e-01,1.997562410e-08
pi+1.98,1.980000000e+00,3.454150114e-06,4.785156153e-01,2.022287627e-08
pi+1.98,1.980000000e+00,3.457674757e-06,4.790038965e-01,2.017223996e-08
pi+1.98,1.980000000e+00,3.461199400e-06,4.794921778e-01,2.002896154e-08
pi+1.98,1.980000000e+00,3.464724043e-06,4.799804590e-01,1.992510449e-08
pi+1.98,1.980000000e+00,3.468248686e-06,4.804687402e-01,2.027992373e-08
pi+1.98,1.980000000e+00,3.471773329e-06,4.809570215e-01,1.997882263e-08
pi+1.98,1.980000000e+00,3.475297972e-06,4.814453027e-01,2.023113296e-08
pi+1.98,1.980000000e+00,3.478822615e-06,4.819335840e-01,1.987535312e-08
pi+1.98,1.980000000e+00,3.482347258e-06,4.824218652e-01,2.016604292e-08
pi+1.98,1.980000000e+00,3.485871901e-06,4.829101465e-01,2.015847560e-08
pi+1.98,1.980000000e+00,3.489396544e-06,4.833984277e-01,1.994570012e-08
pi+1.98,1.980000000e+00,3.492921187e-06,4.838867089e-01,2.031551998e-08
pi+1.98,1.980000000e+00,3.496445830e-06,4.843749902e-01,1.989153005e-08
pi+1.98,1.980000000e+00,3.499970473e-06,4.848632714e-01,2.009514539e-08
pi+1.98,1.980000000e+00,3.503495116e-06,4.853515527e-01,2.022831634e-08
pi+1.98,1.980000000e+00,3.507019759e-06,4.858398339e-01,2.018192406e-08
pi+1.98,1.980000000e+00,3.510544402e-06,4.863281151e-01,1.997842704e-08
pi+1.98,1.980000000e+00,3.514069045e-06,4.868163964e-01,2.016315990e-08
pi+1.98,1.980000000e+00,3.517593688e-06,4.873046776e-01,1.988531410e-08
pi+1.98,1.980000000e+00,3.521118331e-06,4.877929589e-01,2.019065400e-08
pi+1.98,1.980000000e+00,3.524642974e-06,4.882812401e-01,2.020708004e-08
pi+1.98,1.980000000e+00,3.528167617e-06,4.887695213e-01,1.999838481e-08
pi+1.98,1.980000000e+00,3.531692260e-06,4.892578026e-01,1.993482079e-08
pi+1.98,1.980000000e+00,3.535216903e-06,4.897460838e-01,2.031963122e-08
pi+1.98,1.980000000e+00,3.538741546e-06,4.902343651e-01,1.993069627e-08
pi+1.98,1.980000000e+00,3.542266189e-06,4.907226463e-01,2.007141120e-08
pi+1.98,1.980000000e+00,3.545790832e-06,4.912109275e-01,2.020021134e-08
pi+1.98,1.980000000e+00,3.549315475e-06,4.916992088e-01,2.015824340e-08
pi+1.98,1.980000000e+00,3.552840118e-06,4.921874900e-01,1.996531703e-08
pi+1.98,1.980000000e+00,3.556364761e-06,4.926757713e-01,2.001092980e-08
pi+1.98,1.980000000e+00,3.559889404e-06,4.931640525e-01,2.020480711e-08
pi+1.98,1.980000000e+00,3.563414047e-06,4.936523337e-01,2.019604940e-08
pi+1.98,1.980000000e+00,3.566938690e-06,4.941406150e-01,1.989412573e-08
pi+1.98,1.980000000e+00,3.570463333e-06,4.946288962e-01,2.020624661e-08
pi+1.98,1.980000000e+00,3.573987975e-06,4.951171775e-01,2.013353371e-08
pi+1.98,1.980000000e+00,3.577512618e-06,4.956054587e-01,2.012143180e-08
pi+1.98,1.980000000e+00,3.581037261e-06,4.960937399e-01,1.991030347e-08
pi+1.98,1.980000000e+00,3.584561904e-06,4.965820212e-01,2.014795443e-08
pi+1.98,1.980000000e+00,3.588086547e-06,4.970703024e-01,2.003850520e-08
pi+1.98,1.980000000e+00,3.591611190e-06,4.975585837e-01,2.017341988e-08
pi+1.98,1.980000000e+00,3.595135833e-06,4.980468649e-01,1.996161627e-08
pi+1.98,1.980000000e+00,3.598660476e-06,4.985351461e-01,2.023050959e-08
pi+1.98,1.980000000e+00,3.602185119e-06,4.990234274e-01,2.007679975e-08
pi+1.98,1.980000000e+00,3.605709762e-06,4.995117086e-01,2.016312811e-08
pi+1.98,1.980000000e+00,3.609234405e-06,4.999999899e-01,1.991392455e-08
pi+1.98,1.980000000e+00,3.612759048e-06,5.004882711e-01,2.017975415e-08
pi+1.98,1.980000000e+00,3.616283691e-06,5.009765523e-01,2.004920786e-08
pi+1.98,1.980000000e+00,3.619808334e-06,5.014648336e-01,2.011530881e-08
pi+1.98,1.980000000e+00,3.623332977e-06,5.019531148e-01,2.017112240e-08
pi+1.98,1.980000000e+00,3.626857620e-06,5.024413961e-01,2.000880657e-08
pi+1.98,1.980000000e+00,3.630382263e-06,5.029296773e-01,2.014171313e-08
pi+1.98,1.980000000e+00,3.633906906e-06,5.034179585e-01,2.007255209e-08
pi+1.98,1.980000000e+00,3.637431549e-06,5.039062398e-01,2.010621064e-08
pi+1.98,1.980000000e+00,3.640956192e-06,5.043945210e-01,1.997043837e-08
pi+1.98,1.980000000e+00,3.644480835e-06,5.048828023e-01,2.012779062e-08
pi+1.98,1.980000000e+00,3.648005478e-06,5.053710835e-01,2.016279167e-08
pi+1.98,1.980000000e+00,3.651530121e-06,5.058593647e-01,2.002420682e-08
pi+1.98,1.980000000e+00,3.655054764e-06,5.063476460e-01,2.019300863e-08
pi+1.98,1.980000000e+00,3.658579407e-06,5.068359272e-01,1.983498000e-08
pi+1.98,1.980000000e+00,3.662104050e-06,5.073242085e-01,2.033977009e-08
pi+1.98,1.980000000e+00,3.665628693e-06,5.078124897e-01,1.999396209e-08
pi+1.98,1.980000000e+00,3.669153336e-06,5.083007709e-01,2.029857803e-08
pi+1.98,1.980000000e+00,3.672677979e-06,5.087890522e-01,1.990943583e-08
pi+1.98,1.980000000e+00,3.676202622e-06,5.092773334e-01,2.009997859e-08
pi+1.98,1.980000000e+00,3.679727265e-06,5.097656147e-01,2.000687410e-08
pi+1.98,1.980000000e+00,3.683251908e-06,5.102538959e-01,2.027981668e-08
pi+1.98,1.980000000e+00,3.686776551e-06,5.107421771e-01,2.005637717e-08
pi+1.98,1.980000000e+00,3.690301194e-06,5.112304584e-01,2.012599336e-08
pi+1.98,1.980000000e+00,3.693825837e-06,5.117187396e-01,1.998029150e-08
pi+1.98,1.980000000e+00,3.697350480e-06,5.122070209e-01,2.016642040e-08
pi+1.98,1.980000000e+00,3.700875123e-06,5.126953021e-01,1.992320461e-08
pi+1.98,1.980000000e+00,3.704399766e-06,5.131835833e-01,2.029051008e-08
pi+1.98,1.980000000e+00,3.707924408e-06,5.136718646e-01,1.991252690e-08
pi+1.98,1.980000000e+00,3.711449051e-06,5.141601458e-01,2.016919717e-08
pi+1.98,1.980000000e+00,3.714973694e-06,5.146484271e-01,1.995907734e-08
pi+1.98,1.980000000e+00,3.718498337e-06,5.151367083e-01,2.029349814e-08
pi+1.98,1.980000000e+00,3.722022980e-06,5.156249895e-01,1.996829583e-08
pi+1.98,1.980000000e+00,3.725547623e-06,5.161132708e-01,2.008477514e-08
pi+1.98,1.980000000e+00,3.729072266e-06,5.166015520e-01,2.005845452e-08
pi+1.98,1.980000000e+00,3.732596909e-06,5.170898333e-01,2.026782785e-08
pi+1.98,1.980000000e+00,3.736121552e-06,5.175781145e-01,2.012726745e-08
pi+1.98,1.980000000e+00,3.739646195e-06,5.180663957e-01,1.976306111e-08
pi+1.98,1.980000000e+00,3.743170838e-06,5.185546770e-01,2.042278562e-08
pi+1.98,1.980000000e+00,3.746695481e-06,5.190429582e-01,1.990702687e-08
pi+1.98,1.980000000e+00,3.750220124e-06,5.195312395e-01,2.020546106e-08
pi+1.98,1.980000000e+00,3.753744767e-06,5.200195207e-01,1.996829181e-08
pi+1.98,1.980000000e+00,3.757269410e-06,5.205078019e-01,2.020928858e-08
pi+1.98,1.980000000e+00,3.760794053e-06,5.209960832e-01,2.007055966e-08
pi+1.98,1.980000000e+00,3.764318696e-06,5.214843644e-01,2.006375615e-08
pi+1.98,1.980000000e+00,3.767843339e-06,5.219726457e-01,2.007285311e-08
pi+1.98,1.980000000e+00,3.771367982e-06,5.224609269e-01,2.011741433e-08
pi+1.98,1.980000000e+00,3.774892625e-06,5.229492081e-01,2.008201728e-08
pi+1.98,1.980000000e+00,3.778417268e-06,5.234374894e-01,2.011889326e-08
pi+1.98,1.980000000e+00,3.781941911e-06,5.239257706e-01,1.997786162e-08
pi+1.98,1.980000000e+00,3.785466554e-06,5.244140519e-01,2.003439316e-08
pi+1.98,1.980000000e+00,3.788991197e-06,5.249023331e-01,2.020675246e-08
pi+1.98,1.980000000e+00,3.792515840e-06,5.253906143e-01,2.011243625e-08
pi+1.98,1.980000000e+00,3.796040483e-06,5.258788956e-01,2.014971145e-08
pi+1.98,1.980000000e+00,3.799565126e-06,5.263671768e-01,2.005427085e-08
pi+1.98,1.980000000e+00,3.803089769e-06,5.268554581e-01,2.000686565e-08
pi+1.98,1.980000000e+00,3.806614412e-06,5.273437393e-01,1.997515728e-08
pi+1.98,1.980000000e+00,3.810139055e-06,5.278320205e-01,2.024684025e-08
pi+1.98,1.980000000e+00,3.813663698e-06,5.283203018e-01,1.995198448e-08
pi+1.98,1.980000000e+00,3.817188341e-06,5.288085830e-01,2.021596492e-08
pi+1.98,1.980000000e+00,3.820712984e-06,5.292968643e-01,2.019129870e-08
pi+1.98,1.980000000e+00,3.824237627e-06,5.297851455e-01,1.988525896e-08
pi+1.98,1.980000000e+00,3.827762270e-06,5.302734267e-01,2.016522397e-08
pi+1.98,1.980000000e+00,3.831286913e-06,5.307617080e-01,2.017786192e-08
pi+1.98,1.980000000e+00,3.834811556e-06,5.312499892e-01,2.006673374e-08
pi+1.98,1.980000000e+00,3.838336199e-06,5.317382705e-01,2.007888073e-08
pi+1.98,1.980000000e+00,3.841860841e-06,5.322265517e-01,2.010311796e-08
pi+1.98,1.980000000e+00,3.845385484e-06,5.327148329e-01,2.002162763e-08
pi+1.98,1.980000000e+00,3.848910127e-06,5.332031142e-01,2.020561398e-08
pi+1.98,1.980000000e+00,3.852434770e-06,5.336913954e-01,1.994875336e-08
pi+1.98,1.980000000e+00,3.855959413e-06,5.341796767e-01,2.009138950e-08
pi+1.98,1.980000000e+00,3.859484056e-06,5.346679579e-01,2.016824462e-08
pi+1.98,1.980000000e+00,3.863008699e-06,5.351562391e-01,2.005560933e-08
pi+1.98,1.980000000e+00,3.866533342e-06,5.356445204e-01,2.012840432e-08
pi+1.98,1.980000000e+00,3.870057985e-06,5.361328016e-01,2.003194154e-08
pi+1.98,1.980000000e+00,3.873582628e-06,5.366210829e-01,2.013953517e-08
pi+1.98,1.980000000e+00,3.877107271e-06,5.371093641e-01,2.008654946e-08
pi+1.98,1.980000000e+00,3.880631914e-06,5.375976453e-01,2.011910454e-08
pi+1.98,1.980000000e+00,3.884156557e-06,5.380859266e-01,2.000932491e-08
pi+1.98,1.980000000e+00,3.887681200e-06,5.385742078e-01,2.012040077e-08
pi+1.98,1.980000000e+00,3.891205843e-06,5.390624891e-01,2.010370993e-08
pi+1.98,1.980000000e+00,3.894730486e-06,5.395507703e-01,1.994835777e-08
pi+1.98,1.980000000e+00,3.898255129e-06,5.400390515e-01,2.028036680e-08
pi+1.98,1.980000000e+00,3.901779772e-06,5.405273328e-01,2.000273711e-08
pi+1.98,1.980000000e+00,3.905304415e-06,5.410156140e-01,2.009926910e-08
pi+1.98,1.980000000e+00,3.908829058e-06,5.415038953e-01,2.007835918e-08
pi+1.98,1.980000000e+00,3.912353701e-06,5.419921765e-01,2.007913869e-08
pi+1.98,1.980000000e+00,3.915878344e-06,5.424804577e-01,2.009056129e-08
pi+1.98,1.980000000e+00,3.919402987e-06,5.429687390e-01,2.024544945e-08
pi+1.98,1.980000000e+00,3.922927630e-06,5.434570202e-01,2.006330825e-08
pi+1.98,1.980000000e+00,3.926452273e-06,5.439453015e-01,2.003032458e-08
pi+1.98,1.980000000e+00,3.929976916e-06,5.444335827e-01,2.002350779e-08
pi+1.98,1.980000000e+00,3.933501559e-06,5.449218639e-01,2.017364806e-08
pi+1.98,1.980000000e+00,3.937026202e-06,5.454101452e-01,1.999459995e-08
pi+1.98,1.980000000e+00,3.940550845e-06,5.458984264e-01,2.021724827e-08
pi+1.98,1.980000000e+00,3.944075488e-06,5.463867077e-01,1.999217208e-08
pi+1.98,1.980000000e+00,3.947600131e-06,5.468749889e-01,2.005188040e-08
pi+1.98,1.980000000e+00,3.951124774e-06,5.473632701e-01,2.015279246e-08
pi+1.98,1.980000000e+00,3.954649417e-06,5.478515514e-01,2.017550810e-08
pi+1.98,1.980000000e+00,3.958174060e-06,5.483398326e-01,2.000154551e-08
pi+1.98,1.980000000e+00,3.961698703e-06,5.488281139e-01,1.999299465e-08
pi+1.98,1.980000000e+00,3.965223346e-06,5.493163951e-01,2.027019616e-08
pi+1.98,1.980000000e+00,3.968747989e-06,5.498046763e-01,2.011055287e-08
pi+1.98,1.980000000e+00,3.972272632e-06,5.502929576e-01,2.011668110e-08
pi+1.98,1.980000000e+00,3.975797274e-06,5.507812388e-01,1.980668385e-08
pi+1.98,1.980000000e+00,3.979321917e-06,5.512695201e-01,2.026303771e-08
pi+1.98,1.980000000e+00,3.982846560e-06,5.517578013e-01,2.004191782e-08
pi+1.98,1.980000000e+00,3.986371203e-06,5.522460825e-01,2.022356121e-08
pi+1.98,1.980000000e+00,3.989895846e-06,5.527343638e-01,1.984555710e-08
pi+1.98,1.980000000e+00,3.993420489e-06,5.532226450e-01,2.035003732e-08
pi+1.98,1.980000000e+00,3.996945132e-06,5.537109263e-01,1.992936382e-08
pi+1.98,1.980000000e+00,4.000469775e-06,5.541992075e-01,2.014871141e-08
pi+1.98,1.980000000e+00,4.003994418e-06,5.546874887e-01,2.004088840e-08
pi+1.98,1.980000000e+00,4.007519061e-06,5.551757700e-01,2.020424330e-08
pi+1.98,1.980000000e+00,4.011043704e-06,5.556640512e-01,1.991691501e-08
pi+1.98,1.980000000e+00,4.014568347e-06,5.561523325e-01,2.013734192e-08
pi+1.98,1.980000000e+00,4.018092990e-06,5.566406137e-01,2.026246304e-08
pi+1.98,1.980000000e+00,4.021617633e-06,5.571288949e-01,1.992385534e-08
pi+1.98,1.980000000e+00,4.025142276e-06,5.576171762e-01,2.020541679e-08
pi+1.98,1.980000000e+00,4.028666919e-06,5.581054574e-01,1.989925512e-08
pi+1.98,1.980000000e+00,4.032191562e-06,5.585937387e-01,2.020215227e-08
pi+1.98,1.980000000e+00,4.035716205e-06,5.590820199e-01,2.014595073e-08
pi+1.98,1.980000000e+00,4.039240848e-06,5.595703011e-01,2.009425239e-08
pi+1.98,1.980000000e+00,4.042765491e-06,5.600585824e-01,1.991895172e-08
pi+1.98,1.980000000e+00,4.046290134e-06,5.605468636e-01,2.020937068e-08
pi+1.98,1.980000000e+00,4.049814777e-06,5.610351449e-01,2.000869591e-08
pi+1.98,1.980000000e+00,4.053339420e-06,5.615234261e-01,2.026554365e-08
pi+1.98,1.980000000e+00,4.056864063e-06,5.620117073e-01,2.002496017e-08
pi+1.98,1.980000000e+00,4.060388706e-06,5.624999886e-01,2.010235535e-08
pi+1.98,1.980000000e+00,4.063913349e-06,5.629882698e-01,2.002354280e-08
pi+1.98,1.980000000e+00,4.067437992e-06,5.634765511e-01,2.014922209e-08
pi+1.98,1.980000000e+00,4.070962635e-06,5.639648323e-01,1.997809423e-08
pi+1.98,1.980000000e+00,4.074487278e-06,5.644531135e-01,2.010466691e-08
pi+1.98,1.980000000e+00,4.078011921e-06,5.649413948e-01,2.017501311e-08
pi+1.98,1.980000000e+00,4.081536564e-06,5.654296760e-01,2.017459619e-08
pi+1.98,1.980000000e+00,4.085061207e-06,5.659179573e-01,1.996859202e-08
pi+1.98,1.980000000e+00,4.088585850e-06,5.664062385e-01,2.016246168e-08
pi+1.98,1.980000000e+00,4.092110493e-06,5.668945197e-01,1.989868689e-08
pi+1.98,1.980000000e+00,4.095635136e-06,5.673828010e-01,2.024610219e-08
pi+1.98,1.980000000e+00,4.099159779e-06,5.678710822e-01,2.012971866e-08
pi+1.98,1.980000000e+00,4.102684422e-06,5.683593635e-01,2.013066840e-08
pi+1.98,1.980000000e+00,4.106209065e-06,5.688476447e-01,2.000769425e-08
pi+1.98,1.980000000e+00,4.109733708e-06,5.693359259e-01,1.997553678e-08
pi+1.98,1.980000000e+00,4.113258350e-06,5.698242072e-01,2.028119098e-08
pi+1.98,1.980000000e+00,4.116782993e-06,5.703124884e-01,1.995470009e-08
pi+1.98,1.980000000e+00,4.120307636e-06,5.708007697e-01,2.005546285e-08
pi+1.98,1.980000000e+00,4.123832279e-06,5.712890509e-01,2.010176297e-08
pi+1.98,1.980000000e+00,4.127356922e-06,5.717773321e-01,2.020247663e-08
pi+1.98,1.980000000e+00,4.130881565e-06,5.722656134e-01,2.009413006e-08
pi+1.98,1.980000000e+00,4.134406208e-06,5.727538946e-01,2.003265586e-08
pi+1.98,1.980000000e+00,4.137930851e-06,5.732421759e-01,2.010418198e-08
pi+1.98,1.980000000e+00,4.141455494e-06,5.737304571e-01,2.006658404e-08
pi+1.98,1.980000000e+00,4.144980137e-06,5.742187383e-01,2.013633463e-08
pi+1.98,1.980000000e+00,4.148504780e-06,5.747070196e-01,1.997315961e-08
pi+1.98,1.980000000e+00,4.152029423e-06,5.751953008e-01,2.023966611e-08
pi+1.98,1.980000000e+00,4.155554066e-06,5.756835821e-01,2.012310632e-08
pi+1.98,1.980000000e+00,4.159078709e-06,5.761718633e-01,1.995390891e-08
pi+1.98,1.980000000e+00,4.162603352e-06,5.766601445e-01,2.008923408e-08
pi+1.98,1.980000000e+00,4.166127995e-06,5.771484258e-01,2.024109233e-08
pi+1.98,1.980000000e+00,4.169652638e-06,5.776367070e-01,1.985912789e-08
pi+1.98,1.980000000e+00,4.173177281e-06,5.781249883e-01,2.030295165e-08
pi+1.98,1.980000000e+00,4.176701924e-06,5.786132695e-01,2.004983364e-08
pi+1.98,1.980000000e+00,4.180226567e-06,5.791015507e-01,1.990916177e-08
pi+1.98,1.980000000e+00,4.183751210e-06,5.795898320e-01,2.020618141e-08
pi+1.98,1.980000000e+00,4.187275853e-06,5.800781132e-01,2.000839247e-08
pi+1.98,1.980000000e+00,4.190800496e-06,5.805663945e-01,2.033193998e-08
pi+1.98,1.980000000e+00,4.194325139e-06,5.810546757e-01,1.988872470e-08
pi+1.98,1.980000000e+00,4.197849782e-06,5.815429569e-01,2.019663172e-08
pi+1.98,1.980000000e+00,4.201374425e-06,5.820312382e-01,2.003962114e-08
pi+1.98,1.980000000e+00,4.204899068e-06,5.825195194e-01,2.002607651e-08
pi+1.98,1.980000000e+00,4.208423711e-06,5.830078007e-01,2.021363846e-08
pi+1.98,1.980000000e+00,4.211948354e-06,5.834960819e-01,1.993753117e-08
pi+1.98,1.980000000e+00,4.215472997e-06,5.839843631e-01,2.029710151e-08
pi+1.98,1.980000000e+00,4.218997640e-06,5.844726444e-01,1.991846236e-08
pi+1.98,1.980000000e+00,4.222522283e-06,5.849609256e-01,2.004843076e-08
pi+1.98,1.980000000e+00,4.226046926e-06,5.854492069e-01,2.030688220e-08
pi+1.98,1.980000000e+00,4.229571569e-06,5.859374881e-01,1.990718342e-08
pi+1.98,1.980000000e+00,4.233096212e-06,5.864257693e-01,2.016896054e-08
pi+1.98,1.980000000e+00,4.236620855e-06,5.869140506e-01,2.007803441e-08
pi+1.98,1.980000000e+00,4.240145498e-06,5.874023318e-01,2.006511074e-08
pi+1.98,1.980000000e+00,4.243670141e-06,5.878906131e-01,2.010416589e-08
pi+1.98,1.980000000e+00,4.247194783e-06,5.883788943e-01,2.019522401e-08
pi+1.98,1.980000000e+00,4.250719426e-06,5.888671756e-01,1.994400789e-08
pi+1.98,1.980000000e+00,4.254244069e-06,5.893554568e-01,2.018622645e-08
pi+1.98,1.980000000e+00,4.257768712e-06,5.898437380e-01,2.004496301e-08
pi+1.98,1.980000000e+00,4.261293355e-06,5.903320193e-01,2.012956534e-08
pi+1.98,1.980000000e+00,4.264817998e-06,5.908203005e-01,2.001553845e-08
pi+1.98,1.980000000e+00,4.268342641e-06,5.913085818e-01,2.021269436e-08
pi+1.98,1.980000000e+00,4.271867284e-06,5.917968630e-01,1.995616051e-08
pi+1.98,1.980000000e+00,4.275391927e-06,5.922851442e-01,2.017966280e-08
pi+1.98,1.980000000e+00,4.278916570e-06,5.927734255e-01,2.003335046e-08
pi+1.98,1.980000000e+00,4.282441213e-06,5.932617067e-01,2.009678047e-08
pi+1.98,1.980000000e+00,4.285965856e-06,5.937499880e-01,2.011459167e-08
pi+1.98,1.980000000e+00,4.289490499e-06,5.942382692e-01,2.004054472e-08
pi+1.98,1.980000000e+00,4.293015142e-06,5.947265504e-01,2.013154610e-08
pi+1.98,1.980000000e+00,4.296539785e-06,5.952148317e-01,2.010010053e-08
pi+1.98,1.980000000e+00,4.300064428e-06,5.957031129e-01,2.004311706e-08
pi+1.98,1.980000000e+00,4.303589071e-06,5.961913942e-01,2.029731399e-08
pi+1.98,1.980000000e+00,4.307113714e-06,5.966796754e-01,1.991679791e-08
pi+1.98,1.980000000e+00,4.310638357e-06,5.971679566e-01,2.002368003e-08
pi+1.98,1.980000000e+00,4.314163000e-06,5.976562379e-01,2.016939557e-08
pi+1.98,1.980000000e+00,4.317687643e-06,5.981445191e-01,2.003082359e-08
pi+1.98,1.980000000e+00,4.321212286e-06,5.986328004e-01,2.012211996e-08
pi+1.98,1.980000000e+00,4.324736929e-06,5.991210816e-01,2.015285645e-08
pi+1.98,1.980000000e+00,4.328261572e-06,5.996093628e-01,2.010598447e-08
pi+1.98,1.980000000e+00,4.331786215e-06,6.000976441e-01,1.992937227e-08
pi+1.98,1.980000000e+00,4.335310858e-06,6.005859253e-01,2.013893152e-08
pi+1.98,1.980000000e+00,4.338835501e-06,6.010742066e-01,2.018455113e-08
pi+1.98,1.980000000e+00,4.342360144e-06,6.015624878e-01,2.002975111e-08
pi+1.98,1.980000000e+00,4.345884787e-06,6.020507690e-01,2.004411227e-08
pi+1.98,1.980000000e+00,4.349409430e-06,6.025390503e-01,2.022858597e-08
pi+1.98,1.980000000e+00,4.352934073e-06,6.030273315e-01,1.999340110e-08
pi+1.98,1.980000000e+00,4.356458716e-06,6.035156128e-01,2.007647620e-08
pi+1.98,1.980000000e+00,4.359983359e-06,6.040038940e-01,2.025744834e-08
pi+1.98,1.980000000e+00,4.363508002e-06,6.044921752e-01,1.994275633e-08
pi+1.98,1.980000000e+00,4.367032645e-06,6.049804565e-01,2.016988090e-08
pi+1.98,1.980000000e+00,4.370557288e-06,6.054687377e-01,1.993551297e-08
pi+1.98,1.980000000e+00,4.374081931e-06,6.059570190e-01,2.020523369e-08
pi+1.98,1.980000000e+00,4.377606574e-06,6.064453002e-01,2.012374216e-08
pi+1.98,1.980000000e+00,4.381131216e-06,6.069335814e-01,2.006028277e-08
pi+1.98,1.980000000e+00,4.384655859e-06,6.074218627e-01,2.023561966e-08
pi+1.98,1.980000000e+00,4.388180502e-06,6.079101439e-01,1.975946820e-08
pi+1.98,1.980000000e+00,4.391705145e-06,6.083984252e-01,2.018286575e-08
pi+1.98,1.980000000e+00,4.395229788e-06,6.088867064e-01,2.028514447e-08
pi+1.98,1.980000000e+00,4.398754431e-06,6.093749876e-01,2.002585880e-08
pi+1.98,1.980000000e+00,4.402279074e-06,6.098632689e-01,2.006318872e-08
pi+1.98,1.980000000e+00,4.405803717e-06,6.103515501e-01,2.006785974e-08
pi+1.98,1.980000000e+00,4.409328360e-06,6.108398314e-01,2.021811229e-08
pi+1.98,1.980000000e+00,4.412853003e-06,6.113281126e-01,1.977232709e-08
pi+1.98,1.980000000e+00,4.416377646e-06,6.118163938e-01,2.028074831e-08
pi+1.98,1.980000000e+00,4.419902289e-06,6.123046751e-01,2.006499363e-08
pi+1.98,1.980000000e+00,4.423426932e-06,6.127929563e-01,2.021461195e-08
pi+1.98,1.980000000e+00,4.426951575e-06,6.132812376e-01,1.992371892e-08
pi+1.98,1.980000000e+00,4.430476218e-06,6.137695188e-01,2.002092740e-08
pi+1.98,1.980000000e+00,4.434000861e-06,6.142578000e-01,2.015730613e-08
pi+1.98,1.980000000e+00,4.437525504e-06,6.147460813e-01,2.011439569e-08
pi+1.98,1.980000000e+00,4.441050147e-06,6.152343625e-01,2.012922770e-08
pi+1.98,1.980000000e+00,4.444574790e-06,6.157226438e-01,2.018295429e-08
pi+1.98,1.980000000e+00,4.448099433e-06,6.162109250e-01,1.976858287e-08
pi+1.98,1.980000000e+00,4.451624076e-06,6.166992062e-01,2.021670459e-08
pi+1.98,1.980000000e+00,4.455148719e-06,6.171874875e-01,2.008783321e-08
pi+1.98,1.980000000e+00,4.458673362e-06,6.176757687e-01,2.029632562e-08
pi+1.98,1.980000000e+00,4.462198005e-06,6.181640500e-01,1.989636566e-08
pi+1.98,1.980000000e+00,4.465722648e-06,6.186523312e-01,2.037400934e-08
pi+1.98,1.980000000e+00,4.469247291e-06,6.191406124e-01,1.991923704e-08
pi+1.98,1.980000000e+00,4.472771934e-06,6.196288937e-01,2.004342573e-08
pi+1.98,1.980000000e+00,4.476296577e-06,6.201171749e-01,2.019556608e-08
pi+1.98,1.980000000e+00,4.479821220e-06,6.206054562e-01,2.002619845e-08
pi+1.98,1.980000000e+00,4.483345863e-06,6.210937374e-01,2.006212067e-08
pi+1.98,1.980000000e+00,4.486870506e-06,6.215820186e-01,2.013916292e-08
pi+1.98,1.980000000e+00,4.490395149e-06,6.220702999e-01,2.011725134e-08
pi+1.98,1.980000000e+00,4.493919792e-06,6.225585811e-01,1.998719320e-08
pi+1.98,1.980000000e+00,4.497444435e-06,6.230468624e-01,2.022954979e-08
pi+1.98,1.980000000e+00,4.500969078e-06,6.235351436e-01,1.973470540e-08
pi+1.98,1.980000000e+00,4.504493721e-06,6.240234248e-01,2.031167153e-08
pi+1.98,1.980000000e+00,4.508018364e-06,6.245117061e-01,2.020278610e-08
pi+1.98,1.980000000e+00,4.511543007e-06,6.249999873e-01,1.994596854e-08
pi+1.98,1.980000000e+00,4.515067649e-06,6.254882686e-01,2.033796719e-08
pi+1.98,1.980000000e+00,4.518592292e-06,6.259765498e-01,1.999578430e-08
pi+1.98,1.980000000e+00,4.522116935e-06,6.264648310e-01,1.993226455e-08
pi+1.98,1.980000000e+00,4.525641578e-06,6.269531123e-01,2.014735884e-08
pi+1.98,1.980000000e+00,4.529166221e-06,6.274413935e-01,2.010878097e-08
pi+1.98,1.980000000e+00,4.532690864e-06,6.279296748e-01,2.013554788e-08
pi+1.98,1.980000000e+00,4.536215507e-06,6.284179560e-01,1.996177805e-08
pi+1.98,1.980000000e+00,4.539740150e-06,6.289062372e-01,2.027900819e-08
pi+1.98,1.980000000e+00,4.543264793e-06,6.293945185e-01,1.991362192e-08
pi+1.98,1.980000000e+00,4.546789436e-06,6.298827997e-01,1.998486071e-08
pi+1.98,1.980000000e+00,4.550314079e-06,6.303710810e-01,2.017055779e-08
pi+1.98,1.980000000e+00,4.553838722e-06,6.308593622e-01,2.020389882e-08
pi+1.98,1.980000000e+00,4.557363365e-06,6.313476434e-01,2.013436312e-08
pi+1.98,1.980000000e+00,4.560888008e-06,6.318359247e-01,1.996169636e-08
pi+1.98,1.980000000e+00,4.564412651e-06,6.323242059e-01,2.000286266e-08
pi+1.98,1.980000000e+00,4.567937294e-06,6.328124872e-01,2.009606132e-08
pi+1.98,1.980000000e+00,4.571461937e-06,6.333007684e-01,2.018395312e-08
pi+1.98,1.980000000e+00,4.574986580e-06,6.337890496e-01,2.026689461e-08
pi+1.98,1.980000000e+00,4.578511223e-06,6.342773309e-01,1.985517481e-08
pi+1.98,1.980000000e+00,4.582035866e-06,6.347656121e-01,2.012788921e-08
pi+1.98,1.980000000e+00,4.585560509e-06,6.352538934e-01,2.005717841e-08
pi+1.98,1.980000000e+00,4.589085152e-06,6.357421746e-01,2.007586048e-08
pi+1.98,1.980000000e+00,4.592609795e-06,6.362304558e-01,2.022981902e-08
pi+1.98,1.980000000e+00,4.596134438e-06,6.367187371e-01,1.992144679e-08
pi+1.98,1.980000000e+00,4.599659081e-06,6.372070183e-01,2.033125706e-08
pi+1.98,1.980000000e+00,4.603183724e-06,6.376952996e-01,1.994919322e-08
pi+1.98,1.980000000e+00,4.606708367e-06,6.381835808e-01,2.006124055e-08
pi+1.98,1.980000000e+00,4.610233010e-06,6.386718620e-01,2.006769555e-08
pi+1.98,1.980000000e+00,4.613757653e-06,6.391601433e-01,2.007354006e-08
pi+1.98,1.980000000e+00,4.617282296e-06,6.396484245e-01,2.012014201e-08
pi+1.98,1.980000000e+00,4.620806939e-06,6.401367058e-01,2.027081872e-08
pi+1.98,1.980000000e+00,4.624331582e-06,6.406249870e-01,2.006824970e-08
pi+1.98,1.980000000e+00,4.627856225e-06,6.411132682e-01,1.994827004e-08
pi+1.98,1.980000000e+00,4.631380868e-06,6.416015495e-01,2.001587287e-08
pi+1.98,1.980000000e+00,4.634905511e-06,6.420898307e-01,2.014453940e-08
pi+1.98,1.980000000e+00,4.638430154e-06,6.425781120e-01,2.023110438e-08
pi+1.98,1.980000000e+00,4.641954797e-06,6.430663932e-01,2.004426480e-08
pi+1.98,1.980000000e+00,4.645479440e-06,6.435546744e-01,2.016441951e-08
pi+1.98,1.980000000e+00,4.649004083e-06,6.440429557e-01,2.001114913e-08
pi+1.98,1.980000000e+00,4.652528725e-06,6.445312369e-01,2.003549461e-08
pi+1.98,1.980000000e+00,4.656053368e-06,6.450195182e-01,2.020041457e-08
pi+1.98,1.980000000e+00,4.659578011e-06,6.455077994e-01,1.993394027e-08
pi+1.98,1.980000000e+00,4.663102654e-06,6.459960806e-01,2.032343983e-08
pi+1.98,1.980000000e+00,4.666627297e-06,6.464843619e-01,1.984038305e-08
pi+1.98,1.980000000e+00,4.670151940e-06,6.469726431e-01,2.015275866e-08
pi+1.98,1.980000000e+00,4.673676583e-06,6.474609244e-01,2.017350480e-08
pi+1.98,1.980000000e+00,4.677201226e-06,6.479492056e-01,2.003904566e-08
pi+1.98,1.980000000e+00,4.680725869e-06,6.484374868e-01,2.019228868e-08
pi+1.98,1.980000000e+00,4.684250512e-06,6.489257681e-01,2.012287934e-08
pi+1.98,1.980000000e+00,4.687775155e-06,6.494140493e-01,1.993252371e-08
pi+1.98,1.980000000e+00,4.691299798e-06,6.499023306e-01,1.999667528e-08
pi+1.98,1.980000000e+00,4.694824441e-06,6.503906118e-01,2.017828810e-08
pi+1.98,1.980000000e+00,4.698349084e-06,6.508788930e-01,2.010192716e-08
pi+1.98,1.980000000e+00,4.701873727e-06,6.513671743e-01,1.997102311e-08
pi+1.98,1.980000000e+00,4.705398370e-06,6.518554555e-01,2.019306980e-08
pi+1.98,1.980000000e+00,4.708923013e-06,6.523437368e-01,2.018987248e-08
pi+1.98,1.980000000e+00,4.712447656e-06,6.528320180e-01,2.012491806e-08
pi+1.98,1.980000000e+00,4.715972299e-06,6.533202992e-01,1.996687927e-08
pi+1.98,1.980000000e+00,4.719496942e-06,6.538085805e-01,2.012230467e-08
pi+1.98,1.980000000e+00,4.723021585e-06,6.542968617e-01,2.024568487e-08
pi+1.98,1.980000000e+00,4.726546228e-06,6.547851430e-01,1.996090397e-08
pi+1.98,1.980000000e+00,4.730070871e-06,6.552734242e-01,2.022203841e-08
pi+1.98,1.980000000e+00,4.733595514e-06,6.557617054e-01,1.993087978e-08
pi+1.98,1.980000000e+00,4.737120157e-06,6.562499867e-01,2.003997488e-08
pi+1.98,1.980000000e+00,4.740644800e-06,6.567382679e-01,2.027480359e-08
pi+1.98,1.980000000e+00,4.744169443e-06,6.572265492e-01,1.998505830e-08
pi+1.98,1.980000000e+00,4.747694086e-06,6.577148304e-01,2.015029980e-08
pi+1.98,1.980000000e+00,4.751218729e-06,6.582031116e-01,2.001842267e-08
pi+1.98,1.980000000e+00,4.754743372e-06,6.586913929e-01,1.996556936e-08
pi+1.98,1.980000000e+00,4.758268015e-06,6.591796741e-01,2.021867731e-08
pi+1.98,1.980000000e+00,4.761792658e-06,6.596679554e-01,2.002544751e-08
pi+1.98,1.980000000e+00,4.765317301e-06,6.601562366e-01,2.006225951e-08
pi+1.98,1.980000000e+00,4.768841944e-06,6.606445178e-01,2.005327080e-08
pi+1.98,1.980000000e+00,4.772366587e-06,6.611327991e-01,2.012269423e-08
pi+1.98,1.980000000e+00,4.775891230e-06,6.616210803e-01,2.006988196e-08
pi+1.98,1.980000000e+00,4.779415873e-06,6.621093616e-01,2.029568817e-08
pi+1.98,1.980000000e+00,4.782940516e-06,6.625976428e-01,1.989204395e-08
pi+1.98,1.980000000e+00,4.786465158e-06,6.630859240e-01,2.024227749e-08
pi+1.98,1.980000000e+00,4.789989801e-06,6.635742053e-01,1.988557608e-08
pi+1.98,1.980000000e+00,4.793514444e-06,6.640624865e-01,2.032656269e-08
pi+1.98,1.980000000e+00,4.797039087e-06,6.645507678e-01,1.988177471e-08
pi+1.98,1.980000000e+00,4.800563730e-06,6.650390490e-01,2.025626600e-08
pi+1.98,1.980000000e+00,4.804088373e-06,6.655273302e-01,2.014204956e-08
pi+1.98,1.980000000e+00,4.807613016e-06,6.660156115e-01,2.003437303e-08
pi+1.98,1.980000000e+00,4.811137659e-06,6.665038927e-01,1.993202188e-08
pi+1.98,1.980000000e+00,4.814662302e-06,6.669921740e-01,2.011417797e-08
pi+1.98,1.980000000e+00,4.818186945e-06,6.674804552e-01,2.024106818e-08
pi+1.98,1.980000000e+00,4.821711588e-06,6.679687364e-01,1.993486466e-08
pi+1.98,1.980000000e+00,4.825236231e-06,6.684570177e-01,2.022780123e-08
pi+1.98,1.980000000e+00,4.828760874e-06,6.689452989e-01,2.002388608e-08
pi+1.98,1.980000000e+00,4.832285517e-06,6.694335802e-01,2.015789529e-08
pi+1.98,1.980000000e+00,4.835810160e-06,6.699218614e-01,1.999127546e-08
pi+1.98,1.980000000e+00,4.839334803e-06,6.704101426e-01,2.009628387e-08
pi+1.98,1.980000000e+00,4.842859446e-06,6.708984239e-01,2.009709034e-08
pi+1.98,1.980000000e+00,4.846384089e-06,6.713867051e-01,2.020376401e-08
pi+1.98,1.980000000e+00,4.849908732e-06,6.718749864e-01,1.994163355e-08
pi+1.98,1.980000000e+00,4.853433375e-06,6.723632676e-01,2.026041386e-08
pi+1.98,1.980000000e+00,4.856958018e-06,6.728515488e-01,2.014066238e-08
pi+1.98,1.980000000e+00,4.860482661e-06,6.733398301e-01,1.995827046e-08
pi+1.98,1.980000000e+00,4.864007304e-06,6.738281113e-01,2.000655900e-08
pi+1.98,1.980000000e+00,4.867531947e-06,6.743163926e-01,2.010273967e-08
pi+1.98,1.980000000e+00,4.871056590e-06,6.748046738e-01,2.006425436e-08
pi+1.98,1.980000000e+00,4.874581233e-06,6.752929550e-01,2.026909189e-08
pi+1.98,1.980000000e+00,4.878105876e-06,6.757812363e-01,2.008081280e-08
pi+1.98,1.980000000e+00,4.881630519e-06,6.762695175e-01,2.004974309e-08
pi+1.98,1.980000000e+00,4.885155162e-06,6.767577988e-01,2.009954759e-08
pi+1.98,1.980000000e+00,4.888679805e-06,6.772460800e-01,2.004646609e-08
pi+1.98,1.980000000e+00,4.892204448e-06,6.777343612e-01,1.998649941e-08
pi+1.98,1.980000000e+00,4.895729091e-06,6.782226425e-01,2.029787981e-08
pi+1.98,1.980000000e+00,4.899253734e-06,6.787109237e-01,1.986507100e-08
pi+1.98,1.980000000e+00,4.902778377e-06,6.791992050e-01,2.018975256e-08
pi+1.98,1.980000000e+00,4.906303020e-06,6.796874862e-01,1.996219537e-08
pi+1.98,1.980000000e+00,4.909827663e-06,6.801757674e-01,2.012989815e-08
pi+1.98,1.980000000e+00,4.913352306e-06,6.806640487e-01,2.021928779e-08
pi+1.98,1.980000000e+00,4.916876949e-06,6.811523299e-01,2.014713106e-08
pi+1.98,1.980000000e+00,4.920401591e-06,6.816406112e-01,1.991224399e-08
pi+1.98,1.980000000e+00,4.923926234e-06,6.821288924e-01,2.027112215e-08
pi+1.98,1.980000000e+00,4.927450877e-06,6.826171736e-01,2.009560094e-08
pi+1.98,1.980000000e+00,4.930975520e-06,6.831054549e-01,1.986320855e-08
pi+1.98,1.980000000e+00,4.934500163e-06,6.835937361e-01,2.023031401e-08
pi+1.98,1.980000000e+00,4.938024806e-06,6.840820174e-01,1.997917113e-08
pi+1.98,1.980000000e+00,4.941549449e-06,6.845702986e-01,2.023979610e-08
pi+1.98,1.980000000e+00,4.945074092e-06,6.850585798e-01,1.988113364e-08
pi+1.98,1.980000000e+00,4.948598735e-06,6.855468611e-01,2.022822257e-08
pi+1.98,1.980000000e+00,4.952123378e-06,6.860351423e-01,2.005326759e-08
pi+1.98,1.980000000e+00,4.955648021e-06,6.865234236e-01,2.020762936e-08
pi+1.98,1.980000000e+00,4.959172664e-06,6.870117048e-01,1.984143661e-08
pi+1.98,1.980000000e+00,4.962697307e-06,6.874999860e-01,2.027849550e-08
pi+1.98,1.980000000e+00,4.966221950e-06,6.879882673e-01,1.991168663e-08
pi+1.98,1.980000000e+00,4.969746593e-06,6.884765485e-01,2.025390332e-08
pi+1.98,1.980000000e+00,4.973271236e-06,6.889648298e-01,2.017052479e-08
pi+1.98,1.980000000e+00,4.976795879e-06,6.894531110e-01,1.994306017e-08
pi+1.98,1.980000000e+00,4.980320522e-06,6.899413922e-01,2.014117588e-08
pi+1.98,1.980000000e+00,4.983845165e-06,6.904296735e-01,2.009804008e-08
pi+1.98,1.980000000e+00,4.987369808e-06,6.909179547e-01,2.009973592e-08
pi+1.98,1.980000000e+00,4.990894451e-06,6.914062360e-01,2.004808105e-08
pi+1.98,1.980000000e+00,4.994419094e-06,6.918945172e-01,2.003589785e-08
pi+1.98,1.980000000e+00,4.997943737e-06,6.923827984e-01,2.006392195e-08
pi+1.98,1.980000000e+00,5.001468380e-06,6.928710797e-01,2.031554614e-08
pi+1.98,1.980000000e+00,5.004993023e-06,6.933593609e-01,2.003304944e-08
pi+1.98,1.980000000e+00,5.008517666e-06,6.938476422e-01,2.016045878e-08
pi+1.98,1.980000000e+00,5.012042309e-06,6.943359234e-01,1.984226200e-08
pi+1.98,1.980000000e+00,5.015566952e-06,6.948242046e-01,2.030766211e-08
pi+1.98,1.980000000e+00,5.019091595e-06,6.953124859e-01,2.003605681e-08
pi+1.98,1.980000000e+00,5.022616238e-06,6.958007671e-01,1.997013132e-08
pi+1.98,1.980000000e+00,5.026140881e-06,6.962890484e-01,2.001745201e-08
pi+1.98,1.980000000e+00,5.029665524e-06,6.967773296e-01,2.035693821e-08
pi+1.98,1.980000000e+00,5.033190167e-06,6.972656109e-01,1.994419623e-08
pi+1.98,1.980000000e+00,5.036714810e-06,6.977538921e-01,2.010086072e-08
pi+1.98,1.980000000e+00,5.040239453e-06,6.982421733e-01,2.016233652e-08
pi+1.98,1.980000000e+00,5.043764096e-06,6.987304546e-01,1.992512059e-08
pi+1.98,1.980000000e+00,5.047288739e-06,6.992187358e-01,2.024856950e-08
pi+1.98,1.980000000e+00,5.050813382e-06,6.997070171e-01,2.007918939e-08
pi+1.98,1.980000000e+00,5.054338024e-06,7.001952983e-01,2.016379413e-08
pi+1.98,1.980000000e+00,5.057862667e-06,7.006835795e-01,2.003112421e-08
pi+1.98,1.980000000e+00,5.061387310e-06,7.011718608e-01,1.995730785e-08
pi+1.98,1.980000000e+00,5.064911953e-06,7.016601420e-01,2.012611127e-08
pi+1.98,1.980000000e+00,5.068436596e-06,7.021484233e-01,2.005498959e-08
pi+1.98,1.980000000e+00,5.071961239e-06,7.026367045e-01,2.011012147e-08
pi+1.98,1.980000000e+00,5.075485882e-06,7.031249857e-01,2.010789160e-08
pi+1.98,1.980000000e+00,5.079010525e-06,7.036132670e-01,2.012680224e-08
pi+1.98,1.980000000e+00,5.082535168e-06,7.041015482e-01,2.025885725e-08
pi+1.98,1.980000000e+00,5.086059811e-06,7.045898295e-01,2.001892249e-08
pi+1.98,1.980000000e+00,5.089584454e-06,7.050781107e-01,2.005861348e-08
pi+1.98,1.980000000e+00,5.093109097e-06,7.055663919e-01,2.009036531e-08
pi+1.98,1.980000000e+00,5.096633740e-06,7.060546732e-01,2.011493414e-08
pi+1.98,1.980000000e+00,5.100158383e-06,7.065429544e-01,2.000880014e-08
pi+1.98,1.980000000e+00,5.103683026e-06,7.070312357e-01,2.006040591e-08
pi+1.98,1.980000000e+00,5.107207669e-06,7.075195169e-01,2.007236939e-08
pi+1.98,1.980000000e+00,5.110732312e-06,7.080077981e-01,2.011708353e-08
pi+1.98,1.980000000e+00,5.114256955e-06,7.084960794e-01,2.001436858e-08
pi+1.98,1.980000000e+00,5.117781598e-06,7.089843606e-01,2.030642463e-08
pi+1.98,1.980000000e+00,5.121306241e-06,7.094726419e-01,1.994417651e-08
pi+1.98,1.980000000e+00,5.124830884e-06,7.099609231e-01,2.006666814e-08
pi+1.98,1.980000000e+00,5.128355527e-06,7.104492043e-01,2.007551238e-08
pi+1.98,1.980000000e+00,5.131880170e-06,7.109374856e-01,2.026079617e-08
pi+1.98,1.980000000e+00,5.135404813e-06,7.114257668e-01,2.002139382e-08
pi+1.98,1.980000000e+00,5.138929456e-06,7.119140481e-01,2.013789285e-08
pi+1.98,1.980000000e+00,5.142454099e-06,7.124023293e-01,1.989908047e-08
pi+1.98,1.980000000e+00,5.145978742e-06,7.128906105e-01,2.017430885e-08
pi+1.98,1.980000000e+00,5.149503385e-06,7.133788918e-01,2.018353821e-08
pi+1.98,1.980000000e+00,5.153028028e-06,7.138671730e-01,1.999268196e-08
pi+1.98,1.980000000e+00,5.156552671e-06,7.143554543e-01,2.009346886e-08
pi+1.98,1.980000000e+00,5.160077314e-06,7.148437355e-01,2.006004815e-08
pi+1.98,1.980000000e+00,5.163601957e-06,7.153320167e-01,2.020652630e-08
pi+1.98,1.980000000e+00,5.167126600e-06,7.158202980e-01,1.990350882e-08
pi+1.98,1.980000000e+00,5.170651243e-06,7.163085792e-01,2.031424629e-08
pi+1.98,1.980000000e+00,5.174175886e-06,7.167968605e-01,2.007239434e-08
pi+1.98,1.980000000e+00,5.177700529e-06,7.172851417e-01,1.993723337e-08
pi+1.98,1.980000000e+00,5.181225172e-06,7.177734229e-01,2.026357576e-08
pi+1.98,1.980000000e+00,5.184749815e-06,7.182617042e-01,1.999897840e-08
pi+1.98,1.980000000e+00,5.188274458e-06,7.187499854e-01,2.008051299e-08
pi+1.98,1.980000000e+00,5.191799100e-06,7.192382667e-01,2.001307235e-08
pi+1.98,1.980000000e+00,5.195323743e-06,7.197265479e-01,2.026480036e-08
pi+1.98,1.980000000e+00,5.198848386e-06,7.202148291e-01,2.004755507e-08
pi+1.98,1.980000000e+00,5.202373029e-06,7.207031104e-01,2.000496336e-08
pi+1.98,1.980000000e+00,5.205897672e-06,7.211913916e-01,2.016560950e-08
pi+1.98,1.980000000e+00,5.209422315e-06,7.216796729e-01,2.006230579e-08
pi+1.98,1.980000000e+00,5.212946958e-06,7.221679541e-01,2.013378563e-08
pi+1.98,1.980000000e+00,5.216471601e-06,7.226562353e-01,2.011526897e-08
pi+1.98,1.980000000e+00,5.219996244e-06,7.231445166e-01,1.991929902e-08
pi+1.98,1.980000000e+00,5.223520887e-06,7.236327978e-01,2.010034319e-08
pi+1.98,1.980000000e+00,5.227045530e-06,7.241210791e-01,2.007230862e-08
pi+1.98,1.980000000e+00,5.230570173e-06,7.246093603e-01,2.018416238e-08
pi+1.98,1.980000000e+00,5.234094816e-06,7.250976415e-01,2.014227693e-08
pi+1.98,1.980000000e+00,5.237619459e-06,7.255859228e-01,2.003361043e-08
pi+1.98,1.980000000e+00,5.241144102e-06,7.260742040e-01,2.029259025e-08
pi+1.98,1.980000000e+00,5.244668745e-06,7.265624853e-01,1.977692849e-08
pi+1.98,1.980000000e+00,5.248193388e-06,7.270507665e-01,2.026923153e-08
pi+1.98,1.980000000e+00,5.251718031e-06,7.275390477e-01,2.003964529e-08
pi+1.98,1.980000000e+00,5.255242674e-06,7.280273290e-01,2.010891860e-08
pi+1.98,1.980000000e+00,5.258767317e-06,7.285156102e-01,2.009569109e-08
pi+1.98,1.980000000e+00,5.262291960e-06,7.290038915e-01,2.005160595e-08
pi+1.98,1.980000000e+00,5.265816603e-06,7.294921727e-01,2.006164017e-08
pi+1.98,1.980000000e+00,5.269341246e-06,7.299804539e-01,2.021219856e-08
pi+1.98,1.980000000e+00,5.272865889e-06,7.304687352e-01,2.000058289e-08
pi+1.98,1.980000000e+00,5.276390532e-06,7.309570164e-01,2.023527277e-08
pi+1.98,1.980000000e+00,5.279915175e-06,7.314452977e-01,1.989883699e-08
pi+1.98,1.980000000e+00,5.283439818e-06,7.319335789e-01,2.026489171e-08
pi+1.98,1.980000000e+00,5.286964461e-06,7.324218601e-01,1.998330209e-08
pi+1.98,1.980000000e+00,5.290489104e-06,7.329101414e-01,2.019431613e-08
pi+1.98,1.980000000e+00,5.294013747e-06,7.333984226e-01,2.009889283e-08
pi+1.98,1.980000000e+00,5.297538390e-06,7.338867039e-01,1.986635838e-08
pi+1.98,1.980000000e+00,5.301063033e-06,7.343749851e-01,2.034261850e-08
pi+1.98,1.980000000e+00,5.304587676e-06,7.348632663e-01,1.996561564e-08
pi+1.98,1.980000000e+00,5.308112319e-06,7.353515476e-01,1.996083677e-08
pi+1.98,1.980000000e+00,5.311636962e-06,7.358398288e-01,2.020304486e-08
pi+1.98,1.980000000e+00,5.315161605e-06,7.363281101e-01,2.001404462e-08
pi+1.98,1.980000000e+00,5.318686248e-06,7.368163913e-01,2.002978451e-08
pi+1.98,1.980000000e+00,5.322210891e-06,7.373046725e-01,2.012176300e-08
pi+1.98,1.980000000e+00,5.325735533e-06,7.377929538e-01,2.029066985e-08
pi+1.98,1.980000000e+00,5.329260176e-06,7.382812350e-01,1.989849010e-08
pi+1.98,1.980000000e+00,5.332784819e-06,7.387695163e-01,2.013281497e-08
pi+1.98,1.980000000e+00,5.336309462e-06,7.392577975e-01,2.022710623e-08
pi+1.98,1.980000000e+00,5.339834105e-06,7.397460787e-01,2.009608547e-08
pi+1.98,1.980000000e+00,5.343358748e-06,7.402343600e-01,1.990761080e-08
pi+1.98,1.980000000e+00,5.346883391e-06,7.407226412e-01,2.012741394e-08
pi+1.98,1.980000000e+00,5.350408034e-06,7.412109225e-01,2.003011451e-08
pi+1.98,1.980000000e+00,5.353932677e-06,7.416992037e-01,2.016365690e-08
pi+1.98,1.980000000e+00,5.357457320e-06,7.421874849e-01,2.006412357e-08
pi+1.98,1.980000000e+00,5.360981963e-06,7.426757662e-01,2.023112612e-08
pi+1.98,1.980000000e+00,5.364506606e-06,7.431640474e-01,1.998604144e-08
pi+1.98,1.980000000e+00,5.368031249e-06,7.436523287e-01,2.008994316e-08
pi+1.98,1.980000000e+00,5.371555892e-06,7.441406099e-01,2.019772271e-08
pi+1.98,1.980000000e+00,5.375080535e-06,7.446288911e-01,2.000972211e-08
pi+1.98,1.980000000e+00,5.378605178e-06,7.451171724e-01,2.015622440e-08
pi+1.98,1.980000000e+00,5.382129821e-06,7.456054536e-01,2.003965816e-08
pi+1.98,1.980000000e+00,5.385654464e-06,7.460937349e-01,2.004152424e-08
pi+1.98,1.980000000e+00,5.389179107e-06,7.465820161e-01,2.027559759e-08
pi+1.98,1.980000000e+00,5.392703750e-06,7.470702973e-01,1.989822329e-08
pi+1.98,1.980000000e+00,5.396228393e-06,7.475585786e-01,1.999927097e-08
pi+1.98,1.980000000e+00,5.399753036e-06,7.480468598e-01,2.028058653e-08
pi+1.98,1.980000000e+00,5.403277679e-06,7.485351411e-01,1.992717540e-08
pi+1.98,1.980000000e+00,5.406802322e-06,7.490234223e-01,2.008210219e-08
pi+1.98,1.980000000e+00,5.410326965e-06,7.495117035e-01,2.031050327e-08
pi+1.98,1.980000000e+00,5.413851608e-06,7.499999848e-01,1.993251083e-08
pi+1.98,1.980000000e+00,5.417376251e-06,7.504882660e-01,2.025446431e-08
pi+1.98,1.980000000e+00,5.420900894e-06,7.509765473e-01,2.007784889e-08
pi+1.98,1.980000000e+00,5.424425537e-06,7.514648285e-01,1.994645146e-08
pi+1.98,1.980000000e+00,5.427950180e-06,7.519531097e-01,2.016060848e-08
pi+1.98,1.980000000e+00,5.431474823e-06,7.524413910e-01,2.006361892e-08
pi+1.98,1.980000000e+00,5.434999466e-06,7.529296722e-01,2.011838821e-08
pi+1.98,1.980000000e+00,5.438524109e-06,7.534179535e-01,2.002413679e-08
pi+1.98,1.980000000e+00,5.442048752e-06,7.539062347e-01,2.002408085e-08
pi+1.98,1.980000000e+00,5.445573395e-06,7.543945159e-01,2.028021670e-08
pi+1.98,1.980000000e+00,5.449098038e-06,7.548827972e-01,1.997124807e-08
pi+1.98,1.980000000e+00,5.452622681e-06,7.553710784e-01,2.016026280e-08
pi+1.98,1.980000000e+00,5.456147324e-06,7.558593597e-01,2.018677940e-08
pi+1.98,1.980000000e+00,5.459671966e-06,7.563476409e-01,1.996940292e-08
pi+1.98,1.980000000e+00,5.463196609e-06,7.568359221e-01,2.013128855e-08
pi+1.98,1.980000000e+00,5.466721252e-06,7.573242034e-01,2.015085637e-08
pi+1.98,1.980000000e+00,5.470245895e-06,7.578124846e-01,1.988556119e-08
pi+1.98,1.980000000e+00,5.473770538e-06,7.583007659e-01,2.032023004e-08
pi+1.98,1.980000000e+00,5.477295181e-06,7.587890471e-01,2.010835962e-08
pi+1.98,1.980000000e+00,5.480819824e-06,7.592773283e-01,2.009075285e-08
pi+1.98,1.980000000e+00,5.484344467e-06,7.597656096e-01,1.996692756e-08
pi+1.98,1.980000000e+00,5.487869110e-06,7.602538908e-01,1.997409647e-08
pi+1.98,1.980000000e+00,5.491393753e-06,7.607421721e-01,2.019300541e-08
pi+1.98,1.980000000e+00,5.494918396e-06,7.612304533e-01,2.017858348e-08
pi+1.98,1.980000000e+00,5.498443039e-06,7.617187345e-01,2.008850890e-08
pi+1.98,1.980000000e+00,5.501967682e-06,7.622070158e-01,2.000214875e-08
pi+1.98,1.980000000e+00,5.505492325e-06,7.626952970e-01,2.007710641e-08
pi+1.98,1.980000000e+00,5.509016968e-06,7.631835783e-01,1.994666756e-08
pi+1.98,1.980000000e+00,5.512541611e-06,7.636718595e-01,2.021440268e-08
pi+1.98,1.980000000e+00,5.516066254e-06,7.641601407e-01,2.020976144e-08
pi+1.98,1.980000000e+00,5.519590897e-06,7.646484220e-01,2.001035956e-08
pi+1.98,1.980000000e+00,5.523115540e-06,7.651367032e-01,1.999804395e-08
pi+1.98,1.980000000e+00,5.526640183e-06,7.656249845e-01,2.026172458e-08
pi+1.98,1.980000000e+00,5.530164826e-06,7.661132657e-01,1.996060939e-08
pi+1.98,1.980000000e+00,5.533689469e-06,7.666015469e-01,2.024754974e-08
pi+1.98,1.980000000e+00,5.537214112e-06,7.670898282e-01,1.990165120e-08
pi+1.98,1.980000000e+00,5.540738755e-06,7.675781094e-01,2.007420971e-08
pi+1.98,1.980000000e+00,5.544263398e-06,7.680663907e-01,2.000331781e-08
pi+1.98,1.980000000e+00,5.547788041e-06,7.685546719e-01,2.038138269e-08
pi+1.98,1.980000000e+00,5.551312684e-06,7.690429531e-01,1.983836928e-08
pi+1.98,1.980000000e+00,5.554837327e-06,7.695312344e-01,2.035748793e-08
pi+1.98,1.980000000e+00,5.558361970e-06,7.700195156e-01,1.996156315e-08
pi+1.98,1.980000000e+00,5.561886613e-06,7.705077969e-01,2.017540548e-08
pi+1.98,1.980000000e+00,5.565411256e-06,7.709960781e-01,2.008694223e-08
pi+1.98,1.980000000e+00,5.568935899e-06,7.714843593e-01,2.008157018e-08
pi+1.98,1.980000000e+00,5.572460542e-06,7.719726406e-01,1.992777905e-08
pi+1.98,1.980000000e+00,5.575985185e-06,7.724609218e-01,2.008840949e-08
pi+1.98,1.980000000e+00,5.579509828e-06,7.729492031e-01,2.025730548e-08
pi+1.98,1.980000000e+00,5.583034471e-06,7.734374843e-01,1.997978404e-08
pi+1.98,1.980000000e+00,5.586559114e-06,7.739257655e-01,2.024561042e-08
pi+1.98,1.980000000e+00,5.590083757e-06,7.744140468e-01,1.998957116e-08
pi+1.98,1.980000000e+00,5.593608399e-06,7.749023280e-01,2.012562393e-08
pi+1.98,1.980000000e+00,5.597133042e-06,7.753906093e-01,1.989214416e-08
pi+1.98,1.980000000e+00,5.600657685e-06,7.758788905e-01,2.027958568e-08
pi+1.98,1.980000000e+00,5.604182328e-06,7.763671717e-01,2.006763720e-08
pi+1.98,1.980000000e+00,5.607706971e-06,7.768554530e-01,2.001815264e-08
pi+1.98,1.980000000e+00,5.611231614e-06,7.773437342e-01,1.997780971e-08
pi+1.98,1.980000000e+00,5.614756257e-06,7.778320155e-01,2.017372050e-08
pi+1.98,1.980000000e+00,5.618280900e-06,7.783202967e-01,2.022417170e-08
pi+1.98,1.980000000e+00,5.621805543e-06,7.788085779e-01,2.012628512e-08
pi+1.98,1.980000000e+00,5.625330186e-06,7.792968592e-01,1.995428398e-08
pi+1.98,1.980000000e+00,5.628854829e-06,7.797851404e-01,2.016563485e-08
pi+1.98,1.980000000e+00,5.632379472e-06,7.802734217e-01,1.999204652e-08
pi+1.98,1.980000000e+00,5.635904115e-06,7.807617029e-01,2.004555821e-08
pi+1.98,1.980000000e+00,5.639428758e-06,7.812499841e-01,2.008934475e-08
pi+1.98,1.980000000e+00,5.642953401e-06,7.817382654e-01,2.035462383e-08
pi+1.98,1.980000000e+00,5.646478044e-06,7.822265466e-01,1.976465876e-08
pi+1.98,1.980000000e+00,5.650002687e-06,7.827148279e-01,2.015110064e-08
pi+1.98,1.980000000e+00,5.653527330e-06,7.832031091e-01,2.028691919e-08
pi+1.98,1.980000000e+00,5.657051973e-06,7.836913903e-01,1.994012121e-08
pi+1.98,1.980000000e+00,5.660576616e-06,7.841796716e-01,2.002163125e-08
pi+1.98,1.980000000e+00,5.664101259e-06,7.846679528e-01,2.022479708e-08
pi+1.98,1.980000000e+00,5.667625902e-06,7.851562341e-01,2.008311189e-08
pi+1.98,1.980000000e+00,5.671150545e-06,7.856445153e-01,2.012630323e-08
pi+1.98,1.980000000e+00,5.674675188e-06,7.861327965e-01,2.012032189e-08
pi+1.98,1.980000000e+00,5.678199831e-06,7.866210778e-01,2.013922570e-08
pi+1.98,1.980000000e+00,5.681724474e-06,7.871093590e-01,2.009702716e-08
pi+1.98,1.980000000e+00,5.685249117e-06,7.875976403e-01,2.006645767e-08
pi+1.98,1.980000000e+00,5.688773760e-06,7.880859215e-01,1.988716568e-08
pi+1.98,1.980000000e+00,5.692298403e-06,7.885742027e-01,2.032157375e-08
pi+1.98,1.980000000e+00,5.695823046e-06,7.890624840e-01,1.997702658e-08
pi+1.98,1.980000000e+00,5.699347689e-06,7.895507652e-01,2.015749809e-08
pi+1.98,1.980000000e+00,5.702872332e-06,7.900390465e-01,2.015844662e-08
pi+1.98,1.980000000e+00,5.706396975e-06,7.905273277e-01,1.990704498e-08
pi+1.98,1.980000000e+00,5.709921618e-06,7.910156089e-01,2.014862046e-08
pi+1.98,1.980000000e+00,5.713446261e-06,7.915038902e-01,2.012061366e-08
pi+1.98,1.980000000e+00,5.716970904e-06,7.919921714e-01,2.011342140e-08
pi+1.98,1.980000000e+00,5.720495547e-06,7.924804527e-01,1.996373910e-08
pi+1.98,1.980000000e+00,5.724020190e-06,7.929687339e-01,2.021570535e-08
pi+1.98,1.980000000e+00,5.727544832e-06,7.934570151e-01,1.999682016e-08
pi+1.98,1.980000000e+00,5.731069475e-06,7.939452964e-01,2.023277689e-08
pi+1.98,1.980000000e+00,5.734594118e-06,7.944335776e-01,1.990422112e-08
pi+1.98,1.980000000e+00,5.738118761e-06,7.949218589e-01,2.024722659e-08
pi+1.98,1.980000000e+00,5.741643404e-06,7.954101401e-01,2.000312103e-08
pi+1.98,1.980000000e+00,5.745168047e-06,7.958984213e-01,2.002891929e-08
pi+1.98,1.980000000e+00,5.748692690e-06,7.963867026e-01,2.013410838e-08
pi+1.98,1.980000000e+00,5.752217333e-06,7.968749838e-01,2.003394002e-08
pi+1.98,1.980000000e+00,5.755741976e-06,7.973632651e-01,1.998982550e-08
pi+1.98,1.980000000e+00,5.759266619e-06,7.978515463e-01,2.009656678e-08
pi+1.98,1.980000000e+00,5.762791262e-06,7.983398275e-01,2.040155254e-08
pi+1.98,1.980000000e+00,5.766315905e-06,7.988281088e-01,1.990324120e-08
pi+1.98,1.980000000e+00,5.769840548e-06,7.993163900e-01,2.012619216e-08
pi+1.98,1.980000000e+00,5.773365191e-06,7.998046713e-01,2.013947561e-08
pi+1.98,1.980000000e+00,5.776889834e-06,8.002929525e-01,1.991647636e-08
pi+1.98,1.980000000e+00,5.780414477e-06,8.007812337e-01,2.014761358e-08
pi+1.98,1.980000000e+00,5.783939120e-06,8.012695150e-01,2.021314508e-08
pi+1.98,1.980000000e+00,5.787463763e-06,8.017577962e-01,2.001318583e-08
pi+1.98,1.980000000e+00,5.790988406e-06,8.022460775e-01,2.013981446e-08
pi+1.98,1.980000000e+00,5.794513049e-06,8.027343587e-01,2.014170065e-08
pi+1.98,1.980000000e+00,5.798037692e-06,8.032226400e-01,1.998923594e-08
pi+1.98,1.980000000e+00,5.801562335e-06,8.037109212e-01,2.013188737e-08
pi+1.98,1.980000000e+00,5.805086978e-06,8.041992024e-01,1.994915419e-08
pi+1.98,1.980000000e+00,5.808611621e-06,8.046874837e-01,2.034199231e-08
pi+1.98,1.980000000e+00,5.812136264e-06,8.051757649e-01,2.006552283e-08
pi+1.98,1.980000000e+00,5.815660907e-06,8.056640462e-01,2.001980542e-08
pi+1.98,1.980000000e+00,5.819185550e-06,8.061523274e-01,2.006704080e-08
pi+1.98,1.980000000e+00,5.822710193e-06,8.066406086e-01,2.006956605e-08
pi+1.98,1.980000000e+00,5.826234836e-06,8.071288899e-01,2.013033398e-08
pi+1.98,1.980000000e+00,5.829759479e-06,8.076171711e-01,1.990353377e-08
pi+1.98,1.980000000e+00,5.833284122e-06,8.081054524e-01,2.021945078e-08
pi+1.98,1.980000000e+00,5.836808765e-06,8.085937336e-01,2.007329740e-08
pi+1.98,1.980000000e+00,5.840333408e-06,8.090820148e-01,2.005277944e-08
pi+1.98,1.980000000e+00,5.843858051e-06,8.095702961e-01,2.015767597e-08
pi+1.98,1.980000000e+00,5.847382694e-06,8.100585773e-01,2.003767941e-08
pi+1.98,1.980000000e+00,5.850907337e-06,8.105468586e-01,2.031806214e-08
pi+1.98,1.980000000e+00,5.854431980e-06,8.110351398e-01,1.988594390e-08
pi+1.98,1.980000000e+00,5.857956623e-06,8.115234210e-01,2.026361158e-08
pi+1.98,1.980000000e+00,5.861481266e-06,8.120117023e-01,2.006489181e-08
pi+1.98,1.980000000e+00,5.865005908e-06,8.124999835e-01,1.994266619e-08
pi+1.98,1.980000000e+00,5.868530551e-06,8.129882648e-01,2.027782464e-08
pi+1.98,1.980000000e+00,5.872055194e-06,8.134765460e-01,1.988625538e-08
pi+1.98,1.980000000e+00,5.875579837e-06,8.139648272e-01,2.015551652e-08
pi+1.98,1.980000000e+00,5.879104480e-06,8.144531085e-01,1.996937837e-08
pi+1.98,1.980000000e+00,5.882629123e-06,8.149413897e-01,2.015586020e-08
pi+1.98,1.980000000e+00,5.886153766e-06,8.154296710e-01,2.008814952e-08
pi+1.98,1.980000000e+00,5.889678409e-06,8.159179522e-01,2.028253550e-08
pi+1.98,1.980000000e+00,5.893203052e-06,8.164062334e-01,1.986481626e-08
pi+1.98,1.980000000e+00,5.896727695e-06,8.168945147e-01,2.022386263e-08
pi+1.98,1.980000000e+00,5.900252338e-06,8.173827959e-01,1.992558057e-08
pi+1.98,1.980000000e+00,5.903776981e-06,8.178710772e-01,2.011073155e-08
pi+1.98,1.980000000e+00,5.907301624e-06,8.183593584e-01,2.008645167e-08
pi+1.98,1.980000000e+00,5.910826267e-06,8.188476396e-01,2.011830209e-08
pi+1.98,1.980000000e+00,5.914350910e-06,8.193359209e-01,2.002569179e-08
pi+1.98,1.980000000e+00,5.917875553e-06,8.198242021e-01,2.012239401e-08
pi+1.98,1.980000000e+00,5.921400196e-06,8.203124834e-01,2.004554533e-08
pi+1.98,1.980000000e+00,5.924924839e-06,8.208007646e-01,2.010915724e-08
pi+1.98,1.980000000e+00,5.928449482e-06,8.212890458e-01,2.019769615e-08
pi+1.98,1.980000000e+00,5.931974125e-06,8.217773271e-01,2.006194199e-08
pi+1.98,1.980000000e+00,5.935498768e-06,8.222656083e-01,2.014858464e-08
pi+1.98,1.980000000e+00,5.939023411e-06,8.227538896e-01,2.002572760e-08
pi+1.98,1.980000000e+00,5.942548054e-06,8.232421708e-01,2.025698273e-08
pi+1.98,1.980000000e+00,5.946072697e-06,8.237304520e-01,1.997636699e-08
pi+1.98,1.980000000e+00,5.949597340e-06,8.242187333e-01,1.999706524e-08
pi+1.98,1.980000000e+00,5.953121983e-06,8.247070145e-01,2.020121259e-08
pi+1.98,1.980000000e+00,5.956646626e-06,8.251952958e-01,2.021890991e-08
pi+1.98,1.980000000e+00,5.960171269e-06,8.256835770e-01,1.991992721e-08
pi+1.98,1.980000000e+00,5.963695912e-06,8.261718582e-01,2.019460829e-08
pi+1.98,1.980000000e+00,5.967220555e-06,8.266601395e-01,1.997663501e-08
pi+1.98,1.980000000e+00,5.970745198e-06,8.271484207e-01,2.014700349e-08
pi+1.98,1.980000000e+00,5.974269841e-06,8.276367020e-01,2.001784840e-08
pi+1.98,1.980000000e+00,5.977794484e-06,8.281249832e-01,2.022138325e-08
pi+1.98,1.980000000e+00,5.981319127e-06,8.286132644e-01,2.013104186e-08
pi+1.98,1.980000000e+00,5.984843770e-06,8.291015457e-01,1.993536649e-08
pi+1.98,1.980000000e+00,5.988368413e-06,8.295898269e-01,2.020561761e-08
pi+1.98,1.980000000e+00,5.991893056e-06,8.300781082e-01,2.005984009e-08
pi+1.98,1.980000000e+00,5.995417699e-06,8.305663894e-01,2.006863040e-08
pi+1.98,1.980000000e+00,5.998942341e-06,8.310546706e-01,2.010417313e-08
pi+1.98,1.980000000e+00,6.002466984e-06,8.315429519e-01,2.010674386e-08
pi+1.98,1.980000000e+00,6.005991627e-06,8.320312331e-01,1.994988822e-08
pi+1.98,1.980000000e+00,6.009516270e-06,8.325195144e-01,2.026614488e-08
pi+1.98,1.980000000e+00,6.013040913e-06,8.330077956e-01,1.998041706e-08
pi+1.98,1.980000000e+00,6.016565556e-06,8.334960768e-01,1.997909789e-08
pi+1.98,1.980000000e+00,6.020090199e-06,8.339843581e-01,2.038769885e-08
pi+1.98,1.980000000e+00,6.023614842e-06,8.344726393e-01,2.000474242e-08
pi+1.98,1.980000000e+00,6.027139485e-06,8.349609206e-01,1.990329231e-08
pi+1.98,1.980000000e+00,6.030664128e-06,8.354492018e-01,2.033766054e-08
pi+1.98,1.980000000e+00,6.034188771e-06,8.359374830e-01,1.984877253e-08
pi+1.98,1.980000000e+00,6.037713414e-06,8.364257643e-01,2.014733389e-08
pi+1.98,1.980000000e+00,6.041238057e-06,8.369140455e-01,2.015270916e-08
pi+1.98,1.980000000e+00,6.044762700e-06,8.374023268e-01,2.018138400e-08
pi+1.98,1.980000000e+00,6.048287343e-06,8.378906080e-01,2.010360208e-08
pi+1.98,1.980000000e+00,6.051811986e-06,8.383788892e-01,1.998107866e-08
pi+1.98,1.980000000e+00,6.055336629e-06,8.388671705e-01,2.006231907e-08
pi+1.98,1.980000000e+00,6.058861272e-06,8.393554517e-01,1.996806363e-08
pi+1.98,1.980000000e+00,6.062385915e-06,8.398437330e-01,2.020147538e-08
pi+1.98,1.980000000e+00,6.065910558e-06,8.403320142e-01,1.999420436e-08
pi+1.98,1.980000000e+00,6.069435201e-06,8.408202954e-01,2.023929145e-08
pi+1.98,1.980000000e+00,6.072959844e-06,8.413085767e-01,1.997161830e-08
pi+1.98,1.980000000e+00,6.076484487e-06,8.417968579e-01,2.020658304e-08
pi+1.98,1.980000000e+00,6.080009130e-06,8.422851392e-01,1.999077685e-08
pi+1.98,1.980000000e+00,6.083533773e-06,8.427734204e-01,2.014292404e-08
pi+1.98,1.980000000e+00,6.087058416e-06,8.432617016e-01,2.021166615e-08
pi+1.98,1.980000000e+00,6.090583059e-06,8.437499829e-01,1.993789215e-08
pi+1.98,1.980000000e+00,6.094107702e-06,8.442382641e-01,2.027744475e-08
pi+1.98,1.980000000e+00,6.097632345e-06,8.447265454e-01,1.994201586e-08
pi+1.98,1.980000000e+00,6.101156988e-06,8.452148266e-01,2.020564215e-08
pi+1.98,1.980000000e+00,6.104681631e-06,8.457031078e-01,1.991456763e-08
pi+1.98,1.980000000e+00,6.108206274e-06,8.461913891e-01,2.014637650e-08
pi+1.98,1.980000000e+00,6.111730917e-06,8.466796703e-01,2.006450950e-08
pi+1.98,1.980000000e+00,6.115255560e-06,8.471679516e-01,2.010924940e-08
pi+1.98,1.980000000e+00,6.118780203e-06,8.476562328e-01,2.008086391e-08
pi+1.98,1.980000000e+00,6.122304846e-06,8.481445140e-01,1.997938080e-08
pi+1.98,1.980000000e+00,6.125829489e-06,8.486327953e-01,2.036437272e-08
pi+1.98,1.980000000e+00,6.129354132e-06,8.491210765e-01,2.007810846e-08
pi+1.98,1.980000000e+00,6.132878774e-06,8.496093578e-01,2.001826009e-08
pi+1.98,1.980000000e+00,6.136403417e-06,8.500976390e-01,1.990326092e-08
pi+1.98,1.980000000e+00,6.139928060e-06,8.505859202e-01,2.031303336e-08
pi+1.98,1.980000000e+00,6.143452703e-06,8.510742015e-01,2.008846704e-08
pi+1.98,1.980000000e+00,6.146977346e-06,8.515624827e-01,1.998609094e-08
pi+1.98,1.980000000e+00,6.150501989e-06,8.520507640e-01,2.024312823e-08
pi+1.98,1.980000000e+00,6.154026632e-06,8.525390452e-01,2.010141205e-08
pi+1.98,1.980000000e+00,6.157551275e-06,8.530273264e-01,1.985633703e-08
pi+1.98,1.980000000e+00,6.161075918e-06,8.535156077e-01,2.020501959e-08
pi+1.98,1.980000000e+00,6.164600561e-06,8.540038889e-01,1.998575249e-08
pi+1.98,1.980000000e+00,6.168125204e-06,8.544921702e-01,2.015833434e-08
pi+1.98,1.980000000e+00,6.171649847e-06,8.549804514e-01,1.999615494e-08
pi+1.98,1.980000000e+00,6.175174490e-06,8.554687326e-01,2.025669378e-08
pi+1.98,1.980000000e+00,6.178699133e-06,8.559570139e-01,2.003587169e-08
pi+1.98,1.980000000e+00,6.182223776e-06,8.564452951e-01,2.003327560e-08
pi+1.98,1.980000000e+00,6.185748419e-06,8.569335764e-01,2.010286845e-08
pi+1.98,1.980000000e+00,6.189273062e-06,8.574218576e-01,1.998131609e-08
pi+1.98,1.980000000e+00,6.192797705e-06,8.579101388e-01,2.027868987e-08
pi+1.98,1.980000000e+00,6.196322348e-06,8.583984201e-01,2.017916499e-08
pi+1.98,1.980000000e+00,6.199846991e-06,8.588867013e-01,1.991427949e-08
pi+1.98,1.980000000e+00,6.203371634e-06,8.593749826e-01,2.003331947e-08
pi+1.98,1.980000000e+00,6.206896277e-06,8.598632638e-01,2.015927684e-08
pi+1.98,1.980000000e+00,6.210420920e-06,8.603515450e-01,2.008431918e-08
pi+1.98,1.980000000e+00,6.213945563e-06,8.608398263e-01,2.003736511e-08
pi+1.98,1.980000000e+00,6.217470206e-06,8.613281075e-01,2.028277898e-08
pi+1.98,1.980000000e+00,6.220994849e-06,8.618163888e-01,2.014078230e-08
pi+1.98,1.980000000e+00,6.224519492e-06,8.623046700e-01,1.987518651e-08
pi+1.98,1.980000000e+00,6.228044135e-06,8.627929512e-01,2.030014389e-08
pi+1.98,1.980000000e+00,6.231568778e-06,8.632812325e-01,1.997639717e-08
pi+1.98,1.980000000e+00,6.235093421e-06,8.637695137e-01,1.992526104e-08
pi+1.98,1.980000000e+00,6.238618064e-06,8.642577950e-01,2.014759225e-08
pi+1.98,1.980000000e+00,6.242142707e-06,8.647460762e-01,2.027995391e-08
pi+1.98,1.980000000e+00,6.245667350e-06,8.652343574e-01,1.994484938e-08
pi+1.98,1.980000000e+00,6.249191993e-06,8.657226387e-01,2.006580412e-08
pi+1.98,1.980000000e+00,6.252716636e-06,8.662109199e-01,2.031999663e-08
pi+1.98,1.980000000e+00,6.256241279e-06,8.666992012e-01,2.006457872e-08
pi+1.98,1.980000000e+00,6.259765922e-06,8.671874824e-01,1.995431657e-08
pi+1.98,1.980000000e+00,6.263290565e-06,8.676757636e-01,2.025636701e-08
pi+1.98,1.980000000e+00,6.266815207e-06,8.681640449e-01,1.979204099e-08
pi+1.98,1.980000000e+00,6.270339850e-06,8.686523261e-01,2.033982924e-08
pi+1.98,1.980000000e+00,6.273864493e-06,8.691406074e-01,2.007465842e-08
pi+1.98,1.980000000e+00,6.277389136e-06,8.696288886e-01,1.996342239e-08
pi+1.98,1.980000000e+00,6.280913779e-06,8.701171698e-01,2.022770102e-08
pi+1.98,1.980000000e+00,6.284438422e-06,8.706054511e-01,1.989727838e-08
pi+1.98,1.980000000e+00,6.287963065e-06,8.710937323e-01,2.016090709e-08
pi+1.98,1.980000000e+00,6.291487708e-06,8.715820136e-01,2.004970124e-08
pi+1.98,1.980000000e+00,6.295012351e-06,8.720702948e-01,1.999456896e-08
pi+1.98,1.980000000e+00,6.298536994e-06,8.725585760e-01,2.021475561e-08
pi+1.98,1.980000000e+00,6.302061637e-06,8.730468573e-01,2.000778359e-08
pi+1.98,1.980000000e+00,6.305586280e-06,8.735351385e-01,2.018420021e-08
pi+1.98,1.980000000e+00,6.309110923e-06,8.740234198e-01,1.993568602e-08
pi+1.98,1.980000000e+00,6.312635566e-06,8.745117010e-01,2.028561249e-08
pi+1.98,1.980000000e+00,6.316160209e-06,8.749999822e-01,1.994103674e-08
pi+1.98,1.980000000e+00,6.319684852e-06,8.754882635e-01,2.019461473e-08
pi+1.98,1.980000000e+00,6.323209495e-06,8.759765447e-01,1.996811675e-08
pi+1.98,1.980000000e+00,6.326734138e-06,8.764648260e-01,2.012275942e-08
pi+1.98,1.980000000e+00,6.330258781e-06,8.769531072e-01,2.006449180e-08
pi+1.98,1.980000000e+00,6.333783424e-06,8.774413884e-01,2.027743066e-08
pi+1.98,1.980000000e+00,6.337308067e-06,8.779296697e-01,2.005981917e-08
pi+1.98,1.980000000e+00,6.340832710e-06,8.784179509e-01,2.005449581e-08
pi+1.98,1.980000000e+00,6.344357353e-06,8.789062322e-01,2.020791549e-08
pi+1.98,1.980000000e+00,6.347881996e-06,8.793945134e-01,2.003026019e-08
pi+1.98,1.980000000e+00,6.351406639e-06,8.798827946e-01,1.989883458e-08
pi+1.98,1.980000000e+00,6.354931282e-06,8.803710759e-01,2.029569903e-08
pi+1.98,1.980000000e+00,6.358455925e-06,8.808593571e-01,1.992277562e-08
pi+1.98,1.980000000e+00,6.361980568e-06,8.813476384e-01,2.034080353e-08
pi+1.98,1.980000000e+00,6.365505211e-06,8.818359196e-01,1.987334539e-08
pi+1.98,1.980000000e+00,6.369029854e-06,8.823242008e-01,2.030078053e-08
pi+1.98,1.980000000e+00,6.372554497e-06,8.828124821e-01,2.010396346e-08
pi+1.98,1.980000000e+00,6.376079140e-06,8.833007633e-01,2.003526080e-08
pi+1.98,1.980000000e+00,6.379603783e-06,8.837890446e-01,2.009575346e-08
pi+1.98,1.980000000e+00,6.383128426e-06,8.842773258e-01,1.994486105e-08
pi+1.98,1.980000000e+00,6.386653069e-06,8.847656070e-01,2.007774949e-08
pi+1.98,1.980000000e+00,6.390177712e-06,8.852538883e-01,2.015431526e-08
pi+1.98,1.980000000e+00,6.393702355e-06,8.857421695e-01,2.012156098e-08
pi+1.98,1.980000000e+00,6.397226998e-06,8.862304508e-01,2.018517772e-08
pi+1.98,1.980000000e+00,6.400751641e-06,8.867187320e-01,1.996908218e-08
pi+1.98,1.980000000e+00,6.404276283e-06,8.872070132e-01,2.010387332e-08
pi+1.98,1.980000000e+00,6.407800926e-06,8.876952945e-01,2.016307901e-08
pi+1.98,1.980000000e+00,6.411325569e-06,8.881835757e-01,2.002386515e-08
pi+1.98,1.980000000e+00,6.414850212e-06,8.886718570e-01,2.006295089e-08
pi+1.98,1.980000000e+00,6.418374855e-06,8.891601382e-01,2.015619904e-08
pi+1.98,1.980000000e+00,6.421899498e-06,8.896484194e-01,1.987739022e-08
pi+1.98,1.980000000e+00,6.425424141e-06,8.901367007e-01,2.017942577e-08
pi+1.98,1.980000000e+00,6.428948784e-06,8.906249819e-01,1.998506353e-08
pi+1.98,1.980000000e+00,6.432473427e-06,8.911132632e-01,2.019708968e-08
pi+1.98,1.980000000e+00,6.435998070e-06,8.916015444e-01,2.021225732e-08
pi+1.98,1.980000000e+00,6.439522713e-06,8.920898256e-01,2.008122650e-08
pi+1.98,1.980000000e+00,6.443047356e-06,8.925781069e-01,1.990293173e-08
pi+1.98,1.980000000e+00,6.446571999e-06,8.930663881e-01,2.020248267e-08
pi+1.98,1.980000000e+00,6.450096642e-06,8.935546694e-01,1.995140418e-08
pi+1.98,1.980000000e+00,6.453621285e-06,8.940429506e-01,2.027745079e-08
pi+1.98,1.980000000e+00,6.457145928e-06,8.945312318e-01,2.002236046e-08
pi+1.98,1.980000000e+00,6.460670571e-06,8.950195131e-01,2.021448196e-08
pi+1.98,1.980000000e+00,6.464195214e-06,8.955077943e-01,1.992337886e-08
pi+1.98,1.980000000e+00,6.467719857e-06,8.959960756e-01,2.027646483e-08
pi+1.98,1.980000000e+00,6.471244500e-06,8.964843568e-01,2.001507323e-08
pi+1.98,1.980000000e+00,6.474769143e-06,8.969726380e-01,1.998828057e-08
pi+1.98,1.980000000e+00,6.478293786e-06,8.974609193e-01,2.014671495e-08
pi+1.98,1.980000000e+00,6.481818429e-06,8.979492005e-01,2.003146386e-08
pi+1.98,1.980000000e+00,6.485343072e-06,8.984374818e-01,2.006480690e-08
pi+1.98,1.980000000e+00,6.488867715e-06,8.989257630e-01,2.020025601e-08
pi+1.98,1.980000000e+00,6.492392358e-06,8.994140442e-01,2.007113553e-08
pi+1.98,1.980000000e+00,6.495917001e-06,8.999023255e-01,1.990952114e-08
pi+1.98,1.980000000e+00,6.499441644e-06,9.003906067e-01,2.032941473e-08
pi+1.98,1.980000000e+00,6.502966287e-06,9.008788880e-01,1.992651340e-08
pi+1.98,1.980000000e+00,6.506490930e-06,9.013671692e-01,2.020083753e-08
pi+1.98,1.980000000e+00,6.510015573e-06,9.018554504e-01,2.021790222e-08
pi+1.98,1.980000000e+00,6.513540216e-06,9.023437317e-01,2.011999391e-08
pi+1.98,1.980000000e+00,6.517064859e-06,9.028320129e-01,1.995461317e-08
pi+1.98,1.980000000e+00,6.520589502e-06,9.033202942e-01,2.014361301e-08
pi+1.98,1.980000000e+00,6.524114145e-06,9.038085754e-01,2.017260375e-08
pi+1.98,1.980000000e+00,6.527638788e-06,9.042968566e-01,1.999589899e-08
pi+1.98,1.980000000e+00,6.531163431e-06,9.047851379e-01,1.989316875e-08
pi+1.98,1.980000000e+00,6.534688074e-06,9.052734191e-01,2.009975806e-08
pi+1.98,1.980000000e+00,6.538212716e-06,9.057617004e-01,2.019301467e-08
pi+1.98,1.980000000e+00,6.541737359e-06,9.062499816e-01,2.012690406e-08
pi+1.98,1.980000000e+00,6.545262002e-06,9.067382628e-01,2.013260933e-08
pi+1.98,1.980000000e+00,6.548786645e-06,9.072265441e-01,2.021039567e-08
pi+1.98,1.980000000e+00,6.552311288e-06,9.077148253e-01,1.975045092e-08
pi+1.98,1.980000000e+00,6.555835931e-06,9.082031066e-01,2.024970597e-08
pi+1.98,1.980000000e+00,6.559360574e-06,9.086913878e-01,2.011338358e-08
pi+1.98,1.980000000e+00,6.562885217e-06,9.091796690e-01,2.013478286e-08
pi+1.98,1.980000000e+00,6.566409860e-06,9.096679503e-01,1.994004878e-08
pi+1.98,1.980000000e+00,6.569934503e-06,9.101562315e-01,2.004083487e-08
pi+1.98,1.980000000e+00,6.573459146e-06,9.106445128e-01,2.024434437e-08
pi+1.98,1.980000000e+00,6.576983789e-06,9.111327940e-01,2.017729369e-08
pi+1.98,1.980000000e+00,6.580508432e-06,9.116210753e-01,2.002047829e-08
pi+1.98,1.980000000e+00,6.584033075e-06,9.121093565e-01,2.019248869e-08
pi+1.98,1.980000000e+00,6.587557718e-06,9.125976377e-01,2.008160197e-08
pi+1.98,1.980000000e+00,6.591082361e-06,9.130859190e-01,2.010517398e-08
pi+1.98,1.980000000e+00,6.594607004e-06,9.135742002e-01,1.998104646e-08
pi+1.98,1.980000000e+00,6.598131647e-06,9.140624815e-01,1.988716930e-08
pi+1.98,1.980000000e+00,6.601656290e-06,9.145507627e-01,2.019681321e-08
pi+1.98,1.980000000e+00,6.605180933e-06,9.150390439e-01,2.001222080e-08
pi+1.98,1.980000000e+00,6.608705576e-06,9.155273252e-01,2.036501621e-08
pi+1.98,1.980000000e+00,6.612230219e-06,9.160156064e-01,2.007083894e-08
pi+1.98,1.980000000e+00,6.615754862e-06,9.165038877e-01,1.983232194e-08
pi+1.98,1.980000000e+00,6.619279505e-06,9.169921689e-01,2.006761064e-08
pi+1.98,1.980000000e+00,6.622804148e-06,9.174804501e-01,2.029351826e-08
pi+1.98,1.980000000e+00,6.626328791e-06,9.179687314e-01,2.013573662e-08
pi+1.98,1.980000000e+00,6.629853434e-06,9.184570126e-01,2.005543428e-08
pi+1.98,1.980000000e+00,6.633378077e-06,9.189452939e-01,2.018364808e-08
pi+1.98,1.980000000e+00,6.636902720e-06,9.194335751e-01,1.986011546e-08
pi+1.98,1.980000000e+00,6.640427363e-06,9.199218563e-01,2.020502563e-08
pi+1.98,1.980000000e+00,6.643952006e-06,9.204101376e-01,2.002797639e-08
pi+1.98,1.980000000e+00,6.647476649e-06,9.208984188e-01,2.023336363e-08
pi+1.98,1.980000000e+00,6.651001292e-06,9.213867001e-01,1.980153837e-08
pi+1.98,1.980000000e+00,6.654525935e-06,9.218749813e-01,2.034014435e-08
pi+1.98,1.980000000e+00,6.658050578e-06,9.223632625e-01,1.995364290e-08
pi+1.98,1.980000000e+00,6.661575221e-06,9.228515438e-01,2.004873782e-08
pi+1.98,1.980000000e+00,6.665099864e-06,9.233398250e-01,2.009188731e-08
pi+1.98,1.980000000e+00,6.668624507e-06,9.238281063e-01,2.012619417e-08
pi+1.98,1.980000000e+00,6.672149149e-06,9.243163875e-01,2.019363039e-08
pi+1.98,1.980000000e+00,6.675673792e-06,9.248046687e-01,2.013258961e-08
pi+1.98,1.980000000e+00,6.679198435e-06,9.252929500e-01,1.998517098e-08
pi+1.98,1.980000000e+00,6.682723078e-06,9.257812312e-01,2.016497688e-08
pi+1.98,1.980000000e+00,6.686247721e-06,9.262695125e-01,1.997098729e-08
pi+1.98,1.980000000e+00,6.689772364e-06,9.267577937e-01,2.014924584e-08
pi+1.98,1.980000000e+00,6.693297007e-06,9.272460749e-01,1.995361433e-08
pi+1.98,1.980000000e+00,6.696821650e-06,9.277343562e-01,2.029607410e-08
pi+1.98,1.980000000e+00,6.700346293e-06,9.282226374e-01,1.993534476e-08
pi+1.98,1.980000000e+00,6.703870936e-06,9.287109187e-01,2.036055365e-08
pi+1.98,1.980000000e+00,6.707395579e-06,9.291991999e-01,1.999899128e-08
pi+1.98,1.980000000e+00,6.710920222e-06,9.296874811e-01,1.992659107e-08
pi+1.98,1.980000000e+00,6.714444865e-06,9.301757624e-01,2.030558556e-08
pi+1.98,1.980000000e+00,6.717969508e-06,9.306640436e-01,2.014330555e-08
pi+1.98,1.980000000e+00,6.721494151e-06,9.311523249e-01,2.002042195e-08
pi+1.98,1.980000000e+00,6.725018794e-06,9.316406061e-01,2.001253591e-08
pi+1.98,1.980000000e+00,6.728543437e-06,9.321288873e-01,1.987549679e-08
pi+1.98,1.980000000e+00,6.732068080e-06,9.326171686e-01,2.034547133e-08
pi+1.98,1.980000000e+00,6.735592723e-06,9.331054498e-01,2.018544212e-08
pi+1.98,1.980000000e+00,6.739117366e-06,9.335937311e-01,1.996907051e-08
pi+1.98,1.980000000e+00,6.742642009e-06,9.340820123e-01,2.010707909e-08
pi+1.98,1.980000000e+00,6.746166652e-06,9.345702935e-01,2.001573322e-08
pi+1.98,1.980000000e+00,6.749691295e-06,9.350585748e-01,2.002735463e-08
pi+1.98,1.980000000e+00,6.753215938e-06,9.355468560e-01,2.029951851e-08
pi+1.98,1.980000000e+00,6.756740581e-06,9.360351373e-01,1.983868237e-08
pi+1.98,1.980000000e+00,6.760265224e-06,9.365234185e-01,2.012813228e-08
pi+1.98,1.980000000e+00,6.763789867e-06,9.370116997e-01,2.017352411e-08
pi+1.98,1.980000000e+00,6.767314510e-06,9.374999810e-01,2.013070261e-08
pi+1.98,1.980000000e+00,6.770839153e-06,9.379882622e-01,2.000024163e-08
pi+1.98,1.980000000e+00,6.774363796e-06,9.384765435e-01,2.019143432e-08
pi+1.98,1.980000000e+00,6.777888439e-06,9.389648247e-01,2.019617898e-08
pi+1.98,1.980000000e+00,6.781413082e-06,9.394531059e-01,1.993761044e-08
pi+1.98,1.980000000e+00,6.784937725e-06,9.399413872e-01,2.005510831e-08
pi+1.98,1.980000000e+00,6.788462368e-06,9.404296684e-01,2.006355775e-08
pi+1.98,1.980000000e+00,6.791987011e-06,9.409179497e-01,2.011619174e-08
pi+1.98,1.980000000e+00,6.795511654e-06,9.414062309e-01,2.003398831e-08
pi+1.98,1.980000000e+00,6.799036297e-06,9.418945121e-01,2.007304990e-08
pi+1.98,1.980000000e+00,6.802560940e-06,9.423827934e-01,2.012883130e-08
pi+1.98,1.980000000e+00,6.806085582e-06,9.428710746e-01,2.020058641e-08
pi+1.98,1.980000000e+00,6.809610225e-06,9.433593559e-01,1.995732676e-08
pi+1.98,1.980000000e+00,6.813134868e-06,9.438476371e-01,2.021406222e-08
pi+1.98,1.980000000e+00,6.816659511e-06,9.443359183e-01,2.004912053e-08
pi+1.98,1.980000000e+00,6.820184154e-06,9.448241996e-01,1.994358896e-08
pi+1.98,1.980000000e+00,6.823708797e-06,9.453124808e-01,2.015514266e-08
pi+1.98,1.980000000e+00,6.827233440e-06,9.458007621e-01,2.009431920e-08
pi+1.98,1.980000000e+00,6.830758083e-06,9.462890433e-01,2.024184004e-08
pi+1.98,1.980000000e+00,6.834282726e-06,9.467773245e-01,2.007965339e-08
pi+1.98,1.980000000e+00,6.837807369e-06,9.472656058e-01,2.012531124e-08
pi+1.98,1.980000000e+00,6.841332012e-06,9.477538870e-01,2.000842628e-08
pi+1.98,1.980000000e+00,6.844856655e-06,9.482421683e-01,1.991421309e-08
pi+1.98,1.980000000e+00,6.848381298e-06,9.487304495e-01,2.013599377e-08
pi+1.98,1.980000000e+00,6.851905941e-06,9.492187307e-01,2.026640485e-08
pi+1.98,1.980000000e+00,6.855430584e-06,9.497070120e-01,2.004626246e-08
pi+1.98,1.980000000e+00,6.858955227e-06,9.501952932e-01,1.995272979e-08
pi+1.98,1.980000000e+00,6.862479870e-06,9.506835745e-01,2.039083942e-08
pi+1.98,1.980000000e+00,6.866004513e-06,9.511718557e-01,1.995609814e-08
pi+1.98,1.980000000e+00,6.869529156e-06,9.516601369e-01,2.012502390e-08
pi+1.98,1.980000000e+00,6.873053799e-06,9.521484182e-01,2.018363721e-08
pi+1.98,1.980000000e+00,6.876578442e-06,9.526366994e-01,1.977440725e-08
pi+1.98,1.980000000e+00,6.880103085e-06,9.531249807e-01,2.039587786e-08
pi+1.98,1.980000000e+00,6.883627728e-06,9.536132619e-01,2.009726942e-08
pi+1.98,1.980000000e+00,6.887152371e-06,9.541015431e-01,1.982736037e-08
pi+1.98,1.980000000e+00,6.890677014e-06,9.545898244e-01,2.032376177e-08
pi+1.98,1.980000000e+00,6.894201657e-06,9.550781056e-01,1.984741674e-08
pi+1.98,1.980000000e+00,6.897726300e-06,9.555663869e-01,2.020773963e-08
pi+1.98,1.980000000e+00,6.901250943e-06,9.560546681e-01,2.013885868e-08
pi+1.98,1.980000000e+00,6.904775586e-06,9.565429493e-01,2.011276584e-08
pi+1.98,1.980000000e+00,6.908300229e-06,9.570312306e-01,2.006047432e-08
pi+1.98,1.980000000e+00,6.911824872e-06,9.575195118e-01,2.018799273e-08
pi+1.98,1.980000000e+00,6.915349515e-06,9.580077931e-01,2.002512597e-08
pi+1.98,1.980000000e+00,6.918874158e-06,9.584960743e-01,1.984533013e-08
pi+1.98,1.980000000e+00,6.922398801e-06,9.589843555e-01,2.038392243e-08
pi+1.98,1.980000000e+00,6.925923444e-06,9.594726368e-01,1.976748262e-08
pi+1.98,1.980000000e+00,6.929448087e-06,9.599609180e-01,2.047399621e-08
pi+1.98,1.980000000e+00,6.932972730e-06,9.604491993e-01,1.982725131e-08
pi+1.98,1.980000000e+00,6.936497373e-06,9.609374805e-01,2.016899475e-08
pi+1.98,1.980000000e+00,6.940022016e-06,9.614257617e-01,2.009469306e-08
pi+1.98,1.980000000e+00,6.943546658e-06,9.619140430e-01,2.007303380e-08
pi+1.98,1.980000000e+00,6.947071301e-06,9.624023242e-01,2.016914928e-08
pi+1.98,1.980000000e+00,6.950595944e-06,9.628906055e-01,2.004915715e-08
pi+1.98,1.980000000e+00,6.954120587e-06,9.633788867e-01,2.017988615e-08
pi+1.98,1.980000000e+00,6.957645230e-06,9.638671679e-01,1.989196749e-08
pi+1.98,1.980000000e+00,6.961169873e-06,9.643554492e-01,2.032002641e-08
pi+1.98,1.980000000e+00,6.964694516e-06,9.648437304e-01,1.979174520e-08
pi+1.98,1.980000000e+00,6.968219159e-06,9.653320117e-01,2.004499400e-08
pi+1.98,1.980000000e+00,6.971743802e-06,9.658202929e-01,2.027020783e-08
pi+1.98,1.980000000e+00,6.975268445e-06,9.663085741e-01,1.993915699e-08
pi+1.98,1.980000000e+00,6.978793088e-06,9.667968554e-01,2.044219851e-08
pi+1.98,1.980000000e+00,6.982317731e-06,9.672851366e-01,1.984868359e-08
pi+1.98,1.980000000e+00,6.985842374e-06,9.677734179e-01,2.008869804e-08
pi+1.98,1.980000000e+00,6.989367017e-06,9.682616991e-01,2.015776853e-08
pi+1.98,1.980000000e+00,6.992891660e-06,9.687499803e-01,2.018305047e-08
pi+1.98,1.980000000e+00,6.996416303e-06,9.692382616e-01,1.982831735e-08
pi+1.98,1.980000000e+00,6.999940946e-06,9.697265428e-01,2.016208742e-08
pi+1.98,1.980000000e+00,7.003465589e-06,9.702148241e-01,2.017974409e-08
pi+1.98,1.980000000e+00,7.006990232e-06,9.707031053e-01,2.006929964e-08
pi+1.98,1.980000000e+00,7.010514875e-06,9.711913865e-01,2.022679998e-08
pi+1.98,1.980000000e+00,7.014039518e-06,9.716796678e-01,1.985888281e-08
pi+1.98,1.980000000e+00,7.017564161e-06,9.721679490e-01,2.027940057e-08
pi+1.98,1.980000000e+00,7.021088804e-06,9.726562303e-01,2.002448650e-08
pi+1.98,1.980000000e+00,7.024613447e-06,9.731445115e-01,2.016151436e-08
pi+1.98,1.980000000e+00,7.028138090e-06,9.736327927e-01,1.986865183e-08
pi+1.98,1.980000000e+00,7.031662733e-06,9.741210740e-01,2.015089701e-08
pi+1.98,1.980000000e+00,7.035187376e-06,9.746093552e-01,2.006232994e-08
pi+1.98,1.980000000e+00,7.038712019e-06,9.750976365e-01,2.027457662e-08
pi+1.98,1.980000000e+00,7.042236662e-06,9.755859177e-01,1.990160975e-08
pi+1.98,1.980000000e+00,7.045761305e-06,9.760741989e-01,2.034541660e-08
pi+1.98,1.980000000e+00,7.049285948e-06,9.765624802e-01,1.992778991e-08
pi+1.98,1.980000000e+00,7.052810591e-06,9.770507614e-01,2.017066202e-08
pi+1.98,1.980000000e+00,7.056335234e-06,9.775390427e-01,2.000554447e-08
pi+1.98,1.980000000e+00,7.059859877e-06,9.780273239e-01,2.016556563e-08
pi+1.98,1.980000000e+00,7.063384520e-06,9.785156051e-01,2.009512688e-08
pi+1.98,1.980000000e+00,7.066909163e-06,9.790038864e-01,1.991209147e-08
pi+1.98,1.980000000e+00,7.070433806e-06,9.794921676e-01,2.016963582e-08
pi+1.98,1.980000000e+00,7.073958449e-06,9.799804489e-01,1.997911439e-08
pi+1.98,1.980000000e+00,7.077483091e-06,9.804687301e-01,2.018457447e-08
pi+1.98,1.980000000e+00,7.081007734e-06,9.809570113e-01,2.005638522e-08
pi+1.98,1.980000000e+00,7.084532377e-06,9.814452926e-01,2.004400281e-08
pi+1.98,1.980000000e+00,7.088057020e-06,9.819335738e-01,2.009242978e-08
pi+1.98,1.980000000e+00,7.091581663e-06,9.824218551e-01,2.037189416e-08
pi+1.98,1.980000000e+00,7.095106306e-06,9.829101363e-01,1.992997753e-08
pi+1.98,1.980000000e+00,7.098630949e-06,9.833984175e-01,2.005568258e-08
pi+1.98,1.980000000e+00,7.102155592e-06,9.838866988e-01,1.996468844e-08
pi+1.98,1.980000000e+00,7.105680235e-06,9.843749800e-01,2.021764105e-08
pi+1.98,1.980000000e+00,7.109204878e-06,9.848632613e-01,1.997294069e-08
pi+1.98,1.980000000e+00,7.112729521e-06,9.853515425e-01,2.029413076e-08
pi+1.98,1.980000000e+00,7.116254164e-06,9.858398237e-01,2.006254846e-08
pi+1.98,1.980000000e+00,7.119778807e-06,9.863281050e-01,2.017227577e-08
pi+1.98,1.980000000e+00,7.123303450e-06,9.868163862e-01,2.005760258e-08
pi+1.98,1.980000000e+00,7.126828093e-06,9.873046675e-01,1.983834232e-08
pi+1.98,1.980000000e+00,7.130352736e-06,9.877929487e-01,2.023086695e-08
pi+1.98,1.980000000e+00,7.133877379e-06,9.882812299e-01,2.006257622e-08
pi+1.98,1.980000000e+00,7.137402022e-06,9.887695112e-01,2.006193837e-08
pi+1.98,1.980000000e+00,7.140926665e-06,9.892577924e-01,2.005227318e-08
pi+1.98,1.980000000e+00,7.144451308e-06,9.897460737e-01,2.008689756e-08
pi+1.98,1.980000000e+00,7.147975951e-06,9.902343549e-01,2.005946221e-08
pi+1.98,1.980000000e+00,7.151500594e-06,9.907226361e-01,2.023488080e-08
pi+1.98,1.980000000e+00,7.155025237e-06,9.912109174e-01,2.011765337e-08
pi+1.98,1.980000000e+00,7.158549880e-06,9.916991986e-01,2.025564344e-08
pi+1.98,1.980000000e+00,7.162074523e-06,9.921874799e-01,1.992243798e-08
pi+1.98,1.980000000e+00,7.165599166e-06,9.926757611e-01,1.994704464e-08
pi+1.98,1.980000000e+00,7.169123809e-06,9.931640423e-01,2.032969844e-08
pi+1.98,1.980000000e+00,7.172648452e-06,9.936523236e-01,2.000873293e-08
pi+1.98,1.980000000e+00,7.176173095e-06,9.941406048e-01,2.025033979e-08
pi+1.98,1.980000000e+00,7.179697738e-06,9.946288861e-01,1.989120770e-08
pi+1.98,1.980000000e+00,7.183222381e-06,9.951171673e-01,2.009476670e-08
pi+1.98,1.980000000e+00,7.186747024e-06,9.956054485e-01,1.995116634e-08
pi+1.98,1.980000000e+00,7.190271667e-06,9.960937298e-01,2.042013239e-08
pi+1.98,1.980000000e+00,7.193796310e-06,9.965820110e-01,1.986699583e-08
pi+1.98,1.980000000e+00,7.197320953e-06,9.970702923e-01,2.007775150e-08
pi+1.98,1.980000000e+00,7.200845596e-06,9.975585735e-01,2.008976569e-08
pi+1.98,1.980000000e+00,7.204370239e-06,9.980468547e-01,2.028911807e-08
pi+1.98,1.980000000e+00,7.207894882e-06,9.985351360e-01,1.995333062e-08
pi+1.98,1.980000000e+00,7.211419524e-06,9.990234172e-01,1.995176596e-08
pi+1.98,1.980000000e+00,7.214944167e-06,9.995116985e-01,2.023586837e-08
pi+1.98,1.980000000e+00,7.218468810e-06,9.999999797e-01,2.023588285e-08
