# nur die festgehaltenen Knoten; alle uebrigen sind frei
r_m,z_m,role
0.000000000e+00,-3.000000000e-03,liquid_conductor
2.253927972e-07,-3.000000000e-03,liquid_conductor
4.710108625e-07,-3.000000000e-03,liquid_conductor
7.388114821e-07,-3.000000000e-03,liquid_conductor
1.030777353e-06,-3.000000000e-03,liquid_conductor
1.349134956e-06,-3.000000000e-03,liquid_conductor
1.696071563e-06,-3.000000000e-03,liquid_conductor
2.065284294e-06,-3.000000000e-03,liquid_conductor
2.411371865e-06,-3.000000000e-03,liquid_conductor
2.728827367e-06,-3.000000000e-03,liquid_conductor
3.019944202e-06,-3.000000000e-03,liquid_conductor
3.287031469e-06,-3.000000000e-03,liquid_conductor
3.531983203e-06,-3.000000000e-03,liquid_conductor
3.756739224e-06,-3.000000000e-03,liquid_conductor
3.962851098e-06,-3.000000000e-03,liquid_conductor
4.151964219e-06,-3.000000000e-03,liquid_conductor
4.325432522e-06,-3.000000000e-03,liquid_conductor
4.484611324e-06,-3.000000000e-03,liquid_conductor
4.630594259e-06,-3.000000000e-03,liquid_conductor
4.764494569e-06,-3.000000000e-03,liquid_conductor
4.887303601e-06,-3.000000000e-03,liquid_conductor
5.000000000e-06,-3.000000000e-03,liquid_conductor
5.344545024e-06,-3.000000000e-03,liquid_conductor
5.720728404e-06,-3.000000000e-03,liquid_conductor
6.131424688e-06,-3.000000000e-03,liquid_conductor
6.579792067e-06,-3.000000000e-03,liquid_conductor
7.069682790e-06,-3.000000000e-03,liquid_conductor
7.604221304e-06,-3.000000000e-03,liquid_conductor
8.187924336e-06,-3.000000000e-03,liquid_conductor
8.825326016e-06,-3.000000000e-03,liquid_conductor
9.521221193e-06,-3.000000000e-03,liquid_conductor
1.028089317e-05,-3.000000000e-03,liquid_conductor
1.111056343e-05,-3.000000000e-03,liquid_conductor
1.201639249e-05,-3.000000000e-03,liquid_conductor
1.298360751e-05,-3.000000000e-03,liquid_conductor
1.388943657e-05,-3.000000000e-03,liquid_conductor
1.471910683e-05,-3.000000000e-03,liquid_conductor
1.547877881e-05,-3.000000000e-03,liquid_conductor
1.617467398e-05,-3.000000000e-03,liquid_conductor
1.681207566e-05,-3.000000000e-03,liquid_conductor
1.739577870e-05,-3.000000000e-03,liquid_conductor
1.793031721e-05,-3.000000000e-03,liquid_conductor
1.842020793e-05,-3.000000000e-03,liquid_conductor
1.886857531e-05,-3.000000000e-03,liquid_conductor
1.927927160e-05,-3.000000000e-03,liquid_conductor
1.965545498e-05,-3.000000000e-03,liquid_conductor
2.000000000e-05,-3.000000000e-03,liquid_conductor
2.010805618e-05,-3.000000000e-03,liquid_conductor
2.022595285e-05,-3.000000000e-03,liquid_conductor
2.035459775e-05,-3.000000000e-03,liquid_conductor
2.049498821e-05,-3.000000000e-03,liquid_conductor
2.064826006e-05,-3.000000000e-03,liquid_conductor
2.081535157e-05,-3.000000000e-03,liquid_conductor
2.099777754e-05,-3.000000000e-03,liquid_conductor
2.119689800e-05,-3.000000000e-03,liquid_conductor
2.141410532e-05,-3.000000000e-03,liquid_conductor
2.165116416e-05,-3.000000000e-03,liquid_conductor
2.190983090e-05,-3.000000000e-03,liquid_conductor
2.219208379e-05,-3.000000000e-03,liquid_conductor
2.250020445e-05,-3.000000000e-03,liquid_conductor
2.283635452e-05,-3.000000000e-03,liquid_conductor
2.320312564e-05,-3.000000000e-03,liquid_conductor
2.360338148e-05,-3.000000000e-03,liquid_conductor
2.404015658e-05,-3.000000000e-03,liquid_conductor
2.451665868e-05,-3.000000000e-03,liquid_conductor
2.503676791e-05,-3.000000000e-03,liquid_conductor
2.560437513e-05,-3.000000000e-03,liquid_conductor
2.622369757e-05,-3.000000000e-03,liquid_conductor
2.688064397e-05,-3.000000000e-03,liquid_conductor
2.749373137e-05,-3.000000000e-03,liquid_conductor
2.805529321e-05,-3.000000000e-03,liquid_conductor
2.856987281e-05,-3.000000000e-03,liquid_conductor
2.904145948e-05,-3.000000000e-03,liquid_conductor
2.947368421e-05,-3.000000000e-03,liquid_conductor
2.990868297e-05,-3.000000000e-03,liquid_conductor
3.038341652e-05,-3.000000000e-03,liquid_conductor
3.090184239e-05,-3.000000000e-03,liquid_conductor
3.146778324e-05,-3.000000000e-03,liquid_conductor
3.208581625e-05,-3.000000000e-03,liquid_conductor
3.276073484e-05,-3.000000000e-03,liquid_conductor
3.349724986e-05,-3.000000000e-03,liquid_conductor
3.430131728e-05,-3.000000000e-03,liquid_conductor
3.517965823e-05,-3.000000000e-03,liquid_conductor
3.613813726e-05,-3.000000000e-03,liquid_conductor
3.718507681e-05,-3.000000000e-03,liquid_conductor
3.832780448e-05,-3.000000000e-03,liquid_conductor
3.957561045e-05,-3.000000000e-03,liquid_conductor
4.093854473e-05,-3.000000000e-03,liquid_conductor
4.242542050e-05,-3.000000000e-03,liquid_conductor
4.404956552e-05,-3.000000000e-03,liquid_conductor
4.582227382e-05,-3.000000000e-03,liquid_conductor
4.775808616e-05,-3.000000000e-03,liquid_conductor
4.987178140e-05,-3.000000000e-03,liquid_conductor
5.217920429e-05,-3.000000000e-03,liquid_conductor
5.469866297e-05,-3.000000000e-03,liquid_conductor
5.744905551e-05,-3.000000000e-03,liquid_conductor
6.045387799e-05,-3.000000000e-03,liquid_conductor
6.373271678e-05,-3.000000000e-03,liquid_conductor
6.731217269e-05,-3.000000000e-03,liquid_conductor
7.122108778e-05,-3.000000000e-03,liquid_conductor
7.548786712e-05,-3.000000000e-03,liquid_conductor
8.014712385e-05,-3.000000000e-03,liquid_conductor
8.523466155e-05,-3.000000000e-03,liquid_conductor
9.078843638e-05,-3.000000000e-03,liquid_conductor
9.685525750e-05,-3.000000000e-03,liquid_conductor
1.034758769e-04,-3.000000000e-03,liquid_conductor
1.107020219e-04,-3.000000000e-03,liquid_conductor
1.185948933e-04,-3.000000000e-03,liquid_conductor
1.271212752e-04,-3.000000000e-03,liquid_conductor
1.352404309e-04,-3.000000000e-03,liquid_conductor
1.426794381e-04,-3.000000000e-03,liquid_conductor
1.494903129e-04,-3.000000000e-03,liquid_conductor
1.557277722e-04,-3.000000000e-03,liquid_conductor
1.614435061e-04,-3.000000000e-03,liquid_conductor
1.666778448e-04,-3.000000000e-03,liquid_conductor
1.714708543e-04,-3.000000000e-03,liquid_conductor
1.758610799e-04,-3.000000000e-03,liquid_conductor
1.798823926e-04,-3.000000000e-03,liquid_conductor
1.835651336e-04,-3.000000000e-03,liquid_conductor
1.869383710e-04,-3.000000000e-03,liquid_conductor
1.900294091e-04,-3.000000000e-03,liquid_conductor
1.928581583e-04,-3.000000000e-03,liquid_conductor
1.954511466e-04,-3.000000000e-03,liquid_conductor
1.978250706e-04,-3.000000000e-03,liquid_conductor
2.000000000e-04,-3.000000000e-03,liquid_conductor
2.023073590e-04,-3.000000000e-03,liquid_conductor
2.048262778e-04,-3.000000000e-03,liquid_conductor
2.075787525e-04,-3.000000000e-03,liquid_conductor
2.105843091e-04,-3.000000000e-03,liquid_conductor
2.138679432e-04,-3.000000000e-03,liquid_conductor
2.174546697e-04,-3.000000000e-03,liquid_conductor
2.213724959e-04,-3.000000000e-03,liquid_conductor
2.256503856e-04,-3.000000000e-03,liquid_conductor
2.303242912e-04,-3.000000000e-03,liquid_conductor
2.354283816e-04,-3.000000000e-03,liquid_conductor
2.410037832e-04,-3.000000000e-03,liquid_conductor
2.470936058e-04,-3.000000000e-03,liquid_conductor
2.537446444e-04,-3.000000000e-03,liquid_conductor
2.610133227e-04,-3.000000000e-03,liquid_conductor
2.689484386e-04,-3.000000000e-03,liquid_conductor
2.776157494e-04,-3.000000000e-03,liquid_conductor
2.870851727e-04,-3.000000000e-03,liquid_conductor
2.974263273e-04,-3.000000000e-03,liquid_conductor
3.087203809e-04,-3.000000000e-03,liquid_conductor
3.210579460e-04,-3.000000000e-03,liquid_conductor
3.345353188e-04,-3.000000000e-03,liquid_conductor
3.492615949e-04,-3.000000000e-03,liquid_conductor
3.653317449e-04,-3.000000000e-03,liquid_conductor
3.828930231e-04,-3.000000000e-03,liquid_conductor
4.020809215e-04,-3.000000000e-03,liquid_conductor
4.230318110e-04,-3.000000000e-03,liquid_conductor
4.459114310e-04,-3.000000000e-03,liquid_conductor
4.709074923e-04,-3.000000000e-03,liquid_conductor
4.982272631e-04,-3.000000000e-03,liquid_conductor
5.280468223e-04,-3.000000000e-03,liquid_conductor
5.606176878e-04,-3.000000000e-03,liquid_conductor
5.961968980e-04,-3.000000000e-03,liquid_conductor
6.350512450e-04,-3.000000000e-03,liquid_conductor
6.774964929e-04,-3.000000000e-03,liquid_conductor
7.238672441e-04,-3.000000000e-03,liquid_conductor
7.745057743e-04,-3.000000000e-03,liquid_conductor
8.298365598e-04,-3.000000000e-03,liquid_conductor
8.902404685e-04,-3.000000000e-03,liquid_conductor
9.562452265e-04,-3.000000000e-03,liquid_conductor
1.028315419e-03,-3.000000000e-03,liquid_conductor
1.107064121e-03,-3.000000000e-03,liquid_conductor
1.193057227e-03,-3.000000000e-03,liquid_conductor
1.286983765e-03,-3.000000000e-03,liquid_conductor
1.389582490e-03,-3.000000000e-03,liquid_conductor
1.501687528e-03,-3.000000000e-03,liquid_conductor
1.618967549e-03,-3.000000000e-03,liquid_conductor
1.727165678e-03,-3.000000000e-03,liquid_conductor
1.826235815e-03,-3.000000000e-03,liquid_conductor
1.916950625e-03,-3.000000000e-03,liquid_conductor
2.000000000e-03,-3.000000000e-03,liquid_conductor
2.084216992e-03,-3.000000000e-03,liquid_conductor
2.176355351e-03,-3.000000000e-03,liquid_conductor
2.277029651e-03,-3.000000000e-03,liquid_conductor
2.387173046e-03,-3.000000000e-03,liquid_conductor
2.507591864e-03,-3.000000000e-03,liquid_conductor
2.639278383e-03,-3.000000000e-03,liquid_conductor
2.783299094e-03,-3.000000000e-03,liquid_conductor
2.940767833e-03,-3.000000000e-03,liquid_conductor
3.113009625e-03,-3.000000000e-03,liquid_conductor
3.294047376e-03,-3.000000000e-03,liquid_conductor
3.461380719e-03,-3.000000000e-03,liquid_conductor
3.614426098e-03,-3.000000000e-03,liquid_conductor
3.754355769e-03,-3.000000000e-03,liquid_conductor
3.882298548e-03,-3.000000000e-03,liquid_conductor
3.999310376e-03,-3.000000000e-03,liquid_conductor
4.106334329e-03,-3.000000000e-03,liquid_conductor
4.204204407e-03,-3.000000000e-03,liquid_conductor
4.293671006e-03,-3.000000000e-03,liquid_conductor
4.375489229e-03,-3.000000000e-03,liquid_conductor
4.450318040e-03,-3.000000000e-03,liquid_conductor
4.518738298e-03,-3.000000000e-03,liquid_conductor
4.581289028e-03,-3.000000000e-03,liquid_conductor
4.638507194e-03,-3.000000000e-03,liquid_conductor
4.690810594e-03,-3.000000000e-03,liquid_conductor
4.738672595e-03,-3.000000000e-03,liquid_conductor
4.782423733e-03,-3.000000000e-03,liquid_conductor
4.822423892e-03,-3.000000000e-03,liquid_conductor
4.859011717e-03,-3.000000000e-03,liquid_conductor
4.892455390e-03,-3.000000000e-03,liquid_conductor
4.923050450e-03,-3.000000000e-03,liquid_conductor
4.951016246e-03,-3.000000000e-03,liquid_conductor
4.976608707e-03,-3.000000000e-03,liquid_conductor
5.000000000e-03,-3.000000000e-03,liquid_conductor
0.000000000e+00,-2.977120860e-03,liquid_conductor
2.253927972e-07,-2.977120860e-03,liquid_conductor
4.710108625e-07,-2.977120860e-03,liquid_conductor
7.388114821e-07,-2.977120860e-03,liquid_conductor
1.030777353e-06,-2.977120860e-03,liquid_conductor
1.349134956e-06,-2.977120860e-03,liquid_conductor
1.696071563e-06,-2.977120860e-03,liquid_conductor
2.065284294e-06,-2.977120860e-03,liquid_conductor
2.411371865e-06,-2.977120860e-03,liquid_conductor
2.728827367e-06,-2.977120860e-03,liquid_conductor
3.019944202e-06,-2.977120860e-03,liquid_conductor
3.287031469e-06,-2.977120860e-03,liquid_conductor
3.531983203e-06,-2.977120860e-03,liquid_conductor
3.756739224e-06,-2.977120860e-03,liquid_conductor
3.962851098e-06,-2.977120860e-03,liquid_conductor
4.151964219e-06,-2.977120860e-03,liquid_conductor
4.325432522e-06,-2.977120860e-03,liquid_conductor
4.484611324e-06,-2.977120860e-03,liquid_conductor
4.630594259e-06,-2.977120860e-03,liquid_conductor
4.764494569e-06,-2.977120860e-03,liquid_conductor
4.887303601e-06,-2.977120860e-03,liquid_conductor
5.000000000e-06,-2.977120860e-03,liquid_conductor
5.344545024e-06,-2.977120860e-03,liquid_conductor
5.720728404e-06,-2.977120860e-03,liquid_conductor
6.131424688e-06,-2.977120860e-03,liquid_conductor
6.579792067e-06,-2.977120860e-03,liquid_conductor
7.069682790e-06,-2.977120860e-03,liquid_conductor
7.604221304e-06,-2.977120860e-03,liquid_conductor
8.187924336e-06,-2.977120860e-03,liquid_conductor
8.825326016e-06,-2.977120860e-03,liquid_conductor
9.521221193e-06,-2.977120860e-03,liquid_conductor
1.028089317e-05,-2.977120860e-03,liquid_conductor
1.111056343e-05,-2.977120860e-03,liquid_conductor
1.201639249e-05,-2.977120860e-03,liquid_conductor
1.298360751e-05,-2.977120860e-03,liquid_conductor
1.388943657e-05,-2.977120860e-03,liquid_conductor
1.471910683e-05,-2.977120860e-03,liquid_conductor
1.547877881e-05,-2.977120860e-03,liquid_conductor
1.617467398e-05,-2.977120860e-03,liquid_conductor
1.681207566e-05,-2.977120860e-03,liquid_conductor
1.739577870e-05,-2.977120860e-03,liquid_conductor
1.793031721e-05,-2.977120860e-03,liquid_conductor
1.842020793e-05,-2.977120860e-03,liquid_conductor
1.886857531e-05,-2.977120860e-03,liquid_conductor
1.927927160e-05,-2.977120860e-03,liquid_conductor
1.965545498e-05,-2.977120860e-03,liquid_conductor
2.000000000e-05,-2.977120860e-03,liquid_conductor
2.010805618e-05,-2.977120860e-03,liquid_conductor
2.022595285e-05,-2.977120860e-03,liquid_conductor
2.035459775e-05,-2.977120860e-03,liquid_conductor
2.049498821e-05,-2.977120860e-03,liquid_conductor
2.064826006e-05,-2.977120860e-03,liquid_conductor
2.081535157e-05,-2.977120860e-03,liquid_conductor
2.099777754e-05,-2.977120860e-03,liquid_conductor
2.119689800e-05,-2.977120860e-03,liquid_conductor
2.141410532e-05,-2.977120860e-03,liquid_conductor
2.165116416e-05,-2.977120860e-03,liquid_conductor
2.190983090e-05,-2.977120860e-03,liquid_conductor
2.219208379e-05,-2.977120860e-03,liquid_conductor
2.250020445e-05,-2.977120860e-03,liquid_conductor
2.283635452e-05,-2.977120860e-03,liquid_conductor
2.320312564e-05,-2.977120860e-03,liquid_conductor
2.360338148e-05,-2.977120860e-03,liquid_conductor
2.404015658e-05,-2.977120860e-03,liquid_conductor
2.451665868e-05,-2.977120860e-03,liquid_conductor
2.503676791e-05,-2.977120860e-03,liquid_conductor
2.560437513e-05,-2.977120860e-03,liquid_conductor
2.622369757e-05,-2.977120860e-03,liquid_conductor
2.688064397e-05,-2.977120860e-03,liquid_conductor
2.749373137e-05,-2.977120860e-03,liquid_conductor
2.805529321e-05,-2.977120860e-03,liquid_conductor
2.856987281e-05,-2.977120860e-03,liquid_conductor
2.904145948e-05,-2.977120860e-03,liquid_conductor
2.947368421e-05,-2.977120860e-03,liquid_conductor
2.990868297e-05,-2.977120860e-03,liquid_conductor
3.038341652e-05,-2.977120860e-03,liquid_conductor
3.090184239e-05,-2.977120860e-03,liquid_conductor
3.146778324e-05,-2.977120860e-03,liquid_conductor
3.208581625e-05,-2.977120860e-03,liquid_conductor
3.276073484e-05,-2.977120860e-03,liquid_conductor
3.349724986e-05,-2.977120860e-03,liquid_conductor
3.430131728e-05,-2.977120860e-03,liquid_conductor
3.517965823e-05,-2.977120860e-03,liquid_conductor
3.613813726e-05,-2.977120860e-03,liquid_conductor
3.718507681e-05,-2.977120860e-03,liquid_conductor
3.832780448e-05,-2.977120860e-03,liquid_conductor
3.957561045e-05,-2.977120860e-03,liquid_conductor
4.093854473e-05,-2.977120860e-03,liquid_conductor
4.242542050e-05,-2.977120860e-03,liquid_conductor
4.404956552e-05,-2.977120860e-03,liquid_conductor
4.582227382e-05,-2.977120860e-03,liquid_conductor
4.775808616e-05,-2.977120860e-03,liquid_conductor
4.987178140e-05,-2.977120860e-03,liquid_conductor
5.217920429e-05,-2.977120860e-03,liquid_conductor
5.469866297e-05,-2.977120860e-03,liquid_conductor
5.744905551e-05,-2.977120860e-03,liquid_conductor
6.045387799e-05,-2.977120860e-03,liquid_conductor
6.373271678e-05,-2.977120860e-03,liquid_conductor
6.731217269e-05,-2.977120860e-03,liquid_conductor
7.122108778e-05,-2.977120860e-03,liquid_conductor
7.548786712e-05,-2.977120860e-03,liquid_conductor
8.014712385e-05,-2.977120860e-03,liquid_conductor
8.523466155e-05,-2.977120860e-03,liquid_conductor
9.078843638e-05,-2.977120860e-03,liquid_conductor
9.685525750e-05,-2.977120860e-03,liquid_conductor
1.034758769e-04,-2.977120860e-03,liquid_conductor
1.107020219e-04,-2.977120860e-03,liquid_conductor
1.185948933e-04,-2.977120860e-03,liquid_conductor
1.271212752e-04,-2.977120860e-03,liquid_conductor
1.352404309e-04,-2.977120860e-03,liquid_conductor
1.426794381e-04,-2.977120860e-03,liquid_conductor
1.494903129e-04,-2.977120860e-03,liquid_conductor
1.557277722e-04,-2.977120860e-03,liquid_conductor
1.614435061e-04,-2.977120860e-03,liquid_conductor
1.666778448e-04,-2.977120860e-03,liquid_conductor
1.714708543e-04,-2.977120860e-03,liquid_conductor
1.758610799e-04,-2.977120860e-03,liquid_conductor
1.798823926e-04,-2.977120860e-03,liquid_conductor
1.835651336e-04,-2.977120860e-03,liquid_conductor
1.869383710e-04,-2.977120860e-03,liquid_conductor
1.900294091e-04,-2.977120860e-03,liquid_conductor
1.928581583e-04,-2.977120860e-03,liquid_conductor
1.954511466e-04,-2.977120860e-03,liquid_conductor
1.978250706e-04,-2.977120860e-03,liquid_conductor
2.000000000e-04,-2.977120860e-03,liquid_conductor
2.023073590e-04,-2.977120860e-03,liquid_conductor
2.048262778e-04,-2.977120860e-03,liquid_conductor
2.075787525e-04,-2.977120860e-03,liquid_conductor
2.105843091e-04,-2.977120860e-03,liquid_conductor
2.138679432e-04,-2.977120860e-03,liquid_conductor
2.174546697e-04,-2.977120860e-03,liquid_conductor
2.213724959e-04,-2.977120860e-03,liquid_conductor
2.256503856e-04,-2.977120860e-03,liquid_conductor
2.303242912e-04,-2.977120860e-03,liquid_conductor
2.354283816e-04,-2.977120860e-03,liquid_conductor
2.410037832e-04,-2.977120860e-03,liquid_conductor
2.470936058e-04,-2.977120860e-03,liquid_conductor
2.537446444e-04,-2.977120860e-03,liquid_conductor
2.610133227e-04,-2.977120860e-03,liquid_conductor
2.689484386e-04,-2.977120860e-03,liquid_conductor
2.776157494e-04,-2.977120860e-03,liquid_conductor
2.870851727e-04,-2.977120860e-03,liquid_conductor
2.974263273e-04,-2.977120860e-03,liquid_conductor
3.087203809e-04,-2.977120860e-03,liquid_conductor
3.210579460e-04,-2.977120860e-03,liquid_conductor
3.345353188e-04,-2.977120860e-03,liquid_conductor
3.492615949e-04,-2.977120860e-03,liquid_conductor
3.653317449e-04,-2.977120860e-03,liquid_conductor
3.828930231e-04,-2.977120860e-03,liquid_conductor
4.020809215e-04,-2.977120860e-03,liquid_conductor
4.230318110e-04,-2.977120860e-03,liquid_conductor
4.459114310e-04,-2.977120860e-03,liquid_conductor
4.709074923e-04,-2.977120860e-03,liquid_conductor
4.982272631e-04,-2.977120860e-03,liquid_conductor
5.280468223e-04,-2.977120860e-03,liquid_conductor
5.606176878e-04,-2.977120860e-03,liquid_conductor
5.961968980e-04,-2.977120860e-03,liquid_conductor
6.350512450e-04,-2.977120860e-03,liquid_conductor
6.774964929e-04,-2.977120860e-03,liquid_conductor
7.238672441e-04,-2.977120860e-03,liquid_conductor
7.745057743e-04,-2.977120860e-03,liquid_conductor
8.298365598e-04,-2.977120860e-03,liquid_conductor
8.902404685e-04,-2.977120860e-03,liquid_conductor
9.562452265e-04,-2.977120860e-03,liquid_conductor
1.028315419e-03,-2.977120860e-03,liquid_conductor
1.107064121e-03,-2.977120860e-03,liquid_conductor
1.193057227e-03,-2.977120860e-03,liquid_conductor
1.286983765e-03,-2.977120860e-03,liquid_conductor
1.389582490e-03,-2.977120860e-03,liquid_conductor
1.501687528e-03,-2.977120860e-03,liquid_conductor
1.618967549e-03,-2.977120860e-03,liquid_conductor
1.727165678e-03,-2.977120860e-03,liquid_conductor
1.826235815e-03,-2.977120860e-03,liquid_conductor
1.916950625e-03,-2.977120860e-03,liquid_conductor
2.000000000e-03,-2.977120860e-03,liquid_conductor
2.084216992e-03,-2.977120860e-03,liquid_conductor
2.176355351e-03,-2.977120860e-03,liquid_conductor
2.277029651e-03,-2.977120860e-03,liquid_conductor
2.387173046e-03,-2.977120860e-03,liquid_conductor
2.507591864e-03,-2.977120860e-03,liquid_conductor
2.639278383e-03,-2.977120860e-03,liquid_conductor
2.783299094e-03,-2.977120860e-03,liquid_conductor
2.940767833e-03,-2.977120860e-03,liquid_conductor
3.113009625e-03,-2.977120860e-03,liquid_conductor
3.294047376e-03,-2.977120860e-03,liquid_conductor
3.461380719e-03,-2.977120860e-03,liquid_conductor
3.614426098e-03,-2.977120860e-03,liquid_conductor
3.754355769e-03,-2.977120860e-03,liquid_conductor
3.882298548e-03,-2.977120860e-03,liquid_conductor
3.999310376e-03,-2.977120860e-03,liquid_conductor
4.106334329e-03,-2.977120860e-03,liquid_conductor
4.204204407e-03,-2.977120860e-03,liquid_conductor
4.293671006e-03,-2.977120860e-03,liquid_conductor
4.375489229e-03,-2.977120860e-03,liquid_conductor
4.450318040e-03,-2.977120860e-03,liquid_conductor
4.518738298e-03,-2.977120860e-03,liquid_conductor
4.581289028e-03,-2.977120860e-03,liquid_conductor
4.638507194e-03,-2.977120860e-03,liquid_conductor
4.690810594e-03,-2.977120860e-03,liquid_conductor
4.738672595e-03,-2.977120860e-03,liquid_conductor
4.782423733e-03,-2.977120860e-03,liquid_conductor
4.822423892e-03,-2.977120860e-03,liquid_conductor
4.859011717e-03,-2.977120860e-03,liquid_conductor
4.892455390e-03,-2.977120860e-03,liquid_conductor
4.923050450e-03,-2.977120860e-03,liquid_conductor
4.951016246e-03,-2.977120860e-03,liquid_conductor
4.976608707e-03,-2.977120860e-03,liquid_conductor
5.000000000e-03,-2.977120860e-03,liquid_conductor
0.000000000e+00,-2.952162154e-03,liquid_conductor
2.253927972e-07,-2.952162154e-03,liquid_conductor
4.710108625e-07,-2.952162154e-03,liquid_conductor
7.388114821e-07,-2.952162154e-03,liquid_conductor
1.030777353e-06,-2.952162154e-03,liquid_conductor
1.349134956e-06,-2.952162154e-03,liquid_conductor
1.696071563e-06,-2.952162154e-03,liquid_conductor
2.065284294e-06,-2.952162154e-03,liquid_conductor
2.411371865e-06,-2.952162154e-03,liquid_conductor
2.728827367e-06,-2.952162154e-03,liquid_conductor
3.019944202e-06,-2.952162154e-03,liquid_conductor
3.287031469e-06,-2.952162154e-03,liquid_conductor
3.531983203e-06,-2.952162154e-03,liquid_conductor
3.756739224e-06,-2.952162154e-03,liquid_conductor
3.962851098e-06,-2.952162154e-03,liquid_conductor
4.151964219e-06,-2.952162154e-03,liquid_conductor
4.325432522e-06,-2.952162154e-03,liquid_conductor
4.484611324e-06,-2.952162154e-03,liquid_conductor
4.630594259e-06,-2.952162154e-03,liquid_conductor
4.764494569e-06,-2.952162154e-03,liquid_conductor
4.887303601e-06,-2.952162154e-03,liquid_conductor
5.000000000e-06,-2.952162154e-03,liquid_conductor
5.344545024e-06,-2.952162154e-03,liquid_conductor
5.720728404e-06,-2.952162154e-03,liquid_conductor
6.131424688e-06,-2.952162154e-03,liquid_conductor
6.579792067e-06,-2.952162154e-03,liquid_conductor
7.069682790e-06,-2.952162154e-03,liquid_conductor
7.604221304e-06,-2.952162154e-03,liquid_conductor
8.187924336e-06,-2.952162154e-03,liquid_conductor
8.825326016e-06,-2.952162154e-03,liquid_conductor
9.521221193e-06,-2.952162154e-03,liquid_conductor
1.028089317e-05,-2.952162154e-03,liquid_conductor
1.111056343e-05,-2.952162154e-03,liquid_conductor
1.201639249e-05,-2.952162154e-03,liquid_conductor
1.298360751e-05,-2.952162154e-03,liquid_conductor
1.388943657e-05,-2.952162154e-03,liquid_conductor
1.471910683e-05,-2.952162154e-03,liquid_conductor
1.547877881e-05,-2.952162154e-03,liquid_conductor
1.617467398e-05,-2.952162154e-03,liquid_conductor
1.681207566e-05,-2.952162154e-03,liquid_conductor
1.739577870e-05,-2.952162154e-03,liquid_conductor
1.793031721e-05,-2.952162154e-03,liquid_conductor
1.842020793e-05,-2.952162154e-03,liquid_conductor
1.886857531e-05,-2.952162154e-03,liquid_conductor
1.927927160e-05,-2.952162154e-03,liquid_conductor
1.965545498e-05,-2.952162154e-03,liquid_conductor
2.000000000e-05,-2.952162154e-03,liquid_conductor
2.010805618e-05,-2.952162154e-03,liquid_conductor
2.022595285e-05,-2.952162154e-03,liquid_conductor
2.035459775e-05,-2.952162154e-03,liquid_conductor
2.049498821e-05,-2.952162154e-03,liquid_conductor
2.064826006e-05,-2.952162154e-03,liquid_conductor
2.081535157e-05,-2.952162154e-03,liquid_conductor
2.099777754e-05,-2.952162154e-03,liquid_conductor
2.119689800e-05,-2.952162154e-03,liquid_conductor
2.141410532e-05,-2.952162154e-03,liquid_conductor
2.165116416e-05,-2.952162154e-03,liquid_conductor
2.190983090e-05,-2.952162154e-03,liquid_conductor
2.219208379e-05,-2.952162154e-03,liquid_conductor
2.250020445e-05,-2.952162154e-03,liquid_conductor
2.283635452e-05,-2.952162154e-03,liquid_conductor
2.320312564e-05,-2.952162154e-03,liquid_conductor
2.360338148e-05,-2.952162154e-03,liquid_conductor
2.404015658e-05,-2.952162154e-03,liquid_conductor
2.451665868e-05,-2.952162154e-03,liquid_conductor
2.503676791e-05,-2.952162154e-03,liquid_conductor
2.560437513e-05,-2.952162154e-03,liquid_conductor
2.622369757e-05,-2.952162154e-03,liquid_conductor
2.688064397e-05,-2.952162154e-03,liquid_conductor
2.749373137e-05,-2.952162154e-03,liquid_conductor
2.805529321e-05,-2.952162154e-03,liquid_conductor
2.856987281e-05,-2.952162154e-03,liquid_conductor
2.904145948e-05,-2.952162154e-03,liquid_conductor
2.947368421e-05,-2.952162154e-03,liquid_conductor
2.990868297e-05,-2.952162154e-03,liquid_conductor
3.038341652e-05,-2.952162154e-03,liquid_conductor
3.090184239e-05,-2.952162154e-03,liquid_conductor
3.146778324e-05,-2.952162154e-03,liquid_conductor
3.208581625e-05,-2.952162154e-03,liquid_conductor
3.276073484e-05,-2.952162154e-03,liquid_conductor
3.349724986e-05,-2.952162154e-03,liquid_conductor
3.430131728e-05,-2.952162154e-03,liquid_conductor
3.517965823e-05,-2.952162154e-03,liquid_conductor
3.613813726e-05,-2.952162154e-03,liquid_conductor
3.718507681e-05,-2.952162154e-03,liquid_conductor
3.832780448e-05,-2.952162154e-03,liquid_conductor
3.957561045e-05,-2.952162154e-03,liquid_conductor
4.093854473e-05,-2.952162154e-03,liquid_conductor
4.242542050e-05,-2.952162154e-03,liquid_conductor
4.404956552e-05,-2.952162154e-03,liquid_conductor
4.582227382e-05,-2.952162154e-03,liquid_conductor
4.775808616e-05,-2.952162154e-03,liquid_conductor
4.987178140e-05,-2.952162154e-03,liquid_conductor
5.217920429e-05,-2.952162154e-03,liquid_conductor
5.469866297e-05,-2.952162154e-03,liquid_conductor
5.744905551e-05,-2.952162154e-03,liquid_conductor
6.045387799e-05,-2.952162154e-03,liquid_conductor
6.373271678e-05,-2.952162154e-03,liquid_conductor
6.731217269e-05,-2.952162154e-03,liquid_conductor
7.122108778e-05,-2.952162154e-03,liquid_conductor
7.548786712e-05,-2.952162154e-03,liquid_conductor
8.014712385e-05,-2.952162154e-03,liquid_conductor
8.523466155e-05,-2.952162154e-03,liquid_conductor
9.078843638e-05,-2.952162154e-03,liquid_conductor
9.685525750e-05,-2.952162154e-03,liquid_conductor
1.034758769e-04,-2.952162154e-03,liquid_conductor
1.107020219e-04,-2.952162154e-03,liquid_conductor
1.185948933e-04,-2.952162154e-03,liquid_conductor
1.271212752e-04,-2.952162154e-03,liquid_conductor
1.352404309e-04,-2.952162154e-03,liquid_conductor
1.426794381e-04,-2.952162154e-03,liquid_conductor
1.494903129e-04,-2.952162154e-03,liquid_conductor
1.557277722e-04,-2.952162154e-03,liquid_conductor
1.614435061e-04,-2.952162154e-03,liquid_conductor
1.666778448e-04,-2.952162154e-03,liquid_conductor
1.714708543e-04,-2.952162154e-03,liquid_conductor
1.758610799e-04,-2.952162154e-03,liquid_conductor
1.798823926e-04,-2.952162154e-03,liquid_conductor
1.835651336e-04,-2.952162154e-03,liquid_conductor
1.869383710e-04,-2.952162154e-03,liquid_conductor
1.900294091e-04,-2.952162154e-03,liquid_conductor
1.928581583e-04,-2.952162154e-03,liquid_conductor
1.954511466e-04,-2.952162154e-03,liquid_conductor
1.978250706e-04,-2.952162154e-03,liquid_conductor
2.000000000e-04,-2.952162154e-03,liquid_conductor
2.023073590e-04,-2.952162154e-03,liquid_conductor
2.048262778e-04,-2.952162154e-03,liquid_conductor
2.075787525e-04,-2.952162154e-03,liquid_conductor
2.105843091e-04,-2.952162154e-03,liquid_conductor
2.138679432e-04,-2.952162154e-03,liquid_conductor
2.174546697e-04,-2.952162154e-03,liquid_conductor
2.213724959e-04,-2.952162154e-03,liquid_conductor
2.256503856e-04,-2.952162154e-03,liquid_conductor
2.303242912e-04,-2.952162154e-03,liquid_conductor
2.354283816e-04,-2.952162154e-03,liquid_conductor
2.410037832e-04,-2.952162154e-03,liquid_conductor
2.470936058e-04,-2.952162154e-03,liquid_conductor
2.537446444e-04,-2.952162154e-03,liquid_conductor
2.610133227e-04,-2.952162154e-03,liquid_conductor
2.689484386e-04,-2.952162154e-03,liquid_conductor
2.776157494e-04,-2.952162154e-03,liquid_conductor
2.870851727e-04,-2.952162154e-03,liquid_conductor
2.974263273e-04,-2.952162154e-03,liquid_conductor
3.087203809e-04,-2.952162154e-03,liquid_conductor
3.210579460e-04,-2.952162154e-03,liquid_conductor
3.345353188e-04,-2.952162154e-03,liquid_conductor
3.492615949e-04,-2.952162154e-03,liquid_conductor
3.653317449e-04,-2.952162154e-03,liquid_conductor
3.828930231e-04,-2.952162154e-03,liquid_conductor
4.020809215e-04,-2.952162154e-03,liquid_conductor
4.230318110e-04,-2.952162154e-03,liquid_conductor
4.459114310e-04,-2.952162154e-03,liquid_conductor
4.709074923e-04,-2.952162154e-03,liquid_conductor
4.982272631e-04,-2.952162154e-03,liquid_conductor
5.280468223e-04,-2.952162154e-03,liquid_conductor
5.606176878e-04,-2.952162154e-03,liquid_conductor
5.961968980e-04,-2.952162154e-03,liquid_conductor
6.350512450e-04,-2.952162154e-03,liquid_conductor
6.774964929e-04,-2.952162154e-03,liquid_conductor
7.238672441e-04,-2.952162154e-03,liquid_conductor
7.745057743e-04,-2.952162154e-03,liquid_conductor
8.298365598e-04,-2.952162154e-03,liquid_conductor
8.902404685e-04,-2.952162154e-03,liquid_conductor
9.562452265e-04,-2.952162154e-03,liquid_conductor
1.028315419e-03,-2.952162154e-03,liquid_conductor
1.107064121e-03,-2.952162154e-03,liquid_conductor
1.193057227e-03,-2.952162154e-03,liquid_conductor
1.286983765e-03,-2.952162154e-03,liquid_conductor
1.389582490e-03,-2.952162154e-03,liquid_conductor
1.501687528e-03,-2.952162154e-03,liquid_conductor
1.618967549e-03,-2.952162154e-03,liquid_conductor
1.727165678e-03,-2.952162154e-03,liquid_conductor
1.826235815e-03,-2.952162154e-03,liquid_conductor
1.916950625e-03,-2.952162154e-03,liquid_conductor
2.000000000e-03,-2.952162154e-03,liquid_conductor
2.084216992e-03,-2.952162154e-03,liquid_conductor
2.176355351e-03,-2.952162154e-03,liquid_conductor
2.277029651e-03,-2.952162154e-03,liquid_conductor
2.387173046e-03,-2.952162154e-03,liquid_conductor
2.507591864e-03,-2.952162154e-03,liquid_conductor
2.639278383e-03,-2.952162154e-03,liquid_conductor
2.783299094e-03,-2.952162154e-03,liquid_conductor
2.940767833e-03,-2.952162154e-03,liquid_conductor
3.113009625e-03,-2.952162154e-03,liquid_conductor
3.294047376e-03,-2.952162154e-03,liquid_conductor
3.461380719e-03,-2.952162154e-03,liquid_conductor
3.614426098e-03,-2.952162154e-03,liquid_conductor
3.754355769e-03,-2.952162154e-03,liquid_conductor
3.882298548e-03,-2.952162154e-03,liquid_conductor
3.999310376e-03,-2.952162154e-03,liquid_conductor
4.106334329e-03,-2.952162154e-03,liquid_conductor
4.204204407e-03,-2.952162154e-03,liquid_conductor
4.293671006e-03,-2.952162154e-03,liquid_conductor
4.375489229e-03,-2.952162154e-03,liquid_conductor
4.450318040e-03,-2.952162154e-03,liquid_conductor
4.518738298e-03,-2.952162154e-03,liquid_conductor
4.581289028e-03,-2.952162154e-03,liquid_conductor
4.638507194e-03,-2.952162154e-03,liquid_conductor
4.690810594e-03,-2.952162154e-03,liquid_conductor
4.738672595e-03,-2.952162154e-03,liquid_conductor
4.782423733e-03,-2.952162154e-03,liquid_conductor
4.822423892e-03,-2.952162154e-03,liquid_conductor
4.859011717e-03,-2.952162154e-03,liquid_conductor
4.892455390e-03,-2.952162154e-03,liquid_conductor
4.923050450e-03,-2.952162154e-03,liquid_conductor
4.951016246e-03,-2.952162154e-03,liquid_conductor
4.976608707e-03,-2.952162154e-03,liquid_conductor
5.000000000e-03,-2.952162154e-03,liquid_conductor
0.000000000e+00,-2.924915085e-03,liquid_conductor
2.253927972e-07,-2.924915085e-03,liquid_conductor
4.710108625e-07,-2.924915085e-03,liquid_conductor
7.388114821e-07,-2.924915085e-03,liquid_conductor
1.030777353e-06,-2.924915085e-03,liquid_conductor
1.349134956e-06,-2.924915085e-03,liquid_conductor
1.696071563e-06,-2.924915085e-03,liquid_conductor
2.065284294e-06,-2.924915085e-03,liquid_conductor
2.411371865e-06,-2.924915085e-03,liquid_conductor
2.728827367e-06,-2.924915085e-03,liquid_conductor
3.019944202e-06,-2.924915085e-03,liquid_conductor
3.287031469e-06,-2.924915085e-03,liquid_conductor
3.531983203e-06,-2.924915085e-03,liquid_conductor
3.756739224e-06,-2.924915085e-03,liquid_conductor
3.962851098e-06,-2.924915085e-03,liquid_conductor
4.151964219e-06,-2.924915085e-03,liquid_conductor
4.325432522e-06,-2.924915085e-03,liquid_conductor
4.484611324e-06,-2.924915085e-03,liquid_conductor
4.630594259e-06,-2.924915085e-03,liquid_conductor
4.764494569e-06,-2.924915085e-03,liquid_conductor
4.887303601e-06,-2.924915085e-03,liquid_conductor
5.000000000e-06,-2.924915085e-03,liquid_conductor
5.344545024e-06,-2.924915085e-03,liquid_conductor
5.720728404e-06,-2.924915085e-03,liquid_conductor
6.131424688e-06,-2.924915085e-03,liquid_conductor
6.579792067e-06,-2.924915085e-03,liquid_conductor
7.069682790e-06,-2.924915085e-03,liquid_conductor
7.604221304e-06,-2.924915085e-03,liquid_conductor
8.187924336e-06,-2.924915085e-03,liquid_conductor
8.825326016e-06,-2.924915085e-03,liquid_conductor
9.521221193e-06,-2.924915085e-03,liquid_conductor
1.028089317e-05,-2.924915085e-03,liquid_conductor
1.111056343e-05,-2.924915085e-03,liquid_conductor
1.201639249e-05,-2.924915085e-03,liquid_conductor
1.298360751e-05,-2.924915085e-03,liquid_conductor
1.388943657e-05,-2.924915085e-03,liquid_conductor
1.471910683e-05,-2.924915085e-03,liquid_conductor
1.547877881e-05,-2.924915085e-03,liquid_conductor
1.617467398e-05,-2.924915085e-03,liquid_conductor
1.681207566e-05,-2.924915085e-03,liquid_conductor
1.739577870e-05,-2.924915085e-03,liquid_conductor
1.793031721e-05,-2.924915085e-03,liquid_conductor
1.842020793e-05,-2.924915085e-03,liquid_conductor
1.886857531e-05,-2.924915085e-03,liquid_conductor
1.927927160e-05,-2.924915085e-03,liquid_conductor
1.965545498e-05,-2.924915085e-03,liquid_conductor
2.000000000e-05,-2.924915085e-03,liquid_conductor
2.010805618e-05,-2.924915085e-03,liquid_conductor
2.022595285e-05,-2.924915085e-03,liquid_conductor
2.035459775e-05,-2.924915085e-03,liquid_conductor
2.049498821e-05,-2.924915085e-03,liquid_conductor
2.064826006e-05,-2.924915085e-03,liquid_conductor
2.081535157e-05,-2.924915085e-03,liquid_conductor
2.099777754e-05,-2.924915085e-03,liquid_conductor
2.119689800e-05,-2.924915085e-03,liquid_conductor
2.141410532e-05,-2.924915085e-03,liquid_conductor
2.165116416e-05,-2.924915085e-03,liquid_conductor
2.190983090e-05,-2.924915085e-03,liquid_conductor
2.219208379e-05,-2.924915085e-03,liquid_conductor
2.250020445e-05,-2.924915085e-03,liquid_conductor
2.283635452e-05,-2.924915085e-03,liquid_conductor
2.320312564e-05,-2.924915085e-03,liquid_conductor
2.360338148e-05,-2.924915085e-03,liquid_conductor
2.404015658e-05,-2.924915085e-03,liquid_conductor
2.451665868e-05,-2.924915085e-03,liquid_conductor
2.503676791e-05,-2.924915085e-03,liquid_conductor
2.560437513e-05,-2.924915085e-03,liquid_conductor
2.622369757e-05,-2.924915085e-03,liquid_conductor
2.688064397e-05,-2.924915085e-03,liquid_conductor
2.749373137e-05,-2.924915085e-03,liquid_conductor
2.805529321e-05,-2.924915085e-03,liquid_conductor
2.856987281e-05,-2.924915085e-03,liquid_conductor
2.904145948e-05,-2.924915085e-03,liquid_conductor
2.947368421e-05,-2.924915085e-03,liquid_conductor
2.990868297e-05,-2.924915085e-03,liquid_conductor
3.038341652e-05,-2.924915085e-03,liquid_conductor
3.090184239e-05,-2.924915085e-03,liquid_conductor
3.146778324e-05,-2.924915085e-03,liquid_conductor
3.208581625e-05,-2.924915085e-03,liquid_conductor
3.276073484e-05,-2.924915085e-03,liquid_conductor
3.349724986e-05,-2.924915085e-03,liquid_conductor
3.430131728e-05,-2.924915085e-03,liquid_conductor
3.517965823e-05,-2.924915085e-03,liquid_conductor
3.613813726e-05,-2.924915085e-03,liquid_conductor
3.718507681e-05,-2.924915085e-03,liquid_conductor
3.832780448e-05,-2.924915085e-03,liquid_conductor
3.957561045e-05,-2.924915085e-03,liquid_conductor
4.093854473e-05,-2.924915085e-03,liquid_conductor
4.242542050e-05,-2.924915085e-03,liquid_conductor
4.404956552e-05,-2.924915085e-03,liquid_conductor
4.582227382e-05,-2.924915085e-03,liquid_conductor
4.775808616e-05,-2.924915085e-03,liquid_conductor
4.987178140e-05,-2.924915085e-03,liquid_conductor
5.217920429e-05,-2.924915085e-03,liquid_conductor
5.469866297e-05,-2.924915085e-03,liquid_conductor
5.744905551e-05,-2.924915085e-03,liquid_conductor
6.045387799e-05,-2.924915085e-03,liquid_conductor
6.373271678e-05,-2.924915085e-03,liquid_conductor
6.731217269e-05,-2.924915085e-03,liquid_conductor
7.122108778e-05,-2.924915085e-03,liquid_conductor
7.548786712e-05,-2.924915085e-03,liquid_conductor
8.014712385e-05,-2.924915085e-03,liquid_conductor
8.523466155e-05,-2.924915085e-03,liquid_conductor
9.078843638e-05,-2.924915085e-03,liquid_conductor
9.685525750e-05,-2.924915085e-03,liquid_conductor
1.034758769e-04,-2.924915085e-03,liquid_conductor
1.107020219e-04,-2.924915085e-03,liquid_conductor
1.185948933e-04,-2.924915085e-03,liquid_conductor
1.271212752e-04,-2.924915085e-03,liquid_conductor
1.352404309e-04,-2.924915085e-03,liquid_conductor
1.426794381e-04,-2.924915085e-03,liquid_conductor
1.494903129e-04,-2.924915085e-03,liquid_conductor
1.557277722e-04,-2.924915085e-03,liquid_conductor
1.614435061e-04,-2.924915085e-03,liquid_conductor
1.666778448e-04,-2.924915085e-03,liquid_conductor
1.714708543e-04,-2.924915085e-03,liquid_conductor
1.758610799e-04,-2.924915085e-03,liquid_conductor
1.798823926e-04,-2.924915085e-03,liquid_conductor
1.835651336e-04,-2.924915085e-03,liquid_conductor
1.869383710e-04,-2.924915085e-03,liquid_conductor
1.900294091e-04,-2.924915085e-03,liquid_conductor
1.928581583e-04,-2.924915085e-03,liquid_conductor
1.954511466e-04,-2.924915085e-03,liquid_conductor
1.978250706e-04,-2.924915085e-03,liquid_conductor
2.000000000e-04,-2.924915085e-03,liquid_conductor
2.023073590e-04,-2.924915085e-03,liquid_conductor
2.048262778e-04,-2.924915085e-03,liquid_conductor
2.075787525e-04,-2.924915085e-03,liquid_conductor
2.105843091e-04,-2.924915085e-03,liquid_conductor
2.138679432e-04,-2.924915085e-03,liquid_conductor
2.174546697e-04,-2.924915085e-03,liquid_conductor
2.213724959e-04,-2.924915085e-03,liquid_conductor
2.256503856e-04,-2.924915085e-03,liquid_conductor
2.303242912e-04,-2.924915085e-03,liquid_conductor
2.354283816e-04,-2.924915085e-03,liquid_conductor
2.410037832e-04,-2.924915085e-03,liquid_conductor
2.470936058e-04,-2.924915085e-03,liquid_conductor
2.537446444e-04,-2.924915085e-03,liquid_conductor
2.610133227e-04,-2.924915085e-03,liquid_conductor
2.689484386e-04,-2.924915085e-03,liquid_conductor
2.776157494e-04,-2.924915085e-03,liquid_conductor
2.870851727e-04,-2.924915085e-03,liquid_conductor
2.974263273e-04,-2.924915085e-03,liquid_conductor
3.087203809e-04,-2.924915085e-03,liquid_conductor
3.210579460e-04,-2.924915085e-03,liquid_conductor
3.345353188e-04,-2.924915085e-03,liquid_conductor
3.492615949e-04,-2.924915085e-03,liquid_conductor
3.653317449e-04,-2.924915085e-03,liquid_conductor
3.828930231e-04,-2.924915085e-03,liquid_conductor
4.020809215e-04,-2.924915085e-03,liquid_conductor
4.230318110e-04,-2.924915085e-03,liquid_conductor
4.459114310e-04,-2.924915085e-03,liquid_conductor
4.709074923e-04,-2.924915085e-03,liquid_conductor
4.982272631e-04,-2.924915085e-03,liquid_conductor
5.280468223e-04,-2.924915085e-03,liquid_conductor
5.606176878e-04,-2.924915085e-03,liquid_conductor
5.961968980e-04,-2.924915085e-03,liquid_conductor
6.350512450e-04,-2.924915085e-03,liquid_conductor
6.774964929e-04,-2.924915085e-03,liquid_conductor
7.238672441e-04,-2.924915085e-03,liquid_conductor
7.745057743e-04,-2.924915085e-03,liquid_conductor
8.298365598e-04,-2.924915085e-03,liquid_conductor
8.902404685e-04,-2.924915085e-03,liquid_conductor
9.562452265e-04,-2.924915085e-03,liquid_conductor
1.028315419e-03,-2.924915085e-03,liquid_conductor
1.107064121e-03,-2.924915085e-03,liquid_conductor
1.193057227e-03,-2.924915085e-03,liquid_conductor
1.286983765e-03,-2.924915085e-03,liquid_conductor
1.389582490e-03,-2.924915085e-03,liquid_conductor
1.501687528e-03,-2.924915085e-03,liquid_conductor
1.618967549e-03,-2.924915085e-03,liquid_conductor
1.727165678e-03,-2.924915085e-03,liquid_conductor
1.826235815e-03,-2.924915085e-03,liquid_conductor
1.916950625e-03,-2.924915085e-03,liquid_conductor
2.000000000e-03,-2.924915085e-03,liquid_conductor
2.084216992e-03,-2.924915085e-03,liquid_conductor
2.176355351e-03,-2.924915085e-03,liquid_conductor
2.277029651e-03,-2.924915085e-03,liquid_conductor
2.387173046e-03,-2.924915085e-03,liquid_conductor
2.507591864e-03,-2.924915085e-03,liquid_conductor
2.639278383e-03,-2.924915085e-03,liquid_conductor
2.783299094e-03,-2.924915085e-03,liquid_conductor
2.940767833e-03,-2.924915085e-03,liquid_conductor
3.113009625e-03,-2.924915085e-03,liquid_conductor
3.294047376e-03,-2.924915085e-03,liquid_conductor
3.461380719e-03,-2.924915085e-03,liquid_conductor
3.614426098e-03,-2.924915085e-03,liquid_conductor
3.754355769e-03,-2.924915085e-03,liquid_conductor
3.882298548e-03,-2.924915085e-03,liquid_conductor
3.999310376e-03,-2.924915085e-03,liquid_conductor
4.106334329e-03,-2.924915085e-03,liquid_conductor
4.204204407e-03,-2.924915085e-03,liquid_conductor
4.293671006e-03,-2.924915085e-03,liquid_conductor
4.375489229e-03,-2.924915085e-03,liquid_conductor
4.450318040e-03,-2.924915085e-03,liquid_conductor
4.518738298e-03,-2.924915085e-03,liquid_conductor
4.581289028e-03,-2.924915085e-03,liquid_conductor
4.638507194e-03,-2.924915085e-03,liquid_conductor
4.690810594e-03,-2.924915085e-03,liquid_conductor
4.738672595e-03,-2.924915085e-03,liquid_conductor
4.782423733e-03,-2.924915085e-03,liquid_conductor
4.822423892e-03,-2.924915085e-03,liquid_conductor
4.859011717e-03,-2.924915085e-03,liquid_conductor
4.892455390e-03,-2.924915085e-03,liquid_conductor
4.923050450e-03,-2.924915085e-03,liquid_conductor
4.951016246e-03,-2.924915085e-03,liquid_conductor
4.976608707e-03,-2.924915085e-03,liquid_conductor
5.000000000e-03,-2.924915085e-03,liquid_conductor
0.000000000e+00,-2.895178122e-03,liquid_conductor
2.253927972e-07,-2.895178122e-03,liquid_conductor
4.710108625e-07,-2.895178122e-03,liquid_conductor
7.388114821e-07,-2.895178122e-03,liquid_conductor
1.030777353e-06,-2.895178122e-03,liquid_conductor
1.349134956e-06,-2.895178122e-03,liquid_conductor
1.696071563e-06,-2.895178122e-03,liquid_conductor
2.065284294e-06,-2.895178122e-03,liquid_conductor
2.411371865e-06,-2.895178122e-03,liquid_conductor
2.728827367e-06,-2.895178122e-03,liquid_conductor
3.019944202e-06,-2.895178122e-03,liquid_conductor
3.287031469e-06,-2.895178122e-03,liquid_conductor
3.531983203e-06,-2.895178122e-03,liquid_conductor
3.756739224e-06,-2.895178122e-03,liquid_conductor
3.962851098e-06,-2.895178122e-03,liquid_conductor
4.151964219e-06,-2.895178122e-03,liquid_conductor
4.325432522e-06,-2.895178122e-03,liquid_conductor
4.484611324e-06,-2.895178122e-03,liquid_conductor
4.630594259e-06,-2.895178122e-03,liquid_conductor
4.764494569e-06,-2.895178122e-03,liquid_conductor
4.887303601e-06,-2.895178122e-03,liquid_conductor
5.000000000e-06,-2.895178122e-03,liquid_conductor
5.344545024e-06,-2.895178122e-03,liquid_conductor
5.720728404e-06,-2.895178122e-03,liquid_conductor
6.131424688e-06,-2.895178122e-03,liquid_conductor
6.579792067e-06,-2.895178122e-03,liquid_conductor
7.069682790e-06,-2.895178122e-03,liquid_conductor
7.604221304e-06,-2.895178122e-03,liquid_conductor
8.187924336e-06,-2.895178122e-03,liquid_conductor
8.825326016e-06,-2.895178122e-03,liquid_conductor
9.521221193e-06,-2.895178122e-03,liquid_conductor
1.028089317e-05,-2.895178122e-03,liquid_conductor
1.111056343e-05,-2.895178122e-03,liquid_conductor
1.201639249e-05,-2.895178122e-03,liquid_conductor
1.298360751e-05,-2.895178122e-03,liquid_conductor
1.388943657e-05,-2.895178122e-03,liquid_conductor
1.471910683e-05,-2.895178122e-03,liquid_conductor
1.547877881e-05,-2.895178122e-03,liquid_conductor
1.617467398e-05,-2.895178122e-03,liquid_conductor
1.681207566e-05,-2.895178122e-03,liquid_conductor
1.739577870e-05,-2.895178122e-03,liquid_conductor
1.793031721e-05,-2.895178122e-03,liquid_conductor
1.842020793e-05,-2.895178122e-03,liquid_conductor
1.886857531e-05,-2.895178122e-03,liquid_conductor
1.927927160e-05,-2.895178122e-03,liquid_conductor
1.965545498e-05,-2.895178122e-03,liquid_conductor
2.000000000e-05,-2.895178122e-03,liquid_conductor
2.010805618e-05,-2.895178122e-03,liquid_conductor
2.022595285e-05,-2.895178122e-03,liquid_conductor
2.035459775e-05,-2.895178122e-03,liquid_conductor
2.049498821e-05,-2.895178122e-03,liquid_conductor
2.064826006e-05,-2.895178122e-03,liquid_conductor
2.081535157e-05,-2.895178122e-03,liquid_conductor
2.099777754e-05,-2.895178122e-03,liquid_conductor
2.119689800e-05,-2.895178122e-03,liquid_conductor
2.141410532e-05,-2.895178122e-03,liquid_conductor
2.165116416e-05,-2.895178122e-03,liquid_conductor
2.190983090e-05,-2.895178122e-03,liquid_conductor
2.219208379e-05,-2.895178122e-03,liquid_conductor
2.250020445e-05,-2.895178122e-03,liquid_conductor
2.283635452e-05,-2.895178122e-03,liquid_conductor
2.320312564e-05,-2.895178122e-03,liquid_conductor
2.360338148e-05,-2.895178122e-03,liquid_conductor
2.404015658e-05,-2.895178122e-03,liquid_conductor
2.451665868e-05,-2.895178122e-03,liquid_conductor
2.503676791e-05,-2.895178122e-03,liquid_conductor
2.560437513e-05,-2.895178122e-03,liquid_conductor
2.622369757e-05,-2.895178122e-03,liquid_conductor
2.688064397e-05,-2.895178122e-03,liquid_conductor
2.749373137e-05,-2.895178122e-03,liquid_conductor
2.805529321e-05,-2.895178122e-03,liquid_conductor
2.856987281e-05,-2.895178122e-03,liquid_conductor
2.904145948e-05,-2.895178122e-03,liquid_conductor
2.947368421e-05,-2.895178122e-03,liquid_conductor
2.990868297e-05,-2.895178122e-03,liquid_conductor
3.038341652e-05,-2.895178122e-03,liquid_conductor
3.090184239e-05,-2.895178122e-03,liquid_conductor
3.146778324e-05,-2.895178122e-03,liquid_conductor
3.208581625e-05,-2.895178122e-03,liquid_conductor
3.276073484e-05,-2.895178122e-03,liquid_conductor
3.349724986e-05,-2.895178122e-03,liquid_conductor
3.430131728e-05,-2.895178122e-03,liquid_conductor
3.517965823e-05,-2.895178122e-03,liquid_conductor
3.613813726e-05,-2.895178122e-03,liquid_conductor
3.718507681e-05,-2.895178122e-03,liquid_conductor
3.832780448e-05,-2.895178122e-03,liquid_conductor
3.957561045e-05,-2.895178122e-03,liquid_conductor
4.093854473e-05,-2.895178122e-03,liquid_conductor
4.242542050e-05,-2.895178122e-03,liquid_conductor
4.404956552e-05,-2.895178122e-03,liquid_conductor
4.582227382e-05,-2.895178122e-03,liquid_conductor
4.775808616e-05,-2.895178122e-03,liquid_conductor
4.987178140e-05,-2.895178122e-03,liquid_conductor
5.217920429e-05,-2.895178122e-03,liquid_conductor
5.469866297e-05,-2.895178122e-03,liquid_conductor
5.744905551e-05,-2.895178122e-03,liquid_conductor
6.045387799e-05,-2.895178122e-03,liquid_conductor
6.373271678e-05,-2.895178122e-03,liquid_conductor
6.731217269e-05,-2.895178122e-03,liquid_conductor
7.122108778e-05,-2.895178122e-03,liquid_conductor
7.548786712e-05,-2.895178122e-03,liquid_conductor
8.014712385e-05,-2.895178122e-03,liquid_conductor
8.523466155e-05,-2.895178122e-03,liquid_conductor
9.078843638e-05,-2.895178122e-03,liquid_conductor
9.685525750e-05,-2.895178122e-03,liquid_conductor
1.034758769e-04,-2.895178122e-03,liquid_conductor
1.107020219e-04,-2.895178122e-03,liquid_conductor
1.185948933e-04,-2.895178122e-03,liquid_conductor
1.271212752e-04,-2.895178122e-03,liquid_conductor
1.352404309e-04,-2.895178122e-03,liquid_conductor
1.426794381e-04,-2.895178122e-03,liquid_conductor
1.494903129e-04,-2.895178122e-03,liquid_conductor
1.557277722e-04,-2.895178122e-03,liquid_conductor
1.614435061e-04,-2.895178122e-03,liquid_conductor
1.666778448e-04,-2.895178122e-03,liquid_conductor
1.714708543e-04,-2.895178122e-03,liquid_conductor
1.758610799e-04,-2.895178122e-03,liquid_conductor
1.798823926e-04,-2.895178122e-03,liquid_conductor
1.835651336e-04,-2.895178122e-03,liquid_conductor
1.869383710e-04,-2.895178122e-03,liquid_conductor
1.900294091e-04,-2.895178122e-03,liquid_conductor
1.928581583e-04,-2.895178122e-03,liquid_conductor
1.954511466e-04,-2.895178122e-03,liquid_conductor
1.978250706e-04,-2.895178122e-03,liquid_conductor
2.000000000e-04,-2.895178122e-03,liquid_conductor
2.023073590e-04,-2.895178122e-03,liquid_conductor
2.048262778e-04,-2.895178122e-03,liquid_conductor
2.075787525e-04,-2.895178122e-03,liquid_conductor
2.105843091e-04,-2.895178122e-03,liquid_conductor
2.138679432e-04,-2.895178122e-03,liquid_conductor
2.174546697e-04,-2.895178122e-03,liquid_conductor
2.213724959e-04,-2.895178122e-03,liquid_conductor
2.256503856e-04,-2.895178122e-03,liquid_conductor
2.303242912e-04,-2.895178122e-03,liquid_conductor
2.354283816e-04,-2.895178122e-03,liquid_conductor
2.410037832e-04,-2.895178122e-03,liquid_conductor
2.470936058e-04,-2.895178122e-03,liquid_conductor
2.537446444e-04,-2.895178122e-03,liquid_conductor
2.610133227e-04,-2.895178122e-03,liquid_conductor
2.689484386e-04,-2.895178122e-03,liquid_conductor
2.776157494e-04,-2.895178122e-03,liquid_conductor
2.870851727e-04,-2.895178122e-03,liquid_conductor
2.974263273e-04,-2.895178122e-03,liquid_conductor
3.087203809e-04,-2.895178122e-03,liquid_conductor
3.210579460e-04,-2.895178122e-03,liquid_conductor
3.345353188e-04,-2.895178122e-03,liquid_conductor
3.492615949e-04,-2.895178122e-03,liquid_conductor
3.653317449e-04,-2.895178122e-03,liquid_conductor
3.828930231e-04,-2.895178122e-03,liquid_conductor
4.020809215e-04,-2.895178122e-03,liquid_conductor
4.230318110e-04,-2.895178122e-03,liquid_conductor
4.459114310e-04,-2.895178122e-03,liquid_conductor
4.709074923e-04,-2.895178122e-03,liquid_conductor
4.982272631e-04,-2.895178122e-03,liquid_conductor
5.280468223e-04,-2.895178122e-03,liquid_conductor
5.606176878e-04,-2.895178122e-03,liquid_conductor
5.961968980e-04,-2.895178122e-03,liquid_conductor
6.350512450e-04,-2.895178122e-03,liquid_conductor
6.774964929e-04,-2.895178122e-03,liquid_conductor
7.238672441e-04,-2.895178122e-03,liquid_conductor
7.745057743e-04,-2.895178122e-03,liquid_conductor
8.298365598e-04,-2.895178122e-03,liquid_conductor
8.902404685e-04,-2.895178122e-03,liquid_conductor
9.562452265e-04,-2.895178122e-03,liquid_conductor
1.028315419e-03,-2.895178122e-03,liquid_conductor
1.107064121e-03,-2.895178122e-03,liquid_conductor
1.193057227e-03,-2.895178122e-03,liquid_conductor
1.286983765e-03,-2.895178122e-03,liquid_conductor
1.389582490e-03,-2.895178122e-03,liquid_conductor
1.501687528e-03,-2.895178122e-03,liquid_conductor
1.618967549e-03,-2.895178122e-03,liquid_conductor
1.727165678e-03,-2.895178122e-03,liquid_conductor
1.826235815e-03,-2.895178122e-03,liquid_conductor
1.916950625e-03,-2.895178122e-03,liquid_conductor
2.000000000e-03,-2.895178122e-03,liquid_conductor
2.084216992e-03,-2.895178122e-03,liquid_conductor
2.176355351e-03,-2.895178122e-03,liquid_conductor
2.277029651e-03,-2.895178122e-03,liquid_conductor
2.387173046e-03,-2.895178122e-03,liquid_conductor
2.507591864e-03,-2.895178122e-03,liquid_conductor
2.639278383e-03,-2.895178122e-03,liquid_conductor
2.783299094e-03,-2.895178122e-03,liquid_conductor
2.940767833e-03,-2.895178122e-03,liquid_conductor
3.113009625e-03,-2.895178122e-03,liquid_conductor
3.294047376e-03,-2.895178122e-03,liquid_conductor
3.461380719e-03,-2.895178122e-03,liquid_conductor
3.614426098e-03,-2.895178122e-03,liquid_conductor
3.754355769e-03,-2.895178122e-03,liquid_conductor
3.882298548e-03,-2.895178122e-03,liquid_conductor
3.999310376e-03,-2.895178122e-03,liquid_conductor
4.106334329e-03,-2.895178122e-03,liquid_conductor
4.204204407e-03,-2.895178122e-03,liquid_conductor
4.293671006e-03,-2.895178122e-03,liquid_conductor
4.375489229e-03,-2.895178122e-03,liquid_conductor
4.450318040e-03,-2.895178122e-03,liquid_conductor
4.518738298e-03,-2.895178122e-03,liquid_conductor
4.581289028e-03,-2.895178122e-03,liquid_conductor
4.638507194e-03,-2.895178122e-03,liquid_conductor
4.690810594e-03,-2.895178122e-03,liquid_conductor
4.738672595e-03,-2.895178122e-03,liquid_conductor
4.782423733e-03,-2.895178122e-03,liquid_conductor
4.822423892e-03,-2.895178122e-03,liquid_conductor
4.859011717e-03,-2.895178122e-03,liquid_conductor
4.892455390e-03,-2.895178122e-03,liquid_conductor
4.923050450e-03,-2.895178122e-03,liquid_conductor
4.951016246e-03,-2.895178122e-03,liquid_conductor
4.976608707e-03,-2.895178122e-03,liquid_conductor
5.000000000e-03,-2.895178122e-03,liquid_conductor
0.000000000e+00,-2.862726005e-03,liquid_conductor
2.253927972e-07,-2.862726005e-03,liquid_conductor
4.710108625e-07,-2.862726005e-03,liquid_conductor
7.388114821e-07,-2.862726005e-03,liquid_conductor
1.030777353e-06,-2.862726005e-03,liquid_conductor
1.349134956e-06,-2.862726005e-03,liquid_conductor
1.696071563e-06,-2.862726005e-03,liquid_conductor
2.065284294e-06,-2.862726005e-03,liquid_conductor
2.411371865e-06,-2.862726005e-03,liquid_conductor
2.728827367e-06,-2.862726005e-03,liquid_conductor
3.019944202e-06,-2.862726005e-03,liquid_conductor
3.287031469e-06,-2.862726005e-03,liquid_conductor
3.531983203e-06,-2.862726005e-03,liquid_conductor
3.756739224e-06,-2.862726005e-03,liquid_conductor
3.962851098e-06,-2.862726005e-03,liquid_conductor
4.151964219e-06,-2.862726005e-03,liquid_conductor
4.325432522e-06,-2.862726005e-03,liquid_conductor
4.484611324e-06,-2.862726005e-03,liquid_conductor
4.630594259e-06,-2.862726005e-03,liquid_conductor
4.764494569e-06,-2.862726005e-03,liquid_conductor
4.887303601e-06,-2.862726005e-03,liquid_conductor
5.000000000e-06,-2.862726005e-03,liquid_conductor
5.344545024e-06,-2.862726005e-03,liquid_conductor
5.720728404e-06,-2.862726005e-03,liquid_conductor
6.131424688e-06,-2.862726005e-03,liquid_conductor
6.579792067e-06,-2.862726005e-03,liquid_conductor
7.069682790e-06,-2.862726005e-03,liquid_conductor
7.604221304e-06,-2.862726005e-03,liquid_conductor
8.187924336e-06,-2.862726005e-03,liquid_conductor
8.825326016e-06,-2.862726005e-03,liquid_conductor
9.521221193e-06,-2.862726005e-03,liquid_conductor
1.028089317e-05,-2.862726005e-03,liquid_conductor
1.111056343e-05,-2.862726005e-03,liquid_conductor
1.201639249e-05,-2.862726005e-03,liquid_conductor
1.298360751e-05,-2.862726005e-03,liquid_conductor
1.388943657e-05,-2.862726005e-03,liquid_conductor
1.471910683e-05,-2.862726005e-03,liquid_conductor
1.547877881e-05,-2.862726005e-03,liquid_conductor
1.617467398e-05,-2.862726005e-03,liquid_conductor
1.681207566e-05,-2.862726005e-03,liquid_conductor
1.739577870e-05,-2.862726005e-03,liquid_conductor
1.793031721e-05,-2.862726005e-03,liquid_conductor
1.842020793e-05,-2.862726005e-03,liquid_conductor
1.886857531e-05,-2.862726005e-03,liquid_conductor
1.927927160e-05,-2.862726005e-03,liquid_conductor
1.965545498e-05,-2.862726005e-03,liquid_conductor
2.000000000e-05,-2.862726005e-03,liquid_conductor
2.010805618e-05,-2.862726005e-03,liquid_conductor
2.022595285e-05,-2.862726005e-03,liquid_conductor
2.035459775e-05,-2.862726005e-03,liquid_conductor
2.049498821e-05,-2.862726005e-03,liquid_conductor
2.064826006e-05,-2.862726005e-03,liquid_conductor
2.081535157e-05,-2.862726005e-03,liquid_conductor
2.099777754e-05,-2.862726005e-03,liquid_conductor
2.119689800e-05,-2.862726005e-03,liquid_conductor
2.141410532e-05,-2.862726005e-03,liquid_conductor
2.165116416e-05,-2.862726005e-03,liquid_conductor
2.190983090e-05,-2.862726005e-03,liquid_conductor
2.219208379e-05,-2.862726005e-03,liquid_conductor
2.250020445e-05,-2.862726005e-03,liquid_conductor
2.283635452e-05,-2.862726005e-03,liquid_conductor
2.320312564e-05,-2.862726005e-03,liquid_conductor
2.360338148e-05,-2.862726005e-03,liquid_conductor
2.404015658e-05,-2.862726005e-03,liquid_conductor
2.451665868e-05,-2.862726005e-03,liquid_conductor
2.503676791e-05,-2.862726005e-03,liquid_conductor
2.560437513e-05,-2.862726005e-03,liquid_conductor
2.622369757e-05,-2.862726005e-03,liquid_conductor
2.688064397e-05,-2.862726005e-03,liquid_conductor
2.749373137e-05,-2.862726005e-03,liquid_conductor
2.805529321e-05,-2.862726005e-03,liquid_conductor
2.856987281e-05,-2.862726005e-03,liquid_conductor
2.904145948e-05,-2.862726005e-03,liquid_conductor
2.947368421e-05,-2.862726005e-03,liquid_conductor
2.990868297e-05,-2.862726005e-03,liquid_conductor
3.038341652e-05,-2.862726005e-03,liquid_conductor
3.090184239e-05,-2.862726005e-03,liquid_conductor
3.146778324e-05,-2.862726005e-03,liquid_conductor
3.208581625e-05,-2.862726005e-03,liquid_conductor
3.276073484e-05,-2.862726005e-03,liquid_conductor
3.349724986e-05,-2.862726005e-03,liquid_conductor
3.430131728e-05,-2.862726005e-03,liquid_conductor
3.517965823e-05,-2.862726005e-03,liquid_conductor
3.613813726e-05,-2.862726005e-03,liquid_conductor
3.718507681e-05,-2.862726005e-03,liquid_conductor
3.832780448e-05,-2.862726005e-03,liquid_conductor
3.957561045e-05,-2.862726005e-03,liquid_conductor
4.093854473e-05,-2.862726005e-03,liquid_conductor
4.242542050e-05,-2.862726005e-03,liquid_conductor
4.404956552e-05,-2.862726005e-03,liquid_conductor
4.582227382e-05,-2.862726005e-03,liquid_conductor
4.775808616e-05,-2.862726005e-03,liquid_conductor
4.987178140e-05,-2.862726005e-03,liquid_conductor
5.217920429e-05,-2.862726005e-03,liquid_conductor
5.469866297e-05,-2.862726005e-03,liquid_conductor
5.744905551e-05,-2.862726005e-03,liquid_conductor
6.045387799e-05,-2.862726005e-03,liquid_conductor
6.373271678e-05,-2.862726005e-03,liquid_conductor
6.731217269e-05,-2.862726005e-03,liquid_conductor
7.122108778e-05,-2.862726005e-03,liquid_conductor
7.548786712e-05,-2.862726005e-03,liquid_conductor
8.014712385e-05,-2.862726005e-03,liquid_conductor
8.523466155e-05,-2.862726005e-03,liquid_conductor
9.078843638e-05,-2.862726005e-03,liquid_conductor
9.685525750e-05,-2.862726005e-03,liquid_conductor
1.034758769e-04,-2.862726005e-03,liquid_conductor
1.107020219e-04,-2.862726005e-03,liquid_conductor
1.185948933e-04,-2.862726005e-03,liquid_conductor
1.271212752e-04,-2.862726005e-03,liquid_conductor
1.352404309e-04,-2.862726005e-03,liquid_conductor
1.426794381e-04,-2.862726005e-03,liquid_conductor
1.494903129e-04,-2.862726005e-03,liquid_conductor
1.557277722e-04,-2.862726005e-03,liquid_conductor
1.614435061e-04,-2.862726005e-03,liquid_conductor
1.666778448e-04,-2.862726005e-03,liquid_conductor
1.714708543e-04,-2.862726005e-03,liquid_conductor
1.758610799e-04,-2.862726005e-03,liquid_conductor
1.798823926e-04,-2.862726005e-03,liquid_conductor
1.835651336e-04,-2.862726005e-03,liquid_conductor
1.869383710e-04,-2.862726005e-03,liquid_conductor
1.900294091e-04,-2.862726005e-03,liquid_conductor
1.928581583e-04,-2.862726005e-03,liquid_conductor
1.954511466e-04,-2.862726005e-03,liquid_conductor
1.978250706e-04,-2.862726005e-03,liquid_conductor
2.000000000e-04,-2.862726005e-03,liquid_conductor
2.023073590e-04,-2.862726005e-03,liquid_conductor
2.048262778e-04,-2.862726005e-03,liquid_conductor
2.075787525e-04,-2.862726005e-03,liquid_conductor
2.105843091e-04,-2.862726005e-03,liquid_conductor
2.138679432e-04,-2.862726005e-03,liquid_conductor
2.174546697e-04,-2.862726005e-03,liquid_conductor
2.213724959e-04,-2.862726005e-03,liquid_conductor
2.256503856e-04,-2.862726005e-03,liquid_conductor
2.303242912e-04,-2.862726005e-03,liquid_conductor
2.354283816e-04,-2.862726005e-03,liquid_conductor
2.410037832e-04,-2.862726005e-03,liquid_conductor
2.470936058e-04,-2.862726005e-03,liquid_conductor
2.537446444e-04,-2.862726005e-03,liquid_conductor
2.610133227e-04,-2.862726005e-03,liquid_conductor
2.689484386e-04,-2.862726005e-03,liquid_conductor
2.776157494e-04,-2.862726005e-03,liquid_conductor
2.870851727e-04,-2.862726005e-03,liquid_conductor
2.974263273e-04,-2.862726005e-03,liquid_conductor
3.087203809e-04,-2.862726005e-03,liquid_conductor
3.210579460e-04,-2.862726005e-03,liquid_conductor
3.345353188e-04,-2.862726005e-03,liquid_conductor
3.492615949e-04,-2.862726005e-03,liquid_conductor
3.653317449e-04,-2.862726005e-03,liquid_conductor
3.828930231e-04,-2.862726005e-03,liquid_conductor
4.020809215e-04,-2.862726005e-03,liquid_conductor
4.230318110e-04,-2.862726005e-03,liquid_conductor
4.459114310e-04,-2.862726005e-03,liquid_conductor
4.709074923e-04,-2.862726005e-03,liquid_conductor
4.982272631e-04,-2.862726005e-03,liquid_conductor
5.280468223e-04,-2.862726005e-03,liquid_conductor
5.606176878e-04,-2.862726005e-03,liquid_conductor
5.961968980e-04,-2.862726005e-03,liquid_conductor
6.350512450e-04,-2.862726005e-03,liquid_conductor
6.774964929e-04,-2.862726005e-03,liquid_conductor
7.238672441e-04,-2.862726005e-03,liquid_conductor
7.745057743e-04,-2.862726005e-03,liquid_conductor
8.298365598e-04,-2.862726005e-03,liquid_conductor
8.902404685e-04,-2.862726005e-03,liquid_conductor
9.562452265e-04,-2.862726005e-03,liquid_conductor
1.028315419e-03,-2.862726005e-03,liquid_conductor
1.107064121e-03,-2.862726005e-03,liquid_conductor
1.193057227e-03,-2.862726005e-03,liquid_conductor
1.286983765e-03,-2.862726005e-03,liquid_conductor
1.389582490e-03,-2.862726005e-03,liquid_conductor
1.501687528e-03,-2.862726005e-03,liquid_conductor
1.618967549e-03,-2.862726005e-03,liquid_conductor
1.727165678e-03,-2.862726005e-03,liquid_conductor
1.826235815e-03,-2.862726005e-03,liquid_conductor
1.916950625e-03,-2.862726005e-03,liquid_conductor
2.000000000e-03,-2.862726005e-03,liquid_conductor
2.084216992e-03,-2.862726005e-03,liquid_conductor
2.176355351e-03,-2.862726005e-03,liquid_conductor
2.277029651e-03,-2.862726005e-03,liquid_conductor
2.387173046e-03,-2.862726005e-03,liquid_conductor
2.507591864e-03,-2.862726005e-03,liquid_conductor
2.639278383e-03,-2.862726005e-03,liquid_conductor
2.783299094e-03,-2.862726005e-03,liquid_conductor
2.940767833e-03,-2.862726005e-03,liquid_conductor
3.113009625e-03,-2.862726005e-03,liquid_conductor
3.294047376e-03,-2.862726005e-03,liquid_conductor
3.461380719e-03,-2.862726005e-03,liquid_conductor
3.614426098e-03,-2.862726005e-03,liquid_conductor
3.754355769e-03,-2.862726005e-03,liquid_conductor
3.882298548e-03,-2.862726005e-03,liquid_conductor
3.999310376e-03,-2.862726005e-03,liquid_conductor
4.106334329e-03,-2.862726005e-03,liquid_conductor
4.204204407e-03,-2.862726005e-03,liquid_conductor
4.293671006e-03,-2.862726005e-03,liquid_conductor
4.375489229e-03,-2.862726005e-03,liquid_conductor
4.450318040e-03,-2.862726005e-03,liquid_conductor
4.518738298e-03,-2.862726005e-03,liquid_conductor
4.581289028e-03,-2.862726005e-03,liquid_conductor
4.638507194e-03,-2.862726005e-03,liquid_conductor
4.690810594e-03,-2.862726005e-03,liquid_conductor
4.738672595e-03,-2.862726005e-03,liquid_conductor
4.782423733e-03,-2.862726005e-03,liquid_conductor
4.822423892e-03,-2.862726005e-03,liquid_conductor
4.859011717e-03,-2.862726005e-03,liquid_conductor
4.892455390e-03,-2.862726005e-03,liquid_conductor
4.923050450e-03,-2.862726005e-03,liquid_conductor
4.951016246e-03,-2.862726005e-03,liquid_conductor
4.976608707e-03,-2.862726005e-03,liquid_conductor
5.000000000e-03,-2.862726005e-03,liquid_conductor
0.000000000e+00,-2.827296106e-03,liquid_conductor
2.253927972e-07,-2.827296106e-03,liquid_conductor
4.710108625e-07,-2.827296106e-03,liquid_conductor
7.388114821e-07,-2.827296106e-03,liquid_conductor
1.030777353e-06,-2.827296106e-03,liquid_conductor
1.349134956e-06,-2.827296106e-03,liquid_conductor
1.696071563e-06,-2.827296106e-03,liquid_conductor
2.065284294e-06,-2.827296106e-03,liquid_conductor
2.411371865e-06,-2.827296106e-03,liquid_conductor
2.728827367e-06,-2.827296106e-03,liquid_conductor
3.019944202e-06,-2.827296106e-03,liquid_conductor
3.287031469e-06,-2.827296106e-03,liquid_conductor
3.531983203e-06,-2.827296106e-03,liquid_conductor
3.756739224e-06,-2.827296106e-03,liquid_conductor
3.962851098e-06,-2.827296106e-03,liquid_conductor
4.151964219e-06,-2.827296106e-03,liquid_conductor
4.325432522e-06,-2.827296106e-03,liquid_conductor
4.484611324e-06,-2.827296106e-03,liquid_conductor
4.630594259e-06,-2.827296106e-03,liquid_conductor
4.764494569e-06,-2.827296106e-03,liquid_conductor
4.887303601e-06,-2.827296106e-03,liquid_conductor
5.000000000e-06,-2.827296106e-03,liquid_conductor
5.344545024e-06,-2.827296106e-03,liquid_conductor
5.720728404e-06,-2.827296106e-03,liquid_conductor
6.131424688e-06,-2.827296106e-03,liquid_conductor
6.579792067e-06,-2.827296106e-03,liquid_conductor
7.069682790e-06,-2.827296106e-03,liquid_conductor
7.604221304e-06,-2.827296106e-03,liquid_conductor
8.187924336e-06,-2.827296106e-03,liquid_conductor
8.825326016e-06,-2.827296106e-03,liquid_conductor
9.521221193e-06,-2.827296106e-03,liquid_conductor
1.028089317e-05,-2.827296106e-03,liquid_conductor
1.111056343e-05,-2.827296106e-03,liquid_conductor
1.201639249e-05,-2.827296106e-03,liquid_conductor
1.298360751e-05,-2.827296106e-03,liquid_conductor
1.388943657e-05,-2.827296106e-03,liquid_conductor
1.471910683e-05,-2.827296106e-03,liquid_conductor
1.547877881e-05,-2.827296106e-03,liquid_conductor
1.617467398e-05,-2.827296106e-03,liquid_conductor
1.681207566e-05,-2.827296106e-03,liquid_conductor
1.739577870e-05,-2.827296106e-03,liquid_conductor
1.793031721e-05,-2.827296106e-03,liquid_conductor
1.842020793e-05,-2.827296106e-03,liquid_conductor
1.886857531e-05,-2.827296106e-03,liquid_conductor
1.927927160e-05,-2.827296106e-03,liquid_conductor
1.965545498e-05,-2.827296106e-03,liquid_conductor
2.000000000e-05,-2.827296106e-03,liquid_conductor
2.010805618e-05,-2.827296106e-03,liquid_conductor
2.022595285e-05,-2.827296106e-03,liquid_conductor
2.035459775e-05,-2.827296106e-03,liquid_conductor
2.049498821e-05,-2.827296106e-03,liquid_conductor
2.064826006e-05,-2.827296106e-03,liquid_conductor
2.081535157e-05,-2.827296106e-03,liquid_conductor
2.099777754e-05,-2.827296106e-03,liquid_conductor
2.119689800e-05,-2.827296106e-03,liquid_conductor
2.141410532e-05,-2.827296106e-03,liquid_conductor
2.165116416e-05,-2.827296106e-03,liquid_conductor
2.190983090e-05,-2.827296106e-03,liquid_conductor
2.219208379e-05,-2.827296106e-03,liquid_conductor
2.250020445e-05,-2.827296106e-03,liquid_conductor
2.283635452e-05,-2.827296106e-03,liquid_conductor
2.320312564e-05,-2.827296106e-03,liquid_conductor
2.360338148e-05,-2.827296106e-03,liquid_conductor
2.404015658e-05,-2.827296106e-03,liquid_conductor
2.451665868e-05,-2.827296106e-03,liquid_conductor
2.503676791e-05,-2.827296106e-03,liquid_conductor
2.560437513e-05,-2.827296106e-03,liquid_conductor
2.622369757e-05,-2.827296106e-03,liquid_conductor
2.688064397e-05,-2.827296106e-03,liquid_conductor
2.749373137e-05,-2.827296106e-03,liquid_conductor
2.805529321e-05,-2.827296106e-03,liquid_conductor
2.856987281e-05,-2.827296106e-03,liquid_conductor
2.904145948e-05,-2.827296106e-03,liquid_conductor
2.947368421e-05,-2.827296106e-03,liquid_conductor
2.990868297e-05,-2.827296106e-03,liquid_conductor
3.038341652e-05,-2.827296106e-03,liquid_conductor
3.090184239e-05,-2.827296106e-03,liquid_conductor
3.146778324e-05,-2.827296106e-03,liquid_conductor
3.208581625e-05,-2.827296106e-03,liquid_conductor
3.276073484e-05,-2.827296106e-03,liquid_conductor
3.349724986e-05,-2.827296106e-03,liquid_conductor
3.430131728e-05,-2.827296106e-03,liquid_conductor
3.517965823e-05,-2.827296106e-03,liquid_conductor
3.613813726e-05,-2.827296106e-03,liquid_conductor
3.718507681e-05,-2.827296106e-03,liquid_conductor
3.832780448e-05,-2.827296106e-03,liquid_conductor
3.957561045e-05,-2.827296106e-03,liquid_conductor
4.093854473e-05,-2.827296106e-03,liquid_conductor
4.242542050e-05,-2.827296106e-03,liquid_conductor
4.404956552e-05,-2.827296106e-03,liquid_conductor
4.582227382e-05,-2.827296106e-03,liquid_conductor
4.775808616e-05,-2.827296106e-03,liquid_conductor
4.987178140e-05,-2.827296106e-03,liquid_conductor
5.217920429e-05,-2.827296106e-03,liquid_conductor
5.469866297e-05,-2.827296106e-03,liquid_conductor
5.744905551e-05,-2.827296106e-03,liquid_conductor
6.045387799e-05,-2.827296106e-03,liquid_conductor
6.373271678e-05,-2.827296106e-03,liquid_conductor
6.731217269e-05,-2.827296106e-03,liquid_conductor
7.122108778e-05,-2.827296106e-03,liquid_conductor
7.548786712e-05,-2.827296106e-03,liquid_conductor
8.014712385e-05,-2.827296106e-03,liquid_conductor
8.523466155e-05,-2.827296106e-03,liquid_conductor
9.078843638e-05,-2.827296106e-03,liquid_conductor
9.685525750e-05,-2.827296106e-03,liquid_conductor
1.034758769e-04,-2.827296106e-03,liquid_conductor
1.107020219e-04,-2.827296106e-03,liquid_conductor
1.185948933e-04,-2.827296106e-03,liquid_conductor
1.271212752e-04,-2.827296106e-03,liquid_conductor
1.352404309e-04,-2.827296106e-03,liquid_conductor
1.426794381e-04,-2.827296106e-03,liquid_conductor
1.494903129e-04,-2.827296106e-03,liquid_conductor
1.557277722e-04,-2.827296106e-03,liquid_conductor
1.614435061e-04,-2.827296106e-03,liquid_conductor
1.666778448e-04,-2.827296106e-03,liquid_conductor
1.714708543e-04,-2.827296106e-03,liquid_conductor
1.758610799e-04,-2.827296106e-03,liquid_conductor
1.798823926e-04,-2.827296106e-03,liquid_conductor
1.835651336e-04,-2.827296106e-03,liquid_conductor
1.869383710e-04,-2.827296106e-03,liquid_conductor
1.900294091e-04,-2.827296106e-03,liquid_conductor
1.928581583e-04,-2.827296106e-03,liquid_conductor
1.954511466e-04,-2.827296106e-03,liquid_conductor
1.978250706e-04,-2.827296106e-03,liquid_conductor
2.000000000e-04,-2.827296106e-03,liquid_conductor
2.023073590e-04,-2.827296106e-03,liquid_conductor
2.048262778e-04,-2.827296106e-03,liquid_conductor
2.075787525e-04,-2.827296106e-03,liquid_conductor
2.105843091e-04,-2.827296106e-03,liquid_conductor
2.138679432e-04,-2.827296106e-03,liquid_conductor
2.174546697e-04,-2.827296106e-03,liquid_conductor
2.213724959e-04,-2.827296106e-03,liquid_conductor
2.256503856e-04,-2.827296106e-03,liquid_conductor
2.303242912e-04,-2.827296106e-03,liquid_conductor
2.354283816e-04,-2.827296106e-03,liquid_conductor
2.410037832e-04,-2.827296106e-03,liquid_conductor
2.470936058e-04,-2.827296106e-03,liquid_conductor
2.537446444e-04,-2.827296106e-03,liquid_conductor
2.610133227e-04,-2.827296106e-03,liquid_conductor
2.689484386e-04,-2.827296106e-03,liquid_conductor
2.776157494e-04,-2.827296106e-03,liquid_conductor
2.870851727e-04,-2.827296106e-03,liquid_conductor
2.974263273e-04,-2.827296106e-03,liquid_conductor
3.087203809e-04,-2.827296106e-03,liquid_conductor
3.210579460e-04,-2.827296106e-03,liquid_conductor
3.345353188e-04,-2.827296106e-03,liquid_conductor
3.492615949e-04,-2.827296106e-03,liquid_conductor
3.653317449e-04,-2.827296106e-03,liquid_conductor
3.828930231e-04,-2.827296106e-03,liquid_conductor
4.020809215e-04,-2.827296106e-03,liquid_conductor
4.230318110e-04,-2.827296106e-03,liquid_conductor
4.459114310e-04,-2.827296106e-03,liquid_conductor
4.709074923e-04,-2.827296106e-03,liquid_conductor
4.982272631e-04,-2.827296106e-03,liquid_conductor
5.280468223e-04,-2.827296106e-03,liquid_conductor
5.606176878e-04,-2.827296106e-03,liquid_conductor
5.961968980e-04,-2.827296106e-03,liquid_conductor
6.350512450e-04,-2.827296106e-03,liquid_conductor
6.774964929e-04,-2.827296106e-03,liquid_conductor
7.238672441e-04,-2.827296106e-03,liquid_conductor
7.745057743e-04,-2.827296106e-03,liquid_conductor
8.298365598e-04,-2.827296106e-03,liquid_conductor
8.902404685e-04,-2.827296106e-03,liquid_conductor
9.562452265e-04,-2.827296106e-03,liquid_conductor
1.028315419e-03,-2.827296106e-03,liquid_conductor
1.107064121e-03,-2.827296106e-03,liquid_conductor
1.193057227e-03,-2.827296106e-03,liquid_conductor
1.286983765e-03,-2.827296106e-03,liquid_conductor
1.389582490e-03,-2.827296106e-03,liquid_conductor
1.501687528e-03,-2.827296106e-03,liquid_conductor
1.618967549e-03,-2.827296106e-03,liquid_conductor
1.727165678e-03,-2.827296106e-03,liquid_conductor
1.826235815e-03,-2.827296106e-03,liquid_conductor
1.916950625e-03,-2.827296106e-03,liquid_conductor
2.000000000e-03,-2.827296106e-03,liquid_conductor
2.084216992e-03,-2.827296106e-03,liquid_conductor
2.176355351e-03,-2.827296106e-03,liquid_conductor
2.277029651e-03,-2.827296106e-03,liquid_conductor
2.387173046e-03,-2.827296106e-03,liquid_conductor
2.507591864e-03,-2.827296106e-03,liquid_conductor
2.639278383e-03,-2.827296106e-03,liquid_conductor
2.783299094e-03,-2.827296106e-03,liquid_conductor
2.940767833e-03,-2.827296106e-03,liquid_conductor
3.113009625e-03,-2.827296106e-03,liquid_conductor
3.294047376e-03,-2.827296106e-03,liquid_conductor
3.461380719e-03,-2.827296106e-03,liquid_conductor
3.614426098e-03,-2.827296106e-03,liquid_conductor
3.754355769e-03,-2.827296106e-03,liquid_conductor
3.882298548e-03,-2.827296106e-03,liquid_conductor
3.999310376e-03,-2.827296106e-03,liquid_conductor
4.106334329e-03,-2.827296106e-03,liquid_conductor
4.204204407e-03,-2.827296106e-03,liquid_conductor
4.293671006e-03,-2.827296106e-03,liquid_conductor
4.375489229e-03,-2.827296106e-03,liquid_conductor
4.450318040e-03,-2.827296106e-03,liquid_conductor
4.518738298e-03,-2.827296106e-03,liquid_conductor
4.581289028e-03,-2.827296106e-03,liquid_conductor
4.638507194e-03,-2.827296106e-03,liquid_conductor
4.690810594e-03,-2.827296106e-03,liquid_conductor
4.738672595e-03,-2.827296106e-03,liquid_conductor
4.782423733e-03,-2.827296106e-03,liquid_conductor
4.822423892e-03,-2.827296106e-03,liquid_conductor
4.859011717e-03,-2.827296106e-03,liquid_conductor
4.892455390e-03,-2.827296106e-03,liquid_conductor
4.923050450e-03,-2.827296106e-03,liquid_conductor
4.951016246e-03,-2.827296106e-03,liquid_conductor
4.976608707e-03,-2.827296106e-03,liquid_conductor
5.000000000e-03,-2.827296106e-03,liquid_conductor
0.000000000e+00,-2.788611416e-03,liquid_conductor
2.253927972e-07,-2.788611416e-03,liquid_conductor
4.710108625e-07,-2.788611416e-03,liquid_conductor
7.388114821e-07,-2.788611416e-03,liquid_conductor
1.030777353e-06,-2.788611416e-03,liquid_conductor
1.349134956e-06,-2.788611416e-03,liquid_conductor
1.696071563e-06,-2.788611416e-03,liquid_conductor
2.065284294e-06,-2.788611416e-03,liquid_conductor
2.411371865e-06,-2.788611416e-03,liquid_conductor
2.728827367e-06,-2.788611416e-03,liquid_conductor
3.019944202e-06,-2.788611416e-03,liquid_conductor
3.287031469e-06,-2.788611416e-03,liquid_conductor
3.531983203e-06,-2.788611416e-03,liquid_conductor
3.756739224e-06,-2.788611416e-03,liquid_conductor
3.962851098e-06,-2.788611416e-03,liquid_conductor
4.151964219e-06,-2.788611416e-03,liquid_conductor
4.325432522e-06,-2.788611416e-03,liquid_conductor
4.484611324e-06,-2.788611416e-03,liquid_conductor
4.630594259e-06,-2.788611416e-03,liquid_conductor
4.764494569e-06,-2.788611416e-03,liquid_conductor
4.887303601e-06,-2.788611416e-03,liquid_conductor
5.000000000e-06,-2.788611416e-03,liquid_conductor
5.344545024e-06,-2.788611416e-03,liquid_conductor
5.720728404e-06,-2.788611416e-03,liquid_conductor
6.131424688e-06,-2.788611416e-03,liquid_conductor
6.579792067e-06,-2.788611416e-03,liquid_conductor
7.069682790e-06,-2.788611416e-03,liquid_conductor
7.604221304e-06,-2.788611416e-03,liquid_conductor
8.187924336e-06,-2.788611416e-03,liquid_conductor
8.825326016e-06,-2.788611416e-03,liquid_conductor
9.521221193e-06,-2.788611416e-03,liquid_conductor
1.028089317e-05,-2.788611416e-03,liquid_conductor
1.111056343e-05,-2.788611416e-03,liquid_conductor
1.201639249e-05,-2.788611416e-03,liquid_conductor
1.298360751e-05,-2.788611416e-03,liquid_conductor
1.388943657e-05,-2.788611416e-03,liquid_conductor
1.471910683e-05,-2.788611416e-03,liquid_conductor
1.547877881e-05,-2.788611416e-03,liquid_conductor
1.617467398e-05,-2.788611416e-03,liquid_conductor
1.681207566e-05,-2.788611416e-03,liquid_conductor
1.739577870e-05,-2.788611416e-03,liquid_conductor
1.793031721e-05,-2.788611416e-03,liquid_conductor
1.842020793e-05,-2.788611416e-03,liquid_conductor
1.886857531e-05,-2.788611416e-03,liquid_conductor
1.927927160e-05,-2.788611416e-03,liquid_conductor
1.965545498e-05,-2.788611416e-03,liquid_conductor
2.000000000e-05,-2.788611416e-03,liquid_conductor
2.010805618e-05,-2.788611416e-03,liquid_conductor
2.022595285e-05,-2.788611416e-03,liquid_conductor
2.035459775e-05,-2.788611416e-03,liquid_conductor
2.049498821e-05,-2.788611416e-03,liquid_conductor
2.064826006e-05,-2.788611416e-03,liquid_conductor
2.081535157e-05,-2.788611416e-03,liquid_conductor
2.099777754e-05,-2.788611416e-03,liquid_conductor
2.119689800e-05,-2.788611416e-03,liquid_conductor
2.141410532e-05,-2.788611416e-03,liquid_conductor
2.165116416e-05,-2.788611416e-03,liquid_conductor
2.190983090e-05,-2.788611416e-03,liquid_conductor
2.219208379e-05,-2.788611416e-03,liquid_conductor
2.250020445e-05,-2.788611416e-03,liquid_conductor
2.283635452e-05,-2.788611416e-03,liquid_conductor
2.320312564e-05,-2.788611416e-03,liquid_conductor
2.360338148e-05,-2.788611416e-03,liquid_conductor
2.404015658e-05,-2.788611416e-03,liquid_conductor
2.451665868e-05,-2.788611416e-03,liquid_conductor
2.503676791e-05,-2.788611416e-03,liquid_conductor
2.560437513e-05,-2.788611416e-03,liquid_conductor
2.622369757e-05,-2.788611416e-03,liquid_conductor
2.688064397e-05,-2.788611416e-03,liquid_conductor
2.749373137e-05,-2.788611416e-03,liquid_conductor
2.805529321e-05,-2.788611416e-03,liquid_conductor
2.856987281e-05,-2.788611416e-03,liquid_conductor
2.904145948e-05,-2.788611416e-03,liquid_conductor
2.947368421e-05,-2.788611416e-03,liquid_conductor
2.990868297e-05,-2.788611416e-03,liquid_conductor
3.038341652e-05,-2.788611416e-03,liquid_conductor
3.090184239e-05,-2.788611416e-03,liquid_conductor
3.146778324e-05,-2.788611416e-03,liquid_conductor
3.208581625e-05,-2.788611416e-03,liquid_conductor
3.276073484e-05,-2.788611416e-03,liquid_conductor
3.349724986e-05,-2.788611416e-03,liquid_conductor
3.430131728e-05,-2.788611416e-03,liquid_conductor
3.517965823e-05,-2.788611416e-03,liquid_conductor
3.613813726e-05,-2.788611416e-03,liquid_conductor
3.718507681e-05,-2.788611416e-03,liquid_conductor
3.832780448e-05,-2.788611416e-03,liquid_conductor
3.957561045e-05,-2.788611416e-03,liquid_conductor
4.093854473e-05,-2.788611416e-03,liquid_conductor
4.242542050e-05,-2.788611416e-03,liquid_conductor
4.404956552e-05,-2.788611416e-03,liquid_conductor
4.582227382e-05,-2.788611416e-03,liquid_conductor
4.775808616e-05,-2.788611416e-03,liquid_conductor
4.987178140e-05,-2.788611416e-03,liquid_conductor
5.217920429e-05,-2.788611416e-03,liquid_conductor
5.469866297e-05,-2.788611416e-03,liquid_conductor
5.744905551e-05,-2.788611416e-03,liquid_conductor
6.045387799e-05,-2.788611416e-03,liquid_conductor
6.373271678e-05,-2.788611416e-03,liquid_conductor
6.731217269e-05,-2.788611416e-03,liquid_conductor
7.122108778e-05,-2.788611416e-03,liquid_conductor
7.548786712e-05,-2.788611416e-03,liquid_conductor
8.014712385e-05,-2.788611416e-03,liquid_conductor
8.523466155e-05,-2.788611416e-03,liquid_conductor
9.078843638e-05,-2.788611416e-03,liquid_conductor
9.685525750e-05,-2.788611416e-03,liquid_conductor
1.034758769e-04,-2.788611416e-03,liquid_conductor
1.107020219e-04,-2.788611416e-03,liquid_conductor
1.185948933e-04,-2.788611416e-03,liquid_conductor
1.271212752e-04,-2.788611416e-03,liquid_conductor
1.352404309e-04,-2.788611416e-03,liquid_conductor
1.426794381e-04,-2.788611416e-03,liquid_conductor
1.494903129e-04,-2.788611416e-03,liquid_conductor
1.557277722e-04,-2.788611416e-03,liquid_conductor
1.614435061e-04,-2.788611416e-03,liquid_conductor
1.666778448e-04,-2.788611416e-03,liquid_conductor
1.714708543e-04,-2.788611416e-03,liquid_conductor
1.758610799e-04,-2.788611416e-03,liquid_conductor
1.798823926e-04,-2.788611416e-03,liquid_conductor
1.835651336e-04,-2.788611416e-03,liquid_conductor
1.869383710e-04,-2.788611416e-03,liquid_conductor
1.900294091e-04,-2.788611416e-03,liquid_conductor
1.928581583e-04,-2.788611416e-03,liquid_conductor
1.954511466e-04,-2.788611416e-03,liquid_conductor
1.978250706e-04,-2.788611416e-03,liquid_conductor
2.000000000e-04,-2.788611416e-03,liquid_conductor
2.023073590e-04,-2.788611416e-03,liquid_conductor
2.048262778e-04,-2.788611416e-03,liquid_conductor
2.075787525e-04,-2.788611416e-03,liquid_conductor
2.105843091e-04,-2.788611416e-03,liquid_conductor
2.138679432e-04,-2.788611416e-03,liquid_conductor
2.174546697e-04,-2.788611416e-03,liquid_conductor
2.213724959e-04,-2.788611416e-03,liquid_conductor
2.256503856e-04,-2.788611416e-03,liquid_conductor
2.303242912e-04,-2.788611416e-03,liquid_conductor
2.354283816e-04,-2.788611416e-03,liquid_conductor
2.410037832e-04,-2.788611416e-03,liquid_conductor
2.470936058e-04,-2.788611416e-03,liquid_conductor
2.537446444e-04,-2.788611416e-03,liquid_conductor
2.610133227e-04,-2.788611416e-03,liquid_conductor
2.689484386e-04,-2.788611416e-03,liquid_conductor
2.776157494e-04,-2.788611416e-03,liquid_conductor
2.870851727e-04,-2.788611416e-03,liquid_conductor
2.974263273e-04,-2.788611416e-03,liquid_conductor
3.087203809e-04,-2.788611416e-03,liquid_conductor
3.210579460e-04,-2.788611416e-03,liquid_conductor
3.345353188e-04,-2.788611416e-03,liquid_conductor
3.492615949e-04,-2.788611416e-03,liquid_conductor
3.653317449e-04,-2.788611416e-03,liquid_conductor
3.828930231e-04,-2.788611416e-03,liquid_conductor
4.020809215e-04,-2.788611416e-03,liquid_conductor
4.230318110e-04,-2.788611416e-03,liquid_conductor
4.459114310e-04,-2.788611416e-03,liquid_conductor
4.709074923e-04,-2.788611416e-03,liquid_conductor
4.982272631e-04,-2.788611416e-03,liquid_conductor
5.280468223e-04,-2.788611416e-03,liquid_conductor
5.606176878e-04,-2.788611416e-03,liquid_conductor
5.961968980e-04,-2.788611416e-03,liquid_conductor
6.350512450e-04,-2.788611416e-03,liquid_conductor
6.774964929e-04,-2.788611416e-03,liquid_conductor
7.238672441e-04,-2.788611416e-03,liquid_conductor
7.745057743e-04,-2.788611416e-03,liquid_conductor
8.298365598e-04,-2.788611416e-03,liquid_conductor
8.902404685e-04,-2.788611416e-03,liquid_conductor
9.562452265e-04,-2.788611416e-03,liquid_conductor
1.028315419e-03,-2.788611416e-03,liquid_conductor
1.107064121e-03,-2.788611416e-03,liquid_conductor
1.193057227e-03,-2.788611416e-03,liquid_conductor
1.286983765e-03,-2.788611416e-03,liquid_conductor
1.389582490e-03,-2.788611416e-03,liquid_conductor
1.501687528e-03,-2.788611416e-03,liquid_conductor
1.618967549e-03,-2.788611416e-03,liquid_conductor
1.727165678e-03,-2.788611416e-03,liquid_conductor
1.826235815e-03,-2.788611416e-03,liquid_conductor
1.916950625e-03,-2.788611416e-03,liquid_conductor
2.000000000e-03,-2.788611416e-03,liquid_conductor
2.084216992e-03,-2.788611416e-03,liquid_conductor
2.176355351e-03,-2.788611416e-03,liquid_conductor
2.277029651e-03,-2.788611416e-03,liquid_conductor
2.387173046e-03,-2.788611416e-03,liquid_conductor
2.507591864e-03,-2.788611416e-03,liquid_conductor
2.639278383e-03,-2.788611416e-03,liquid_conductor
2.783299094e-03,-2.788611416e-03,liquid_conductor
2.940767833e-03,-2.788611416e-03,liquid_conductor
3.113009625e-03,-2.788611416e-03,liquid_conductor
3.294047376e-03,-2.788611416e-03,liquid_conductor
3.461380719e-03,-2.788611416e-03,liquid_conductor
3.614426098e-03,-2.788611416e-03,liquid_conductor
3.754355769e-03,-2.788611416e-03,liquid_conductor
3.882298548e-03,-2.788611416e-03,liquid_conductor
3.999310376e-03,-2.788611416e-03,liquid_conductor
4.106334329e-03,-2.788611416e-03,liquid_conductor
4.204204407e-03,-2.788611416e-03,liquid_conductor
4.293671006e-03,-2.788611416e-03,liquid_conductor
4.375489229e-03,-2.788611416e-03,liquid_conductor
4.450318040e-03,-2.788611416e-03,liquid_conductor
4.518738298e-03,-2.788611416e-03,liquid_conductor
4.581289028e-03,-2.788611416e-03,liquid_conductor
4.638507194e-03,-2.788611416e-03,liquid_conductor
4.690810594e-03,-2.788611416e-03,liquid_conductor
4.738672595e-03,-2.788611416e-03,liquid_conductor
4.782423733e-03,-2.788611416e-03,liquid_conductor
4.822423892e-03,-2.788611416e-03,liquid_conductor
4.859011717e-03,-2.788611416e-03,liquid_conductor
4.892455390e-03,-2.788611416e-03,liquid_conductor
4.923050450e-03,-2.788611416e-03,liquid_conductor
4.951016246e-03,-2.788611416e-03,liquid_conductor
4.976608707e-03,-2.788611416e-03,liquid_conductor
5.000000000e-03,-2.788611416e-03,liquid_conductor
0.000000000e+00,-2.746426689e-03,liquid_conductor
2.253927972e-07,-2.746426689e-03,liquid_conductor
4.710108625e-07,-2.746426689e-03,liquid_conductor
7.388114821e-07,-2.746426689e-03,liquid_conductor
1.030777353e-06,-2.746426689e-03,liquid_conductor
1.349134956e-06,-2.746426689e-03,liquid_conductor
1.696071563e-06,-2.746426689e-03,liquid_conductor
2.065284294e-06,-2.746426689e-03,liquid_conductor
2.411371865e-06,-2.746426689e-03,liquid_conductor
2.728827367e-06,-2.746426689e-03,liquid_conductor
3.019944202e-06,-2.746426689e-03,liquid_conductor
3.287031469e-06,-2.746426689e-03,liquid_conductor
3.531983203e-06,-2.746426689e-03,liquid_conductor
3.756739224e-06,-2.746426689e-03,liquid_conductor
3.962851098e-06,-2.746426689e-03,liquid_conductor
4.151964219e-06,-2.746426689e-03,liquid_conductor
4.325432522e-06,-2.746426689e-03,liquid_conductor
4.484611324e-06,-2.746426689e-03,liquid_conductor
4.630594259e-06,-2.746426689e-03,liquid_conductor
4.764494569e-06,-2.746426689e-03,liquid_conductor
4.887303601e-06,-2.746426689e-03,liquid_conductor
5.000000000e-06,-2.746426689e-03,liquid_conductor
5.344545024e-06,-2.746426689e-03,liquid_conductor
5.720728404e-06,-2.746426689e-03,liquid_conductor
6.131424688e-06,-2.746426689e-03,liquid_conductor
6.579792067e-06,-2.746426689e-03,liquid_conductor
7.069682790e-06,-2.746426689e-03,liquid_conductor
7.604221304e-06,-2.746426689e-03,liquid_conductor
8.187924336e-06,-2.746426689e-03,liquid_conductor
8.825326016e-06,-2.746426689e-03,liquid_conductor
9.521221193e-06,-2.746426689e-03,liquid_conductor
1.028089317e-05,-2.746426689e-03,liquid_conductor
1.111056343e-05,-2.746426689e-03,liquid_conductor
1.201639249e-05,-2.746426689e-03,liquid_conductor
1.298360751e-05,-2.746426689e-03,liquid_conductor
1.388943657e-05,-2.746426689e-03,liquid_conductor
1.471910683e-05,-2.746426689e-03,liquid_conductor
1.547877881e-05,-2.746426689e-03,liquid_conductor
1.617467398e-05,-2.746426689e-03,liquid_conductor
1.681207566e-05,-2.746426689e-03,liquid_conductor
1.739577870e-05,-2.746426689e-03,liquid_conductor
1.793031721e-05,-2.746426689e-03,liquid_conductor
1.842020793e-05,-2.746426689e-03,liquid_conductor
1.886857531e-05,-2.746426689e-03,liquid_conductor
1.927927160e-05,-2.746426689e-03,liquid_conductor
1.965545498e-05,-2.746426689e-03,liquid_conductor
2.000000000e-05,-2.746426689e-03,liquid_conductor
2.010805618e-05,-2.746426689e-03,liquid_conductor
2.022595285e-05,-2.746426689e-03,liquid_conductor
2.035459775e-05,-2.746426689e-03,liquid_conductor
2.049498821e-05,-2.746426689e-03,liquid_conductor
2.064826006e-05,-2.746426689e-03,liquid_conductor
2.081535157e-05,-2.746426689e-03,liquid_conductor
2.099777754e-05,-2.746426689e-03,liquid_conductor
2.119689800e-05,-2.746426689e-03,liquid_conductor
2.141410532e-05,-2.746426689e-03,liquid_conductor
2.165116416e-05,-2.746426689e-03,liquid_conductor
2.190983090e-05,-2.746426689e-03,liquid_conductor
2.219208379e-05,-2.746426689e-03,liquid_conductor
2.250020445e-05,-2.746426689e-03,liquid_conductor
2.283635452e-05,-2.746426689e-03,liquid_conductor
2.320312564e-05,-2.746426689e-03,liquid_conductor
2.360338148e-05,-2.746426689e-03,liquid_conductor
2.404015658e-05,-2.746426689e-03,liquid_conductor
2.451665868e-05,-2.746426689e-03,liquid_conductor
2.503676791e-05,-2.746426689e-03,liquid_conductor
2.560437513e-05,-2.746426689e-03,liquid_conductor
2.622369757e-05,-2.746426689e-03,liquid_conductor
2.688064397e-05,-2.746426689e-03,liquid_conductor
2.749373137e-05,-2.746426689e-03,liquid_conductor
2.805529321e-05,-2.746426689e-03,liquid_conductor
2.856987281e-05,-2.746426689e-03,liquid_conductor
2.904145948e-05,-2.746426689e-03,liquid_conductor
2.947368421e-05,-2.746426689e-03,liquid_conductor
2.990868297e-05,-2.746426689e-03,liquid_conductor
3.038341652e-05,-2.746426689e-03,liquid_conductor
3.090184239e-05,-2.746426689e-03,liquid_conductor
3.146778324e-05,-2.746426689e-03,liquid_conductor
3.208581625e-05,-2.746426689e-03,liquid_conductor
3.276073484e-05,-2.746426689e-03,liquid_conductor
3.349724986e-05,-2.746426689e-03,liquid_conductor
3.430131728e-05,-2.746426689e-03,liquid_conductor
3.517965823e-05,-2.746426689e-03,liquid_conductor
3.613813726e-05,-2.746426689e-03,liquid_conductor
3.718507681e-05,-2.746426689e-03,liquid_conductor
3.832780448e-05,-2.746426689e-03,liquid_conductor
3.957561045e-05,-2.746426689e-03,liquid_conductor
4.093854473e-05,-2.746426689e-03,liquid_conductor
4.242542050e-05,-2.746426689e-03,liquid_conductor
4.404956552e-05,-2.746426689e-03,liquid_conductor
4.582227382e-05,-2.746426689e-03,liquid_conductor
4.775808616e-05,-2.746426689e-03,liquid_conductor
4.987178140e-05,-2.746426689e-03,liquid_conductor
5.217920429e-05,-2.746426689e-03,liquid_conductor
5.469866297e-05,-2.746426689e-03,liquid_conductor
5.744905551e-05,-2.746426689e-03,liquid_conductor
6.045387799e-05,-2.746426689e-03,liquid_conductor
6.373271678e-05,-2.746426689e-03,liquid_conductor
6.731217269e-05,-2.746426689e-03,liquid_conductor
7.122108778e-05,-2.746426689e-03,liquid_conductor
7.548786712e-05,-2.746426689e-03,liquid_conductor
8.014712385e-05,-2.746426689e-03,liquid_conductor
8.523466155e-05,-2.746426689e-03,liquid_conductor
9.078843638e-05,-2.746426689e-03,liquid_conductor
9.685525750e-05,-2.746426689e-03,liquid_conductor
1.034758769e-04,-2.746426689e-03,liquid_conductor
1.107020219e-04,-2.746426689e-03,liquid_conductor
1.185948933e-04,-2.746426689e-03,liquid_conductor
1.271212752e-04,-2.746426689e-03,liquid_conductor
1.352404309e-04,-2.746426689e-03,liquid_conductor
1.426794381e-04,-2.746426689e-03,liquid_conductor
1.494903129e-04,-2.746426689e-03,liquid_conductor
1.557277722e-04,-2.746426689e-03,liquid_conductor
1.614435061e-04,-2.746426689e-03,liquid_conductor
1.666778448e-04,-2.746426689e-03,liquid_conductor
1.714708543e-04,-2.746426689e-03,liquid_conductor
1.758610799e-04,-2.746426689e-03,liquid_conductor
1.798823926e-04,-2.746426689e-03,liquid_conductor
1.835651336e-04,-2.746426689e-03,liquid_conductor
1.869383710e-04,-2.746426689e-03,liquid_conductor
1.900294091e-04,-2.746426689e-03,liquid_conductor
1.928581583e-04,-2.746426689e-03,liquid_conductor
1.954511466e-04,-2.746426689e-03,liquid_conductor
1.978250706e-04,-2.746426689e-03,liquid_conductor
2.000000000e-04,-2.746426689e-03,liquid_conductor
2.023073590e-04,-2.746426689e-03,liquid_conductor
2.048262778e-04,-2.746426689e-03,liquid_conductor
2.075787525e-04,-2.746426689e-03,liquid_conductor
2.105843091e-04,-2.746426689e-03,liquid_conductor
2.138679432e-04,-2.746426689e-03,liquid_conductor
2.174546697e-04,-2.746426689e-03,liquid_conductor
2.213724959e-04,-2.746426689e-03,liquid_conductor
2.256503856e-04,-2.746426689e-03,liquid_conductor
2.303242912e-04,-2.746426689e-03,liquid_conductor
2.354283816e-04,-2.746426689e-03,liquid_conductor
2.410037832e-04,-2.746426689e-03,liquid_conductor
2.470936058e-04,-2.746426689e-03,liquid_conductor
2.537446444e-04,-2.746426689e-03,liquid_conductor
2.610133227e-04,-2.746426689e-03,liquid_conductor
2.689484386e-04,-2.746426689e-03,liquid_conductor
2.776157494e-04,-2.746426689e-03,liquid_conductor
2.870851727e-04,-2.746426689e-03,liquid_conductor
2.974263273e-04,-2.746426689e-03,liquid_conductor
3.087203809e-04,-2.746426689e-03,liquid_conductor
3.210579460e-04,-2.746426689e-03,liquid_conductor
3.345353188e-04,-2.746426689e-03,liquid_conductor
3.492615949e-04,-2.746426689e-03,liquid_conductor
3.653317449e-04,-2.746426689e-03,liquid_conductor
3.828930231e-04,-2.746426689e-03,liquid_conductor
4.020809215e-04,-2.746426689e-03,liquid_conductor
4.230318110e-04,-2.746426689e-03,liquid_conductor
4.459114310e-04,-2.746426689e-03,liquid_conductor
4.709074923e-04,-2.746426689e-03,liquid_conductor
4.982272631e-04,-2.746426689e-03,liquid_conductor
5.280468223e-04,-2.746426689e-03,liquid_conductor
5.606176878e-04,-2.746426689e-03,liquid_conductor
5.961968980e-04,-2.746426689e-03,liquid_conductor
6.350512450e-04,-2.746426689e-03,liquid_conductor
6.774964929e-04,-2.746426689e-03,liquid_conductor
7.238672441e-04,-2.746426689e-03,liquid_conductor
7.745057743e-04,-2.746426689e-03,liquid_conductor
8.298365598e-04,-2.746426689e-03,liquid_conductor
8.902404685e-04,-2.746426689e-03,liquid_conductor
9.562452265e-04,-2.746426689e-03,liquid_conductor
1.028315419e-03,-2.746426689e-03,liquid_conductor
1.107064121e-03,-2.746426689e-03,liquid_conductor
1.193057227e-03,-2.746426689e-03,liquid_conductor
1.286983765e-03,-2.746426689e-03,liquid_conductor
1.389582490e-03,-2.746426689e-03,liquid_conductor
1.501687528e-03,-2.746426689e-03,liquid_conductor
1.618967549e-03,-2.746426689e-03,liquid_conductor
1.727165678e-03,-2.746426689e-03,liquid_conductor
1.826235815e-03,-2.746426689e-03,liquid_conductor
1.916950625e-03,-2.746426689e-03,liquid_conductor
2.000000000e-03,-2.746426689e-03,liquid_conductor
2.084216992e-03,-2.746426689e-03,liquid_conductor
2.176355351e-03,-2.746426689e-03,liquid_conductor
2.277029651e-03,-2.746426689e-03,liquid_conductor
2.387173046e-03,-2.746426689e-03,liquid_conductor
2.507591864e-03,-2.746426689e-03,liquid_conductor
2.639278383e-03,-2.746426689e-03,liquid_conductor
2.783299094e-03,-2.746426689e-03,liquid_conductor
2.940767833e-03,-2.746426689e-03,liquid_conductor
3.113009625e-03,-2.746426689e-03,liquid_conductor
3.294047376e-03,-2.746426689e-03,liquid_conductor
3.461380719e-03,-2.746426689e-03,liquid_conductor
3.614426098e-03,-2.746426689e-03,liquid_conductor
3.754355769e-03,-2.746426689e-03,liquid_conductor
3.882298548e-03,-2.746426689e-03,liquid_conductor
3.999310376e-03,-2.746426689e-03,liquid_conductor
4.106334329e-03,-2.746426689e-03,liquid_conductor
4.204204407e-03,-2.746426689e-03,liquid_conductor
4.293671006e-03,-2.746426689e-03,liquid_conductor
4.375489229e-03,-2.746426689e-03,liquid_conductor
4.450318040e-03,-2.746426689e-03,liquid_conductor
4.518738298e-03,-2.746426689e-03,liquid_conductor
4.581289028e-03,-2.746426689e-03,liquid_conductor
4.638507194e-03,-2.746426689e-03,liquid_conductor
4.690810594e-03,-2.746426689e-03,liquid_conductor
4.738672595e-03,-2.746426689e-03,liquid_conductor
4.782423733e-03,-2.746426689e-03,liquid_conductor
4.822423892e-03,-2.746426689e-03,liquid_conductor
4.859011717e-03,-2.746426689e-03,liquid_conductor
4.892455390e-03,-2.746426689e-03,liquid_conductor
4.923050450e-03,-2.746426689e-03,liquid_conductor
4.951016246e-03,-2.746426689e-03,liquid_conductor
4.976608707e-03,-2.746426689e-03,liquid_conductor
5.000000000e-03,-2.746426689e-03,liquid_conductor
0.000000000e+00,-2.700345095e-03,liquid_conductor
2.253927972e-07,-2.700345095e-03,liquid_conductor
4.710108625e-07,-2.700345095e-03,liquid_conductor
7.388114821e-07,-2.700345095e-03,liquid_conductor
1.030777353e-06,-2.700345095e-03,liquid_conductor
1.349134956e-06,-2.700345095e-03,liquid_conductor
1.696071563e-06,-2.700345095e-03,liquid_conductor
2.065284294e-06,-2.700345095e-03,liquid_conductor
2.411371865e-06,-2.700345095e-03,liquid_conductor
2.728827367e-06,-2.700345095e-03,liquid_conductor
3.019944202e-06,-2.700345095e-03,liquid_conductor
3.287031469e-06,-2.700345095e-03,liquid_conductor
3.531983203e-06,-2.700345095e-03,liquid_conductor
3.756739224e-06,-2.700345095e-03,liquid_conductor
3.962851098e-06,-2.700345095e-03,liquid_conductor
4.151964219e-06,-2.700345095e-03,liquid_conductor
4.325432522e-06,-2.700345095e-03,liquid_conductor
4.484611324e-06,-2.700345095e-03,liquid_conductor
4.630594259e-06,-2.700345095e-03,liquid_conductor
4.764494569e-06,-2.700345095e-03,liquid_conductor
4.887303601e-06,-2.700345095e-03,liquid_conductor
5.000000000e-06,-2.700345095e-03,liquid_conductor
5.344545024e-06,-2.700345095e-03,liquid_conductor
5.720728404e-06,-2.700345095e-03,liquid_conductor
6.131424688e-06,-2.700345095e-03,liquid_conductor
6.579792067e-06,-2.700345095e-03,liquid_conductor
7.069682790e-06,-2.700345095e-03,liquid_conductor
7.604221304e-06,-2.700345095e-03,liquid_conductor
8.187924336e-06,-2.700345095e-03,liquid_conductor
8.825326016e-06,-2.700345095e-03,liquid_conductor
9.521221193e-06,-2.700345095e-03,liquid_conductor
1.028089317e-05,-2.700345095e-03,liquid_conductor
1.111056343e-05,-2.700345095e-03,liquid_conductor
1.201639249e-05,-2.700345095e-03,liquid_conductor
1.298360751e-05,-2.700345095e-03,liquid_conductor
1.388943657e-05,-2.700345095e-03,liquid_conductor
1.471910683e-05,-2.700345095e-03,liquid_conductor
1.547877881e-05,-2.700345095e-03,liquid_conductor
1.617467398e-05,-2.700345095e-03,liquid_conductor
1.681207566e-05,-2.700345095e-03,liquid_conductor
1.739577870e-05,-2.700345095e-03,liquid_conductor
1.793031721e-05,-2.700345095e-03,liquid_conductor
1.842020793e-05,-2.700345095e-03,liquid_conductor
1.886857531e-05,-2.700345095e-03,liquid_conductor
1.927927160e-05,-2.700345095e-03,liquid_conductor
1.965545498e-05,-2.700345095e-03,liquid_conductor
2.000000000e-05,-2.700345095e-03,liquid_conductor
2.010805618e-05,-2.700345095e-03,liquid_conductor
2.022595285e-05,-2.700345095e-03,liquid_conductor
2.035459775e-05,-2.700345095e-03,liquid_conductor
2.049498821e-05,-2.700345095e-03,liquid_conductor
2.064826006e-05,-2.700345095e-03,liquid_conductor
2.081535157e-05,-2.700345095e-03,liquid_conductor
2.099777754e-05,-2.700345095e-03,liquid_conductor
2.119689800e-05,-2.700345095e-03,liquid_conductor
2.141410532e-05,-2.700345095e-03,liquid_conductor
2.165116416e-05,-2.700345095e-03,liquid_conductor
2.190983090e-05,-2.700345095e-03,liquid_conductor
2.219208379e-05,-2.700345095e-03,liquid_conductor
2.250020445e-05,-2.700345095e-03,liquid_conductor
2.283635452e-05,-2.700345095e-03,liquid_conductor
2.320312564e-05,-2.700345095e-03,liquid_conductor
2.360338148e-05,-2.700345095e-03,liquid_conductor
2.404015658e-05,-2.700345095e-03,liquid_conductor
2.451665868e-05,-2.700345095e-03,liquid_conductor
2.503676791e-05,-2.700345095e-03,liquid_conductor
2.560437513e-05,-2.700345095e-03,liquid_conductor
2.622369757e-05,-2.700345095e-03,liquid_conductor
2.688064397e-05,-2.700345095e-03,liquid_conductor
2.749373137e-05,-2.700345095e-03,liquid_conductor
2.805529321e-05,-2.700345095e-03,liquid_conductor
2.856987281e-05,-2.700345095e-03,liquid_conductor
2.904145948e-05,-2.700345095e-03,liquid_conductor
2.947368421e-05,-2.700345095e-03,liquid_conductor
2.990868297e-05,-2.700345095e-03,liquid_conductor
3.038341652e-05,-2.700345095e-03,liquid_conductor
3.090184239e-05,-2.700345095e-03,liquid_conductor
3.146778324e-05,-2.700345095e-03,liquid_conductor
3.208581625e-05,-2.700345095e-03,liquid_conductor
3.276073484e-05,-2.700345095e-03,liquid_conductor
3.349724986e-05,-2.700345095e-03,liquid_conductor
3.430131728e-05,-2.700345095e-03,liquid_conductor
3.517965823e-05,-2.700345095e-03,liquid_conductor
3.613813726e-05,-2.700345095e-03,liquid_conductor
3.718507681e-05,-2.700345095e-03,liquid_conductor
3.832780448e-05,-2.700345095e-03,liquid_conductor
3.957561045e-05,-2.700345095e-03,liquid_conductor
4.093854473e-05,-2.700345095e-03,liquid_conductor
4.242542050e-05,-2.700345095e-03,liquid_conductor
4.404956552e-05,-2.700345095e-03,liquid_conductor
4.582227382e-05,-2.700345095e-03,liquid_conductor
4.775808616e-05,-2.700345095e-03,liquid_conductor
4.987178140e-05,-2.700345095e-03,liquid_conductor
5.217920429e-05,-2.700345095e-03,liquid_conductor
5.469866297e-05,-2.700345095e-03,liquid_conductor
5.744905551e-05,-2.700345095e-03,liquid_conductor
6.045387799e-05,-2.700345095e-03,liquid_conductor
6.373271678e-05,-2.700345095e-03,liquid_conductor
6.731217269e-05,-2.700345095e-03,liquid_conductor
7.122108778e-05,-2.700345095e-03,liquid_conductor
7.548786712e-05,-2.700345095e-03,liquid_conductor
8.014712385e-05,-2.700345095e-03,liquid_conductor
8.523466155e-05,-2.700345095e-03,liquid_conductor
9.078843638e-05,-2.700345095e-03,liquid_conductor
9.685525750e-05,-2.700345095e-03,liquid_conductor
1.034758769e-04,-2.700345095e-03,liquid_conductor
1.107020219e-04,-2.700345095e-03,liquid_conductor
1.185948933e-04,-2.700345095e-03,liquid_conductor
1.271212752e-04,-2.700345095e-03,liquid_conductor
1.352404309e-04,-2.700345095e-03,liquid_conductor
1.426794381e-04,-2.700345095e-03,liquid_conductor
1.494903129e-04,-2.700345095e-03,liquid_conductor
1.557277722e-04,-2.700345095e-03,liquid_conductor
1.614435061e-04,-2.700345095e-03,liquid_conductor
1.666778448e-04,-2.700345095e-03,liquid_conductor
1.714708543e-04,-2.700345095e-03,liquid_conductor
1.758610799e-04,-2.700345095e-03,liquid_conductor
1.798823926e-04,-2.700345095e-03,liquid_conductor
1.835651336e-04,-2.700345095e-03,liquid_conductor
1.869383710e-04,-2.700345095e-03,liquid_conductor
1.900294091e-04,-2.700345095e-03,liquid_conductor
1.928581583e-04,-2.700345095e-03,liquid_conductor
1.954511466e-04,-2.700345095e-03,liquid_conductor
1.978250706e-04,-2.700345095e-03,liquid_conductor
2.000000000e-04,-2.700345095e-03,liquid_conductor
2.023073590e-04,-2.700345095e-03,liquid_conductor
2.048262778e-04,-2.700345095e-03,liquid_conductor
2.075787525e-04,-2.700345095e-03,liquid_conductor
2.105843091e-04,-2.700345095e-03,liquid_conductor
2.138679432e-04,-2.700345095e-03,liquid_conductor
2.174546697e-04,-2.700345095e-03,liquid_conductor
2.213724959e-04,-2.700345095e-03,liquid_conductor
2.256503856e-04,-2.700345095e-03,liquid_conductor
2.303242912e-04,-2.700345095e-03,liquid_conductor
2.354283816e-04,-2.700345095e-03,liquid_conductor
2.410037832e-04,-2.700345095e-03,liquid_conductor
2.470936058e-04,-2.700345095e-03,liquid_conductor
2.537446444e-04,-2.700345095e-03,liquid_conductor
2.610133227e-04,-2.700345095e-03,liquid_conductor
2.689484386e-04,-2.700345095e-03,liquid_conductor
2.776157494e-04,-2.700345095e-03,liquid_conductor
2.870851727e-04,-2.700345095e-03,liquid_conductor
2.974263273e-04,-2.700345095e-03,liquid_conductor
3.087203809e-04,-2.700345095e-03,liquid_conductor
3.210579460e-04,-2.700345095e-03,liquid_conductor
3.345353188e-04,-2.700345095e-03,liquid_conductor
3.492615949e-04,-2.700345095e-03,liquid_conductor
3.653317449e-04,-2.700345095e-03,liquid_conductor
3.828930231e-04,-2.700345095e-03,liquid_conductor
4.020809215e-04,-2.700345095e-03,liquid_conductor
4.230318110e-04,-2.700345095e-03,liquid_conductor
4.459114310e-04,-2.700345095e-03,liquid_conductor
4.709074923e-04,-2.700345095e-03,liquid_conductor
4.982272631e-04,-2.700345095e-03,liquid_conductor
5.280468223e-04,-2.700345095e-03,liquid_conductor
5.606176878e-04,-2.700345095e-03,liquid_conductor
5.961968980e-04,-2.700345095e-03,liquid_conductor
6.350512450e-04,-2.700345095e-03,liquid_conductor
6.774964929e-04,-2.700345095e-03,liquid_conductor
7.238672441e-04,-2.700345095e-03,liquid_conductor
7.745057743e-04,-2.700345095e-03,liquid_conductor
8.298365598e-04,-2.700345095e-03,liquid_conductor
8.902404685e-04,-2.700345095e-03,liquid_conductor
9.562452265e-04,-2.700345095e-03,liquid_conductor
1.028315419e-03,-2.700345095e-03,liquid_conductor
1.107064121e-03,-2.700345095e-03,liquid_conductor
1.193057227e-03,-2.700345095e-03,liquid_conductor
1.286983765e-03,-2.700345095e-03,liquid_conductor
1.389582490e-03,-2.700345095e-03,liquid_conductor
1.501687528e-03,-2.700345095e-03,liquid_conductor
1.618967549e-03,-2.700345095e-03,liquid_conductor
1.727165678e-03,-2.700345095e-03,liquid_conductor
1.826235815e-03,-2.700345095e-03,liquid_conductor
1.916950625e-03,-2.700345095e-03,liquid_conductor
2.000000000e-03,-2.700345095e-03,liquid_conductor
2.084216992e-03,-2.700345095e-03,liquid_conductor
2.176355351e-03,-2.700345095e-03,liquid_conductor
2.277029651e-03,-2.700345095e-03,liquid_conductor
2.387173046e-03,-2.700345095e-03,liquid_conductor
2.507591864e-03,-2.700345095e-03,liquid_conductor
2.639278383e-03,-2.700345095e-03,liquid_conductor
2.783299094e-03,-2.700345095e-03,liquid_conductor
2.940767833e-03,-2.700345095e-03,liquid_conductor
3.113009625e-03,-2.700345095e-03,liquid_conductor
3.294047376e-03,-2.700345095e-03,liquid_conductor
3.461380719e-03,-2.700345095e-03,liquid_conductor
3.614426098e-03,-2.700345095e-03,liquid_conductor
3.754355769e-03,-2.700345095e-03,liquid_conductor
3.882298548e-03,-2.700345095e-03,liquid_conductor
3.999310376e-03,-2.700345095e-03,liquid_conductor
4.106334329e-03,-2.700345095e-03,liquid_conductor
4.204204407e-03,-2.700345095e-03,liquid_conductor
4.293671006e-03,-2.700345095e-03,liquid_conductor
4.375489229e-03,-2.700345095e-03,liquid_conductor
4.450318040e-03,-2.700345095e-03,liquid_conductor
4.518738298e-03,-2.700345095e-03,liquid_conductor
4.581289028e-03,-2.700345095e-03,liquid_conductor
4.638507194e-03,-2.700345095e-03,liquid_conductor
4.690810594e-03,-2.700345095e-03,liquid_conductor
4.738672595e-03,-2.700345095e-03,liquid_conductor
4.782423733e-03,-2.700345095e-03,liquid_conductor
4.822423892e-03,-2.700345095e-03,liquid_conductor
4.859011717e-03,-2.700345095e-03,liquid_conductor
4.892455390e-03,-2.700345095e-03,liquid_conductor
4.923050450e-03,-2.700345095e-03,liquid_conductor
4.951016246e-03,-2.700345095e-03,liquid_conductor
4.976608707e-03,-2.700345095e-03,liquid_conductor
5.000000000e-03,-2.700345095e-03,liquid_conductor
0.000000000e+00,-2.650072995e-03,liquid_conductor
2.253927972e-07,-2.650072995e-03,liquid_conductor
4.710108625e-07,-2.650072995e-03,liquid_conductor
7.388114821e-07,-2.650072995e-03,liquid_conductor
1.030777353e-06,-2.650072995e-03,liquid_conductor
1.349134956e-06,-2.650072995e-03,liquid_conductor
1.696071563e-06,-2.650072995e-03,liquid_conductor
2.065284294e-06,-2.650072995e-03,liquid_conductor
2.411371865e-06,-2.650072995e-03,liquid_conductor
2.728827367e-06,-2.650072995e-03,liquid_conductor
3.019944202e-06,-2.650072995e-03,liquid_conductor
3.287031469e-06,-2.650072995e-03,liquid_conductor
3.531983203e-06,-2.650072995e-03,liquid_conductor
3.756739224e-06,-2.650072995e-03,liquid_conductor
3.962851098e-06,-2.650072995e-03,liquid_conductor
4.151964219e-06,-2.650072995e-03,liquid_conductor
4.325432522e-06,-2.650072995e-03,liquid_conductor
4.484611324e-06,-2.650072995e-03,liquid_conductor
4.630594259e-06,-2.650072995e-03,liquid_conductor
4.764494569e-06,-2.650072995e-03,liquid_conductor
4.887303601e-06,-2.650072995e-03,liquid_conductor
5.000000000e-06,-2.650072995e-03,liquid_conductor
5.344545024e-06,-2.650072995e-03,liquid_conductor
5.720728404e-06,-2.650072995e-03,liquid_conductor
6.131424688e-06,-2.650072995e-03,liquid_conductor
6.579792067e-06,-2.650072995e-03,liquid_conductor
7.069682790e-06,-2.650072995e-03,liquid_conductor
7.604221304e-06,-2.650072995e-03,liquid_conductor
8.187924336e-06,-2.650072995e-03,liquid_conductor
8.825326016e-06,-2.650072995e-03,liquid_conductor
9.521221193e-06,-2.650072995e-03,liquid_conductor
1.028089317e-05,-2.650072995e-03,liquid_conductor
1.111056343e-05,-2.650072995e-03,liquid_conductor
1.201639249e-05,-2.650072995e-03,liquid_conductor
1.298360751e-05,-2.650072995e-03,liquid_conductor
1.388943657e-05,-2.650072995e-03,liquid_conductor
1.471910683e-05,-2.650072995e-03,liquid_conductor
1.547877881e-05,-2.650072995e-03,liquid_conductor
1.617467398e-05,-2.650072995e-03,liquid_conductor
1.681207566e-05,-2.650072995e-03,liquid_conductor
1.739577870e-05,-2.650072995e-03,liquid_conductor
1.793031721e-05,-2.650072995e-03,liquid_conductor
1.842020793e-05,-2.650072995e-03,liquid_conductor
1.886857531e-05,-2.650072995e-03,liquid_conductor
1.927927160e-05,-2.650072995e-03,liquid_conductor
1.965545498e-05,-2.650072995e-03,liquid_conductor
2.000000000e-05,-2.650072995e-03,liquid_conductor
2.010805618e-05,-2.650072995e-03,liquid_conductor
2.022595285e-05,-2.650072995e-03,liquid_conductor
2.035459775e-05,-2.650072995e-03,liquid_conductor
2.049498821e-05,-2.650072995e-03,liquid_conductor
2.064826006e-05,-2.650072995e-03,liquid_conductor
2.081535157e-05,-2.650072995e-03,liquid_conductor
2.099777754e-05,-2.650072995e-03,liquid_conductor
2.119689800e-05,-2.650072995e-03,liquid_conductor
2.141410532e-05,-2.650072995e-03,liquid_conductor
2.165116416e-05,-2.650072995e-03,liquid_conductor
2.190983090e-05,-2.650072995e-03,liquid_conductor
2.219208379e-05,-2.650072995e-03,liquid_conductor
2.250020445e-05,-2.650072995e-03,liquid_conductor
2.283635452e-05,-2.650072995e-03,liquid_conductor
2.320312564e-05,-2.650072995e-03,liquid_conductor
2.360338148e-05,-2.650072995e-03,liquid_conductor
2.404015658e-05,-2.650072995e-03,liquid_conductor
2.451665868e-05,-2.650072995e-03,liquid_conductor
2.503676791e-05,-2.650072995e-03,liquid_conductor
2.560437513e-05,-2.650072995e-03,liquid_conductor
2.622369757e-05,-2.650072995e-03,liquid_conductor
2.688064397e-05,-2.650072995e-03,liquid_conductor
2.749373137e-05,-2.650072995e-03,liquid_conductor
2.805529321e-05,-2.650072995e-03,liquid_conductor
2.856987281e-05,-2.650072995e-03,liquid_conductor
2.904145948e-05,-2.650072995e-03,liquid_conductor
2.947368421e-05,-2.650072995e-03,liquid_conductor
2.990868297e-05,-2.650072995e-03,liquid_conductor
3.038341652e-05,-2.650072995e-03,liquid_conductor
3.090184239e-05,-2.650072995e-03,liquid_conductor
3.146778324e-05,-2.650072995e-03,liquid_conductor
3.208581625e-05,-2.650072995e-03,liquid_conductor
3.276073484e-05,-2.650072995e-03,liquid_conductor
3.349724986e-05,-2.650072995e-03,liquid_conductor
3.430131728e-05,-2.650072995e-03,liquid_conductor
3.517965823e-05,-2.650072995e-03,liquid_conductor
3.613813726e-05,-2.650072995e-03,liquid_conductor
3.718507681e-05,-2.650072995e-03,liquid_conductor
3.832780448e-05,-2.650072995e-03,liquid_conductor
3.957561045e-05,-2.650072995e-03,liquid_conductor
4.093854473e-05,-2.650072995e-03,liquid_conductor
4.242542050e-05,-2.650072995e-03,liquid_conductor
4.404956552e-05,-2.650072995e-03,liquid_conductor
4.582227382e-05,-2.650072995e-03,liquid_conductor
4.775808616e-05,-2.650072995e-03,liquid_conductor
4.987178140e-05,-2.650072995e-03,liquid_conductor
5.217920429e-05,-2.650072995e-03,liquid_conductor
5.469866297e-05,-2.650072995e-03,liquid_conductor
5.744905551e-05,-2.650072995e-03,liquid_conductor
6.045387799e-05,-2.650072995e-03,liquid_conductor
6.373271678e-05,-2.650072995e-03,liquid_conductor
6.731217269e-05,-2.650072995e-03,liquid_conductor
7.122108778e-05,-2.650072995e-03,liquid_conductor
7.548786712e-05,-2.650072995e-03,liquid_conductor
8.014712385e-05,-2.650072995e-03,liquid_conductor
8.523466155e-05,-2.650072995e-03,liquid_conductor
9.078843638e-05,-2.650072995e-03,liquid_conductor
9.685525750e-05,-2.650072995e-03,liquid_conductor
1.034758769e-04,-2.650072995e-03,liquid_conductor
1.107020219e-04,-2.650072995e-03,liquid_conductor
1.185948933e-04,-2.650072995e-03,liquid_conductor
1.271212752e-04,-2.650072995e-03,liquid_conductor
1.352404309e-04,-2.650072995e-03,liquid_conductor
1.426794381e-04,-2.650072995e-03,liquid_conductor
1.494903129e-04,-2.650072995e-03,liquid_conductor
1.557277722e-04,-2.650072995e-03,liquid_conductor
1.614435061e-04,-2.650072995e-03,liquid_conductor
1.666778448e-04,-2.650072995e-03,liquid_conductor
1.714708543e-04,-2.650072995e-03,liquid_conductor
1.758610799e-04,-2.650072995e-03,liquid_conductor
1.798823926e-04,-2.650072995e-03,liquid_conductor
1.835651336e-04,-2.650072995e-03,liquid_conductor
1.869383710e-04,-2.650072995e-03,liquid_conductor
1.900294091e-04,-2.650072995e-03,liquid_conductor
1.928581583e-04,-2.650072995e-03,liquid_conductor
1.954511466e-04,-2.650072995e-03,liquid_conductor
1.978250706e-04,-2.650072995e-03,liquid_conductor
2.000000000e-04,-2.650072995e-03,liquid_conductor
2.023073590e-04,-2.650072995e-03,liquid_conductor
2.048262778e-04,-2.650072995e-03,liquid_conductor
2.075787525e-04,-2.650072995e-03,liquid_conductor
2.105843091e-04,-2.650072995e-03,liquid_conductor
2.138679432e-04,-2.650072995e-03,liquid_conductor
2.174546697e-04,-2.650072995e-03,liquid_conductor
2.213724959e-04,-2.650072995e-03,liquid_conductor
2.256503856e-04,-2.650072995e-03,liquid_conductor
2.303242912e-04,-2.650072995e-03,liquid_conductor
2.354283816e-04,-2.650072995e-03,liquid_conductor
2.410037832e-04,-2.650072995e-03,liquid_conductor
2.470936058e-04,-2.650072995e-03,liquid_conductor
2.537446444e-04,-2.650072995e-03,liquid_conductor
2.610133227e-04,-2.650072995e-03,liquid_conductor
2.689484386e-04,-2.650072995e-03,liquid_conductor
2.776157494e-04,-2.650072995e-03,liquid_conductor
2.870851727e-04,-2.650072995e-03,liquid_conductor
2.974263273e-04,-2.650072995e-03,liquid_conductor
3.087203809e-04,-2.650072995e-03,liquid_conductor
3.210579460e-04,-2.650072995e-03,liquid_conductor
3.345353188e-04,-2.650072995e-03,liquid_conductor
3.492615949e-04,-2.650072995e-03,liquid_conductor
3.653317449e-04,-2.650072995e-03,liquid_conductor
3.828930231e-04,-2.650072995e-03,liquid_conductor
4.020809215e-04,-2.650072995e-03,liquid_conductor
4.230318110e-04,-2.650072995e-03,liquid_conductor
4.459114310e-04,-2.650072995e-03,liquid_conductor
4.709074923e-04,-2.650072995e-03,liquid_conductor
4.982272631e-04,-2.650072995e-03,liquid_conductor
5.280468223e-04,-2.650072995e-03,liquid_conductor
5.606176878e-04,-2.650072995e-03,liquid_conductor
5.961968980e-04,-2.650072995e-03,liquid_conductor
6.350512450e-04,-2.650072995e-03,liquid_conductor
6.774964929e-04,-2.650072995e-03,liquid_conductor
7.238672441e-04,-2.650072995e-03,liquid_conductor
7.745057743e-04,-2.650072995e-03,liquid_conductor
8.298365598e-04,-2.650072995e-03,liquid_conductor
8.902404685e-04,-2.650072995e-03,liquid_conductor
9.562452265e-04,-2.650072995e-03,liquid_conductor
1.028315419e-03,-2.650072995e-03,liquid_conductor
1.107064121e-03,-2.650072995e-03,liquid_conductor
1.193057227e-03,-2.650072995e-03,liquid_conductor
1.286983765e-03,-2.650072995e-03,liquid_conductor
1.389582490e-03,-2.650072995e-03,liquid_conductor
1.501687528e-03,-2.650072995e-03,liquid_conductor
1.618967549e-03,-2.650072995e-03,liquid_conductor
1.727165678e-03,-2.650072995e-03,liquid_conductor
1.826235815e-03,-2.650072995e-03,liquid_conductor
1.916950625e-03,-2.650072995e-03,liquid_conductor
2.000000000e-03,-2.650072995e-03,liquid_conductor
2.084216992e-03,-2.650072995e-03,liquid_conductor
2.176355351e-03,-2.650072995e-03,liquid_conductor
2.277029651e-03,-2.650072995e-03,liquid_conductor
2.387173046e-03,-2.650072995e-03,liquid_conductor
2.507591864e-03,-2.650072995e-03,liquid_conductor
2.639278383e-03,-2.650072995e-03,liquid_conductor
2.783299094e-03,-2.650072995e-03,liquid_conductor
2.940767833e-03,-2.650072995e-03,liquid_conductor
3.113009625e-03,-2.650072995e-03,liquid_conductor
3.294047376e-03,-2.650072995e-03,liquid_conductor
3.461380719e-03,-2.650072995e-03,liquid_conductor
3.614426098e-03,-2.650072995e-03,liquid_conductor
3.754355769e-03,-2.650072995e-03,liquid_conductor
3.882298548e-03,-2.650072995e-03,liquid_conductor
3.999310376e-03,-2.650072995e-03,liquid_conductor
4.106334329e-03,-2.650072995e-03,liquid_conductor
4.204204407e-03,-2.650072995e-03,liquid_conductor
4.293671006e-03,-2.650072995e-03,liquid_conductor
4.375489229e-03,-2.650072995e-03,liquid_conductor
4.450318040e-03,-2.650072995e-03,liquid_conductor
4.518738298e-03,-2.650072995e-03,liquid_conductor
4.581289028e-03,-2.650072995e-03,liquid_conductor
4.638507194e-03,-2.650072995e-03,liquid_conductor
4.690810594e-03,-2.650072995e-03,liquid_conductor
4.738672595e-03,-2.650072995e-03,liquid_conductor
4.782423733e-03,-2.650072995e-03,liquid_conductor
4.822423892e-03,-2.650072995e-03,liquid_conductor
4.859011717e-03,-2.650072995e-03,liquid_conductor
4.892455390e-03,-2.650072995e-03,liquid_conductor
4.923050450e-03,-2.650072995e-03,liquid_conductor
4.951016246e-03,-2.650072995e-03,liquid_conductor
4.976608707e-03,-2.650072995e-03,liquid_conductor
5.000000000e-03,-2.650072995e-03,liquid_conductor
0.000000000e+00,-2.595187102e-03,liquid_conductor
2.253927972e-07,-2.595187102e-03,liquid_conductor
4.710108625e-07,-2.595187102e-03,liquid_conductor
7.388114821e-07,-2.595187102e-03,liquid_conductor
1.030777353e-06,-2.595187102e-03,liquid_conductor
1.349134956e-06,-2.595187102e-03,liquid_conductor
1.696071563e-06,-2.595187102e-03,liquid_conductor
2.065284294e-06,-2.595187102e-03,liquid_conductor
2.411371865e-06,-2.595187102e-03,liquid_conductor
2.728827367e-06,-2.595187102e-03,liquid_conductor
3.019944202e-06,-2.595187102e-03,liquid_conductor
3.287031469e-06,-2.595187102e-03,liquid_conductor
3.531983203e-06,-2.595187102e-03,liquid_conductor
3.756739224e-06,-2.595187102e-03,liquid_conductor
3.962851098e-06,-2.595187102e-03,liquid_conductor
4.151964219e-06,-2.595187102e-03,liquid_conductor
4.325432522e-06,-2.595187102e-03,liquid_conductor
4.484611324e-06,-2.595187102e-03,liquid_conductor
4.630594259e-06,-2.595187102e-03,liquid_conductor
4.764494569e-06,-2.595187102e-03,liquid_conductor
4.887303601e-06,-2.595187102e-03,liquid_conductor
5.000000000e-06,-2.595187102e-03,liquid_conductor
5.344545024e-06,-2.595187102e-03,liquid_conductor
5.720728404e-06,-2.595187102e-03,liquid_conductor
6.131424688e-06,-2.595187102e-03,liquid_conductor
6.579792067e-06,-2.595187102e-03,liquid_conductor
7.069682790e-06,-2.595187102e-03,liquid_conductor
7.604221304e-06,-2.595187102e-03,liquid_conductor
8.187924336e-06,-2.595187102e-03,liquid_conductor
8.825326016e-06,-2.595187102e-03,liquid_conductor
9.521221193e-06,-2.595187102e-03,liquid_conductor
1.028089317e-05,-2.595187102e-03,liquid_conductor
1.111056343e-05,-2.595187102e-03,liquid_conductor
1.201639249e-05,-2.595187102e-03,liquid_conductor
1.298360751e-05,-2.595187102e-03,liquid_conductor
1.388943657e-05,-2.595187102e-03,liquid_conductor
1.471910683e-05,-2.595187102e-03,liquid_conductor
1.547877881e-05,-2.595187102e-03,liquid_conductor
1.617467398e-05,-2.595187102e-03,liquid_conductor
1.681207566e-05,-2.595187102e-03,liquid_conductor
1.739577870e-05,-2.595187102e-03,liquid_conductor
1.793031721e-05,-2.595187102e-03,liquid_conductor
1.842020793e-05,-2.595187102e-03,liquid_conductor
1.886857531e-05,-2.595187102e-03,liquid_conductor
1.927927160e-05,-2.595187102e-03,liquid_conductor
1.965545498e-05,-2.595187102e-03,liquid_conductor
2.000000000e-05,-2.595187102e-03,liquid_conductor
2.010805618e-05,-2.595187102e-03,liquid_conductor
2.022595285e-05,-2.595187102e-03,liquid_conductor
2.035459775e-05,-2.595187102e-03,liquid_conductor
2.049498821e-05,-2.595187102e-03,liquid_conductor
2.064826006e-05,-2.595187102e-03,liquid_conductor
2.081535157e-05,-2.595187102e-03,liquid_conductor
2.099777754e-05,-2.595187102e-03,liquid_conductor
2.119689800e-05,-2.595187102e-03,liquid_conductor
2.141410532e-05,-2.595187102e-03,liquid_conductor
2.165116416e-05,-2.595187102e-03,liquid_conductor
2.190983090e-05,-2.595187102e-03,liquid_conductor
2.219208379e-05,-2.595187102e-03,liquid_conductor
2.250020445e-05,-2.595187102e-03,liquid_conductor
2.283635452e-05,-2.595187102e-03,liquid_conductor
2.320312564e-05,-2.595187102e-03,liquid_conductor
2.360338148e-05,-2.595187102e-03,liquid_conductor
2.404015658e-05,-2.595187102e-03,liquid_conductor
2.451665868e-05,-2.595187102e-03,liquid_conductor
2.503676791e-05,-2.595187102e-03,liquid_conductor
2.560437513e-05,-2.595187102e-03,liquid_conductor
2.622369757e-05,-2.595187102e-03,liquid_conductor
2.688064397e-05,-2.595187102e-03,liquid_conductor
2.749373137e-05,-2.595187102e-03,liquid_conductor
2.805529321e-05,-2.595187102e-03,liquid_conductor
2.856987281e-05,-2.595187102e-03,liquid_conductor
2.904145948e-05,-2.595187102e-03,liquid_conductor
2.947368421e-05,-2.595187102e-03,liquid_conductor
2.990868297e-05,-2.595187102e-03,liquid_conductor
3.038341652e-05,-2.595187102e-03,liquid_conductor
3.090184239e-05,-2.595187102e-03,liquid_conductor
3.146778324e-05,-2.595187102e-03,liquid_conductor
3.208581625e-05,-2.595187102e-03,liquid_conductor
3.276073484e-05,-2.595187102e-03,liquid_conductor
3.349724986e-05,-2.595187102e-03,liquid_conductor
3.430131728e-05,-2.595187102e-03,liquid_conductor
3.517965823e-05,-2.595187102e-03,liquid_conductor
3.613813726e-05,-2.595187102e-03,liquid_conductor
3.718507681e-05,-2.595187102e-03,liquid_conductor
3.832780448e-05,-2.595187102e-03,liquid_conductor
3.957561045e-05,-2.595187102e-03,liquid_conductor
4.093854473e-05,-2.595187102e-03,liquid_conductor
4.242542050e-05,-2.595187102e-03,liquid_conductor
4.404956552e-05,-2.595187102e-03,liquid_conductor
4.582227382e-05,-2.595187102e-03,liquid_conductor
4.775808616e-05,-2.595187102e-03,liquid_conductor
4.987178140e-05,-2.595187102e-03,liquid_conductor
5.217920429e-05,-2.595187102e-03,liquid_conductor
5.469866297e-05,-2.595187102e-03,liquid_conductor
5.744905551e-05,-2.595187102e-03,liquid_conductor
6.045387799e-05,-2.595187102e-03,liquid_conductor
6.373271678e-05,-2.595187102e-03,liquid_conductor
6.731217269e-05,-2.595187102e-03,liquid_conductor
7.122108778e-05,-2.595187102e-03,liquid_conductor
7.548786712e-05,-2.595187102e-03,liquid_conductor
8.014712385e-05,-2.595187102e-03,liquid_conductor
8.523466155e-05,-2.595187102e-03,liquid_conductor
9.078843638e-05,-2.595187102e-03,liquid_conductor
9.685525750e-05,-2.595187102e-03,liquid_conductor
1.034758769e-04,-2.595187102e-03,liquid_conductor
1.107020219e-04,-2.595187102e-03,liquid_conductor
1.185948933e-04,-2.595187102e-03,liquid_conductor
1.271212752e-04,-2.595187102e-03,liquid_conductor
1.352404309e-04,-2.595187102e-03,liquid_conductor
1.426794381e-04,-2.595187102e-03,liquid_conductor
1.494903129e-04,-2.595187102e-03,liquid_conductor
1.557277722e-04,-2.595187102e-03,liquid_conductor
1.614435061e-04,-2.595187102e-03,liquid_conductor
1.666778448e-04,-2.595187102e-03,liquid_conductor
1.714708543e-04,-2.595187102e-03,liquid_conductor
1.758610799e-04,-2.595187102e-03,liquid_conductor
1.798823926e-04,-2.595187102e-03,liquid_conductor
1.835651336e-04,-2.595187102e-03,liquid_conductor
1.869383710e-04,-2.595187102e-03,liquid_conductor
1.900294091e-04,-2.595187102e-03,liquid_conductor
1.928581583e-04,-2.595187102e-03,liquid_conductor
1.954511466e-04,-2.595187102e-03,liquid_conductor
1.978250706e-04,-2.595187102e-03,liquid_conductor
2.000000000e-04,-2.595187102e-03,liquid_conductor
2.023073590e-04,-2.595187102e-03,liquid_conductor
2.048262778e-04,-2.595187102e-03,liquid_conductor
2.075787525e-04,-2.595187102e-03,liquid_conductor
2.105843091e-04,-2.595187102e-03,liquid_conductor
2.138679432e-04,-2.595187102e-03,liquid_conductor
2.174546697e-04,-2.595187102e-03,liquid_conductor
2.213724959e-04,-2.595187102e-03,liquid_conductor
2.256503856e-04,-2.595187102e-03,liquid_conductor
2.303242912e-04,-2.595187102e-03,liquid_conductor
2.354283816e-04,-2.595187102e-03,liquid_conductor
2.410037832e-04,-2.595187102e-03,liquid_conductor
2.470936058e-04,-2.595187102e-03,liquid_conductor
2.537446444e-04,-2.595187102e-03,liquid_conductor
2.610133227e-04,-2.595187102e-03,liquid_conductor
2.689484386e-04,-2.595187102e-03,liquid_conductor
2.776157494e-04,-2.595187102e-03,liquid_conductor
2.870851727e-04,-2.595187102e-03,liquid_conductor
2.974263273e-04,-2.595187102e-03,liquid_conductor
3.087203809e-04,-2.595187102e-03,liquid_conductor
3.210579460e-04,-2.595187102e-03,liquid_conductor
3.345353188e-04,-2.595187102e-03,liquid_conductor
3.492615949e-04,-2.595187102e-03,liquid_conductor
3.653317449e-04,-2.595187102e-03,liquid_conductor
3.828930231e-04,-2.595187102e-03,liquid_conductor
4.020809215e-04,-2.595187102e-03,liquid_conductor
4.230318110e-04,-2.595187102e-03,liquid_conductor
4.459114310e-04,-2.595187102e-03,liquid_conductor
4.709074923e-04,-2.595187102e-03,liquid_conductor
4.982272631e-04,-2.595187102e-03,liquid_conductor
5.280468223e-04,-2.595187102e-03,liquid_conductor
5.606176878e-04,-2.595187102e-03,liquid_conductor
5.961968980e-04,-2.595187102e-03,liquid_conductor
6.350512450e-04,-2.595187102e-03,liquid_conductor
6.774964929e-04,-2.595187102e-03,liquid_conductor
7.238672441e-04,-2.595187102e-03,liquid_conductor
7.745057743e-04,-2.595187102e-03,liquid_conductor
8.298365598e-04,-2.595187102e-03,liquid_conductor
8.902404685e-04,-2.595187102e-03,liquid_conductor
9.562452265e-04,-2.595187102e-03,liquid_conductor
1.028315419e-03,-2.595187102e-03,liquid_conductor
1.107064121e-03,-2.595187102e-03,liquid_conductor
1.193057227e-03,-2.595187102e-03,liquid_conductor
1.286983765e-03,-2.595187102e-03,liquid_conductor
1.389582490e-03,-2.595187102e-03,liquid_conductor
1.501687528e-03,-2.595187102e-03,liquid_conductor
1.618967549e-03,-2.595187102e-03,liquid_conductor
1.727165678e-03,-2.595187102e-03,liquid_conductor
1.826235815e-03,-2.595187102e-03,liquid_conductor
1.916950625e-03,-2.595187102e-03,liquid_conductor
2.000000000e-03,-2.595187102e-03,liquid_conductor
2.084216992e-03,-2.595187102e-03,liquid_conductor
2.176355351e-03,-2.595187102e-03,liquid_conductor
2.277029651e-03,-2.595187102e-03,liquid_conductor
2.387173046e-03,-2.595187102e-03,liquid_conductor
2.507591864e-03,-2.595187102e-03,liquid_conductor
2.639278383e-03,-2.595187102e-03,liquid_conductor
2.783299094e-03,-2.595187102e-03,liquid_conductor
2.940767833e-03,-2.595187102e-03,liquid_conductor
3.113009625e-03,-2.595187102e-03,liquid_conductor
3.294047376e-03,-2.595187102e-03,liquid_conductor
3.461380719e-03,-2.595187102e-03,liquid_conductor
3.614426098e-03,-2.595187102e-03,liquid_conductor
3.754355769e-03,-2.595187102e-03,liquid_conductor
3.882298548e-03,-2.595187102e-03,liquid_conductor
3.999310376e-03,-2.595187102e-03,liquid_conductor
4.106334329e-03,-2.595187102e-03,liquid_conductor
4.204204407e-03,-2.595187102e-03,liquid_conductor
4.293671006e-03,-2.595187102e-03,liquid_conductor
4.375489229e-03,-2.595187102e-03,liquid_conductor
4.450318040e-03,-2.595187102e-03,liquid_conductor
4.518738298e-03,-2.595187102e-03,liquid_conductor
4.581289028e-03,-2.595187102e-03,liquid_conductor
4.638507194e-03,-2.595187102e-03,liquid_conductor
4.690810594e-03,-2.595187102e-03,liquid_conductor
4.738672595e-03,-2.595187102e-03,liquid_conductor
4.782423733e-03,-2.595187102e-03,liquid_conductor
4.822423892e-03,-2.595187102e-03,liquid_conductor
4.859011717e-03,-2.595187102e-03,liquid_conductor
4.892455390e-03,-2.595187102e-03,liquid_conductor
4.923050450e-03,-2.595187102e-03,liquid_conductor
4.951016246e-03,-2.595187102e-03,liquid_conductor
4.976608707e-03,-2.595187102e-03,liquid_conductor
5.000000000e-03,-2.595187102e-03,liquid_conductor
0.000000000e+00,-2.535289877e-03,liquid_conductor
2.253927972e-07,-2.535289877e-03,liquid_conductor
4.710108625e-07,-2.535289877e-03,liquid_conductor
7.388114821e-07,-2.535289877e-03,liquid_conductor
1.030777353e-06,-2.535289877e-03,liquid_conductor
1.349134956e-06,-2.535289877e-03,liquid_conductor
1.696071563e-06,-2.535289877e-03,liquid_conductor
2.065284294e-06,-2.535289877e-03,liquid_conductor
2.411371865e-06,-2.535289877e-03,liquid_conductor
2.728827367e-06,-2.535289877e-03,liquid_conductor
3.019944202e-06,-2.535289877e-03,liquid_conductor
3.287031469e-06,-2.535289877e-03,liquid_conductor
3.531983203e-06,-2.535289877e-03,liquid_conductor
3.756739224e-06,-2.535289877e-03,liquid_conductor
3.962851098e-06,-2.535289877e-03,liquid_conductor
4.151964219e-06,-2.535289877e-03,liquid_conductor
4.325432522e-06,-2.535289877e-03,liquid_conductor
4.484611324e-06,-2.535289877e-03,liquid_conductor
4.630594259e-06,-2.535289877e-03,liquid_conductor
4.764494569e-06,-2.535289877e-03,liquid_conductor
4.887303601e-06,-2.535289877e-03,liquid_conductor
5.000000000e-06,-2.535289877e-03,liquid_conductor
5.344545024e-06,-2.535289877e-03,liquid_conductor
5.720728404e-06,-2.535289877e-03,liquid_conductor
6.131424688e-06,-2.535289877e-03,liquid_conductor
6.579792067e-06,-2.535289877e-03,liquid_conductor
7.069682790e-06,-2.535289877e-03,liquid_conductor
7.604221304e-06,-2.535289877e-03,liquid_conductor
8.187924336e-06,-2.535289877e-03,liquid_conductor
8.825326016e-06,-2.535289877e-03,liquid_conductor
9.521221193e-06,-2.535289877e-03,liquid_conductor
1.028089317e-05,-2.535289877e-03,liquid_conductor
1.111056343e-05,-2.535289877e-03,liquid_conductor
1.201639249e-05,-2.535289877e-03,liquid_conductor
1.298360751e-05,-2.535289877e-03,liquid_conductor
1.388943657e-05,-2.535289877e-03,liquid_conductor
1.471910683e-05,-2.535289877e-03,liquid_conductor
1.547877881e-05,-2.535289877e-03,liquid_conductor
1.617467398e-05,-2.535289877e-03,liquid_conductor
1.681207566e-05,-2.535289877e-03,liquid_conductor
1.739577870e-05,-2.535289877e-03,liquid_conductor
1.793031721e-05,-2.535289877e-03,liquid_conductor
1.842020793e-05,-2.535289877e-03,liquid_conductor
1.886857531e-05,-2.535289877e-03,liquid_conductor
1.927927160e-05,-2.535289877e-03,liquid_conductor
1.965545498e-05,-2.535289877e-03,liquid_conductor
2.000000000e-05,-2.535289877e-03,liquid_conductor
2.010805618e-05,-2.535289877e-03,liquid_conductor
2.022595285e-05,-2.535289877e-03,liquid_conductor
2.035459775e-05,-2.535289877e-03,liquid_conductor
2.049498821e-05,-2.535289877e-03,liquid_conductor
2.064826006e-05,-2.535289877e-03,liquid_conductor
2.081535157e-05,-2.535289877e-03,liquid_conductor
2.099777754e-05,-2.535289877e-03,liquid_conductor
2.119689800e-05,-2.535289877e-03,liquid_conductor
2.141410532e-05,-2.535289877e-03,liquid_conductor
2.165116416e-05,-2.535289877e-03,liquid_conductor
2.190983090e-05,-2.535289877e-03,liquid_conductor
2.219208379e-05,-2.535289877e-03,liquid_conductor
2.250020445e-05,-2.535289877e-03,liquid_conductor
2.283635452e-05,-2.535289877e-03,liquid_conductor
2.320312564e-05,-2.535289877e-03,liquid_conductor
2.360338148e-05,-2.535289877e-03,liquid_conductor
2.404015658e-05,-2.535289877e-03,liquid_conductor
2.451665868e-05,-2.535289877e-03,liquid_conductor
2.503676791e-05,-2.535289877e-03,liquid_conductor
2.560437513e-05,-2.535289877e-03,liquid_conductor
2.622369757e-05,-2.535289877e-03,liquid_conductor
2.688064397e-05,-2.535289877e-03,liquid_conductor
2.749373137e-05,-2.535289877e-03,liquid_conductor
2.805529321e-05,-2.535289877e-03,liquid_conductor
2.856987281e-05,-2.535289877e-03,liquid_conductor
2.904145948e-05,-2.535289877e-03,liquid_conductor
2.947368421e-05,-2.535289877e-03,liquid_conductor
2.990868297e-05,-2.535289877e-03,liquid_conductor
3.038341652e-05,-2.535289877e-03,liquid_conductor
3.090184239e-05,-2.535289877e-03,liquid_conductor
3.146778324e-05,-2.535289877e-03,liquid_conductor
3.208581625e-05,-2.535289877e-03,liquid_conductor
3.276073484e-05,-2.535289877e-03,liquid_conductor
3.349724986e-05,-2.535289877e-03,liquid_conductor
3.430131728e-05,-2.535289877e-03,liquid_conductor
3.517965823e-05,-2.535289877e-03,liquid_conductor
3.613813726e-05,-2.535289877e-03,liquid_conductor
3.718507681e-05,-2.535289877e-03,liquid_conductor
3.832780448e-05,-2.535289877e-03,liquid_conductor
3.957561045e-05,-2.535289877e-03,liquid_conductor
4.093854473e-05,-2.535289877e-03,liquid_conductor
4.242542050e-05,-2.535289877e-03,liquid_conductor
4.404956552e-05,-2.535289877e-03,liquid_conductor
4.582227382e-05,-2.535289877e-03,liquid_conductor
4.775808616e-05,-2.535289877e-03,liquid_conductor
4.987178140e-05,-2.535289877e-03,liquid_conductor
5.217920429e-05,-2.535289877e-03,liquid_conductor
5.469866297e-05,-2.535289877e-03,liquid_conductor
5.744905551e-05,-2.535289877e-03,liquid_conductor
6.045387799e-05,-2.535289877e-03,liquid_conductor
6.373271678e-05,-2.535289877e-03,liquid_conductor
6.731217269e-05,-2.535289877e-03,liquid_conductor
7.122108778e-05,-2.535289877e-03,liquid_conductor
7.548786712e-05,-2.535289877e-03,liquid_conductor
8.014712385e-05,-2.535289877e-03,liquid_conductor
8.523466155e-05,-2.535289877e-03,liquid_conductor
9.078843638e-05,-2.535289877e-03,liquid_conductor
9.685525750e-05,-2.535289877e-03,liquid_conductor
1.034758769e-04,-2.535289877e-03,liquid_conductor
1.107020219e-04,-2.535289877e-03,liquid_conductor
1.185948933e-04,-2.535289877e-03,liquid_conductor
1.271212752e-04,-2.535289877e-03,liquid_conductor
1.352404309e-04,-2.535289877e-03,liquid_conductor
1.426794381e-04,-2.535289877e-03,liquid_conductor
1.494903129e-04,-2.535289877e-03,liquid_conductor
1.557277722e-04,-2.535289877e-03,liquid_conductor
1.614435061e-04,-2.535289877e-03,liquid_conductor
1.666778448e-04,-2.535289877e-03,liquid_conductor
1.714708543e-04,-2.535289877e-03,liquid_conductor
1.758610799e-04,-2.535289877e-03,liquid_conductor
1.798823926e-04,-2.535289877e-03,liquid_conductor
1.835651336e-04,-2.535289877e-03,liquid_conductor
1.869383710e-04,-2.535289877e-03,liquid_conductor
1.900294091e-04,-2.535289877e-03,liquid_conductor
1.928581583e-04,-2.535289877e-03,liquid_conductor
1.954511466e-04,-2.535289877e-03,liquid_conductor
1.978250706e-04,-2.535289877e-03,liquid_conductor
2.000000000e-04,-2.535289877e-03,liquid_conductor
2.023073590e-04,-2.535289877e-03,liquid_conductor
2.048262778e-04,-2.535289877e-03,liquid_conductor
2.075787525e-04,-2.535289877e-03,liquid_conductor
2.105843091e-04,-2.535289877e-03,liquid_conductor
2.138679432e-04,-2.535289877e-03,liquid_conductor
2.174546697e-04,-2.535289877e-03,liquid_conductor
2.213724959e-04,-2.535289877e-03,liquid_conductor
2.256503856e-04,-2.535289877e-03,liquid_conductor
2.303242912e-04,-2.535289877e-03,liquid_conductor
2.354283816e-04,-2.535289877e-03,liquid_conductor
2.410037832e-04,-2.535289877e-03,liquid_conductor
2.470936058e-04,-2.535289877e-03,liquid_conductor
2.537446444e-04,-2.535289877e-03,liquid_conductor
2.610133227e-04,-2.535289877e-03,liquid_conductor
2.689484386e-04,-2.535289877e-03,liquid_conductor
2.776157494e-04,-2.535289877e-03,liquid_conductor
2.870851727e-04,-2.535289877e-03,liquid_conductor
2.974263273e-04,-2.535289877e-03,liquid_conductor
3.087203809e-04,-2.535289877e-03,liquid_conductor
3.210579460e-04,-2.535289877e-03,liquid_conductor
3.345353188e-04,-2.535289877e-03,liquid_conductor
3.492615949e-04,-2.535289877e-03,liquid_conductor
3.653317449e-04,-2.535289877e-03,liquid_conductor
3.828930231e-04,-2.535289877e-03,liquid_conductor
4.020809215e-04,-2.535289877e-03,liquid_conductor
4.230318110e-04,-2.535289877e-03,liquid_conductor
4.459114310e-04,-2.535289877e-03,liquid_conductor
4.709074923e-04,-2.535289877e-03,liquid_conductor
4.982272631e-04,-2.535289877e-03,liquid_conductor
5.280468223e-04,-2.535289877e-03,liquid_conductor
5.606176878e-04,-2.535289877e-03,liquid_conductor
5.961968980e-04,-2.535289877e-03,liquid_conductor
6.350512450e-04,-2.535289877e-03,liquid_conductor
6.774964929e-04,-2.535289877e-03,liquid_conductor
7.238672441e-04,-2.535289877e-03,liquid_conductor
7.745057743e-04,-2.535289877e-03,liquid_conductor
8.298365598e-04,-2.535289877e-03,liquid_conductor
8.902404685e-04,-2.535289877e-03,liquid_conductor
9.562452265e-04,-2.535289877e-03,liquid_conductor
1.028315419e-03,-2.535289877e-03,liquid_conductor
1.107064121e-03,-2.535289877e-03,liquid_conductor
1.193057227e-03,-2.535289877e-03,liquid_conductor
1.286983765e-03,-2.535289877e-03,liquid_conductor
1.389582490e-03,-2.535289877e-03,liquid_conductor
1.501687528e-03,-2.535289877e-03,liquid_conductor
1.618967549e-03,-2.535289877e-03,liquid_conductor
1.727165678e-03,-2.535289877e-03,liquid_conductor
1.826235815e-03,-2.535289877e-03,liquid_conductor
1.916950625e-03,-2.535289877e-03,liquid_conductor
2.000000000e-03,-2.535289877e-03,liquid_conductor
2.084216992e-03,-2.535289877e-03,liquid_conductor
2.176355351e-03,-2.535289877e-03,liquid_conductor
2.277029651e-03,-2.535289877e-03,liquid_conductor
2.387173046e-03,-2.535289877e-03,liquid_conductor
2.507591864e-03,-2.535289877e-03,liquid_conductor
2.639278383e-03,-2.535289877e-03,liquid_conductor
2.783299094e-03,-2.535289877e-03,liquid_conductor
2.940767833e-03,-2.535289877e-03,liquid_conductor
3.113009625e-03,-2.535289877e-03,liquid_conductor
3.294047376e-03,-2.535289877e-03,liquid_conductor
3.461380719e-03,-2.535289877e-03,liquid_conductor
3.614426098e-03,-2.535289877e-03,liquid_conductor
3.754355769e-03,-2.535289877e-03,liquid_conductor
3.882298548e-03,-2.535289877e-03,liquid_conductor
3.999310376e-03,-2.535289877e-03,liquid_conductor
4.106334329e-03,-2.535289877e-03,liquid_conductor
4.204204407e-03,-2.535289877e-03,liquid_conductor
4.293671006e-03,-2.535289877e-03,liquid_conductor
4.375489229e-03,-2.535289877e-03,liquid_conductor
4.450318040e-03,-2.535289877e-03,liquid_conductor
4.518738298e-03,-2.535289877e-03,liquid_conductor
4.581289028e-03,-2.535289877e-03,liquid_conductor
4.638507194e-03,-2.535289877e-03,liquid_conductor
4.690810594e-03,-2.535289877e-03,liquid_conductor
4.738672595e-03,-2.535289877e-03,liquid_conductor
4.782423733e-03,-2.535289877e-03,liquid_conductor
4.822423892e-03,-2.535289877e-03,liquid_conductor
4.859011717e-03,-2.535289877e-03,liquid_conductor
4.892455390e-03,-2.535289877e-03,liquid_conductor
4.923050450e-03,-2.535289877e-03,liquid_conductor
4.951016246e-03,-2.535289877e-03,liquid_conductor
4.976608707e-03,-2.535289877e-03,liquid_conductor
5.000000000e-03,-2.535289877e-03,liquid_conductor
0.000000000e+00,-2.469915513e-03,liquid_conductor
2.253927972e-07,-2.469915513e-03,liquid_conductor
4.710108625e-07,-2.469915513e-03,liquid_conductor
7.388114821e-07,-2.469915513e-03,liquid_conductor
1.030777353e-06,-2.469915513e-03,liquid_conductor
1.349134956e-06,-2.469915513e-03,liquid_conductor
1.696071563e-06,-2.469915513e-03,liquid_conductor
2.065284294e-06,-2.469915513e-03,liquid_conductor
2.411371865e-06,-2.469915513e-03,liquid_conductor
2.728827367e-06,-2.469915513e-03,liquid_conductor
3.019944202e-06,-2.469915513e-03,liquid_conductor
3.287031469e-06,-2.469915513e-03,liquid_conductor
3.531983203e-06,-2.469915513e-03,liquid_conductor
3.756739224e-06,-2.469915513e-03,liquid_conductor
3.962851098e-06,-2.469915513e-03,liquid_conductor
4.151964219e-06,-2.469915513e-03,liquid_conductor
4.325432522e-06,-2.469915513e-03,liquid_conductor
4.484611324e-06,-2.469915513e-03,liquid_conductor
4.630594259e-06,-2.469915513e-03,liquid_conductor
4.764494569e-06,-2.469915513e-03,liquid_conductor
4.887303601e-06,-2.469915513e-03,liquid_conductor
5.000000000e-06,-2.469915513e-03,liquid_conductor
5.344545024e-06,-2.469915513e-03,liquid_conductor
5.720728404e-06,-2.469915513e-03,liquid_conductor
6.131424688e-06,-2.469915513e-03,liquid_conductor
6.579792067e-06,-2.469915513e-03,liquid_conductor
7.069682790e-06,-2.469915513e-03,liquid_conductor
7.604221304e-06,-2.469915513e-03,liquid_conductor
8.187924336e-06,-2.469915513e-03,liquid_conductor
8.825326016e-06,-2.469915513e-03,liquid_conductor
9.521221193e-06,-2.469915513e-03,liquid_conductor
1.028089317e-05,-2.469915513e-03,liquid_conductor
1.111056343e-05,-2.469915513e-03,liquid_conductor
1.201639249e-05,-2.469915513e-03,liquid_conductor
1.298360751e-05,-2.469915513e-03,liquid_conductor
1.388943657e-05,-2.469915513e-03,liquid_conductor
1.471910683e-05,-2.469915513e-03,liquid_conductor
1.547877881e-05,-2.469915513e-03,liquid_conductor
1.617467398e-05,-2.469915513e-03,liquid_conductor
1.681207566e-05,-2.469915513e-03,liquid_conductor
1.739577870e-05,-2.469915513e-03,liquid_conductor
1.793031721e-05,-2.469915513e-03,liquid_conductor
1.842020793e-05,-2.469915513e-03,liquid_conductor
1.886857531e-05,-2.469915513e-03,liquid_conductor
1.927927160e-05,-2.469915513e-03,liquid_conductor
1.965545498e-05,-2.469915513e-03,liquid_conductor
2.000000000e-05,-2.469915513e-03,liquid_conductor
2.010805618e-05,-2.469915513e-03,liquid_conductor
2.022595285e-05,-2.469915513e-03,liquid_conductor
2.035459775e-05,-2.469915513e-03,liquid_conductor
2.049498821e-05,-2.469915513e-03,liquid_conductor
2.064826006e-05,-2.469915513e-03,liquid_conductor
2.081535157e-05,-2.469915513e-03,liquid_conductor
2.099777754e-05,-2.469915513e-03,liquid_conductor
2.119689800e-05,-2.469915513e-03,liquid_conductor
2.141410532e-05,-2.469915513e-03,liquid_conductor
2.165116416e-05,-2.469915513e-03,liquid_conductor
2.190983090e-05,-2.469915513e-03,liquid_conductor
2.219208379e-05,-2.469915513e-03,liquid_conductor
2.250020445e-05,-2.469915513e-03,liquid_conductor
2.283635452e-05,-2.469915513e-03,liquid_conductor
2.320312564e-05,-2.469915513e-03,liquid_conductor
2.360338148e-05,-2.469915513e-03,liquid_conductor
2.404015658e-05,-2.469915513e-03,liquid_conductor
2.451665868e-05,-2.469915513e-03,liquid_conductor
2.503676791e-05,-2.469915513e-03,liquid_conductor
2.560437513e-05,-2.469915513e-03,liquid_conductor
2.622369757e-05,-2.469915513e-03,liquid_conductor
2.688064397e-05,-2.469915513e-03,liquid_conductor
2.749373137e-05,-2.469915513e-03,liquid_conductor
2.805529321e-05,-2.469915513e-03,liquid_conductor
2.856987281e-05,-2.469915513e-03,liquid_conductor
2.904145948e-05,-2.469915513e-03,liquid_conductor
2.947368421e-05,-2.469915513e-03,liquid_conductor
2.990868297e-05,-2.469915513e-03,liquid_conductor
3.038341652e-05,-2.469915513e-03,liquid_conductor
3.090184239e-05,-2.469915513e-03,liquid_conductor
3.146778324e-05,-2.469915513e-03,liquid_conductor
3.208581625e-05,-2.469915513e-03,liquid_conductor
3.276073484e-05,-2.469915513e-03,liquid_conductor
3.349724986e-05,-2.469915513e-03,liquid_conductor
3.430131728e-05,-2.469915513e-03,liquid_conductor
3.517965823e-05,-2.469915513e-03,liquid_conductor
3.613813726e-05,-2.469915513e-03,liquid_conductor
3.718507681e-05,-2.469915513e-03,liquid_conductor
3.832780448e-05,-2.469915513e-03,liquid_conductor
3.957561045e-05,-2.469915513e-03,liquid_conductor
4.093854473e-05,-2.469915513e-03,liquid_conductor
4.242542050e-05,-2.469915513e-03,liquid_conductor
4.404956552e-05,-2.469915513e-03,liquid_conductor
4.582227382e-05,-2.469915513e-03,liquid_conductor
4.775808616e-05,-2.469915513e-03,liquid_conductor
4.987178140e-05,-2.469915513e-03,liquid_conductor
5.217920429e-05,-2.469915513e-03,liquid_conductor
5.469866297e-05,-2.469915513e-03,liquid_conductor
5.744905551e-05,-2.469915513e-03,liquid_conductor
6.045387799e-05,-2.469915513e-03,liquid_conductor
6.373271678e-05,-2.469915513e-03,liquid_conductor
6.731217269e-05,-2.469915513e-03,liquid_conductor
7.122108778e-05,-2.469915513e-03,liquid_conductor
7.548786712e-05,-2.469915513e-03,liquid_conductor
8.014712385e-05,-2.469915513e-03,liquid_conductor
8.523466155e-05,-2.469915513e-03,liquid_conductor
9.078843638e-05,-2.469915513e-03,liquid_conductor
9.685525750e-05,-2.469915513e-03,liquid_conductor
1.034758769e-04,-2.469915513e-03,liquid_conductor
1.107020219e-04,-2.469915513e-03,liquid_conductor
1.185948933e-04,-2.469915513e-03,liquid_conductor
1.271212752e-04,-2.469915513e-03,liquid_conductor
1.352404309e-04,-2.469915513e-03,liquid_conductor
1.426794381e-04,-2.469915513e-03,liquid_conductor
1.494903129e-04,-2.469915513e-03,liquid_conductor
1.557277722e-04,-2.469915513e-03,liquid_conductor
1.614435061e-04,-2.469915513e-03,liquid_conductor
1.666778448e-04,-2.469915513e-03,liquid_conductor
1.714708543e-04,-2.469915513e-03,liquid_conductor
1.758610799e-04,-2.469915513e-03,liquid_conductor
1.798823926e-04,-2.469915513e-03,liquid_conductor
1.835651336e-04,-2.469915513e-03,liquid_conductor
1.869383710e-04,-2.469915513e-03,liquid_conductor
1.900294091e-04,-2.469915513e-03,liquid_conductor
1.928581583e-04,-2.469915513e-03,liquid_conductor
1.954511466e-04,-2.469915513e-03,liquid_conductor
1.978250706e-04,-2.469915513e-03,liquid_conductor
2.000000000e-04,-2.469915513e-03,liquid_conductor
2.023073590e-04,-2.469915513e-03,liquid_conductor
2.048262778e-04,-2.469915513e-03,liquid_conductor
2.075787525e-04,-2.469915513e-03,liquid_conductor
2.105843091e-04,-2.469915513e-03,liquid_conductor
2.138679432e-04,-2.469915513e-03,liquid_conductor
2.174546697e-04,-2.469915513e-03,liquid_conductor
2.213724959e-04,-2.469915513e-03,liquid_conductor
2.256503856e-04,-2.469915513e-03,liquid_conductor
2.303242912e-04,-2.469915513e-03,liquid_conductor
2.354283816e-04,-2.469915513e-03,liquid_conductor
2.410037832e-04,-2.469915513e-03,liquid_conductor
2.470936058e-04,-2.469915513e-03,liquid_conductor
2.537446444e-04,-2.469915513e-03,liquid_conductor
2.610133227e-04,-2.469915513e-03,liquid_conductor
2.689484386e-04,-2.469915513e-03,liquid_conductor
2.776157494e-04,-2.469915513e-03,liquid_conductor
2.870851727e-04,-2.469915513e-03,liquid_conductor
2.974263273e-04,-2.469915513e-03,liquid_conductor
3.087203809e-04,-2.469915513e-03,liquid_conductor
3.210579460e-04,-2.469915513e-03,liquid_conductor
3.345353188e-04,-2.469915513e-03,liquid_conductor
3.492615949e-04,-2.469915513e-03,liquid_conductor
3.653317449e-04,-2.469915513e-03,liquid_conductor
3.828930231e-04,-2.469915513e-03,liquid_conductor
4.020809215e-04,-2.469915513e-03,liquid_conductor
4.230318110e-04,-2.469915513e-03,liquid_conductor
4.459114310e-04,-2.469915513e-03,liquid_conductor
4.709074923e-04,-2.469915513e-03,liquid_conductor
4.982272631e-04,-2.469915513e-03,liquid_conductor
5.280468223e-04,-2.469915513e-03,liquid_conductor
5.606176878e-04,-2.469915513e-03,liquid_conductor
5.961968980e-04,-2.469915513e-03,liquid_conductor
6.350512450e-04,-2.469915513e-03,liquid_conductor
6.774964929e-04,-2.469915513e-03,liquid_conductor
7.238672441e-04,-2.469915513e-03,liquid_conductor
7.745057743e-04,-2.469915513e-03,liquid_conductor
8.298365598e-04,-2.469915513e-03,liquid_conductor
8.902404685e-04,-2.469915513e-03,liquid_conductor
9.562452265e-04,-2.469915513e-03,liquid_conductor
1.028315419e-03,-2.469915513e-03,liquid_conductor
1.107064121e-03,-2.469915513e-03,liquid_conductor
1.193057227e-03,-2.469915513e-03,liquid_conductor
1.286983765e-03,-2.469915513e-03,liquid_conductor
1.389582490e-03,-2.469915513e-03,liquid_conductor
1.501687528e-03,-2.469915513e-03,liquid_conductor
1.618967549e-03,-2.469915513e-03,liquid_conductor
1.727165678e-03,-2.469915513e-03,liquid_conductor
1.826235815e-03,-2.469915513e-03,liquid_conductor
1.916950625e-03,-2.469915513e-03,liquid_conductor
2.000000000e-03,-2.469915513e-03,liquid_conductor
2.084216992e-03,-2.469915513e-03,liquid_conductor
2.176355351e-03,-2.469915513e-03,liquid_conductor
2.277029651e-03,-2.469915513e-03,liquid_conductor
2.387173046e-03,-2.469915513e-03,liquid_conductor
2.507591864e-03,-2.469915513e-03,liquid_conductor
2.639278383e-03,-2.469915513e-03,liquid_conductor
2.783299094e-03,-2.469915513e-03,liquid_conductor
2.940767833e-03,-2.469915513e-03,liquid_conductor
3.113009625e-03,-2.469915513e-03,liquid_conductor
3.294047376e-03,-2.469915513e-03,liquid_conductor
3.461380719e-03,-2.469915513e-03,liquid_conductor
3.614426098e-03,-2.469915513e-03,liquid_conductor
3.754355769e-03,-2.469915513e-03,liquid_conductor
3.882298548e-03,-2.469915513e-03,liquid_conductor
3.999310376e-03,-2.469915513e-03,liquid_conductor
4.106334329e-03,-2.469915513e-03,liquid_conductor
4.204204407e-03,-2.469915513e-03,liquid_conductor
4.293671006e-03,-2.469915513e-03,liquid_conductor
4.375489229e-03,-2.469915513e-03,liquid_conductor
4.450318040e-03,-2.469915513e-03,liquid_conductor
4.518738298e-03,-2.469915513e-03,liquid_conductor
4.581289028e-03,-2.469915513e-03,liquid_conductor
4.638507194e-03,-2.469915513e-03,liquid_conductor
4.690810594e-03,-2.469915513e-03,liquid_conductor
4.738672595e-03,-2.469915513e-03,liquid_conductor
4.782423733e-03,-2.469915513e-03,liquid_conductor
4.822423892e-03,-2.469915513e-03,liquid_conductor
4.859011717e-03,-2.469915513e-03,liquid_conductor
4.892455390e-03,-2.469915513e-03,liquid_conductor
4.923050450e-03,-2.469915513e-03,liquid_conductor
4.951016246e-03,-2.469915513e-03,liquid_conductor
4.976608707e-03,-2.469915513e-03,liquid_conductor
5.000000000e-03,-2.469915513e-03,liquid_conductor
0.000000000e+00,-2.398555489e-03,liquid_conductor
2.253927972e-07,-2.398555489e-03,liquid_conductor
4.710108625e-07,-2.398555489e-03,liquid_conductor
7.388114821e-07,-2.398555489e-03,liquid_conductor
1.030777353e-06,-2.398555489e-03,liquid_conductor
1.349134956e-06,-2.398555489e-03,liquid_conductor
1.696071563e-06,-2.398555489e-03,liquid_conductor
2.065284294e-06,-2.398555489e-03,liquid_conductor
2.411371865e-06,-2.398555489e-03,liquid_conductor
2.728827367e-06,-2.398555489e-03,liquid_conductor
3.019944202e-06,-2.398555489e-03,liquid_conductor
3.287031469e-06,-2.398555489e-03,liquid_conductor
3.531983203e-06,-2.398555489e-03,liquid_conductor
3.756739224e-06,-2.398555489e-03,liquid_conductor
3.962851098e-06,-2.398555489e-03,liquid_conductor
4.151964219e-06,-2.398555489e-03,liquid_conductor
4.325432522e-06,-2.398555489e-03,liquid_conductor
4.484611324e-06,-2.398555489e-03,liquid_conductor
4.630594259e-06,-2.398555489e-03,liquid_conductor
4.764494569e-06,-2.398555489e-03,liquid_conductor
4.887303601e-06,-2.398555489e-03,liquid_conductor
5.000000000e-06,-2.398555489e-03,liquid_conductor
5.344545024e-06,-2.398555489e-03,liquid_conductor
5.720728404e-06,-2.398555489e-03,liquid_conductor
6.131424688e-06,-2.398555489e-03,liquid_conductor
6.579792067e-06,-2.398555489e-03,liquid_conductor
7.069682790e-06,-2.398555489e-03,liquid_conductor
7.604221304e-06,-2.398555489e-03,liquid_conductor
8.187924336e-06,-2.398555489e-03,liquid_conductor
8.825326016e-06,-2.398555489e-03,liquid_conductor
9.521221193e-06,-2.398555489e-03,liquid_conductor
1.028089317e-05,-2.398555489e-03,liquid_conductor
1.111056343e-05,-2.398555489e-03,liquid_conductor
1.201639249e-05,-2.398555489e-03,liquid_conductor
1.298360751e-05,-2.398555489e-03,liquid_conductor
1.388943657e-05,-2.398555489e-03,liquid_conductor
1.471910683e-05,-2.398555489e-03,liquid_conductor
1.547877881e-05,-2.398555489e-03,liquid_conductor
1.617467398e-05,-2.398555489e-03,liquid_conductor
1.681207566e-05,-2.398555489e-03,liquid_conductor
1.739577870e-05,-2.398555489e-03,liquid_conductor
1.793031721e-05,-2.398555489e-03,liquid_conductor
1.842020793e-05,-2.398555489e-03,liquid_conductor
1.886857531e-05,-2.398555489e-03,liquid_conductor
1.927927160e-05,-2.398555489e-03,liquid_conductor
1.965545498e-05,-2.398555489e-03,liquid_conductor
2.000000000e-05,-2.398555489e-03,liquid_conductor
2.010805618e-05,-2.398555489e-03,liquid_conductor
2.022595285e-05,-2.398555489e-03,liquid_conductor
2.035459775e-05,-2.398555489e-03,liquid_conductor
2.049498821e-05,-2.398555489e-03,liquid_conductor
2.064826006e-05,-2.398555489e-03,liquid_conductor
2.081535157e-05,-2.398555489e-03,liquid_conductor
2.099777754e-05,-2.398555489e-03,liquid_conductor
2.119689800e-05,-2.398555489e-03,liquid_conductor
2.141410532e-05,-2.398555489e-03,liquid_conductor
2.165116416e-05,-2.398555489e-03,liquid_conductor
2.190983090e-05,-2.398555489e-03,liquid_conductor
2.219208379e-05,-2.398555489e-03,liquid_conductor
2.250020445e-05,-2.398555489e-03,liquid_conductor
2.283635452e-05,-2.398555489e-03,liquid_conductor
2.320312564e-05,-2.398555489e-03,liquid_conductor
2.360338148e-05,-2.398555489e-03,liquid_conductor
2.404015658e-05,-2.398555489e-03,liquid_conductor
2.451665868e-05,-2.398555489e-03,liquid_conductor
2.503676791e-05,-2.398555489e-03,liquid_conductor
2.560437513e-05,-2.398555489e-03,liquid_conductor
2.622369757e-05,-2.398555489e-03,liquid_conductor
2.688064397e-05,-2.398555489e-03,liquid_conductor
2.749373137e-05,-2.398555489e-03,liquid_conductor
2.805529321e-05,-2.398555489e-03,liquid_conductor
2.856987281e-05,-2.398555489e-03,liquid_conductor
2.904145948e-05,-2.398555489e-03,liquid_conductor
2.947368421e-05,-2.398555489e-03,liquid_conductor
2.990868297e-05,-2.398555489e-03,liquid_conductor
3.038341652e-05,-2.398555489e-03,liquid_conductor
3.090184239e-05,-2.398555489e-03,liquid_conductor
3.146778324e-05,-2.398555489e-03,liquid_conductor
3.208581625e-05,-2.398555489e-03,liquid_conductor
3.276073484e-05,-2.398555489e-03,liquid_conductor
3.349724986e-05,-2.398555489e-03,liquid_conductor
3.430131728e-05,-2.398555489e-03,liquid_conductor
3.517965823e-05,-2.398555489e-03,liquid_conductor
3.613813726e-05,-2.398555489e-03,liquid_conductor
3.718507681e-05,-2.398555489e-03,liquid_conductor
3.832780448e-05,-2.398555489e-03,liquid_conductor
3.957561045e-05,-2.398555489e-03,liquid_conductor
4.093854473e-05,-2.398555489e-03,liquid_conductor
4.242542050e-05,-2.398555489e-03,liquid_conductor
4.404956552e-05,-2.398555489e-03,liquid_conductor
4.582227382e-05,-2.398555489e-03,liquid_conductor
4.775808616e-05,-2.398555489e-03,liquid_conductor
4.987178140e-05,-2.398555489e-03,liquid_conductor
5.217920429e-05,-2.398555489e-03,liquid_conductor
5.469866297e-05,-2.398555489e-03,liquid_conductor
5.744905551e-05,-2.398555489e-03,liquid_conductor
6.045387799e-05,-2.398555489e-03,liquid_conductor
6.373271678e-05,-2.398555489e-03,liquid_conductor
6.731217269e-05,-2.398555489e-03,liquid_conductor
7.122108778e-05,-2.398555489e-03,liquid_conductor
7.548786712e-05,-2.398555489e-03,liquid_conductor
8.014712385e-05,-2.398555489e-03,liquid_conductor
8.523466155e-05,-2.398555489e-03,liquid_conductor
9.078843638e-05,-2.398555489e-03,liquid_conductor
9.685525750e-05,-2.398555489e-03,liquid_conductor
1.034758769e-04,-2.398555489e-03,liquid_conductor
1.107020219e-04,-2.398555489e-03,liquid_conductor
1.185948933e-04,-2.398555489e-03,liquid_conductor
1.271212752e-04,-2.398555489e-03,liquid_conductor
1.352404309e-04,-2.398555489e-03,liquid_conductor
1.426794381e-04,-2.398555489e-03,liquid_conductor
1.494903129e-04,-2.398555489e-03,liquid_conductor
1.557277722e-04,-2.398555489e-03,liquid_conductor
1.614435061e-04,-2.398555489e-03,liquid_conductor
1.666778448e-04,-2.398555489e-03,liquid_conductor
1.714708543e-04,-2.398555489e-03,liquid_conductor
1.758610799e-04,-2.398555489e-03,liquid_conductor
1.798823926e-04,-2.398555489e-03,liquid_conductor
1.835651336e-04,-2.398555489e-03,liquid_conductor
1.869383710e-04,-2.398555489e-03,liquid_conductor
1.900294091e-04,-2.398555489e-03,liquid_conductor
1.928581583e-04,-2.398555489e-03,liquid_conductor
1.954511466e-04,-2.398555489e-03,liquid_conductor
1.978250706e-04,-2.398555489e-03,liquid_conductor
2.000000000e-04,-2.398555489e-03,liquid_conductor
2.023073590e-04,-2.398555489e-03,liquid_conductor
2.048262778e-04,-2.398555489e-03,liquid_conductor
2.075787525e-04,-2.398555489e-03,liquid_conductor
2.105843091e-04,-2.398555489e-03,liquid_conductor
2.138679432e-04,-2.398555489e-03,liquid_conductor
2.174546697e-04,-2.398555489e-03,liquid_conductor
2.213724959e-04,-2.398555489e-03,liquid_conductor
2.256503856e-04,-2.398555489e-03,liquid_conductor
2.303242912e-04,-2.398555489e-03,liquid_conductor
2.354283816e-04,-2.398555489e-03,liquid_conductor
2.410037832e-04,-2.398555489e-03,liquid_conductor
2.470936058e-04,-2.398555489e-03,liquid_conductor
2.537446444e-04,-2.398555489e-03,liquid_conductor
2.610133227e-04,-2.398555489e-03,liquid_conductor
2.689484386e-04,-2.398555489e-03,liquid_conductor
2.776157494e-04,-2.398555489e-03,liquid_conductor
2.870851727e-04,-2.398555489e-03,liquid_conductor
2.974263273e-04,-2.398555489e-03,liquid_conductor
3.087203809e-04,-2.398555489e-03,liquid_conductor
3.210579460e-04,-2.398555489e-03,liquid_conductor
3.345353188e-04,-2.398555489e-03,liquid_conductor
3.492615949e-04,-2.398555489e-03,liquid_conductor
3.653317449e-04,-2.398555489e-03,liquid_conductor
3.828930231e-04,-2.398555489e-03,liquid_conductor
4.020809215e-04,-2.398555489e-03,liquid_conductor
4.230318110e-04,-2.398555489e-03,liquid_conductor
4.459114310e-04,-2.398555489e-03,liquid_conductor
4.709074923e-04,-2.398555489e-03,liquid_conductor
4.982272631e-04,-2.398555489e-03,liquid_conductor
5.280468223e-04,-2.398555489e-03,liquid_conductor
5.606176878e-04,-2.398555489e-03,liquid_conductor
5.961968980e-04,-2.398555489e-03,liquid_conductor
6.350512450e-04,-2.398555489e-03,liquid_conductor
6.774964929e-04,-2.398555489e-03,liquid_conductor
7.238672441e-04,-2.398555489e-03,liquid_conductor
7.745057743e-04,-2.398555489e-03,liquid_conductor
8.298365598e-04,-2.398555489e-03,liquid_conductor
8.902404685e-04,-2.398555489e-03,liquid_conductor
9.562452265e-04,-2.398555489e-03,liquid_conductor
1.028315419e-03,-2.398555489e-03,liquid_conductor
1.107064121e-03,-2.398555489e-03,liquid_conductor
1.193057227e-03,-2.398555489e-03,liquid_conductor
1.286983765e-03,-2.398555489e-03,liquid_conductor
1.389582490e-03,-2.398555489e-03,liquid_conductor
1.501687528e-03,-2.398555489e-03,liquid_conductor
1.618967549e-03,-2.398555489e-03,liquid_conductor
1.727165678e-03,-2.398555489e-03,liquid_conductor
1.826235815e-03,-2.398555489e-03,liquid_conductor
1.916950625e-03,-2.398555489e-03,liquid_conductor
2.000000000e-03,-2.398555489e-03,liquid_conductor
2.084216992e-03,-2.398555489e-03,liquid_conductor
2.176355351e-03,-2.398555489e-03,liquid_conductor
2.277029651e-03,-2.398555489e-03,liquid_conductor
2.387173046e-03,-2.398555489e-03,liquid_conductor
2.507591864e-03,-2.398555489e-03,liquid_conductor
2.639278383e-03,-2.398555489e-03,liquid_conductor
2.783299094e-03,-2.398555489e-03,liquid_conductor
2.940767833e-03,-2.398555489e-03,liquid_conductor
3.113009625e-03,-2.398555489e-03,liquid_conductor
3.294047376e-03,-2.398555489e-03,liquid_conductor
3.461380719e-03,-2.398555489e-03,liquid_conductor
3.614426098e-03,-2.398555489e-03,liquid_conductor
3.754355769e-03,-2.398555489e-03,liquid_conductor
3.882298548e-03,-2.398555489e-03,liquid_conductor
3.999310376e-03,-2.398555489e-03,liquid_conductor
4.106334329e-03,-2.398555489e-03,liquid_conductor
4.204204407e-03,-2.398555489e-03,liquid_conductor
4.293671006e-03,-2.398555489e-03,liquid_conductor
4.375489229e-03,-2.398555489e-03,liquid_conductor
4.450318040e-03,-2.398555489e-03,liquid_conductor
4.518738298e-03,-2.398555489e-03,liquid_conductor
4.581289028e-03,-2.398555489e-03,liquid_conductor
4.638507194e-03,-2.398555489e-03,liquid_conductor
4.690810594e-03,-2.398555489e-03,liquid_conductor
4.738672595e-03,-2.398555489e-03,liquid_conductor
4.782423733e-03,-2.398555489e-03,liquid_conductor
4.822423892e-03,-2.398555489e-03,liquid_conductor
4.859011717e-03,-2.398555489e-03,liquid_conductor
4.892455390e-03,-2.398555489e-03,liquid_conductor
4.923050450e-03,-2.398555489e-03,liquid_conductor
4.951016246e-03,-2.398555489e-03,liquid_conductor
4.976608707e-03,-2.398555489e-03,liquid_conductor
5.000000000e-03,-2.398555489e-03,liquid_conductor
0.000000000e+00,-2.320646630e-03,liquid_conductor
2.253927972e-07,-2.320646630e-03,liquid_conductor
4.710108625e-07,-2.320646630e-03,liquid_conductor
7.388114821e-07,-2.320646630e-03,liquid_conductor
1.030777353e-06,-2.320646630e-03,liquid_conductor
1.349134956e-06,-2.320646630e-03,liquid_conductor
1.696071563e-06,-2.320646630e-03,liquid_conductor
2.065284294e-06,-2.320646630e-03,liquid_conductor
2.411371865e-06,-2.320646630e-03,liquid_conductor
2.728827367e-06,-2.320646630e-03,liquid_conductor
3.019944202e-06,-2.320646630e-03,liquid_conductor
3.287031469e-06,-2.320646630e-03,liquid_conductor
3.531983203e-06,-2.320646630e-03,liquid_conductor
3.756739224e-06,-2.320646630e-03,liquid_conductor
3.962851098e-06,-2.320646630e-03,liquid_conductor
4.151964219e-06,-2.320646630e-03,liquid_conductor
4.325432522e-06,-2.320646630e-03,liquid_conductor
4.484611324e-06,-2.320646630e-03,liquid_conductor
4.630594259e-06,-2.320646630e-03,liquid_conductor
4.764494569e-06,-2.320646630e-03,liquid_conductor
4.887303601e-06,-2.320646630e-03,liquid_conductor
5.000000000e-06,-2.320646630e-03,liquid_conductor
5.344545024e-06,-2.320646630e-03,liquid_conductor
5.720728404e-06,-2.320646630e-03,liquid_conductor
6.131424688e-06,-2.320646630e-03,liquid_conductor
6.579792067e-06,-2.320646630e-03,liquid_conductor
7.069682790e-06,-2.320646630e-03,liquid_conductor
7.604221304e-06,-2.320646630e-03,liquid_conductor
8.187924336e-06,-2.320646630e-03,liquid_conductor
8.825326016e-06,-2.320646630e-03,liquid_conductor
9.521221193e-06,-2.320646630e-03,liquid_conductor
1.028089317e-05,-2.320646630e-03,liquid_conductor
1.111056343e-05,-2.320646630e-03,liquid_conductor
1.201639249e-05,-2.320646630e-03,liquid_conductor
1.298360751e-05,-2.320646630e-03,liquid_conductor
1.388943657e-05,-2.320646630e-03,liquid_conductor
1.471910683e-05,-2.320646630e-03,liquid_conductor
1.547877881e-05,-2.320646630e-03,liquid_conductor
1.617467398e-05,-2.320646630e-03,liquid_conductor
1.681207566e-05,-2.320646630e-03,liquid_conductor
1.739577870e-05,-2.320646630e-03,liquid_conductor
1.793031721e-05,-2.320646630e-03,liquid_conductor
1.842020793e-05,-2.320646630e-03,liquid_conductor
1.886857531e-05,-2.320646630e-03,liquid_conductor
1.927927160e-05,-2.320646630e-03,liquid_conductor
1.965545498e-05,-2.320646630e-03,liquid_conductor
2.000000000e-05,-2.320646630e-03,liquid_conductor
2.010805618e-05,-2.320646630e-03,liquid_conductor
2.022595285e-05,-2.320646630e-03,liquid_conductor
2.035459775e-05,-2.320646630e-03,liquid_conductor
2.049498821e-05,-2.320646630e-03,liquid_conductor
2.064826006e-05,-2.320646630e-03,liquid_conductor
2.081535157e-05,-2.320646630e-03,liquid_conductor
2.099777754e-05,-2.320646630e-03,liquid_conductor
2.119689800e-05,-2.320646630e-03,liquid_conductor
2.141410532e-05,-2.320646630e-03,liquid_conductor
2.165116416e-05,-2.320646630e-03,liquid_conductor
2.190983090e-05,-2.320646630e-03,liquid_conductor
2.219208379e-05,-2.320646630e-03,liquid_conductor
2.250020445e-05,-2.320646630e-03,liquid_conductor
2.283635452e-05,-2.320646630e-03,liquid_conductor
2.320312564e-05,-2.320646630e-03,liquid_conductor
2.360338148e-05,-2.320646630e-03,liquid_conductor
2.404015658e-05,-2.320646630e-03,liquid_conductor
2.451665868e-05,-2.320646630e-03,liquid_conductor
2.503676791e-05,-2.320646630e-03,liquid_conductor
2.560437513e-05,-2.320646630e-03,liquid_conductor
2.622369757e-05,-2.320646630e-03,liquid_conductor
2.688064397e-05,-2.320646630e-03,liquid_conductor
2.749373137e-05,-2.320646630e-03,liquid_conductor
2.805529321e-05,-2.320646630e-03,liquid_conductor
2.856987281e-05,-2.320646630e-03,liquid_conductor
2.904145948e-05,-2.320646630e-03,liquid_conductor
2.947368421e-05,-2.320646630e-03,liquid_conductor
2.990868297e-05,-2.320646630e-03,liquid_conductor
3.038341652e-05,-2.320646630e-03,liquid_conductor
3.090184239e-05,-2.320646630e-03,liquid_conductor
3.146778324e-05,-2.320646630e-03,liquid_conductor
3.208581625e-05,-2.320646630e-03,liquid_conductor
3.276073484e-05,-2.320646630e-03,liquid_conductor
3.349724986e-05,-2.320646630e-03,liquid_conductor
3.430131728e-05,-2.320646630e-03,liquid_conductor
3.517965823e-05,-2.320646630e-03,liquid_conductor
3.613813726e-05,-2.320646630e-03,liquid_conductor
3.718507681e-05,-2.320646630e-03,liquid_conductor
3.832780448e-05,-2.320646630e-03,liquid_conductor
3.957561045e-05,-2.320646630e-03,liquid_conductor
4.093854473e-05,-2.320646630e-03,liquid_conductor
4.242542050e-05,-2.320646630e-03,liquid_conductor
4.404956552e-05,-2.320646630e-03,liquid_conductor
4.582227382e-05,-2.320646630e-03,liquid_conductor
4.775808616e-05,-2.320646630e-03,liquid_conductor
4.987178140e-05,-2.320646630e-03,liquid_conductor
5.217920429e-05,-2.320646630e-03,liquid_conductor
5.469866297e-05,-2.320646630e-03,liquid_conductor
5.744905551e-05,-2.320646630e-03,liquid_conductor
6.045387799e-05,-2.320646630e-03,liquid_conductor
6.373271678e-05,-2.320646630e-03,liquid_conductor
6.731217269e-05,-2.320646630e-03,liquid_conductor
7.122108778e-05,-2.320646630e-03,liquid_conductor
7.548786712e-05,-2.320646630e-03,liquid_conductor
8.014712385e-05,-2.320646630e-03,liquid_conductor
8.523466155e-05,-2.320646630e-03,liquid_conductor
9.078843638e-05,-2.320646630e-03,liquid_conductor
9.685525750e-05,-2.320646630e-03,liquid_conductor
1.034758769e-04,-2.320646630e-03,liquid_conductor
1.107020219e-04,-2.320646630e-03,liquid_conductor
1.185948933e-04,-2.320646630e-03,liquid_conductor
1.271212752e-04,-2.320646630e-03,liquid_conductor
1.352404309e-04,-2.320646630e-03,liquid_conductor
1.426794381e-04,-2.320646630e-03,liquid_conductor
1.494903129e-04,-2.320646630e-03,liquid_conductor
1.557277722e-04,-2.320646630e-03,liquid_conductor
1.614435061e-04,-2.320646630e-03,liquid_conductor
1.666778448e-04,-2.320646630e-03,liquid_conductor
1.714708543e-04,-2.320646630e-03,liquid_conductor
1.758610799e-04,-2.320646630e-03,liquid_conductor
1.798823926e-04,-2.320646630e-03,liquid_conductor
1.835651336e-04,-2.320646630e-03,liquid_conductor
1.869383710e-04,-2.320646630e-03,liquid_conductor
1.900294091e-04,-2.320646630e-03,liquid_conductor
1.928581583e-04,-2.320646630e-03,liquid_conductor
1.954511466e-04,-2.320646630e-03,liquid_conductor
1.978250706e-04,-2.320646630e-03,liquid_conductor
2.000000000e-04,-2.320646630e-03,liquid_conductor
2.023073590e-04,-2.320646630e-03,liquid_conductor
2.048262778e-04,-2.320646630e-03,liquid_conductor
2.075787525e-04,-2.320646630e-03,liquid_conductor
2.105843091e-04,-2.320646630e-03,liquid_conductor
2.138679432e-04,-2.320646630e-03,liquid_conductor
2.174546697e-04,-2.320646630e-03,liquid_conductor
2.213724959e-04,-2.320646630e-03,liquid_conductor
2.256503856e-04,-2.320646630e-03,liquid_conductor
2.303242912e-04,-2.320646630e-03,liquid_conductor
2.354283816e-04,-2.320646630e-03,liquid_conductor
2.410037832e-04,-2.320646630e-03,liquid_conductor
2.470936058e-04,-2.320646630e-03,liquid_conductor
2.537446444e-04,-2.320646630e-03,liquid_conductor
2.610133227e-04,-2.320646630e-03,liquid_conductor
2.689484386e-04,-2.320646630e-03,liquid_conductor
2.776157494e-04,-2.320646630e-03,liquid_conductor
2.870851727e-04,-2.320646630e-03,liquid_conductor
2.974263273e-04,-2.320646630e-03,liquid_conductor
3.087203809e-04,-2.320646630e-03,liquid_conductor
3.210579460e-04,-2.320646630e-03,liquid_conductor
3.345353188e-04,-2.320646630e-03,liquid_conductor
3.492615949e-04,-2.320646630e-03,liquid_conductor
3.653317449e-04,-2.320646630e-03,liquid_conductor
3.828930231e-04,-2.320646630e-03,liquid_conductor
4.020809215e-04,-2.320646630e-03,liquid_conductor
4.230318110e-04,-2.320646630e-03,liquid_conductor
4.459114310e-04,-2.320646630e-03,liquid_conductor
4.709074923e-04,-2.320646630e-03,liquid_conductor
4.982272631e-04,-2.320646630e-03,liquid_conductor
5.280468223e-04,-2.320646630e-03,liquid_conductor
5.606176878e-04,-2.320646630e-03,liquid_conductor
5.961968980e-04,-2.320646630e-03,liquid_conductor
6.350512450e-04,-2.320646630e-03,liquid_conductor
6.774964929e-04,-2.320646630e-03,liquid_conductor
7.238672441e-04,-2.320646630e-03,liquid_conductor
7.745057743e-04,-2.320646630e-03,liquid_conductor
8.298365598e-04,-2.320646630e-03,liquid_conductor
8.902404685e-04,-2.320646630e-03,liquid_conductor
9.562452265e-04,-2.320646630e-03,liquid_conductor
1.028315419e-03,-2.320646630e-03,liquid_conductor
1.107064121e-03,-2.320646630e-03,liquid_conductor
1.193057227e-03,-2.320646630e-03,liquid_conductor
1.286983765e-03,-2.320646630e-03,liquid_conductor
1.389582490e-03,-2.320646630e-03,liquid_conductor
1.501687528e-03,-2.320646630e-03,liquid_conductor
1.618967549e-03,-2.320646630e-03,liquid_conductor
1.727165678e-03,-2.320646630e-03,liquid_conductor
1.826235815e-03,-2.320646630e-03,liquid_conductor
1.916950625e-03,-2.320646630e-03,liquid_conductor
2.000000000e-03,-2.320646630e-03,liquid_conductor
2.084216992e-03,-2.320646630e-03,liquid_conductor
2.176355351e-03,-2.320646630e-03,liquid_conductor
2.277029651e-03,-2.320646630e-03,liquid_conductor
2.387173046e-03,-2.320646630e-03,liquid_conductor
2.507591864e-03,-2.320646630e-03,liquid_conductor
2.639278383e-03,-2.320646630e-03,liquid_conductor
2.783299094e-03,-2.320646630e-03,liquid_conductor
2.940767833e-03,-2.320646630e-03,liquid_conductor
3.113009625e-03,-2.320646630e-03,liquid_conductor
3.294047376e-03,-2.320646630e-03,liquid_conductor
3.461380719e-03,-2.320646630e-03,liquid_conductor
3.614426098e-03,-2.320646630e-03,liquid_conductor
3.754355769e-03,-2.320646630e-03,liquid_conductor
3.882298548e-03,-2.320646630e-03,liquid_conductor
3.999310376e-03,-2.320646630e-03,liquid_conductor
4.106334329e-03,-2.320646630e-03,liquid_conductor
4.204204407e-03,-2.320646630e-03,liquid_conductor
4.293671006e-03,-2.320646630e-03,liquid_conductor
4.375489229e-03,-2.320646630e-03,liquid_conductor
4.450318040e-03,-2.320646630e-03,liquid_conductor
4.518738298e-03,-2.320646630e-03,liquid_conductor
4.581289028e-03,-2.320646630e-03,liquid_conductor
4.638507194e-03,-2.320646630e-03,liquid_conductor
4.690810594e-03,-2.320646630e-03,liquid_conductor
4.738672595e-03,-2.320646630e-03,liquid_conductor
4.782423733e-03,-2.320646630e-03,liquid_conductor
4.822423892e-03,-2.320646630e-03,liquid_conductor
4.859011717e-03,-2.320646630e-03,liquid_conductor
4.892455390e-03,-2.320646630e-03,liquid_conductor
4.923050450e-03,-2.320646630e-03,liquid_conductor
4.951016246e-03,-2.320646630e-03,liquid_conductor
4.976608707e-03,-2.320646630e-03,liquid_conductor
5.000000000e-03,-2.320646630e-03,liquid_conductor
0.000000000e+00,-2.235646794e-03,liquid_conductor
2.253927972e-07,-2.235646794e-03,liquid_conductor
4.710108625e-07,-2.235646794e-03,liquid_conductor
7.388114821e-07,-2.235646794e-03,liquid_conductor
1.030777353e-06,-2.235646794e-03,liquid_conductor
1.349134956e-06,-2.235646794e-03,liquid_conductor
1.696071563e-06,-2.235646794e-03,liquid_conductor
2.065284294e-06,-2.235646794e-03,liquid_conductor
2.411371865e-06,-2.235646794e-03,liquid_conductor
2.728827367e-06,-2.235646794e-03,liquid_conductor
3.019944202e-06,-2.235646794e-03,liquid_conductor
3.287031469e-06,-2.235646794e-03,liquid_conductor
3.531983203e-06,-2.235646794e-03,liquid_conductor
3.756739224e-06,-2.235646794e-03,liquid_conductor
3.962851098e-06,-2.235646794e-03,liquid_conductor
4.151964219e-06,-2.235646794e-03,liquid_conductor
4.325432522e-06,-2.235646794e-03,liquid_conductor
4.484611324e-06,-2.235646794e-03,liquid_conductor
4.630594259e-06,-2.235646794e-03,liquid_conductor
4.764494569e-06,-2.235646794e-03,liquid_conductor
4.887303601e-06,-2.235646794e-03,liquid_conductor
5.000000000e-06,-2.235646794e-03,liquid_conductor
5.344545024e-06,-2.235646794e-03,liquid_conductor
5.720728404e-06,-2.235646794e-03,liquid_conductor
6.131424688e-06,-2.235646794e-03,liquid_conductor
6.579792067e-06,-2.235646794e-03,liquid_conductor
7.069682790e-06,-2.235646794e-03,liquid_conductor
7.604221304e-06,-2.235646794e-03,liquid_conductor
8.187924336e-06,-2.235646794e-03,liquid_conductor
8.825326016e-06,-2.235646794e-03,liquid_conductor
9.521221193e-06,-2.235646794e-03,liquid_conductor
1.028089317e-05,-2.235646794e-03,liquid_conductor
1.111056343e-05,-2.235646794e-03,liquid_conductor
1.201639249e-05,-2.235646794e-03,liquid_conductor
1.298360751e-05,-2.235646794e-03,liquid_conductor
1.388943657e-05,-2.235646794e-03,liquid_conductor
1.471910683e-05,-2.235646794e-03,liquid_conductor
1.547877881e-05,-2.235646794e-03,liquid_conductor
1.617467398e-05,-2.235646794e-03,liquid_conductor
1.681207566e-05,-2.235646794e-03,liquid_conductor
1.739577870e-05,-2.235646794e-03,liquid_conductor
1.793031721e-05,-2.235646794e-03,liquid_conductor
1.842020793e-05,-2.235646794e-03,liquid_conductor
1.886857531e-05,-2.235646794e-03,liquid_conductor
1.927927160e-05,-2.235646794e-03,liquid_conductor
1.965545498e-05,-2.235646794e-03,liquid_conductor
2.000000000e-05,-2.235646794e-03,liquid_conductor
2.010805618e-05,-2.235646794e-03,liquid_conductor
2.022595285e-05,-2.235646794e-03,liquid_conductor
2.035459775e-05,-2.235646794e-03,liquid_conductor
2.049498821e-05,-2.235646794e-03,liquid_conductor
2.064826006e-05,-2.235646794e-03,liquid_conductor
2.081535157e-05,-2.235646794e-03,liquid_conductor
2.099777754e-05,-2.235646794e-03,liquid_conductor
2.119689800e-05,-2.235646794e-03,liquid_conductor
2.141410532e-05,-2.235646794e-03,liquid_conductor
2.165116416e-05,-2.235646794e-03,liquid_conductor
2.190983090e-05,-2.235646794e-03,liquid_conductor
2.219208379e-05,-2.235646794e-03,liquid_conductor
2.250020445e-05,-2.235646794e-03,liquid_conductor
2.283635452e-05,-2.235646794e-03,liquid_conductor
2.320312564e-05,-2.235646794e-03,liquid_conductor
2.360338148e-05,-2.235646794e-03,liquid_conductor
2.404015658e-05,-2.235646794e-03,liquid_conductor
2.451665868e-05,-2.235646794e-03,liquid_conductor
2.503676791e-05,-2.235646794e-03,liquid_conductor
2.560437513e-05,-2.235646794e-03,liquid_conductor
2.622369757e-05,-2.235646794e-03,liquid_conductor
2.688064397e-05,-2.235646794e-03,liquid_conductor
2.749373137e-05,-2.235646794e-03,liquid_conductor
2.805529321e-05,-2.235646794e-03,liquid_conductor
2.856987281e-05,-2.235646794e-03,liquid_conductor
2.904145948e-05,-2.235646794e-03,liquid_conductor
2.947368421e-05,-2.235646794e-03,liquid_conductor
2.990868297e-05,-2.235646794e-03,liquid_conductor
3.038341652e-05,-2.235646794e-03,liquid_conductor
3.090184239e-05,-2.235646794e-03,liquid_conductor
3.146778324e-05,-2.235646794e-03,liquid_conductor
3.208581625e-05,-2.235646794e-03,liquid_conductor
3.276073484e-05,-2.235646794e-03,liquid_conductor
3.349724986e-05,-2.235646794e-03,liquid_conductor
3.430131728e-05,-2.235646794e-03,liquid_conductor
3.517965823e-05,-2.235646794e-03,liquid_conductor
3.613813726e-05,-2.235646794e-03,liquid_conductor
3.718507681e-05,-2.235646794e-03,liquid_conductor
3.832780448e-05,-2.235646794e-03,liquid_conductor
3.957561045e-05,-2.235646794e-03,liquid_conductor
4.093854473e-05,-2.235646794e-03,liquid_conductor
4.242542050e-05,-2.235646794e-03,liquid_conductor
4.404956552e-05,-2.235646794e-03,liquid_conductor
4.582227382e-05,-2.235646794e-03,liquid_conductor
4.775808616e-05,-2.235646794e-03,liquid_conductor
4.987178140e-05,-2.235646794e-03,liquid_conductor
5.217920429e-05,-2.235646794e-03,liquid_conductor
5.469866297e-05,-2.235646794e-03,liquid_conductor
5.744905551e-05,-2.235646794e-03,liquid_conductor
6.045387799e-05,-2.235646794e-03,liquid_conductor
6.373271678e-05,-2.235646794e-03,liquid_conductor
6.731217269e-05,-2.235646794e-03,liquid_conductor
7.122108778e-05,-2.235646794e-03,liquid_conductor
7.548786712e-05,-2.235646794e-03,liquid_conductor
8.014712385e-05,-2.235646794e-03,liquid_conductor
8.523466155e-05,-2.235646794e-03,liquid_conductor
9.078843638e-05,-2.235646794e-03,liquid_conductor
9.685525750e-05,-2.235646794e-03,liquid_conductor
1.034758769e-04,-2.235646794e-03,liquid_conductor
1.107020219e-04,-2.235646794e-03,liquid_conductor
1.185948933e-04,-2.235646794e-03,liquid_conductor
1.271212752e-04,-2.235646794e-03,liquid_conductor
1.352404309e-04,-2.235646794e-03,liquid_conductor
1.426794381e-04,-2.235646794e-03,liquid_conductor
1.494903129e-04,-2.235646794e-03,liquid_conductor
1.557277722e-04,-2.235646794e-03,liquid_conductor
1.614435061e-04,-2.235646794e-03,liquid_conductor
1.666778448e-04,-2.235646794e-03,liquid_conductor
1.714708543e-04,-2.235646794e-03,liquid_conductor
1.758610799e-04,-2.235646794e-03,liquid_conductor
1.798823926e-04,-2.235646794e-03,liquid_conductor
1.835651336e-04,-2.235646794e-03,liquid_conductor
1.869383710e-04,-2.235646794e-03,liquid_conductor
1.900294091e-04,-2.235646794e-03,liquid_conductor
1.928581583e-04,-2.235646794e-03,liquid_conductor
1.954511466e-04,-2.235646794e-03,liquid_conductor
1.978250706e-04,-2.235646794e-03,liquid_conductor
2.000000000e-04,-2.235646794e-03,liquid_conductor
2.023073590e-04,-2.235646794e-03,liquid_conductor
2.048262778e-04,-2.235646794e-03,liquid_conductor
2.075787525e-04,-2.235646794e-03,liquid_conductor
2.105843091e-04,-2.235646794e-03,liquid_conductor
2.138679432e-04,-2.235646794e-03,liquid_conductor
2.174546697e-04,-2.235646794e-03,liquid_conductor
2.213724959e-04,-2.235646794e-03,liquid_conductor
2.256503856e-04,-2.235646794e-03,liquid_conductor
2.303242912e-04,-2.235646794e-03,liquid_conductor
2.354283816e-04,-2.235646794e-03,liquid_conductor
2.410037832e-04,-2.235646794e-03,liquid_conductor
2.470936058e-04,-2.235646794e-03,liquid_conductor
2.537446444e-04,-2.235646794e-03,liquid_conductor
2.610133227e-04,-2.235646794e-03,liquid_conductor
2.689484386e-04,-2.235646794e-03,liquid_conductor
2.776157494e-04,-2.235646794e-03,liquid_conductor
2.870851727e-04,-2.235646794e-03,liquid_conductor
2.974263273e-04,-2.235646794e-03,liquid_conductor
3.087203809e-04,-2.235646794e-03,liquid_conductor
3.210579460e-04,-2.235646794e-03,liquid_conductor
3.345353188e-04,-2.235646794e-03,liquid_conductor
3.492615949e-04,-2.235646794e-03,liquid_conductor
3.653317449e-04,-2.235646794e-03,liquid_conductor
3.828930231e-04,-2.235646794e-03,liquid_conductor
4.020809215e-04,-2.235646794e-03,liquid_conductor
4.230318110e-04,-2.235646794e-03,liquid_conductor
4.459114310e-04,-2.235646794e-03,liquid_conductor
4.709074923e-04,-2.235646794e-03,liquid_conductor
4.982272631e-04,-2.235646794e-03,liquid_conductor
5.280468223e-04,-2.235646794e-03,liquid_conductor
5.606176878e-04,-2.235646794e-03,liquid_conductor
5.961968980e-04,-2.235646794e-03,liquid_conductor
6.350512450e-04,-2.235646794e-03,liquid_conductor
6.774964929e-04,-2.235646794e-03,liquid_conductor
7.238672441e-04,-2.235646794e-03,liquid_conductor
7.745057743e-04,-2.235646794e-03,liquid_conductor
8.298365598e-04,-2.235646794e-03,liquid_conductor
8.902404685e-04,-2.235646794e-03,liquid_conductor
9.562452265e-04,-2.235646794e-03,liquid_conductor
1.028315419e-03,-2.235646794e-03,liquid_conductor
1.107064121e-03,-2.235646794e-03,liquid_conductor
1.193057227e-03,-2.235646794e-03,liquid_conductor
1.286983765e-03,-2.235646794e-03,liquid_conductor
1.389582490e-03,-2.235646794e-03,liquid_conductor
1.501687528e-03,-2.235646794e-03,liquid_conductor
1.618967549e-03,-2.235646794e-03,liquid_conductor
1.727165678e-03,-2.235646794e-03,liquid_conductor
1.826235815e-03,-2.235646794e-03,liquid_conductor
1.916950625e-03,-2.235646794e-03,liquid_conductor
2.000000000e-03,-2.235646794e-03,liquid_conductor
2.084216992e-03,-2.235646794e-03,liquid_conductor
2.176355351e-03,-2.235646794e-03,liquid_conductor
2.277029651e-03,-2.235646794e-03,liquid_conductor
2.387173046e-03,-2.235646794e-03,liquid_conductor
2.507591864e-03,-2.235646794e-03,liquid_conductor
2.639278383e-03,-2.235646794e-03,liquid_conductor
2.783299094e-03,-2.235646794e-03,liquid_conductor
2.940767833e-03,-2.235646794e-03,liquid_conductor
3.113009625e-03,-2.235646794e-03,liquid_conductor
3.294047376e-03,-2.235646794e-03,liquid_conductor
3.461380719e-03,-2.235646794e-03,liquid_conductor
3.614426098e-03,-2.235646794e-03,liquid_conductor
3.754355769e-03,-2.235646794e-03,liquid_conductor
3.882298548e-03,-2.235646794e-03,liquid_conductor
3.999310376e-03,-2.235646794e-03,liquid_conductor
4.106334329e-03,-2.235646794e-03,liquid_conductor
4.204204407e-03,-2.235646794e-03,liquid_conductor
4.293671006e-03,-2.235646794e-03,liquid_conductor
4.375489229e-03,-2.235646794e-03,liquid_conductor
4.450318040e-03,-2.235646794e-03,liquid_conductor
4.518738298e-03,-2.235646794e-03,liquid_conductor
4.581289028e-03,-2.235646794e-03,liquid_conductor
4.638507194e-03,-2.235646794e-03,liquid_conductor
4.690810594e-03,-2.235646794e-03,liquid_conductor
4.738672595e-03,-2.235646794e-03,liquid_conductor
4.782423733e-03,-2.235646794e-03,liquid_conductor
4.822423892e-03,-2.235646794e-03,liquid_conductor
4.859011717e-03,-2.235646794e-03,liquid_conductor
4.892455390e-03,-2.235646794e-03,liquid_conductor
4.923050450e-03,-2.235646794e-03,liquid_conductor
4.951016246e-03,-2.235646794e-03,liquid_conductor
4.976608707e-03,-2.235646794e-03,liquid_conductor
5.000000000e-03,-2.235646794e-03,liquid_conductor
0.000000000e+00,-2.142861230e-03,liquid_conductor
2.253927972e-07,-2.142861230e-03,liquid_conductor
4.710108625e-07,-2.142861230e-03,liquid_conductor
7.388114821e-07,-2.142861230e-03,liquid_conductor
1.030777353e-06,-2.142861230e-03,liquid_conductor
1.349134956e-06,-2.142861230e-03,liquid_conductor
1.696071563e-06,-2.142861230e-03,liquid_conductor
2.065284294e-06,-2.142861230e-03,liquid_conductor
2.411371865e-06,-2.142861230e-03,liquid_conductor
2.728827367e-06,-2.142861230e-03,liquid_conductor
3.019944202e-06,-2.142861230e-03,liquid_conductor
3.287031469e-06,-2.142861230e-03,liquid_conductor
3.531983203e-06,-2.142861230e-03,liquid_conductor
3.756739224e-06,-2.142861230e-03,liquid_conductor
3.962851098e-06,-2.142861230e-03,liquid_conductor
4.151964219e-06,-2.142861230e-03,liquid_conductor
4.325432522e-06,-2.142861230e-03,liquid_conductor
4.484611324e-06,-2.142861230e-03,liquid_conductor
4.630594259e-06,-2.142861230e-03,liquid_conductor
4.764494569e-06,-2.142861230e-03,liquid_conductor
4.887303601e-06,-2.142861230e-03,liquid_conductor
5.000000000e-06,-2.142861230e-03,liquid_conductor
5.344545024e-06,-2.142861230e-03,liquid_conductor
5.720728404e-06,-2.142861230e-03,liquid_conductor
6.131424688e-06,-2.142861230e-03,liquid_conductor
6.579792067e-06,-2.142861230e-03,liquid_conductor
7.069682790e-06,-2.142861230e-03,liquid_conductor
7.604221304e-06,-2.142861230e-03,liquid_conductor
8.187924336e-06,-2.142861230e-03,liquid_conductor
8.825326016e-06,-2.142861230e-03,liquid_conductor
9.521221193e-06,-2.142861230e-03,liquid_conductor
1.028089317e-05,-2.142861230e-03,liquid_conductor
1.111056343e-05,-2.142861230e-03,liquid_conductor
1.201639249e-05,-2.142861230e-03,liquid_conductor
1.298360751e-05,-2.142861230e-03,liquid_conductor
1.388943657e-05,-2.142861230e-03,liquid_conductor
1.471910683e-05,-2.142861230e-03,liquid_conductor
1.547877881e-05,-2.142861230e-03,liquid_conductor
1.617467398e-05,-2.142861230e-03,liquid_conductor
1.681207566e-05,-2.142861230e-03,liquid_conductor
1.739577870e-05,-2.142861230e-03,liquid_conductor
1.793031721e-05,-2.142861230e-03,liquid_conductor
1.842020793e-05,-2.142861230e-03,liquid_conductor
1.886857531e-05,-2.142861230e-03,liquid_conductor
1.927927160e-05,-2.142861230e-03,liquid_conductor
1.965545498e-05,-2.142861230e-03,liquid_conductor
2.000000000e-05,-2.142861230e-03,liquid_conductor
2.010805618e-05,-2.142861230e-03,liquid_conductor
2.022595285e-05,-2.142861230e-03,liquid_conductor
2.035459775e-05,-2.142861230e-03,liquid_conductor
2.049498821e-05,-2.142861230e-03,liquid_conductor
2.064826006e-05,-2.142861230e-03,liquid_conductor
2.081535157e-05,-2.142861230e-03,liquid_conductor
2.099777754e-05,-2.142861230e-03,liquid_conductor
2.119689800e-05,-2.142861230e-03,liquid_conductor
2.141410532e-05,-2.142861230e-03,liquid_conductor
2.165116416e-05,-2.142861230e-03,liquid_conductor
2.190983090e-05,-2.142861230e-03,liquid_conductor
2.219208379e-05,-2.142861230e-03,liquid_conductor
2.250020445e-05,-2.142861230e-03,liquid_conductor
2.283635452e-05,-2.142861230e-03,liquid_conductor
2.320312564e-05,-2.142861230e-03,liquid_conductor
2.360338148e-05,-2.142861230e-03,liquid_conductor
2.404015658e-05,-2.142861230e-03,liquid_conductor
2.451665868e-05,-2.142861230e-03,liquid_conductor
2.503676791e-05,-2.142861230e-03,liquid_conductor
2.560437513e-05,-2.142861230e-03,liquid_conductor
2.622369757e-05,-2.142861230e-03,liquid_conductor
2.688064397e-05,-2.142861230e-03,liquid_conductor
2.749373137e-05,-2.142861230e-03,liquid_conductor
2.805529321e-05,-2.142861230e-03,liquid_conductor
2.856987281e-05,-2.142861230e-03,liquid_conductor
2.904145948e-05,-2.142861230e-03,liquid_conductor
2.947368421e-05,-2.142861230e-03,liquid_conductor
2.990868297e-05,-2.142861230e-03,liquid_conductor
3.038341652e-05,-2.142861230e-03,liquid_conductor
3.090184239e-05,-2.142861230e-03,liquid_conductor
3.146778324e-05,-2.142861230e-03,liquid_conductor
3.208581625e-05,-2.142861230e-03,liquid_conductor
3.276073484e-05,-2.142861230e-03,liquid_conductor
3.349724986e-05,-2.142861230e-03,liquid_conductor
3.430131728e-05,-2.142861230e-03,liquid_conductor
3.517965823e-05,-2.142861230e-03,liquid_conductor
3.613813726e-05,-2.142861230e-03,liquid_conductor
3.718507681e-05,-2.142861230e-03,liquid_conductor
3.832780448e-05,-2.142861230e-03,liquid_conductor
3.957561045e-05,-2.142861230e-03,liquid_conductor
4.093854473e-05,-2.142861230e-03,liquid_conductor
4.242542050e-05,-2.142861230e-03,liquid_conductor
4.404956552e-05,-2.142861230e-03,liquid_conductor
4.582227382e-05,-2.142861230e-03,liquid_conductor
4.775808616e-05,-2.142861230e-03,liquid_conductor
4.987178140e-05,-2.142861230e-03,liquid_conductor
5.217920429e-05,-2.142861230e-03,liquid_conductor
5.469866297e-05,-2.142861230e-03,liquid_conductor
5.744905551e-05,-2.142861230e-03,liquid_conductor
6.045387799e-05,-2.142861230e-03,liquid_conductor
6.373271678e-05,-2.142861230e-03,liquid_conductor
6.731217269e-05,-2.142861230e-03,liquid_conductor
7.122108778e-05,-2.142861230e-03,liquid_conductor
7.548786712e-05,-2.142861230e-03,liquid_conductor
8.014712385e-05,-2.142861230e-03,liquid_conductor
8.523466155e-05,-2.142861230e-03,liquid_conductor
9.078843638e-05,-2.142861230e-03,liquid_conductor
9.685525750e-05,-2.142861230e-03,liquid_conductor
1.034758769e-04,-2.142861230e-03,liquid_conductor
1.107020219e-04,-2.142861230e-03,liquid_conductor
1.185948933e-04,-2.142861230e-03,liquid_conductor
1.271212752e-04,-2.142861230e-03,liquid_conductor
1.352404309e-04,-2.142861230e-03,liquid_conductor
1.426794381e-04,-2.142861230e-03,liquid_conductor
1.494903129e-04,-2.142861230e-03,liquid_conductor
1.557277722e-04,-2.142861230e-03,liquid_conductor
1.614435061e-04,-2.142861230e-03,liquid_conductor
1.666778448e-04,-2.142861230e-03,liquid_conductor
1.714708543e-04,-2.142861230e-03,liquid_conductor
1.758610799e-04,-2.142861230e-03,liquid_conductor
1.798823926e-04,-2.142861230e-03,liquid_conductor
1.835651336e-04,-2.142861230e-03,liquid_conductor
1.869383710e-04,-2.142861230e-03,liquid_conductor
1.900294091e-04,-2.142861230e-03,liquid_conductor
1.928581583e-04,-2.142861230e-03,liquid_conductor
1.954511466e-04,-2.142861230e-03,liquid_conductor
1.978250706e-04,-2.142861230e-03,liquid_conductor
2.000000000e-04,-2.142861230e-03,liquid_conductor
2.023073590e-04,-2.142861230e-03,liquid_conductor
2.048262778e-04,-2.142861230e-03,liquid_conductor
2.075787525e-04,-2.142861230e-03,liquid_conductor
2.105843091e-04,-2.142861230e-03,liquid_conductor
2.138679432e-04,-2.142861230e-03,liquid_conductor
2.174546697e-04,-2.142861230e-03,liquid_conductor
2.213724959e-04,-2.142861230e-03,liquid_conductor
2.256503856e-04,-2.142861230e-03,liquid_conductor
2.303242912e-04,-2.142861230e-03,liquid_conductor
2.354283816e-04,-2.142861230e-03,liquid_conductor
2.410037832e-04,-2.142861230e-03,liquid_conductor
2.470936058e-04,-2.142861230e-03,liquid_conductor
2.537446444e-04,-2.142861230e-03,liquid_conductor
2.610133227e-04,-2.142861230e-03,liquid_conductor
2.689484386e-04,-2.142861230e-03,liquid_conductor
2.776157494e-04,-2.142861230e-03,liquid_conductor
2.870851727e-04,-2.142861230e-03,liquid_conductor
2.974263273e-04,-2.142861230e-03,liquid_conductor
3.087203809e-04,-2.142861230e-03,liquid_conductor
3.210579460e-04,-2.142861230e-03,liquid_conductor
3.345353188e-04,-2.142861230e-03,liquid_conductor
3.492615949e-04,-2.142861230e-03,liquid_conductor
3.653317449e-04,-2.142861230e-03,liquid_conductor
3.828930231e-04,-2.142861230e-03,liquid_conductor
4.020809215e-04,-2.142861230e-03,liquid_conductor
4.230318110e-04,-2.142861230e-03,liquid_conductor
4.459114310e-04,-2.142861230e-03,liquid_conductor
4.709074923e-04,-2.142861230e-03,liquid_conductor
4.982272631e-04,-2.142861230e-03,liquid_conductor
5.280468223e-04,-2.142861230e-03,liquid_conductor
5.606176878e-04,-2.142861230e-03,liquid_conductor
5.961968980e-04,-2.142861230e-03,liquid_conductor
6.350512450e-04,-2.142861230e-03,liquid_conductor
6.774964929e-04,-2.142861230e-03,liquid_conductor
7.238672441e-04,-2.142861230e-03,liquid_conductor
7.745057743e-04,-2.142861230e-03,liquid_conductor
8.298365598e-04,-2.142861230e-03,liquid_conductor
8.902404685e-04,-2.142861230e-03,liquid_conductor
9.562452265e-04,-2.142861230e-03,liquid_conductor
1.028315419e-03,-2.142861230e-03,liquid_conductor
1.107064121e-03,-2.142861230e-03,liquid_conductor
1.193057227e-03,-2.142861230e-03,liquid_conductor
1.286983765e-03,-2.142861230e-03,liquid_conductor
1.389582490e-03,-2.142861230e-03,liquid_conductor
1.501687528e-03,-2.142861230e-03,liquid_conductor
1.618967549e-03,-2.142861230e-03,liquid_conductor
1.727165678e-03,-2.142861230e-03,liquid_conductor
1.826235815e-03,-2.142861230e-03,liquid_conductor
1.916950625e-03,-2.142861230e-03,liquid_conductor
2.000000000e-03,-2.142861230e-03,liquid_conductor
2.084216992e-03,-2.142861230e-03,liquid_conductor
2.176355351e-03,-2.142861230e-03,liquid_conductor
2.277029651e-03,-2.142861230e-03,liquid_conductor
2.387173046e-03,-2.142861230e-03,liquid_conductor
2.507591864e-03,-2.142861230e-03,liquid_conductor
2.639278383e-03,-2.142861230e-03,liquid_conductor
2.783299094e-03,-2.142861230e-03,liquid_conductor
2.940767833e-03,-2.142861230e-03,liquid_conductor
3.113009625e-03,-2.142861230e-03,liquid_conductor
3.294047376e-03,-2.142861230e-03,liquid_conductor
3.461380719e-03,-2.142861230e-03,liquid_conductor
3.614426098e-03,-2.142861230e-03,liquid_conductor
3.754355769e-03,-2.142861230e-03,liquid_conductor
3.882298548e-03,-2.142861230e-03,liquid_conductor
3.999310376e-03,-2.142861230e-03,liquid_conductor
4.106334329e-03,-2.142861230e-03,liquid_conductor
4.204204407e-03,-2.142861230e-03,liquid_conductor
4.293671006e-03,-2.142861230e-03,liquid_conductor
4.375489229e-03,-2.142861230e-03,liquid_conductor
4.450318040e-03,-2.142861230e-03,liquid_conductor
4.518738298e-03,-2.142861230e-03,liquid_conductor
4.581289028e-03,-2.142861230e-03,liquid_conductor
4.638507194e-03,-2.142861230e-03,liquid_conductor
4.690810594e-03,-2.142861230e-03,liquid_conductor
4.738672595e-03,-2.142861230e-03,liquid_conductor
4.782423733e-03,-2.142861230e-03,liquid_conductor
4.822423892e-03,-2.142861230e-03,liquid_conductor
4.859011717e-03,-2.142861230e-03,liquid_conductor
4.892455390e-03,-2.142861230e-03,liquid_conductor
4.923050450e-03,-2.142861230e-03,liquid_conductor
4.951016246e-03,-2.142861230e-03,liquid_conductor
4.976608707e-03,-2.142861230e-03,liquid_conductor
5.000000000e-03,-2.142861230e-03,liquid_conductor
0.000000000e+00,-2.041591133e-03,liquid_conductor
2.253927972e-07,-2.041591133e-03,liquid_conductor
4.710108625e-07,-2.041591133e-03,liquid_conductor
7.388114821e-07,-2.041591133e-03,liquid_conductor
1.030777353e-06,-2.041591133e-03,liquid_conductor
1.349134956e-06,-2.041591133e-03,liquid_conductor
1.696071563e-06,-2.041591133e-03,liquid_conductor
2.065284294e-06,-2.041591133e-03,liquid_conductor
2.411371865e-06,-2.041591133e-03,liquid_conductor
2.728827367e-06,-2.041591133e-03,liquid_conductor
3.019944202e-06,-2.041591133e-03,liquid_conductor
3.287031469e-06,-2.041591133e-03,liquid_conductor
3.531983203e-06,-2.041591133e-03,liquid_conductor
3.756739224e-06,-2.041591133e-03,liquid_conductor
3.962851098e-06,-2.041591133e-03,liquid_conductor
4.151964219e-06,-2.041591133e-03,liquid_conductor
4.325432522e-06,-2.041591133e-03,liquid_conductor
4.484611324e-06,-2.041591133e-03,liquid_conductor
4.630594259e-06,-2.041591133e-03,liquid_conductor
4.764494569e-06,-2.041591133e-03,liquid_conductor
4.887303601e-06,-2.041591133e-03,liquid_conductor
5.000000000e-06,-2.041591133e-03,liquid_conductor
5.344545024e-06,-2.041591133e-03,liquid_conductor
5.720728404e-06,-2.041591133e-03,liquid_conductor
6.131424688e-06,-2.041591133e-03,liquid_conductor
6.579792067e-06,-2.041591133e-03,liquid_conductor
7.069682790e-06,-2.041591133e-03,liquid_conductor
7.604221304e-06,-2.041591133e-03,liquid_conductor
8.187924336e-06,-2.041591133e-03,liquid_conductor
8.825326016e-06,-2.041591133e-03,liquid_conductor
9.521221193e-06,-2.041591133e-03,liquid_conductor
1.028089317e-05,-2.041591133e-03,liquid_conductor
1.111056343e-05,-2.041591133e-03,liquid_conductor
1.201639249e-05,-2.041591133e-03,liquid_conductor
1.298360751e-05,-2.041591133e-03,liquid_conductor
1.388943657e-05,-2.041591133e-03,liquid_conductor
1.471910683e-05,-2.041591133e-03,liquid_conductor
1.547877881e-05,-2.041591133e-03,liquid_conductor
1.617467398e-05,-2.041591133e-03,liquid_conductor
1.681207566e-05,-2.041591133e-03,liquid_conductor
1.739577870e-05,-2.041591133e-03,liquid_conductor
1.793031721e-05,-2.041591133e-03,liquid_conductor
1.842020793e-05,-2.041591133e-03,liquid_conductor
1.886857531e-05,-2.041591133e-03,liquid_conductor
1.927927160e-05,-2.041591133e-03,liquid_conductor
1.965545498e-05,-2.041591133e-03,liquid_conductor
2.000000000e-05,-2.041591133e-03,liquid_conductor
2.010805618e-05,-2.041591133e-03,liquid_conductor
2.022595285e-05,-2.041591133e-03,liquid_conductor
2.035459775e-05,-2.041591133e-03,liquid_conductor
2.049498821e-05,-2.041591133e-03,liquid_conductor
2.064826006e-05,-2.041591133e-03,liquid_conductor
2.081535157e-05,-2.041591133e-03,liquid_conductor
2.099777754e-05,-2.041591133e-03,liquid_conductor
2.119689800e-05,-2.041591133e-03,liquid_conductor
2.141410532e-05,-2.041591133e-03,liquid_conductor
2.165116416e-05,-2.041591133e-03,liquid_conductor
2.190983090e-05,-2.041591133e-03,liquid_conductor
2.219208379e-05,-2.041591133e-03,liquid_conductor
2.250020445e-05,-2.041591133e-03,liquid_conductor
2.283635452e-05,-2.041591133e-03,liquid_conductor
2.320312564e-05,-2.041591133e-03,liquid_conductor
2.360338148e-05,-2.041591133e-03,liquid_conductor
2.404015658e-05,-2.041591133e-03,liquid_conductor
2.451665868e-05,-2.041591133e-03,liquid_conductor
2.503676791e-05,-2.041591133e-03,liquid_conductor
2.560437513e-05,-2.041591133e-03,liquid_conductor
2.622369757e-05,-2.041591133e-03,liquid_conductor
2.688064397e-05,-2.041591133e-03,liquid_conductor
2.749373137e-05,-2.041591133e-03,liquid_conductor
2.805529321e-05,-2.041591133e-03,liquid_conductor
2.856987281e-05,-2.041591133e-03,liquid_conductor
2.904145948e-05,-2.041591133e-03,liquid_conductor
2.947368421e-05,-2.041591133e-03,liquid_conductor
2.990868297e-05,-2.041591133e-03,liquid_conductor
3.038341652e-05,-2.041591133e-03,liquid_conductor
3.090184239e-05,-2.041591133e-03,liquid_conductor
3.146778324e-05,-2.041591133e-03,liquid_conductor
3.208581625e-05,-2.041591133e-03,liquid_conductor
3.276073484e-05,-2.041591133e-03,liquid_conductor
3.349724986e-05,-2.041591133e-03,liquid_conductor
3.430131728e-05,-2.041591133e-03,liquid_conductor
3.517965823e-05,-2.041591133e-03,liquid_conductor
3.613813726e-05,-2.041591133e-03,liquid_conductor
3.718507681e-05,-2.041591133e-03,liquid_conductor
3.832780448e-05,-2.041591133e-03,liquid_conductor
3.957561045e-05,-2.041591133e-03,liquid_conductor
4.093854473e-05,-2.041591133e-03,liquid_conductor
4.242542050e-05,-2.041591133e-03,liquid_conductor
4.404956552e-05,-2.041591133e-03,liquid_conductor
4.582227382e-05,-2.041591133e-03,liquid_conductor
4.775808616e-05,-2.041591133e-03,liquid_conductor
4.987178140e-05,-2.041591133e-03,liquid_conductor
5.217920429e-05,-2.041591133e-03,liquid_conductor
5.469866297e-05,-2.041591133e-03,liquid_conductor
5.744905551e-05,-2.041591133e-03,liquid_conductor
6.045387799e-05,-2.041591133e-03,liquid_conductor
6.373271678e-05,-2.041591133e-03,liquid_conductor
6.731217269e-05,-2.041591133e-03,liquid_conductor
7.122108778e-05,-2.041591133e-03,liquid_conductor
7.548786712e-05,-2.041591133e-03,liquid_conductor
8.014712385e-05,-2.041591133e-03,liquid_conductor
8.523466155e-05,-2.041591133e-03,liquid_conductor
9.078843638e-05,-2.041591133e-03,liquid_conductor
9.685525750e-05,-2.041591133e-03,liquid_conductor
1.034758769e-04,-2.041591133e-03,liquid_conductor
1.107020219e-04,-2.041591133e-03,liquid_conductor
1.185948933e-04,-2.041591133e-03,liquid_conductor
1.271212752e-04,-2.041591133e-03,liquid_conductor
1.352404309e-04,-2.041591133e-03,liquid_conductor
1.426794381e-04,-2.041591133e-03,liquid_conductor
1.494903129e-04,-2.041591133e-03,liquid_conductor
1.557277722e-04,-2.041591133e-03,liquid_conductor
1.614435061e-04,-2.041591133e-03,liquid_conductor
1.666778448e-04,-2.041591133e-03,liquid_conductor
1.714708543e-04,-2.041591133e-03,liquid_conductor
1.758610799e-04,-2.041591133e-03,liquid_conductor
1.798823926e-04,-2.041591133e-03,liquid_conductor
1.835651336e-04,-2.041591133e-03,liquid_conductor
1.869383710e-04,-2.041591133e-03,liquid_conductor
1.900294091e-04,-2.041591133e-03,liquid_conductor
1.928581583e-04,-2.041591133e-03,liquid_conductor
1.954511466e-04,-2.041591133e-03,liquid_conductor
1.978250706e-04,-2.041591133e-03,liquid_conductor
2.000000000e-04,-2.041591133e-03,liquid_conductor
2.023073590e-04,-2.041591133e-03,liquid_conductor
2.048262778e-04,-2.041591133e-03,liquid_conductor
2.075787525e-04,-2.041591133e-03,liquid_conductor
2.105843091e-04,-2.041591133e-03,liquid_conductor
2.138679432e-04,-2.041591133e-03,liquid_conductor
2.174546697e-04,-2.041591133e-03,liquid_conductor
2.213724959e-04,-2.041591133e-03,liquid_conductor
2.256503856e-04,-2.041591133e-03,liquid_conductor
2.303242912e-04,-2.041591133e-03,liquid_conductor
2.354283816e-04,-2.041591133e-03,liquid_conductor
2.410037832e-04,-2.041591133e-03,liquid_conductor
2.470936058e-04,-2.041591133e-03,liquid_conductor
2.537446444e-04,-2.041591133e-03,liquid_conductor
2.610133227e-04,-2.041591133e-03,liquid_conductor
2.689484386e-04,-2.041591133e-03,liquid_conductor
2.776157494e-04,-2.041591133e-03,liquid_conductor
2.870851727e-04,-2.041591133e-03,liquid_conductor
2.974263273e-04,-2.041591133e-03,liquid_conductor
3.087203809e-04,-2.041591133e-03,liquid_conductor
3.210579460e-04,-2.041591133e-03,liquid_conductor
3.345353188e-04,-2.041591133e-03,liquid_conductor
3.492615949e-04,-2.041591133e-03,liquid_conductor
3.653317449e-04,-2.041591133e-03,liquid_conductor
3.828930231e-04,-2.041591133e-03,liquid_conductor
4.020809215e-04,-2.041591133e-03,liquid_conductor
4.230318110e-04,-2.041591133e-03,liquid_conductor
4.459114310e-04,-2.041591133e-03,liquid_conductor
4.709074923e-04,-2.041591133e-03,liquid_conductor
4.982272631e-04,-2.041591133e-03,liquid_conductor
5.280468223e-04,-2.041591133e-03,liquid_conductor
5.606176878e-04,-2.041591133e-03,liquid_conductor
5.961968980e-04,-2.041591133e-03,liquid_conductor
6.350512450e-04,-2.041591133e-03,liquid_conductor
6.774964929e-04,-2.041591133e-03,liquid_conductor
7.238672441e-04,-2.041591133e-03,liquid_conductor
7.745057743e-04,-2.041591133e-03,liquid_conductor
8.298365598e-04,-2.041591133e-03,liquid_conductor
8.902404685e-04,-2.041591133e-03,liquid_conductor
9.562452265e-04,-2.041591133e-03,liquid_conductor
1.028315419e-03,-2.041591133e-03,liquid_conductor
1.107064121e-03,-2.041591133e-03,liquid_conductor
1.193057227e-03,-2.041591133e-03,liquid_conductor
1.286983765e-03,-2.041591133e-03,liquid_conductor
1.389582490e-03,-2.041591133e-03,liquid_conductor
1.501687528e-03,-2.041591133e-03,liquid_conductor
1.618967549e-03,-2.041591133e-03,liquid_conductor
1.727165678e-03,-2.041591133e-03,liquid_conductor
1.826235815e-03,-2.041591133e-03,liquid_conductor
1.916950625e-03,-2.041591133e-03,liquid_conductor
2.000000000e-03,-2.041591133e-03,liquid_conductor
2.084216992e-03,-2.041591133e-03,liquid_conductor
2.176355351e-03,-2.041591133e-03,liquid_conductor
2.277029651e-03,-2.041591133e-03,liquid_conductor
2.387173046e-03,-2.041591133e-03,liquid_conductor
2.507591864e-03,-2.041591133e-03,liquid_conductor
2.639278383e-03,-2.041591133e-03,liquid_conductor
2.783299094e-03,-2.041591133e-03,liquid_conductor
2.940767833e-03,-2.041591133e-03,liquid_conductor
3.113009625e-03,-2.041591133e-03,liquid_conductor
3.294047376e-03,-2.041591133e-03,liquid_conductor
3.461380719e-03,-2.041591133e-03,liquid_conductor
3.614426098e-03,-2.041591133e-03,liquid_conductor
3.754355769e-03,-2.041591133e-03,liquid_conductor
3.882298548e-03,-2.041591133e-03,liquid_conductor
3.999310376e-03,-2.041591133e-03,liquid_conductor
4.106334329e-03,-2.041591133e-03,liquid_conductor
4.204204407e-03,-2.041591133e-03,liquid_conductor
4.293671006e-03,-2.041591133e-03,liquid_conductor
4.375489229e-03,-2.041591133e-03,liquid_conductor
4.450318040e-03,-2.041591133e-03,liquid_conductor
4.518738298e-03,-2.041591133e-03,liquid_conductor
4.581289028e-03,-2.041591133e-03,liquid_conductor
4.638507194e-03,-2.041591133e-03,liquid_conductor
4.690810594e-03,-2.041591133e-03,liquid_conductor
4.738672595e-03,-2.041591133e-03,liquid_conductor
4.782423733e-03,-2.041591133e-03,liquid_conductor
4.822423892e-03,-2.041591133e-03,liquid_conductor
4.859011717e-03,-2.041591133e-03,liquid_conductor
4.892455390e-03,-2.041591133e-03,liquid_conductor
4.923050450e-03,-2.041591133e-03,liquid_conductor
4.951016246e-03,-2.041591133e-03,liquid_conductor
4.976608707e-03,-2.041591133e-03,liquid_conductor
5.000000000e-03,-2.041591133e-03,liquid_conductor
0.000000000e+00,-1.931031124e-03,liquid_conductor
2.253927972e-07,-1.931031124e-03,liquid_conductor
4.710108625e-07,-1.931031124e-03,liquid_conductor
7.388114821e-07,-1.931031124e-03,liquid_conductor
1.030777353e-06,-1.931031124e-03,liquid_conductor
1.349134956e-06,-1.931031124e-03,liquid_conductor
1.696071563e-06,-1.931031124e-03,liquid_conductor
2.065284294e-06,-1.931031124e-03,liquid_conductor
2.411371865e-06,-1.931031124e-03,liquid_conductor
2.728827367e-06,-1.931031124e-03,liquid_conductor
3.019944202e-06,-1.931031124e-03,liquid_conductor
3.287031469e-06,-1.931031124e-03,liquid_conductor
3.531983203e-06,-1.931031124e-03,liquid_conductor
3.756739224e-06,-1.931031124e-03,liquid_conductor
3.962851098e-06,-1.931031124e-03,liquid_conductor
4.151964219e-06,-1.931031124e-03,liquid_conductor
4.325432522e-06,-1.931031124e-03,liquid_conductor
4.484611324e-06,-1.931031124e-03,liquid_conductor
4.630594259e-06,-1.931031124e-03,liquid_conductor
4.764494569e-06,-1.931031124e-03,liquid_conductor
4.887303601e-06,-1.931031124e-03,liquid_conductor
5.000000000e-06,-1.931031124e-03,liquid_conductor
5.344545024e-06,-1.931031124e-03,liquid_conductor
5.720728404e-06,-1.931031124e-03,liquid_conductor
6.131424688e-06,-1.931031124e-03,liquid_conductor
6.579792067e-06,-1.931031124e-03,liquid_conductor
7.069682790e-06,-1.931031124e-03,liquid_conductor
7.604221304e-06,-1.931031124e-03,liquid_conductor
8.187924336e-06,-1.931031124e-03,liquid_conductor
8.825326016e-06,-1.931031124e-03,liquid_conductor
9.521221193e-06,-1.931031124e-03,liquid_conductor
1.028089317e-05,-1.931031124e-03,liquid_conductor
1.111056343e-05,-1.931031124e-03,liquid_conductor
1.201639249e-05,-1.931031124e-03,liquid_conductor
1.298360751e-05,-1.931031124e-03,liquid_conductor
1.388943657e-05,-1.931031124e-03,liquid_conductor
1.471910683e-05,-1.931031124e-03,liquid_conductor
1.547877881e-05,-1.931031124e-03,liquid_conductor
1.617467398e-05,-1.931031124e-03,liquid_conductor
1.681207566e-05,-1.931031124e-03,liquid_conductor
1.739577870e-05,-1.931031124e-03,liquid_conductor
1.793031721e-05,-1.931031124e-03,liquid_conductor
1.842020793e-05,-1.931031124e-03,liquid_conductor
1.886857531e-05,-1.931031124e-03,liquid_conductor
1.927927160e-05,-1.931031124e-03,liquid_conductor
1.965545498e-05,-1.931031124e-03,liquid_conductor
2.000000000e-05,-1.931031124e-03,liquid_conductor
2.010805618e-05,-1.931031124e-03,liquid_conductor
2.022595285e-05,-1.931031124e-03,liquid_conductor
2.035459775e-05,-1.931031124e-03,liquid_conductor
2.049498821e-05,-1.931031124e-03,liquid_conductor
2.064826006e-05,-1.931031124e-03,liquid_conductor
2.081535157e-05,-1.931031124e-03,liquid_conductor
2.099777754e-05,-1.931031124e-03,liquid_conductor
2.119689800e-05,-1.931031124e-03,liquid_conductor
2.141410532e-05,-1.931031124e-03,liquid_conductor
2.165116416e-05,-1.931031124e-03,liquid_conductor
2.190983090e-05,-1.931031124e-03,liquid_conductor
2.219208379e-05,-1.931031124e-03,liquid_conductor
2.250020445e-05,-1.931031124e-03,liquid_conductor
2.283635452e-05,-1.931031124e-03,liquid_conductor
2.320312564e-05,-1.931031124e-03,liquid_conductor
2.360338148e-05,-1.931031124e-03,liquid_conductor
2.404015658e-05,-1.931031124e-03,liquid_conductor
2.451665868e-05,-1.931031124e-03,liquid_conductor
2.503676791e-05,-1.931031124e-03,liquid_conductor
2.560437513e-05,-1.931031124e-03,liquid_conductor
2.622369757e-05,-1.931031124e-03,liquid_conductor
2.688064397e-05,-1.931031124e-03,liquid_conductor
2.749373137e-05,-1.931031124e-03,liquid_conductor
2.805529321e-05,-1.931031124e-03,liquid_conductor
2.856987281e-05,-1.931031124e-03,liquid_conductor
2.904145948e-05,-1.931031124e-03,liquid_conductor
2.947368421e-05,-1.931031124e-03,liquid_conductor
2.990868297e-05,-1.931031124e-03,liquid_conductor
3.038341652e-05,-1.931031124e-03,liquid_conductor
3.090184239e-05,-1.931031124e-03,liquid_conductor
3.146778324e-05,-1.931031124e-03,liquid_conductor
3.208581625e-05,-1.931031124e-03,liquid_conductor
3.276073484e-05,-1.931031124e-03,liquid_conductor
3.349724986e-05,-1.931031124e-03,liquid_conductor
3.430131728e-05,-1.931031124e-03,liquid_conductor
3.517965823e-05,-1.931031124e-03,liquid_conductor
3.613813726e-05,-1.931031124e-03,liquid_conductor
3.718507681e-05,-1.931031124e-03,liquid_conductor
3.832780448e-05,-1.931031124e-03,liquid_conductor
3.957561045e-05,-1.931031124e-03,liquid_conductor
4.093854473e-05,-1.931031124e-03,liquid_conductor
4.242542050e-05,-1.931031124e-03,liquid_conductor
4.404956552e-05,-1.931031124e-03,liquid_conductor
4.582227382e-05,-1.931031124e-03,liquid_conductor
4.775808616e-05,-1.931031124e-03,liquid_conductor
4.987178140e-05,-1.931031124e-03,liquid_conductor
5.217920429e-05,-1.931031124e-03,liquid_conductor
5.469866297e-05,-1.931031124e-03,liquid_conductor
5.744905551e-05,-1.931031124e-03,liquid_conductor
6.045387799e-05,-1.931031124e-03,liquid_conductor
6.373271678e-05,-1.931031124e-03,liquid_conductor
6.731217269e-05,-1.931031124e-03,liquid_conductor
7.122108778e-05,-1.931031124e-03,liquid_conductor
7.548786712e-05,-1.931031124e-03,liquid_conductor
8.014712385e-05,-1.931031124e-03,liquid_conductor
8.523466155e-05,-1.931031124e-03,liquid_conductor
9.078843638e-05,-1.931031124e-03,liquid_conductor
9.685525750e-05,-1.931031124e-03,liquid_conductor
1.034758769e-04,-1.931031124e-03,liquid_conductor
1.107020219e-04,-1.931031124e-03,liquid_conductor
1.185948933e-04,-1.931031124e-03,liquid_conductor
1.271212752e-04,-1.931031124e-03,liquid_conductor
1.352404309e-04,-1.931031124e-03,liquid_conductor
1.426794381e-04,-1.931031124e-03,liquid_conductor
1.494903129e-04,-1.931031124e-03,liquid_conductor
1.557277722e-04,-1.931031124e-03,liquid_conductor
1.614435061e-04,-1.931031124e-03,liquid_conductor
1.666778448e-04,-1.931031124e-03,liquid_conductor
1.714708543e-04,-1.931031124e-03,liquid_conductor
1.758610799e-04,-1.931031124e-03,liquid_conductor
1.798823926e-04,-1.931031124e-03,liquid_conductor
1.835651336e-04,-1.931031124e-03,liquid_conductor
1.869383710e-04,-1.931031124e-03,liquid_conductor
1.900294091e-04,-1.931031124e-03,liquid_conductor
1.928581583e-04,-1.931031124e-03,liquid_conductor
1.954511466e-04,-1.931031124e-03,liquid_conductor
1.978250706e-04,-1.931031124e-03,liquid_conductor
2.000000000e-04,-1.931031124e-03,liquid_conductor
2.023073590e-04,-1.931031124e-03,liquid_conductor
2.048262778e-04,-1.931031124e-03,liquid_conductor
2.075787525e-04,-1.931031124e-03,liquid_conductor
2.105843091e-04,-1.931031124e-03,liquid_conductor
2.138679432e-04,-1.931031124e-03,liquid_conductor
2.174546697e-04,-1.931031124e-03,liquid_conductor
2.213724959e-04,-1.931031124e-03,liquid_conductor
2.256503856e-04,-1.931031124e-03,liquid_conductor
2.303242912e-04,-1.931031124e-03,liquid_conductor
2.354283816e-04,-1.931031124e-03,liquid_conductor
2.410037832e-04,-1.931031124e-03,liquid_conductor
2.470936058e-04,-1.931031124e-03,liquid_conductor
2.537446444e-04,-1.931031124e-03,liquid_conductor
2.610133227e-04,-1.931031124e-03,liquid_conductor
2.689484386e-04,-1.931031124e-03,liquid_conductor
2.776157494e-04,-1.931031124e-03,liquid_conductor
2.870851727e-04,-1.931031124e-03,liquid_conductor
2.974263273e-04,-1.931031124e-03,liquid_conductor
3.087203809e-04,-1.931031124e-03,liquid_conductor
3.210579460e-04,-1.931031124e-03,liquid_conductor
3.345353188e-04,-1.931031124e-03,liquid_conductor
3.492615949e-04,-1.931031124e-03,liquid_conductor
3.653317449e-04,-1.931031124e-03,liquid_conductor
3.828930231e-04,-1.931031124e-03,liquid_conductor
4.020809215e-04,-1.931031124e-03,liquid_conductor
4.230318110e-04,-1.931031124e-03,liquid_conductor
4.459114310e-04,-1.931031124e-03,liquid_conductor
4.709074923e-04,-1.931031124e-03,liquid_conductor
4.982272631e-04,-1.931031124e-03,liquid_conductor
5.280468223e-04,-1.931031124e-03,liquid_conductor
5.606176878e-04,-1.931031124e-03,liquid_conductor
5.961968980e-04,-1.931031124e-03,liquid_conductor
6.350512450e-04,-1.931031124e-03,liquid_conductor
6.774964929e-04,-1.931031124e-03,liquid_conductor
7.238672441e-04,-1.931031124e-03,liquid_conductor
7.745057743e-04,-1.931031124e-03,liquid_conductor
8.298365598e-04,-1.931031124e-03,liquid_conductor
8.902404685e-04,-1.931031124e-03,liquid_conductor
9.562452265e-04,-1.931031124e-03,liquid_conductor
1.028315419e-03,-1.931031124e-03,liquid_conductor
1.107064121e-03,-1.931031124e-03,liquid_conductor
1.193057227e-03,-1.931031124e-03,liquid_conductor
1.286983765e-03,-1.931031124e-03,liquid_conductor
1.389582490e-03,-1.931031124e-03,liquid_conductor
1.501687528e-03,-1.931031124e-03,liquid_conductor
1.618967549e-03,-1.931031124e-03,liquid_conductor
1.727165678e-03,-1.931031124e-03,liquid_conductor
1.826235815e-03,-1.931031124e-03,liquid_conductor
1.916950625e-03,-1.931031124e-03,liquid_conductor
2.000000000e-03,-1.931031124e-03,liquid_conductor
2.084216992e-03,-1.931031124e-03,liquid_conductor
2.176355351e-03,-1.931031124e-03,liquid_conductor
2.277029651e-03,-1.931031124e-03,liquid_conductor
2.387173046e-03,-1.931031124e-03,liquid_conductor
2.507591864e-03,-1.931031124e-03,liquid_conductor
2.639278383e-03,-1.931031124e-03,liquid_conductor
2.783299094e-03,-1.931031124e-03,liquid_conductor
2.940767833e-03,-1.931031124e-03,liquid_conductor
3.113009625e-03,-1.931031124e-03,liquid_conductor
3.294047376e-03,-1.931031124e-03,liquid_conductor
3.461380719e-03,-1.931031124e-03,liquid_conductor
3.614426098e-03,-1.931031124e-03,liquid_conductor
3.754355769e-03,-1.931031124e-03,liquid_conductor
3.882298548e-03,-1.931031124e-03,liquid_conductor
3.999310376e-03,-1.931031124e-03,liquid_conductor
4.106334329e-03,-1.931031124e-03,liquid_conductor
4.204204407e-03,-1.931031124e-03,liquid_conductor
4.293671006e-03,-1.931031124e-03,liquid_conductor
4.375489229e-03,-1.931031124e-03,liquid_conductor
4.450318040e-03,-1.931031124e-03,liquid_conductor
4.518738298e-03,-1.931031124e-03,liquid_conductor
4.581289028e-03,-1.931031124e-03,liquid_conductor
4.638507194e-03,-1.931031124e-03,liquid_conductor
4.690810594e-03,-1.931031124e-03,liquid_conductor
4.738672595e-03,-1.931031124e-03,liquid_conductor
4.782423733e-03,-1.931031124e-03,liquid_conductor
4.822423892e-03,-1.931031124e-03,liquid_conductor
4.859011717e-03,-1.931031124e-03,liquid_conductor
4.892455390e-03,-1.931031124e-03,liquid_conductor
4.923050450e-03,-1.931031124e-03,liquid_conductor
4.951016246e-03,-1.931031124e-03,liquid_conductor
4.976608707e-03,-1.931031124e-03,liquid_conductor
5.000000000e-03,-1.931031124e-03,liquid_conductor
0.000000000e+00,-1.810395075e-03,liquid_conductor
2.253927972e-07,-1.810395075e-03,liquid_conductor
4.710108625e-07,-1.810395075e-03,liquid_conductor
7.388114821e-07,-1.810395075e-03,liquid_conductor
1.030777353e-06,-1.810395075e-03,liquid_conductor
1.349134956e-06,-1.810395075e-03,liquid_conductor
1.696071563e-06,-1.810395075e-03,liquid_conductor
2.065284294e-06,-1.810395075e-03,liquid_conductor
2.411371865e-06,-1.810395075e-03,liquid_conductor
2.728827367e-06,-1.810395075e-03,liquid_conductor
3.019944202e-06,-1.810395075e-03,liquid_conductor
3.287031469e-06,-1.810395075e-03,liquid_conductor
3.531983203e-06,-1.810395075e-03,liquid_conductor
3.756739224e-06,-1.810395075e-03,liquid_conductor
3.962851098e-06,-1.810395075e-03,liquid_conductor
4.151964219e-06,-1.810395075e-03,liquid_conductor
4.325432522e-06,-1.810395075e-03,liquid_conductor
4.484611324e-06,-1.810395075e-03,liquid_conductor
4.630594259e-06,-1.810395075e-03,liquid_conductor
4.764494569e-06,-1.810395075e-03,liquid_conductor
4.887303601e-06,-1.810395075e-03,liquid_conductor
5.000000000e-06,-1.810395075e-03,liquid_conductor
5.344545024e-06,-1.810395075e-03,liquid_conductor
5.720728404e-06,-1.810395075e-03,liquid_conductor
6.131424688e-06,-1.810395075e-03,liquid_conductor
6.579792067e-06,-1.810395075e-03,liquid_conductor
7.069682790e-06,-1.810395075e-03,liquid_conductor
7.604221304e-06,-1.810395075e-03,liquid_conductor
8.187924336e-06,-1.810395075e-03,liquid_conductor
8.825326016e-06,-1.810395075e-03,liquid_conductor
9.521221193e-06,-1.810395075e-03,liquid_conductor
1.028089317e-05,-1.810395075e-03,liquid_conductor
1.111056343e-05,-1.810395075e-03,liquid_conductor
1.201639249e-05,-1.810395075e-03,liquid_conductor
1.298360751e-05,-1.810395075e-03,liquid_conductor
1.388943657e-05,-1.810395075e-03,liquid_conductor
1.471910683e-05,-1.810395075e-03,liquid_conductor
1.547877881e-05,-1.810395075e-03,liquid_conductor
1.617467398e-05,-1.810395075e-03,liquid_conductor
1.681207566e-05,-1.810395075e-03,liquid_conductor
1.739577870e-05,-1.810395075e-03,liquid_conductor
1.793031721e-05,-1.810395075e-03,liquid_conductor
1.842020793e-05,-1.810395075e-03,liquid_conductor
1.886857531e-05,-1.810395075e-03,liquid_conductor
1.927927160e-05,-1.810395075e-03,liquid_conductor
1.965545498e-05,-1.810395075e-03,liquid_conductor
2.000000000e-05,-1.810395075e-03,liquid_conductor
2.010805618e-05,-1.810395075e-03,liquid_conductor
2.022595285e-05,-1.810395075e-03,liquid_conductor
2.035459775e-05,-1.810395075e-03,liquid_conductor
2.049498821e-05,-1.810395075e-03,liquid_conductor
2.064826006e-05,-1.810395075e-03,liquid_conductor
2.081535157e-05,-1.810395075e-03,liquid_conductor
2.099777754e-05,-1.810395075e-03,liquid_conductor
2.119689800e-05,-1.810395075e-03,liquid_conductor
2.141410532e-05,-1.810395075e-03,liquid_conductor
2.165116416e-05,-1.810395075e-03,liquid_conductor
2.190983090e-05,-1.810395075e-03,liquid_conductor
2.219208379e-05,-1.810395075e-03,liquid_conductor
2.250020445e-05,-1.810395075e-03,liquid_conductor
2.283635452e-05,-1.810395075e-03,liquid_conductor
2.320312564e-05,-1.810395075e-03,liquid_conductor
2.360338148e-05,-1.810395075e-03,liquid_conductor
2.404015658e-05,-1.810395075e-03,liquid_conductor
2.451665868e-05,-1.810395075e-03,liquid_conductor
2.503676791e-05,-1.810395075e-03,liquid_conductor
2.560437513e-05,-1.810395075e-03,liquid_conductor
2.622369757e-05,-1.810395075e-03,liquid_conductor
2.688064397e-05,-1.810395075e-03,liquid_conductor
2.749373137e-05,-1.810395075e-03,liquid_conductor
2.805529321e-05,-1.810395075e-03,liquid_conductor
2.856987281e-05,-1.810395075e-03,liquid_conductor
2.904145948e-05,-1.810395075e-03,liquid_conductor
2.947368421e-05,-1.810395075e-03,liquid_conductor
2.990868297e-05,-1.810395075e-03,liquid_conductor
3.038341652e-05,-1.810395075e-03,liquid_conductor
3.090184239e-05,-1.810395075e-03,liquid_conductor
3.146778324e-05,-1.810395075e-03,liquid_conductor
3.208581625e-05,-1.810395075e-03,liquid_conductor
3.276073484e-05,-1.810395075e-03,liquid_conductor
3.349724986e-05,-1.810395075e-03,liquid_conductor
3.430131728e-05,-1.810395075e-03,liquid_conductor
3.517965823e-05,-1.810395075e-03,liquid_conductor
3.613813726e-05,-1.810395075e-03,liquid_conductor
3.718507681e-05,-1.810395075e-03,liquid_conductor
3.832780448e-05,-1.810395075e-03,liquid_conductor
3.957561045e-05,-1.810395075e-03,liquid_conductor
4.093854473e-05,-1.810395075e-03,liquid_conductor
4.242542050e-05,-1.810395075e-03,liquid_conductor
4.404956552e-05,-1.810395075e-03,liquid_conductor
4.582227382e-05,-1.810395075e-03,liquid_conductor
4.775808616e-05,-1.810395075e-03,liquid_conductor
4.987178140e-05,-1.810395075e-03,liquid_conductor
5.217920429e-05,-1.810395075e-03,liquid_conductor
5.469866297e-05,-1.810395075e-03,liquid_conductor
5.744905551e-05,-1.810395075e-03,liquid_conductor
6.045387799e-05,-1.810395075e-03,liquid_conductor
6.373271678e-05,-1.810395075e-03,liquid_conductor
6.731217269e-05,-1.810395075e-03,liquid_conductor
7.122108778e-05,-1.810395075e-03,liquid_conductor
7.548786712e-05,-1.810395075e-03,liquid_conductor
8.014712385e-05,-1.810395075e-03,liquid_conductor
8.523466155e-05,-1.810395075e-03,liquid_conductor
9.078843638e-05,-1.810395075e-03,liquid_conductor
9.685525750e-05,-1.810395075e-03,liquid_conductor
1.034758769e-04,-1.810395075e-03,liquid_conductor
1.107020219e-04,-1.810395075e-03,liquid_conductor
1.185948933e-04,-1.810395075e-03,liquid_conductor
1.271212752e-04,-1.810395075e-03,liquid_conductor
1.352404309e-04,-1.810395075e-03,liquid_conductor
1.426794381e-04,-1.810395075e-03,liquid_conductor
1.494903129e-04,-1.810395075e-03,liquid_conductor
1.557277722e-04,-1.810395075e-03,liquid_conductor
1.614435061e-04,-1.810395075e-03,liquid_conductor
1.666778448e-04,-1.810395075e-03,liquid_conductor
1.714708543e-04,-1.810395075e-03,liquid_conductor
1.758610799e-04,-1.810395075e-03,liquid_conductor
1.798823926e-04,-1.810395075e-03,liquid_conductor
1.835651336e-04,-1.810395075e-03,liquid_conductor
1.869383710e-04,-1.810395075e-03,liquid_conductor
1.900294091e-04,-1.810395075e-03,liquid_conductor
1.928581583e-04,-1.810395075e-03,liquid_conductor
1.954511466e-04,-1.810395075e-03,liquid_conductor
1.978250706e-04,-1.810395075e-03,liquid_conductor
2.000000000e-04,-1.810395075e-03,liquid_conductor
2.023073590e-04,-1.810395075e-03,liquid_conductor
2.048262778e-04,-1.810395075e-03,liquid_conductor
2.075787525e-04,-1.810395075e-03,liquid_conductor
2.105843091e-04,-1.810395075e-03,liquid_conductor
2.138679432e-04,-1.810395075e-03,liquid_conductor
2.174546697e-04,-1.810395075e-03,liquid_conductor
2.213724959e-04,-1.810395075e-03,liquid_conductor
2.256503856e-04,-1.810395075e-03,liquid_conductor
2.303242912e-04,-1.810395075e-03,liquid_conductor
2.354283816e-04,-1.810395075e-03,liquid_conductor
2.410037832e-04,-1.810395075e-03,liquid_conductor
2.470936058e-04,-1.810395075e-03,liquid_conductor
2.537446444e-04,-1.810395075e-03,liquid_conductor
2.610133227e-04,-1.810395075e-03,liquid_conductor
2.689484386e-04,-1.810395075e-03,liquid_conductor
2.776157494e-04,-1.810395075e-03,liquid_conductor
2.870851727e-04,-1.810395075e-03,liquid_conductor
2.974263273e-04,-1.810395075e-03,liquid_conductor
3.087203809e-04,-1.810395075e-03,liquid_conductor
3.210579460e-04,-1.810395075e-03,liquid_conductor
3.345353188e-04,-1.810395075e-03,liquid_conductor
3.492615949e-04,-1.810395075e-03,liquid_conductor
3.653317449e-04,-1.810395075e-03,liquid_conductor
3.828930231e-04,-1.810395075e-03,liquid_conductor
4.020809215e-04,-1.810395075e-03,liquid_conductor
4.230318110e-04,-1.810395075e-03,liquid_conductor
4.459114310e-04,-1.810395075e-03,liquid_conductor
4.709074923e-04,-1.810395075e-03,liquid_conductor
4.982272631e-04,-1.810395075e-03,liquid_conductor
5.280468223e-04,-1.810395075e-03,liquid_conductor
5.606176878e-04,-1.810395075e-03,liquid_conductor
5.961968980e-04,-1.810395075e-03,liquid_conductor
6.350512450e-04,-1.810395075e-03,liquid_conductor
6.774964929e-04,-1.810395075e-03,liquid_conductor
7.238672441e-04,-1.810395075e-03,liquid_conductor
7.745057743e-04,-1.810395075e-03,liquid_conductor
8.298365598e-04,-1.810395075e-03,liquid_conductor
8.902404685e-04,-1.810395075e-03,liquid_conductor
9.562452265e-04,-1.810395075e-03,liquid_conductor
1.028315419e-03,-1.810395075e-03,liquid_conductor
1.107064121e-03,-1.810395075e-03,liquid_conductor
1.193057227e-03,-1.810395075e-03,liquid_conductor
1.286983765e-03,-1.810395075e-03,liquid_conductor
1.389582490e-03,-1.810395075e-03,liquid_conductor
1.501687528e-03,-1.810395075e-03,liquid_conductor
1.618967549e-03,-1.810395075e-03,liquid_conductor
1.727165678e-03,-1.810395075e-03,liquid_conductor
1.826235815e-03,-1.810395075e-03,liquid_conductor
1.916950625e-03,-1.810395075e-03,liquid_conductor
2.000000000e-03,-1.810395075e-03,liquid_conductor
2.084216992e-03,-1.810395075e-03,liquid_conductor
2.176355351e-03,-1.810395075e-03,liquid_conductor
2.277029651e-03,-1.810395075e-03,liquid_conductor
2.387173046e-03,-1.810395075e-03,liquid_conductor
2.507591864e-03,-1.810395075e-03,liquid_conductor
2.639278383e-03,-1.810395075e-03,liquid_conductor
2.783299094e-03,-1.810395075e-03,liquid_conductor
2.940767833e-03,-1.810395075e-03,liquid_conductor
3.113009625e-03,-1.810395075e-03,liquid_conductor
3.294047376e-03,-1.810395075e-03,liquid_conductor
3.461380719e-03,-1.810395075e-03,liquid_conductor
3.614426098e-03,-1.810395075e-03,liquid_conductor
3.754355769e-03,-1.810395075e-03,liquid_conductor
3.882298548e-03,-1.810395075e-03,liquid_conductor
3.999310376e-03,-1.810395075e-03,liquid_conductor
4.106334329e-03,-1.810395075e-03,liquid_conductor
4.204204407e-03,-1.810395075e-03,liquid_conductor
4.293671006e-03,-1.810395075e-03,liquid_conductor
4.375489229e-03,-1.810395075e-03,liquid_conductor
4.450318040e-03,-1.810395075e-03,liquid_conductor
4.518738298e-03,-1.810395075e-03,liquid_conductor
4.581289028e-03,-1.810395075e-03,liquid_conductor
4.638507194e-03,-1.810395075e-03,liquid_conductor
4.690810594e-03,-1.810395075e-03,liquid_conductor
4.738672595e-03,-1.810395075e-03,liquid_conductor
4.782423733e-03,-1.810395075e-03,liquid_conductor
4.822423892e-03,-1.810395075e-03,liquid_conductor
4.859011717e-03,-1.810395075e-03,liquid_conductor
4.892455390e-03,-1.810395075e-03,liquid_conductor
4.923050450e-03,-1.810395075e-03,liquid_conductor
4.951016246e-03,-1.810395075e-03,liquid_conductor
4.976608707e-03,-1.810395075e-03,liquid_conductor
5.000000000e-03,-1.810395075e-03,liquid_conductor
0.000000000e+00,-1.688050897e-03,liquid_conductor
2.253927972e-07,-1.688050897e-03,liquid_conductor
4.710108625e-07,-1.688050897e-03,liquid_conductor
7.388114821e-07,-1.688050897e-03,liquid_conductor
1.030777353e-06,-1.688050897e-03,liquid_conductor
1.349134956e-06,-1.688050897e-03,liquid_conductor
1.696071563e-06,-1.688050897e-03,liquid_conductor
2.065284294e-06,-1.688050897e-03,liquid_conductor
2.411371865e-06,-1.688050897e-03,liquid_conductor
2.728827367e-06,-1.688050897e-03,liquid_conductor
3.019944202e-06,-1.688050897e-03,liquid_conductor
3.287031469e-06,-1.688050897e-03,liquid_conductor
3.531983203e-06,-1.688050897e-03,liquid_conductor
3.756739224e-06,-1.688050897e-03,liquid_conductor
3.962851098e-06,-1.688050897e-03,liquid_conductor
4.151964219e-06,-1.688050897e-03,liquid_conductor
4.325432522e-06,-1.688050897e-03,liquid_conductor
4.484611324e-06,-1.688050897e-03,liquid_conductor
4.630594259e-06,-1.688050897e-03,liquid_conductor
4.764494569e-06,-1.688050897e-03,liquid_conductor
4.887303601e-06,-1.688050897e-03,liquid_conductor
5.000000000e-06,-1.688050897e-03,liquid_conductor
5.344545024e-06,-1.688050897e-03,liquid_conductor
5.720728404e-06,-1.688050897e-03,liquid_conductor
6.131424688e-06,-1.688050897e-03,liquid_conductor
6.579792067e-06,-1.688050897e-03,liquid_conductor
7.069682790e-06,-1.688050897e-03,liquid_conductor
7.604221304e-06,-1.688050897e-03,liquid_conductor
8.187924336e-06,-1.688050897e-03,liquid_conductor
8.825326016e-06,-1.688050897e-03,liquid_conductor
9.521221193e-06,-1.688050897e-03,liquid_conductor
1.028089317e-05,-1.688050897e-03,liquid_conductor
1.111056343e-05,-1.688050897e-03,liquid_conductor
1.201639249e-05,-1.688050897e-03,liquid_conductor
1.298360751e-05,-1.688050897e-03,liquid_conductor
1.388943657e-05,-1.688050897e-03,liquid_conductor
1.471910683e-05,-1.688050897e-03,liquid_conductor
1.547877881e-05,-1.688050897e-03,liquid_conductor
1.617467398e-05,-1.688050897e-03,liquid_conductor
1.681207566e-05,-1.688050897e-03,liquid_conductor
1.739577870e-05,-1.688050897e-03,liquid_conductor
1.793031721e-05,-1.688050897e-03,liquid_conductor
1.842020793e-05,-1.688050897e-03,liquid_conductor
1.886857531e-05,-1.688050897e-03,liquid_conductor
1.927927160e-05,-1.688050897e-03,liquid_conductor
1.965545498e-05,-1.688050897e-03,liquid_conductor
2.000000000e-05,-1.688050897e-03,liquid_conductor
2.010805618e-05,-1.688050897e-03,liquid_conductor
2.022595285e-05,-1.688050897e-03,liquid_conductor
2.035459775e-05,-1.688050897e-03,liquid_conductor
2.049498821e-05,-1.688050897e-03,liquid_conductor
2.064826006e-05,-1.688050897e-03,liquid_conductor
2.081535157e-05,-1.688050897e-03,liquid_conductor
2.099777754e-05,-1.688050897e-03,liquid_conductor
2.119689800e-05,-1.688050897e-03,liquid_conductor
2.141410532e-05,-1.688050897e-03,liquid_conductor
2.165116416e-05,-1.688050897e-03,liquid_conductor
2.190983090e-05,-1.688050897e-03,liquid_conductor
2.219208379e-05,-1.688050897e-03,liquid_conductor
2.250020445e-05,-1.688050897e-03,liquid_conductor
2.283635452e-05,-1.688050897e-03,liquid_conductor
2.320312564e-05,-1.688050897e-03,liquid_conductor
2.360338148e-05,-1.688050897e-03,liquid_conductor
2.404015658e-05,-1.688050897e-03,liquid_conductor
2.451665868e-05,-1.688050897e-03,liquid_conductor
2.503676791e-05,-1.688050897e-03,liquid_conductor
2.560437513e-05,-1.688050897e-03,liquid_conductor
2.622369757e-05,-1.688050897e-03,liquid_conductor
2.688064397e-05,-1.688050897e-03,liquid_conductor
2.749373137e-05,-1.688050897e-03,liquid_conductor
2.805529321e-05,-1.688050897e-03,liquid_conductor
2.856987281e-05,-1.688050897e-03,liquid_conductor
2.904145948e-05,-1.688050897e-03,liquid_conductor
2.947368421e-05,-1.688050897e-03,liquid_conductor
2.990868297e-05,-1.688050897e-03,liquid_conductor
3.038341652e-05,-1.688050897e-03,liquid_conductor
3.090184239e-05,-1.688050897e-03,liquid_conductor
3.146778324e-05,-1.688050897e-03,liquid_conductor
3.208581625e-05,-1.688050897e-03,liquid_conductor
3.276073484e-05,-1.688050897e-03,liquid_conductor
3.349724986e-05,-1.688050897e-03,liquid_conductor
3.430131728e-05,-1.688050897e-03,liquid_conductor
3.517965823e-05,-1.688050897e-03,liquid_conductor
3.613813726e-05,-1.688050897e-03,liquid_conductor
3.718507681e-05,-1.688050897e-03,liquid_conductor
3.832780448e-05,-1.688050897e-03,liquid_conductor
3.957561045e-05,-1.688050897e-03,liquid_conductor
4.093854473e-05,-1.688050897e-03,liquid_conductor
4.242542050e-05,-1.688050897e-03,liquid_conductor
4.404956552e-05,-1.688050897e-03,liquid_conductor
4.582227382e-05,-1.688050897e-03,liquid_conductor
4.775808616e-05,-1.688050897e-03,liquid_conductor
4.987178140e-05,-1.688050897e-03,liquid_conductor
5.217920429e-05,-1.688050897e-03,liquid_conductor
5.469866297e-05,-1.688050897e-03,liquid_conductor
5.744905551e-05,-1.688050897e-03,liquid_conductor
6.045387799e-05,-1.688050897e-03,liquid_conductor
6.373271678e-05,-1.688050897e-03,liquid_conductor
6.731217269e-05,-1.688050897e-03,liquid_conductor
7.122108778e-05,-1.688050897e-03,liquid_conductor
7.548786712e-05,-1.688050897e-03,liquid_conductor
8.014712385e-05,-1.688050897e-03,liquid_conductor
8.523466155e-05,-1.688050897e-03,liquid_conductor
9.078843638e-05,-1.688050897e-03,liquid_conductor
9.685525750e-05,-1.688050897e-03,liquid_conductor
1.034758769e-04,-1.688050897e-03,liquid_conductor
1.107020219e-04,-1.688050897e-03,liquid_conductor
1.185948933e-04,-1.688050897e-03,liquid_conductor
1.271212752e-04,-1.688050897e-03,liquid_conductor
1.352404309e-04,-1.688050897e-03,liquid_conductor
1.426794381e-04,-1.688050897e-03,liquid_conductor
1.494903129e-04,-1.688050897e-03,liquid_conductor
1.557277722e-04,-1.688050897e-03,liquid_conductor
1.614435061e-04,-1.688050897e-03,liquid_conductor
1.666778448e-04,-1.688050897e-03,liquid_conductor
1.714708543e-04,-1.688050897e-03,liquid_conductor
1.758610799e-04,-1.688050897e-03,liquid_conductor
1.798823926e-04,-1.688050897e-03,liquid_conductor
1.835651336e-04,-1.688050897e-03,liquid_conductor
1.869383710e-04,-1.688050897e-03,liquid_conductor
1.900294091e-04,-1.688050897e-03,liquid_conductor
1.928581583e-04,-1.688050897e-03,liquid_conductor
1.954511466e-04,-1.688050897e-03,liquid_conductor
1.978250706e-04,-1.688050897e-03,liquid_conductor
2.000000000e-04,-1.688050897e-03,liquid_conductor
2.023073590e-04,-1.688050897e-03,liquid_conductor
2.048262778e-04,-1.688050897e-03,liquid_conductor
2.075787525e-04,-1.688050897e-03,liquid_conductor
2.105843091e-04,-1.688050897e-03,liquid_conductor
2.138679432e-04,-1.688050897e-03,liquid_conductor
2.174546697e-04,-1.688050897e-03,liquid_conductor
2.213724959e-04,-1.688050897e-03,liquid_conductor
2.256503856e-04,-1.688050897e-03,liquid_conductor
2.303242912e-04,-1.688050897e-03,liquid_conductor
2.354283816e-04,-1.688050897e-03,liquid_conductor
2.410037832e-04,-1.688050897e-03,liquid_conductor
2.470936058e-04,-1.688050897e-03,liquid_conductor
2.537446444e-04,-1.688050897e-03,liquid_conductor
2.610133227e-04,-1.688050897e-03,liquid_conductor
2.689484386e-04,-1.688050897e-03,liquid_conductor
2.776157494e-04,-1.688050897e-03,liquid_conductor
2.870851727e-04,-1.688050897e-03,liquid_conductor
2.974263273e-04,-1.688050897e-03,liquid_conductor
3.087203809e-04,-1.688050897e-03,liquid_conductor
3.210579460e-04,-1.688050897e-03,liquid_conductor
3.345353188e-04,-1.688050897e-03,liquid_conductor
3.492615949e-04,-1.688050897e-03,liquid_conductor
3.653317449e-04,-1.688050897e-03,liquid_conductor
3.828930231e-04,-1.688050897e-03,liquid_conductor
4.020809215e-04,-1.688050897e-03,liquid_conductor
4.230318110e-04,-1.688050897e-03,liquid_conductor
4.459114310e-04,-1.688050897e-03,liquid_conductor
4.709074923e-04,-1.688050897e-03,liquid_conductor
4.982272631e-04,-1.688050897e-03,liquid_conductor
5.280468223e-04,-1.688050897e-03,liquid_conductor
5.606176878e-04,-1.688050897e-03,liquid_conductor
5.961968980e-04,-1.688050897e-03,liquid_conductor
6.350512450e-04,-1.688050897e-03,liquid_conductor
6.774964929e-04,-1.688050897e-03,liquid_conductor
7.238672441e-04,-1.688050897e-03,liquid_conductor
7.745057743e-04,-1.688050897e-03,liquid_conductor
8.298365598e-04,-1.688050897e-03,liquid_conductor
8.902404685e-04,-1.688050897e-03,liquid_conductor
9.562452265e-04,-1.688050897e-03,liquid_conductor
1.028315419e-03,-1.688050897e-03,liquid_conductor
1.107064121e-03,-1.688050897e-03,liquid_conductor
1.193057227e-03,-1.688050897e-03,liquid_conductor
1.286983765e-03,-1.688050897e-03,liquid_conductor
1.389582490e-03,-1.688050897e-03,liquid_conductor
1.501687528e-03,-1.688050897e-03,liquid_conductor
1.618967549e-03,-1.688050897e-03,liquid_conductor
1.727165678e-03,-1.688050897e-03,liquid_conductor
1.826235815e-03,-1.688050897e-03,liquid_conductor
1.916950625e-03,-1.688050897e-03,liquid_conductor
2.000000000e-03,-1.688050897e-03,liquid_conductor
2.084216992e-03,-1.688050897e-03,liquid_conductor
2.176355351e-03,-1.688050897e-03,liquid_conductor
2.277029651e-03,-1.688050897e-03,liquid_conductor
2.387173046e-03,-1.688050897e-03,liquid_conductor
2.507591864e-03,-1.688050897e-03,liquid_conductor
2.639278383e-03,-1.688050897e-03,liquid_conductor
2.783299094e-03,-1.688050897e-03,liquid_conductor
2.940767833e-03,-1.688050897e-03,liquid_conductor
3.113009625e-03,-1.688050897e-03,liquid_conductor
3.294047376e-03,-1.688050897e-03,liquid_conductor
3.461380719e-03,-1.688050897e-03,liquid_conductor
3.614426098e-03,-1.688050897e-03,liquid_conductor
3.754355769e-03,-1.688050897e-03,liquid_conductor
3.882298548e-03,-1.688050897e-03,liquid_conductor
3.999310376e-03,-1.688050897e-03,liquid_conductor
4.106334329e-03,-1.688050897e-03,liquid_conductor
4.204204407e-03,-1.688050897e-03,liquid_conductor
4.293671006e-03,-1.688050897e-03,liquid_conductor
4.375489229e-03,-1.688050897e-03,liquid_conductor
4.450318040e-03,-1.688050897e-03,liquid_conductor
4.518738298e-03,-1.688050897e-03,liquid_conductor
4.581289028e-03,-1.688050897e-03,liquid_conductor
4.638507194e-03,-1.688050897e-03,liquid_conductor
4.690810594e-03,-1.688050897e-03,liquid_conductor
4.738672595e-03,-1.688050897e-03,liquid_conductor
4.782423733e-03,-1.688050897e-03,liquid_conductor
4.822423892e-03,-1.688050897e-03,liquid_conductor
4.859011717e-03,-1.688050897e-03,liquid_conductor
4.892455390e-03,-1.688050897e-03,liquid_conductor
4.923050450e-03,-1.688050897e-03,liquid_conductor
4.951016246e-03,-1.688050897e-03,liquid_conductor
4.976608707e-03,-1.688050897e-03,liquid_conductor
5.000000000e-03,-1.688050897e-03,liquid_conductor
0.000000000e+00,-1.575901010e-03,liquid_conductor
2.253927972e-07,-1.575901010e-03,liquid_conductor
4.710108625e-07,-1.575901010e-03,liquid_conductor
7.388114821e-07,-1.575901010e-03,liquid_conductor
1.030777353e-06,-1.575901010e-03,liquid_conductor
1.349134956e-06,-1.575901010e-03,liquid_conductor
1.696071563e-06,-1.575901010e-03,liquid_conductor
2.065284294e-06,-1.575901010e-03,liquid_conductor
2.411371865e-06,-1.575901010e-03,liquid_conductor
2.728827367e-06,-1.575901010e-03,liquid_conductor
3.019944202e-06,-1.575901010e-03,liquid_conductor
3.287031469e-06,-1.575901010e-03,liquid_conductor
3.531983203e-06,-1.575901010e-03,liquid_conductor
3.756739224e-06,-1.575901010e-03,liquid_conductor
3.962851098e-06,-1.575901010e-03,liquid_conductor
4.151964219e-06,-1.575901010e-03,liquid_conductor
4.325432522e-06,-1.575901010e-03,liquid_conductor
4.484611324e-06,-1.575901010e-03,liquid_conductor
4.630594259e-06,-1.575901010e-03,liquid_conductor
4.764494569e-06,-1.575901010e-03,liquid_conductor
4.887303601e-06,-1.575901010e-03,liquid_conductor
5.000000000e-06,-1.575901010e-03,liquid_conductor
5.344545024e-06,-1.575901010e-03,liquid_conductor
5.720728404e-06,-1.575901010e-03,liquid_conductor
6.131424688e-06,-1.575901010e-03,liquid_conductor
6.579792067e-06,-1.575901010e-03,liquid_conductor
7.069682790e-06,-1.575901010e-03,liquid_conductor
7.604221304e-06,-1.575901010e-03,liquid_conductor
8.187924336e-06,-1.575901010e-03,liquid_conductor
8.825326016e-06,-1.575901010e-03,liquid_conductor
9.521221193e-06,-1.575901010e-03,liquid_conductor
1.028089317e-05,-1.575901010e-03,liquid_conductor
1.111056343e-05,-1.575901010e-03,liquid_conductor
1.201639249e-05,-1.575901010e-03,liquid_conductor
1.298360751e-05,-1.575901010e-03,liquid_conductor
1.388943657e-05,-1.575901010e-03,liquid_conductor
1.471910683e-05,-1.575901010e-03,liquid_conductor
1.547877881e-05,-1.575901010e-03,liquid_conductor
1.617467398e-05,-1.575901010e-03,liquid_conductor
1.681207566e-05,-1.575901010e-03,liquid_conductor
1.739577870e-05,-1.575901010e-03,liquid_conductor
1.793031721e-05,-1.575901010e-03,liquid_conductor
1.842020793e-05,-1.575901010e-03,liquid_conductor
1.886857531e-05,-1.575901010e-03,liquid_conductor
1.927927160e-05,-1.575901010e-03,liquid_conductor
1.965545498e-05,-1.575901010e-03,liquid_conductor
2.000000000e-05,-1.575901010e-03,liquid_conductor
2.010805618e-05,-1.575901010e-03,liquid_conductor
2.022595285e-05,-1.575901010e-03,liquid_conductor
2.035459775e-05,-1.575901010e-03,liquid_conductor
2.049498821e-05,-1.575901010e-03,liquid_conductor
2.064826006e-05,-1.575901010e-03,liquid_conductor
2.081535157e-05,-1.575901010e-03,liquid_conductor
2.099777754e-05,-1.575901010e-03,liquid_conductor
2.119689800e-05,-1.575901010e-03,liquid_conductor
2.141410532e-05,-1.575901010e-03,liquid_conductor
2.165116416e-05,-1.575901010e-03,liquid_conductor
2.190983090e-05,-1.575901010e-03,liquid_conductor
2.219208379e-05,-1.575901010e-03,liquid_conductor
2.250020445e-05,-1.575901010e-03,liquid_conductor
2.283635452e-05,-1.575901010e-03,liquid_conductor
2.320312564e-05,-1.575901010e-03,liquid_conductor
2.360338148e-05,-1.575901010e-03,liquid_conductor
2.404015658e-05,-1.575901010e-03,liquid_conductor
2.451665868e-05,-1.575901010e-03,liquid_conductor
2.503676791e-05,-1.575901010e-03,liquid_conductor
2.560437513e-05,-1.575901010e-03,liquid_conductor
2.622369757e-05,-1.575901010e-03,liquid_conductor
2.688064397e-05,-1.575901010e-03,liquid_conductor
2.749373137e-05,-1.575901010e-03,liquid_conductor
2.805529321e-05,-1.575901010e-03,liquid_conductor
2.856987281e-05,-1.575901010e-03,liquid_conductor
2.904145948e-05,-1.575901010e-03,liquid_conductor
2.947368421e-05,-1.575901010e-03,liquid_conductor
2.990868297e-05,-1.575901010e-03,liquid_conductor
3.038341652e-05,-1.575901010e-03,liquid_conductor
3.090184239e-05,-1.575901010e-03,liquid_conductor
3.146778324e-05,-1.575901010e-03,liquid_conductor
3.208581625e-05,-1.575901010e-03,liquid_conductor
3.276073484e-05,-1.575901010e-03,liquid_conductor
3.349724986e-05,-1.575901010e-03,liquid_conductor
3.430131728e-05,-1.575901010e-03,liquid_conductor
3.517965823e-05,-1.575901010e-03,liquid_conductor
3.613813726e-05,-1.575901010e-03,liquid_conductor
3.718507681e-05,-1.575901010e-03,liquid_conductor
3.832780448e-05,-1.575901010e-03,liquid_conductor
3.957561045e-05,-1.575901010e-03,liquid_conductor
4.093854473e-05,-1.575901010e-03,liquid_conductor
4.242542050e-05,-1.575901010e-03,liquid_conductor
4.404956552e-05,-1.575901010e-03,liquid_conductor
4.582227382e-05,-1.575901010e-03,liquid_conductor
4.775808616e-05,-1.575901010e-03,liquid_conductor
4.987178140e-05,-1.575901010e-03,liquid_conductor
5.217920429e-05,-1.575901010e-03,liquid_conductor
5.469866297e-05,-1.575901010e-03,liquid_conductor
5.744905551e-05,-1.575901010e-03,liquid_conductor
6.045387799e-05,-1.575901010e-03,liquid_conductor
6.373271678e-05,-1.575901010e-03,liquid_conductor
6.731217269e-05,-1.575901010e-03,liquid_conductor
7.122108778e-05,-1.575901010e-03,liquid_conductor
7.548786712e-05,-1.575901010e-03,liquid_conductor
8.014712385e-05,-1.575901010e-03,liquid_conductor
8.523466155e-05,-1.575901010e-03,liquid_conductor
9.078843638e-05,-1.575901010e-03,liquid_conductor
9.685525750e-05,-1.575901010e-03,liquid_conductor
1.034758769e-04,-1.575901010e-03,liquid_conductor
1.107020219e-04,-1.575901010e-03,liquid_conductor
1.185948933e-04,-1.575901010e-03,liquid_conductor
1.271212752e-04,-1.575901010e-03,liquid_conductor
1.352404309e-04,-1.575901010e-03,liquid_conductor
1.426794381e-04,-1.575901010e-03,liquid_conductor
1.494903129e-04,-1.575901010e-03,liquid_conductor
1.557277722e-04,-1.575901010e-03,liquid_conductor
1.614435061e-04,-1.575901010e-03,liquid_conductor
1.666778448e-04,-1.575901010e-03,liquid_conductor
1.714708543e-04,-1.575901010e-03,liquid_conductor
1.758610799e-04,-1.575901010e-03,liquid_conductor
1.798823926e-04,-1.575901010e-03,liquid_conductor
1.835651336e-04,-1.575901010e-03,liquid_conductor
1.869383710e-04,-1.575901010e-03,liquid_conductor
1.900294091e-04,-1.575901010e-03,liquid_conductor
1.928581583e-04,-1.575901010e-03,liquid_conductor
1.954511466e-04,-1.575901010e-03,liquid_conductor
1.978250706e-04,-1.575901010e-03,liquid_conductor
2.000000000e-04,-1.575901010e-03,liquid_conductor
2.023073590e-04,-1.575901010e-03,liquid_conductor
2.048262778e-04,-1.575901010e-03,liquid_conductor
2.075787525e-04,-1.575901010e-03,liquid_conductor
2.105843091e-04,-1.575901010e-03,liquid_conductor
2.138679432e-04,-1.575901010e-03,liquid_conductor
2.174546697e-04,-1.575901010e-03,liquid_conductor
2.213724959e-04,-1.575901010e-03,liquid_conductor
2.256503856e-04,-1.575901010e-03,liquid_conductor
2.303242912e-04,-1.575901010e-03,liquid_conductor
2.354283816e-04,-1.575901010e-03,liquid_conductor
2.410037832e-04,-1.575901010e-03,liquid_conductor
2.470936058e-04,-1.575901010e-03,liquid_conductor
2.537446444e-04,-1.575901010e-03,liquid_conductor
2.610133227e-04,-1.575901010e-03,liquid_conductor
2.689484386e-04,-1.575901010e-03,liquid_conductor
2.776157494e-04,-1.575901010e-03,liquid_conductor
2.870851727e-04,-1.575901010e-03,liquid_conductor
2.974263273e-04,-1.575901010e-03,liquid_conductor
3.087203809e-04,-1.575901010e-03,liquid_conductor
3.210579460e-04,-1.575901010e-03,liquid_conductor
3.345353188e-04,-1.575901010e-03,liquid_conductor
3.492615949e-04,-1.575901010e-03,liquid_conductor
3.653317449e-04,-1.575901010e-03,liquid_conductor
3.828930231e-04,-1.575901010e-03,liquid_conductor
4.020809215e-04,-1.575901010e-03,liquid_conductor
4.230318110e-04,-1.575901010e-03,liquid_conductor
4.459114310e-04,-1.575901010e-03,liquid_conductor
4.709074923e-04,-1.575901010e-03,liquid_conductor
4.982272631e-04,-1.575901010e-03,liquid_conductor
5.280468223e-04,-1.575901010e-03,liquid_conductor
5.606176878e-04,-1.575901010e-03,liquid_conductor
5.961968980e-04,-1.575901010e-03,liquid_conductor
6.350512450e-04,-1.575901010e-03,liquid_conductor
6.774964929e-04,-1.575901010e-03,liquid_conductor
7.238672441e-04,-1.575901010e-03,liquid_conductor
7.745057743e-04,-1.575901010e-03,liquid_conductor
8.298365598e-04,-1.575901010e-03,liquid_conductor
8.902404685e-04,-1.575901010e-03,liquid_conductor
9.562452265e-04,-1.575901010e-03,liquid_conductor
1.028315419e-03,-1.575901010e-03,liquid_conductor
1.107064121e-03,-1.575901010e-03,liquid_conductor
1.193057227e-03,-1.575901010e-03,liquid_conductor
1.286983765e-03,-1.575901010e-03,liquid_conductor
1.389582490e-03,-1.575901010e-03,liquid_conductor
1.501687528e-03,-1.575901010e-03,liquid_conductor
1.618967549e-03,-1.575901010e-03,liquid_conductor
1.727165678e-03,-1.575901010e-03,liquid_conductor
1.826235815e-03,-1.575901010e-03,liquid_conductor
1.916950625e-03,-1.575901010e-03,liquid_conductor
2.000000000e-03,-1.575901010e-03,liquid_conductor
2.084216992e-03,-1.575901010e-03,liquid_conductor
2.176355351e-03,-1.575901010e-03,liquid_conductor
2.277029651e-03,-1.575901010e-03,liquid_conductor
2.387173046e-03,-1.575901010e-03,liquid_conductor
2.507591864e-03,-1.575901010e-03,liquid_conductor
2.639278383e-03,-1.575901010e-03,liquid_conductor
2.783299094e-03,-1.575901010e-03,liquid_conductor
2.940767833e-03,-1.575901010e-03,liquid_conductor
3.113009625e-03,-1.575901010e-03,liquid_conductor
3.294047376e-03,-1.575901010e-03,liquid_conductor
3.461380719e-03,-1.575901010e-03,liquid_conductor
3.614426098e-03,-1.575901010e-03,liquid_conductor
3.754355769e-03,-1.575901010e-03,liquid_conductor
3.882298548e-03,-1.575901010e-03,liquid_conductor
3.999310376e-03,-1.575901010e-03,liquid_conductor
4.106334329e-03,-1.575901010e-03,liquid_conductor
4.204204407e-03,-1.575901010e-03,liquid_conductor
4.293671006e-03,-1.575901010e-03,liquid_conductor
4.375489229e-03,-1.575901010e-03,liquid_conductor
4.450318040e-03,-1.575901010e-03,liquid_conductor
4.518738298e-03,-1.575901010e-03,liquid_conductor
4.581289028e-03,-1.575901010e-03,liquid_conductor
4.638507194e-03,-1.575901010e-03,liquid_conductor
4.690810594e-03,-1.575901010e-03,liquid_conductor
4.738672595e-03,-1.575901010e-03,liquid_conductor
4.782423733e-03,-1.575901010e-03,liquid_conductor
4.822423892e-03,-1.575901010e-03,liquid_conductor
4.859011717e-03,-1.575901010e-03,liquid_conductor
4.892455390e-03,-1.575901010e-03,liquid_conductor
4.923050450e-03,-1.575901010e-03,liquid_conductor
4.951016246e-03,-1.575901010e-03,liquid_conductor
4.976608707e-03,-1.575901010e-03,liquid_conductor
5.000000000e-03,-1.575901010e-03,liquid_conductor
0.000000000e+00,-1.473170143e-03,liquid_conductor
2.253927972e-07,-1.473170143e-03,liquid_conductor
4.710108625e-07,-1.473170143e-03,liquid_conductor
7.388114821e-07,-1.473170143e-03,liquid_conductor
1.030777353e-06,-1.473170143e-03,liquid_conductor
1.349134956e-06,-1.473170143e-03,liquid_conductor
1.696071563e-06,-1.473170143e-03,liquid_conductor
2.065284294e-06,-1.473170143e-03,liquid_conductor
2.411371865e-06,-1.473170143e-03,liquid_conductor
2.728827367e-06,-1.473170143e-03,liquid_conductor
3.019944202e-06,-1.473170143e-03,liquid_conductor
3.287031469e-06,-1.473170143e-03,liquid_conductor
3.531983203e-06,-1.473170143e-03,liquid_conductor
3.756739224e-06,-1.473170143e-03,liquid_conductor
3.962851098e-06,-1.473170143e-03,liquid_conductor
4.151964219e-06,-1.473170143e-03,liquid_conductor
4.325432522e-06,-1.473170143e-03,liquid_conductor
4.484611324e-06,-1.473170143e-03,liquid_conductor
4.630594259e-06,-1.473170143e-03,liquid_conductor
4.764494569e-06,-1.473170143e-03,liquid_conductor
4.887303601e-06,-1.473170143e-03,liquid_conductor
5.000000000e-06,-1.473170143e-03,liquid_conductor
5.344545024e-06,-1.473170143e-03,liquid_conductor
5.720728404e-06,-1.473170143e-03,liquid_conductor
6.131424688e-06,-1.473170143e-03,liquid_conductor
6.579792067e-06,-1.473170143e-03,liquid_conductor
7.069682790e-06,-1.473170143e-03,liquid_conductor
7.604221304e-06,-1.473170143e-03,liquid_conductor
8.187924336e-06,-1.473170143e-03,liquid_conductor
8.825326016e-06,-1.473170143e-03,liquid_conductor
9.521221193e-06,-1.473170143e-03,liquid_conductor
1.028089317e-05,-1.473170143e-03,liquid_conductor
1.111056343e-05,-1.473170143e-03,liquid_conductor
1.201639249e-05,-1.473170143e-03,liquid_conductor
1.298360751e-05,-1.473170143e-03,liquid_conductor
1.388943657e-05,-1.473170143e-03,liquid_conductor
1.471910683e-05,-1.473170143e-03,liquid_conductor
1.547877881e-05,-1.473170143e-03,liquid_conductor
1.617467398e-05,-1.473170143e-03,liquid_conductor
1.681207566e-05,-1.473170143e-03,liquid_conductor
1.739577870e-05,-1.473170143e-03,liquid_conductor
1.793031721e-05,-1.473170143e-03,liquid_conductor
1.842020793e-05,-1.473170143e-03,liquid_conductor
1.886857531e-05,-1.473170143e-03,liquid_conductor
1.927927160e-05,-1.473170143e-03,liquid_conductor
1.965545498e-05,-1.473170143e-03,liquid_conductor
2.000000000e-05,-1.473170143e-03,liquid_conductor
2.010805618e-05,-1.473170143e-03,liquid_conductor
2.022595285e-05,-1.473170143e-03,liquid_conductor
2.035459775e-05,-1.473170143e-03,liquid_conductor
2.049498821e-05,-1.473170143e-03,liquid_conductor
2.064826006e-05,-1.473170143e-03,liquid_conductor
2.081535157e-05,-1.473170143e-03,liquid_conductor
2.099777754e-05,-1.473170143e-03,liquid_conductor
2.119689800e-05,-1.473170143e-03,liquid_conductor
2.141410532e-05,-1.473170143e-03,liquid_conductor
2.165116416e-05,-1.473170143e-03,liquid_conductor
2.190983090e-05,-1.473170143e-03,liquid_conductor
2.219208379e-05,-1.473170143e-03,liquid_conductor
2.250020445e-05,-1.473170143e-03,liquid_conductor
2.283635452e-05,-1.473170143e-03,liquid_conductor
2.320312564e-05,-1.473170143e-03,liquid_conductor
2.360338148e-05,-1.473170143e-03,liquid_conductor
2.404015658e-05,-1.473170143e-03,liquid_conductor
2.451665868e-05,-1.473170143e-03,liquid_conductor
2.503676791e-05,-1.473170143e-03,liquid_conductor
2.560437513e-05,-1.473170143e-03,liquid_conductor
2.622369757e-05,-1.473170143e-03,liquid_conductor
2.688064397e-05,-1.473170143e-03,liquid_conductor
2.749373137e-05,-1.473170143e-03,liquid_conductor
2.805529321e-05,-1.473170143e-03,liquid_conductor
2.856987281e-05,-1.473170143e-03,liquid_conductor
2.904145948e-05,-1.473170143e-03,liquid_conductor
2.947368421e-05,-1.473170143e-03,liquid_conductor
2.990868297e-05,-1.473170143e-03,liquid_conductor
3.038341652e-05,-1.473170143e-03,liquid_conductor
3.090184239e-05,-1.473170143e-03,liquid_conductor
3.146778324e-05,-1.473170143e-03,liquid_conductor
3.208581625e-05,-1.473170143e-03,liquid_conductor
3.276073484e-05,-1.473170143e-03,liquid_conductor
3.349724986e-05,-1.473170143e-03,liquid_conductor
3.430131728e-05,-1.473170143e-03,liquid_conductor
3.517965823e-05,-1.473170143e-03,liquid_conductor
3.613813726e-05,-1.473170143e-03,liquid_conductor
3.718507681e-05,-1.473170143e-03,liquid_conductor
3.832780448e-05,-1.473170143e-03,liquid_conductor
3.957561045e-05,-1.473170143e-03,liquid_conductor
4.093854473e-05,-1.473170143e-03,liquid_conductor
4.242542050e-05,-1.473170143e-03,liquid_conductor
4.404956552e-05,-1.473170143e-03,liquid_conductor
4.582227382e-05,-1.473170143e-03,liquid_conductor
4.775808616e-05,-1.473170143e-03,liquid_conductor
4.987178140e-05,-1.473170143e-03,liquid_conductor
5.217920429e-05,-1.473170143e-03,liquid_conductor
5.469866297e-05,-1.473170143e-03,liquid_conductor
5.744905551e-05,-1.473170143e-03,liquid_conductor
6.045387799e-05,-1.473170143e-03,liquid_conductor
6.373271678e-05,-1.473170143e-03,liquid_conductor
6.731217269e-05,-1.473170143e-03,liquid_conductor
7.122108778e-05,-1.473170143e-03,liquid_conductor
7.548786712e-05,-1.473170143e-03,liquid_conductor
8.014712385e-05,-1.473170143e-03,liquid_conductor
8.523466155e-05,-1.473170143e-03,liquid_conductor
9.078843638e-05,-1.473170143e-03,liquid_conductor
9.685525750e-05,-1.473170143e-03,liquid_conductor
1.034758769e-04,-1.473170143e-03,liquid_conductor
1.107020219e-04,-1.473170143e-03,liquid_conductor
1.185948933e-04,-1.473170143e-03,liquid_conductor
1.271212752e-04,-1.473170143e-03,liquid_conductor
1.352404309e-04,-1.473170143e-03,liquid_conductor
1.426794381e-04,-1.473170143e-03,liquid_conductor
1.494903129e-04,-1.473170143e-03,liquid_conductor
1.557277722e-04,-1.473170143e-03,liquid_conductor
1.614435061e-04,-1.473170143e-03,liquid_conductor
1.666778448e-04,-1.473170143e-03,liquid_conductor
1.714708543e-04,-1.473170143e-03,liquid_conductor
1.758610799e-04,-1.473170143e-03,liquid_conductor
1.798823926e-04,-1.473170143e-03,liquid_conductor
1.835651336e-04,-1.473170143e-03,liquid_conductor
1.869383710e-04,-1.473170143e-03,liquid_conductor
1.900294091e-04,-1.473170143e-03,liquid_conductor
1.928581583e-04,-1.473170143e-03,liquid_conductor
1.954511466e-04,-1.473170143e-03,liquid_conductor
1.978250706e-04,-1.473170143e-03,liquid_conductor
2.000000000e-04,-1.473170143e-03,liquid_conductor
2.023073590e-04,-1.473170143e-03,liquid_conductor
2.048262778e-04,-1.473170143e-03,liquid_conductor
2.075787525e-04,-1.473170143e-03,liquid_conductor
2.105843091e-04,-1.473170143e-03,liquid_conductor
2.138679432e-04,-1.473170143e-03,liquid_conductor
2.174546697e-04,-1.473170143e-03,liquid_conductor
2.213724959e-04,-1.473170143e-03,liquid_conductor
2.256503856e-04,-1.473170143e-03,liquid_conductor
2.303242912e-04,-1.473170143e-03,liquid_conductor
2.354283816e-04,-1.473170143e-03,liquid_conductor
2.410037832e-04,-1.473170143e-03,liquid_conductor
2.470936058e-04,-1.473170143e-03,liquid_conductor
2.537446444e-04,-1.473170143e-03,liquid_conductor
2.610133227e-04,-1.473170143e-03,liquid_conductor
2.689484386e-04,-1.473170143e-03,liquid_conductor
2.776157494e-04,-1.473170143e-03,liquid_conductor
2.870851727e-04,-1.473170143e-03,liquid_conductor
2.974263273e-04,-1.473170143e-03,liquid_conductor
3.087203809e-04,-1.473170143e-03,liquid_conductor
3.210579460e-04,-1.473170143e-03,liquid_conductor
3.345353188e-04,-1.473170143e-03,liquid_conductor
3.492615949e-04,-1.473170143e-03,liquid_conductor
3.653317449e-04,-1.473170143e-03,liquid_conductor
3.828930231e-04,-1.473170143e-03,liquid_conductor
4.020809215e-04,-1.473170143e-03,liquid_conductor
4.230318110e-04,-1.473170143e-03,liquid_conductor
4.459114310e-04,-1.473170143e-03,liquid_conductor
4.709074923e-04,-1.473170143e-03,liquid_conductor
4.982272631e-04,-1.473170143e-03,liquid_conductor
5.280468223e-04,-1.473170143e-03,liquid_conductor
5.606176878e-04,-1.473170143e-03,liquid_conductor
5.961968980e-04,-1.473170143e-03,liquid_conductor
6.350512450e-04,-1.473170143e-03,liquid_conductor
6.774964929e-04,-1.473170143e-03,liquid_conductor
7.238672441e-04,-1.473170143e-03,liquid_conductor
7.745057743e-04,-1.473170143e-03,liquid_conductor
8.298365598e-04,-1.473170143e-03,liquid_conductor
8.902404685e-04,-1.473170143e-03,liquid_conductor
9.562452265e-04,-1.473170143e-03,liquid_conductor
1.028315419e-03,-1.473170143e-03,liquid_conductor
1.107064121e-03,-1.473170143e-03,liquid_conductor
1.193057227e-03,-1.473170143e-03,liquid_conductor
1.286983765e-03,-1.473170143e-03,liquid_conductor
1.389582490e-03,-1.473170143e-03,liquid_conductor
1.501687528e-03,-1.473170143e-03,liquid_conductor
1.618967549e-03,-1.473170143e-03,liquid_conductor
1.727165678e-03,-1.473170143e-03,liquid_conductor
1.826235815e-03,-1.473170143e-03,liquid_conductor
1.916950625e-03,-1.473170143e-03,liquid_conductor
2.000000000e-03,-1.473170143e-03,liquid_conductor
2.084216992e-03,-1.473170143e-03,liquid_conductor
2.176355351e-03,-1.473170143e-03,liquid_conductor
2.277029651e-03,-1.473170143e-03,liquid_conductor
2.387173046e-03,-1.473170143e-03,liquid_conductor
2.507591864e-03,-1.473170143e-03,liquid_conductor
2.639278383e-03,-1.473170143e-03,liquid_conductor
2.783299094e-03,-1.473170143e-03,liquid_conductor
2.940767833e-03,-1.473170143e-03,liquid_conductor
3.113009625e-03,-1.473170143e-03,liquid_conductor
3.294047376e-03,-1.473170143e-03,liquid_conductor
3.461380719e-03,-1.473170143e-03,liquid_conductor
3.614426098e-03,-1.473170143e-03,liquid_conductor
3.754355769e-03,-1.473170143e-03,liquid_conductor
3.882298548e-03,-1.473170143e-03,liquid_conductor
3.999310376e-03,-1.473170143e-03,liquid_conductor
4.106334329e-03,-1.473170143e-03,liquid_conductor
4.204204407e-03,-1.473170143e-03,liquid_conductor
4.293671006e-03,-1.473170143e-03,liquid_conductor
4.375489229e-03,-1.473170143e-03,liquid_conductor
4.450318040e-03,-1.473170143e-03,liquid_conductor
4.518738298e-03,-1.473170143e-03,liquid_conductor
4.581289028e-03,-1.473170143e-03,liquid_conductor
4.638507194e-03,-1.473170143e-03,liquid_conductor
4.690810594e-03,-1.473170143e-03,liquid_conductor
4.738672595e-03,-1.473170143e-03,liquid_conductor
4.782423733e-03,-1.473170143e-03,liquid_conductor
4.822423892e-03,-1.473170143e-03,liquid_conductor
4.859011717e-03,-1.473170143e-03,liquid_conductor
4.892455390e-03,-1.473170143e-03,liquid_conductor
4.923050450e-03,-1.473170143e-03,liquid_conductor
4.951016246e-03,-1.473170143e-03,liquid_conductor
4.976608707e-03,-1.473170143e-03,liquid_conductor
5.000000000e-03,-1.473170143e-03,liquid_conductor
0.000000000e+00,-1.379013950e-03,liquid_conductor
2.253927972e-07,-1.379013950e-03,liquid_conductor
4.710108625e-07,-1.379013950e-03,liquid_conductor
7.388114821e-07,-1.379013950e-03,liquid_conductor
1.030777353e-06,-1.379013950e-03,liquid_conductor
1.349134956e-06,-1.379013950e-03,liquid_conductor
1.696071563e-06,-1.379013950e-03,liquid_conductor
2.065284294e-06,-1.379013950e-03,liquid_conductor
2.411371865e-06,-1.379013950e-03,liquid_conductor
2.728827367e-06,-1.379013950e-03,liquid_conductor
3.019944202e-06,-1.379013950e-03,liquid_conductor
3.287031469e-06,-1.379013950e-03,liquid_conductor
3.531983203e-06,-1.379013950e-03,liquid_conductor
3.756739224e-06,-1.379013950e-03,liquid_conductor
3.962851098e-06,-1.379013950e-03,liquid_conductor
4.151964219e-06,-1.379013950e-03,liquid_conductor
4.325432522e-06,-1.379013950e-03,liquid_conductor
4.484611324e-06,-1.379013950e-03,liquid_conductor
4.630594259e-06,-1.379013950e-03,liquid_conductor
4.764494569e-06,-1.379013950e-03,liquid_conductor
4.887303601e-06,-1.379013950e-03,liquid_conductor
5.000000000e-06,-1.379013950e-03,liquid_conductor
5.344545024e-06,-1.379013950e-03,liquid_conductor
5.720728404e-06,-1.379013950e-03,liquid_conductor
6.131424688e-06,-1.379013950e-03,liquid_conductor
6.579792067e-06,-1.379013950e-03,liquid_conductor
7.069682790e-06,-1.379013950e-03,liquid_conductor
7.604221304e-06,-1.379013950e-03,liquid_conductor
8.187924336e-06,-1.379013950e-03,liquid_conductor
8.825326016e-06,-1.379013950e-03,liquid_conductor
9.521221193e-06,-1.379013950e-03,liquid_conductor
1.028089317e-05,-1.379013950e-03,liquid_conductor
1.111056343e-05,-1.379013950e-03,liquid_conductor
1.201639249e-05,-1.379013950e-03,liquid_conductor
1.298360751e-05,-1.379013950e-03,liquid_conductor
1.388943657e-05,-1.379013950e-03,liquid_conductor
1.471910683e-05,-1.379013950e-03,liquid_conductor
1.547877881e-05,-1.379013950e-03,liquid_conductor
1.617467398e-05,-1.379013950e-03,liquid_conductor
1.681207566e-05,-1.379013950e-03,liquid_conductor
1.739577870e-05,-1.379013950e-03,liquid_conductor
1.793031721e-05,-1.379013950e-03,liquid_conductor
1.842020793e-05,-1.379013950e-03,liquid_conductor
1.886857531e-05,-1.379013950e-03,liquid_conductor
1.927927160e-05,-1.379013950e-03,liquid_conductor
1.965545498e-05,-1.379013950e-03,liquid_conductor
2.000000000e-05,-1.379013950e-03,liquid_conductor
2.010805618e-05,-1.379013950e-03,liquid_conductor
2.022595285e-05,-1.379013950e-03,liquid_conductor
2.035459775e-05,-1.379013950e-03,liquid_conductor
2.049498821e-05,-1.379013950e-03,liquid_conductor
2.064826006e-05,-1.379013950e-03,liquid_conductor
2.081535157e-05,-1.379013950e-03,liquid_conductor
2.099777754e-05,-1.379013950e-03,liquid_conductor
2.119689800e-05,-1.379013950e-03,liquid_conductor
2.141410532e-05,-1.379013950e-03,liquid_conductor
2.165116416e-05,-1.379013950e-03,liquid_conductor
2.190983090e-05,-1.379013950e-03,liquid_conductor
2.219208379e-05,-1.379013950e-03,liquid_conductor
2.250020445e-05,-1.379013950e-03,liquid_conductor
2.283635452e-05,-1.379013950e-03,liquid_conductor
2.320312564e-05,-1.379013950e-03,liquid_conductor
2.360338148e-05,-1.379013950e-03,liquid_conductor
2.404015658e-05,-1.379013950e-03,liquid_conductor
2.451665868e-05,-1.379013950e-03,liquid_conductor
2.503676791e-05,-1.379013950e-03,liquid_conductor
2.560437513e-05,-1.379013950e-03,liquid_conductor
2.622369757e-05,-1.379013950e-03,liquid_conductor
2.688064397e-05,-1.379013950e-03,liquid_conductor
2.749373137e-05,-1.379013950e-03,liquid_conductor
2.805529321e-05,-1.379013950e-03,liquid_conductor
2.856987281e-05,-1.379013950e-03,liquid_conductor
2.904145948e-05,-1.379013950e-03,liquid_conductor
2.947368421e-05,-1.379013950e-03,liquid_conductor
2.990868297e-05,-1.379013950e-03,liquid_conductor
3.038341652e-05,-1.379013950e-03,liquid_conductor
3.090184239e-05,-1.379013950e-03,liquid_conductor
3.146778324e-05,-1.379013950e-03,liquid_conductor
3.208581625e-05,-1.379013950e-03,liquid_conductor
3.276073484e-05,-1.379013950e-03,liquid_conductor
3.349724986e-05,-1.379013950e-03,liquid_conductor
3.430131728e-05,-1.379013950e-03,liquid_conductor
3.517965823e-05,-1.379013950e-03,liquid_conductor
3.613813726e-05,-1.379013950e-03,liquid_conductor
3.718507681e-05,-1.379013950e-03,liquid_conductor
3.832780448e-05,-1.379013950e-03,liquid_conductor
3.957561045e-05,-1.379013950e-03,liquid_conductor
4.093854473e-05,-1.379013950e-03,liquid_conductor
4.242542050e-05,-1.379013950e-03,liquid_conductor
4.404956552e-05,-1.379013950e-03,liquid_conductor
4.582227382e-05,-1.379013950e-03,liquid_conductor
4.775808616e-05,-1.379013950e-03,liquid_conductor
4.987178140e-05,-1.379013950e-03,liquid_conductor
5.217920429e-05,-1.379013950e-03,liquid_conductor
5.469866297e-05,-1.379013950e-03,liquid_conductor
5.744905551e-05,-1.379013950e-03,liquid_conductor
6.045387799e-05,-1.379013950e-03,liquid_conductor
6.373271678e-05,-1.379013950e-03,liquid_conductor
6.731217269e-05,-1.379013950e-03,liquid_conductor
7.122108778e-05,-1.379013950e-03,liquid_conductor
7.548786712e-05,-1.379013950e-03,liquid_conductor
8.014712385e-05,-1.379013950e-03,liquid_conductor
8.523466155e-05,-1.379013950e-03,liquid_conductor
9.078843638e-05,-1.379013950e-03,liquid_conductor
9.685525750e-05,-1.379013950e-03,liquid_conductor
1.034758769e-04,-1.379013950e-03,liquid_conductor
1.107020219e-04,-1.379013950e-03,liquid_conductor
1.185948933e-04,-1.379013950e-03,liquid_conductor
1.271212752e-04,-1.379013950e-03,liquid_conductor
1.352404309e-04,-1.379013950e-03,liquid_conductor
1.426794381e-04,-1.379013950e-03,liquid_conductor
1.494903129e-04,-1.379013950e-03,liquid_conductor
1.557277722e-04,-1.379013950e-03,liquid_conductor
1.614435061e-04,-1.379013950e-03,liquid_conductor
1.666778448e-04,-1.379013950e-03,liquid_conductor
1.714708543e-04,-1.379013950e-03,liquid_conductor
1.758610799e-04,-1.379013950e-03,liquid_conductor
1.798823926e-04,-1.379013950e-03,liquid_conductor
1.835651336e-04,-1.379013950e-03,liquid_conductor
1.869383710e-04,-1.379013950e-03,liquid_conductor
1.900294091e-04,-1.379013950e-03,liquid_conductor
1.928581583e-04,-1.379013950e-03,liquid_conductor
1.954511466e-04,-1.379013950e-03,liquid_conductor
1.978250706e-04,-1.379013950e-03,liquid_conductor
2.000000000e-04,-1.379013950e-03,liquid_conductor
2.023073590e-04,-1.379013950e-03,liquid_conductor
2.048262778e-04,-1.379013950e-03,liquid_conductor
2.075787525e-04,-1.379013950e-03,liquid_conductor
2.105843091e-04,-1.379013950e-03,liquid_conductor
2.138679432e-04,-1.379013950e-03,liquid_conductor
2.174546697e-04,-1.379013950e-03,liquid_conductor
2.213724959e-04,-1.379013950e-03,liquid_conductor
2.256503856e-04,-1.379013950e-03,liquid_conductor
2.303242912e-04,-1.379013950e-03,liquid_conductor
2.354283816e-04,-1.379013950e-03,liquid_conductor
2.410037832e-04,-1.379013950e-03,liquid_conductor
2.470936058e-04,-1.379013950e-03,liquid_conductor
2.537446444e-04,-1.379013950e-03,liquid_conductor
2.610133227e-04,-1.379013950e-03,liquid_conductor
2.689484386e-04,-1.379013950e-03,liquid_conductor
2.776157494e-04,-1.379013950e-03,liquid_conductor
2.870851727e-04,-1.379013950e-03,liquid_conductor
2.974263273e-04,-1.379013950e-03,liquid_conductor
3.087203809e-04,-1.379013950e-03,liquid_conductor
3.210579460e-04,-1.379013950e-03,liquid_conductor
3.345353188e-04,-1.379013950e-03,liquid_conductor
3.492615949e-04,-1.379013950e-03,liquid_conductor
3.653317449e-04,-1.379013950e-03,liquid_conductor
3.828930231e-04,-1.379013950e-03,liquid_conductor
4.020809215e-04,-1.379013950e-03,liquid_conductor
4.230318110e-04,-1.379013950e-03,liquid_conductor
4.459114310e-04,-1.379013950e-03,liquid_conductor
4.709074923e-04,-1.379013950e-03,liquid_conductor
4.982272631e-04,-1.379013950e-03,liquid_conductor
5.280468223e-04,-1.379013950e-03,liquid_conductor
5.606176878e-04,-1.379013950e-03,liquid_conductor
5.961968980e-04,-1.379013950e-03,liquid_conductor
6.350512450e-04,-1.379013950e-03,liquid_conductor
6.774964929e-04,-1.379013950e-03,liquid_conductor
7.238672441e-04,-1.379013950e-03,liquid_conductor
7.745057743e-04,-1.379013950e-03,liquid_conductor
8.298365598e-04,-1.379013950e-03,liquid_conductor
8.902404685e-04,-1.379013950e-03,liquid_conductor
9.562452265e-04,-1.379013950e-03,liquid_conductor
1.028315419e-03,-1.379013950e-03,liquid_conductor
1.107064121e-03,-1.379013950e-03,liquid_conductor
1.193057227e-03,-1.379013950e-03,liquid_conductor
1.286983765e-03,-1.379013950e-03,liquid_conductor
1.389582490e-03,-1.379013950e-03,liquid_conductor
1.501687528e-03,-1.379013950e-03,liquid_conductor
1.618967549e-03,-1.379013950e-03,liquid_conductor
1.727165678e-03,-1.379013950e-03,liquid_conductor
1.826235815e-03,-1.379013950e-03,liquid_conductor
1.916950625e-03,-1.379013950e-03,liquid_conductor
2.000000000e-03,-1.379013950e-03,liquid_conductor
2.084216992e-03,-1.379013950e-03,liquid_conductor
2.176355351e-03,-1.379013950e-03,liquid_conductor
2.277029651e-03,-1.379013950e-03,liquid_conductor
2.387173046e-03,-1.379013950e-03,liquid_conductor
2.507591864e-03,-1.379013950e-03,liquid_conductor
2.639278383e-03,-1.379013950e-03,liquid_conductor
2.783299094e-03,-1.379013950e-03,liquid_conductor
2.940767833e-03,-1.379013950e-03,liquid_conductor
3.113009625e-03,-1.379013950e-03,liquid_conductor
3.294047376e-03,-1.379013950e-03,liquid_conductor
3.461380719e-03,-1.379013950e-03,liquid_conductor
3.614426098e-03,-1.379013950e-03,liquid_conductor
3.754355769e-03,-1.379013950e-03,liquid_conductor
3.882298548e-03,-1.379013950e-03,liquid_conductor
3.999310376e-03,-1.379013950e-03,liquid_conductor
4.106334329e-03,-1.379013950e-03,liquid_conductor
4.204204407e-03,-1.379013950e-03,liquid_conductor
4.293671006e-03,-1.379013950e-03,liquid_conductor
4.375489229e-03,-1.379013950e-03,liquid_conductor
4.450318040e-03,-1.379013950e-03,liquid_conductor
4.518738298e-03,-1.379013950e-03,liquid_conductor
4.581289028e-03,-1.379013950e-03,liquid_conductor
4.638507194e-03,-1.379013950e-03,liquid_conductor
4.690810594e-03,-1.379013950e-03,liquid_conductor
4.738672595e-03,-1.379013950e-03,liquid_conductor
4.782423733e-03,-1.379013950e-03,liquid_conductor
4.822423892e-03,-1.379013950e-03,liquid_conductor
4.859011717e-03,-1.379013950e-03,liquid_conductor
4.892455390e-03,-1.379013950e-03,liquid_conductor
4.923050450e-03,-1.379013950e-03,liquid_conductor
4.951016246e-03,-1.379013950e-03,liquid_conductor
4.976608707e-03,-1.379013950e-03,liquid_conductor
5.000000000e-03,-1.379013950e-03,liquid_conductor
0.000000000e+00,-1.292818255e-03,liquid_conductor
2.253927972e-07,-1.292818255e-03,liquid_conductor
4.710108625e-07,-1.292818255e-03,liquid_conductor
7.388114821e-07,-1.292818255e-03,liquid_conductor
1.030777353e-06,-1.292818255e-03,liquid_conductor
1.349134956e-06,-1.292818255e-03,liquid_conductor
1.696071563e-06,-1.292818255e-03,liquid_conductor
2.065284294e-06,-1.292818255e-03,liquid_conductor
2.411371865e-06,-1.292818255e-03,liquid_conductor
2.728827367e-06,-1.292818255e-03,liquid_conductor
3.019944202e-06,-1.292818255e-03,liquid_conductor
3.287031469e-06,-1.292818255e-03,liquid_conductor
3.531983203e-06,-1.292818255e-03,liquid_conductor
3.756739224e-06,-1.292818255e-03,liquid_conductor
3.962851098e-06,-1.292818255e-03,liquid_conductor
4.151964219e-06,-1.292818255e-03,liquid_conductor
4.325432522e-06,-1.292818255e-03,liquid_conductor
4.484611324e-06,-1.292818255e-03,liquid_conductor
4.630594259e-06,-1.292818255e-03,liquid_conductor
4.764494569e-06,-1.292818255e-03,liquid_conductor
4.887303601e-06,-1.292818255e-03,liquid_conductor
5.000000000e-06,-1.292818255e-03,liquid_conductor
5.344545024e-06,-1.292818255e-03,liquid_conductor
5.720728404e-06,-1.292818255e-03,liquid_conductor
6.131424688e-06,-1.292818255e-03,liquid_conductor
6.579792067e-06,-1.292818255e-03,liquid_conductor
7.069682790e-06,-1.292818255e-03,liquid_conductor
7.604221304e-06,-1.292818255e-03,liquid_conductor
8.187924336e-06,-1.292818255e-03,liquid_conductor
8.825326016e-06,-1.292818255e-03,liquid_conductor
9.521221193e-06,-1.292818255e-03,liquid_conductor
1.028089317e-05,-1.292818255e-03,liquid_conductor
1.111056343e-05,-1.292818255e-03,liquid_conductor
1.201639249e-05,-1.292818255e-03,liquid_conductor
1.298360751e-05,-1.292818255e-03,liquid_conductor
1.388943657e-05,-1.292818255e-03,liquid_conductor
1.471910683e-05,-1.292818255e-03,liquid_conductor
1.547877881e-05,-1.292818255e-03,liquid_conductor
1.617467398e-05,-1.292818255e-03,liquid_conductor
1.681207566e-05,-1.292818255e-03,liquid_conductor
1.739577870e-05,-1.292818255e-03,liquid_conductor
1.793031721e-05,-1.292818255e-03,liquid_conductor
1.842020793e-05,-1.292818255e-03,liquid_conductor
1.886857531e-05,-1.292818255e-03,liquid_conductor
1.927927160e-05,-1.292818255e-03,liquid_conductor
1.965545498e-05,-1.292818255e-03,liquid_conductor
2.000000000e-05,-1.292818255e-03,liquid_conductor
2.010805618e-05,-1.292818255e-03,liquid_conductor
2.022595285e-05,-1.292818255e-03,liquid_conductor
2.035459775e-05,-1.292818255e-03,liquid_conductor
2.049498821e-05,-1.292818255e-03,liquid_conductor
2.064826006e-05,-1.292818255e-03,liquid_conductor
2.081535157e-05,-1.292818255e-03,liquid_conductor
2.099777754e-05,-1.292818255e-03,liquid_conductor
2.119689800e-05,-1.292818255e-03,liquid_conductor
2.141410532e-05,-1.292818255e-03,liquid_conductor
2.165116416e-05,-1.292818255e-03,liquid_conductor
2.190983090e-05,-1.292818255e-03,liquid_conductor
2.219208379e-05,-1.292818255e-03,liquid_conductor
2.250020445e-05,-1.292818255e-03,liquid_conductor
2.283635452e-05,-1.292818255e-03,liquid_conductor
2.320312564e-05,-1.292818255e-03,liquid_conductor
2.360338148e-05,-1.292818255e-03,liquid_conductor
2.404015658e-05,-1.292818255e-03,liquid_conductor
2.451665868e-05,-1.292818255e-03,liquid_conductor
2.503676791e-05,-1.292818255e-03,liquid_conductor
2.560437513e-05,-1.292818255e-03,liquid_conductor
2.622369757e-05,-1.292818255e-03,liquid_conductor
2.688064397e-05,-1.292818255e-03,liquid_conductor
2.749373137e-05,-1.292818255e-03,liquid_conductor
2.805529321e-05,-1.292818255e-03,liquid_conductor
2.856987281e-05,-1.292818255e-03,liquid_conductor
2.904145948e-05,-1.292818255e-03,liquid_conductor
2.947368421e-05,-1.292818255e-03,liquid_conductor
2.990868297e-05,-1.292818255e-03,liquid_conductor
3.038341652e-05,-1.292818255e-03,liquid_conductor
3.090184239e-05,-1.292818255e-03,liquid_conductor
3.146778324e-05,-1.292818255e-03,liquid_conductor
3.208581625e-05,-1.292818255e-03,liquid_conductor
3.276073484e-05,-1.292818255e-03,liquid_conductor
3.349724986e-05,-1.292818255e-03,liquid_conductor
3.430131728e-05,-1.292818255e-03,liquid_conductor
3.517965823e-05,-1.292818255e-03,liquid_conductor
3.613813726e-05,-1.292818255e-03,liquid_conductor
3.718507681e-05,-1.292818255e-03,liquid_conductor
3.832780448e-05,-1.292818255e-03,liquid_conductor
3.957561045e-05,-1.292818255e-03,liquid_conductor
4.093854473e-05,-1.292818255e-03,liquid_conductor
4.242542050e-05,-1.292818255e-03,liquid_conductor
4.404956552e-05,-1.292818255e-03,liquid_conductor
4.582227382e-05,-1.292818255e-03,liquid_conductor
4.775808616e-05,-1.292818255e-03,liquid_conductor
4.987178140e-05,-1.292818255e-03,liquid_conductor
5.217920429e-05,-1.292818255e-03,liquid_conductor
5.469866297e-05,-1.292818255e-03,liquid_conductor
5.744905551e-05,-1.292818255e-03,liquid_conductor
6.045387799e-05,-1.292818255e-03,liquid_conductor
6.373271678e-05,-1.292818255e-03,liquid_conductor
6.731217269e-05,-1.292818255e-03,liquid_conductor
7.122108778e-05,-1.292818255e-03,liquid_conductor
7.548786712e-05,-1.292818255e-03,liquid_conductor
8.014712385e-05,-1.292818255e-03,liquid_conductor
8.523466155e-05,-1.292818255e-03,liquid_conductor
9.078843638e-05,-1.292818255e-03,liquid_conductor
9.685525750e-05,-1.292818255e-03,liquid_conductor
1.034758769e-04,-1.292818255e-03,liquid_conductor
1.107020219e-04,-1.292818255e-03,liquid_conductor
1.185948933e-04,-1.292818255e-03,liquid_conductor
1.271212752e-04,-1.292818255e-03,liquid_conductor
1.352404309e-04,-1.292818255e-03,liquid_conductor
1.426794381e-04,-1.292818255e-03,liquid_conductor
1.494903129e-04,-1.292818255e-03,liquid_conductor
1.557277722e-04,-1.292818255e-03,liquid_conductor
1.614435061e-04,-1.292818255e-03,liquid_conductor
1.666778448e-04,-1.292818255e-03,liquid_conductor
1.714708543e-04,-1.292818255e-03,liquid_conductor
1.758610799e-04,-1.292818255e-03,liquid_conductor
1.798823926e-04,-1.292818255e-03,liquid_conductor
1.835651336e-04,-1.292818255e-03,liquid_conductor
1.869383710e-04,-1.292818255e-03,liquid_conductor
1.900294091e-04,-1.292818255e-03,liquid_conductor
1.928581583e-04,-1.292818255e-03,liquid_conductor
1.954511466e-04,-1.292818255e-03,liquid_conductor
1.978250706e-04,-1.292818255e-03,liquid_conductor
2.000000000e-04,-1.292818255e-03,liquid_conductor
2.023073590e-04,-1.292818255e-03,liquid_conductor
2.048262778e-04,-1.292818255e-03,liquid_conductor
2.075787525e-04,-1.292818255e-03,liquid_conductor
2.105843091e-04,-1.292818255e-03,liquid_conductor
2.138679432e-04,-1.292818255e-03,liquid_conductor
2.174546697e-04,-1.292818255e-03,liquid_conductor
2.213724959e-04,-1.292818255e-03,liquid_conductor
2.256503856e-04,-1.292818255e-03,liquid_conductor
2.303242912e-04,-1.292818255e-03,liquid_conductor
2.354283816e-04,-1.292818255e-03,liquid_conductor
2.410037832e-04,-1.292818255e-03,liquid_conductor
2.470936058e-04,-1.292818255e-03,liquid_conductor
2.537446444e-04,-1.292818255e-03,liquid_conductor
2.610133227e-04,-1.292818255e-03,liquid_conductor
2.689484386e-04,-1.292818255e-03,liquid_conductor
2.776157494e-04,-1.292818255e-03,liquid_conductor
2.870851727e-04,-1.292818255e-03,liquid_conductor
2.974263273e-04,-1.292818255e-03,liquid_conductor
3.087203809e-04,-1.292818255e-03,liquid_conductor
3.210579460e-04,-1.292818255e-03,liquid_conductor
3.345353188e-04,-1.292818255e-03,liquid_conductor
3.492615949e-04,-1.292818255e-03,liquid_conductor
3.653317449e-04,-1.292818255e-03,liquid_conductor
3.828930231e-04,-1.292818255e-03,liquid_conductor
4.020809215e-04,-1.292818255e-03,liquid_conductor
4.230318110e-04,-1.292818255e-03,liquid_conductor
4.459114310e-04,-1.292818255e-03,liquid_conductor
4.709074923e-04,-1.292818255e-03,liquid_conductor
4.982272631e-04,-1.292818255e-03,liquid_conductor
5.280468223e-04,-1.292818255e-03,liquid_conductor
5.606176878e-04,-1.292818255e-03,liquid_conductor
5.961968980e-04,-1.292818255e-03,liquid_conductor
6.350512450e-04,-1.292818255e-03,liquid_conductor
6.774964929e-04,-1.292818255e-03,liquid_conductor
7.238672441e-04,-1.292818255e-03,liquid_conductor
7.745057743e-04,-1.292818255e-03,liquid_conductor
8.298365598e-04,-1.292818255e-03,liquid_conductor
8.902404685e-04,-1.292818255e-03,liquid_conductor
9.562452265e-04,-1.292818255e-03,liquid_conductor
1.028315419e-03,-1.292818255e-03,liquid_conductor
1.107064121e-03,-1.292818255e-03,liquid_conductor
1.193057227e-03,-1.292818255e-03,liquid_conductor
1.286983765e-03,-1.292818255e-03,liquid_conductor
1.389582490e-03,-1.292818255e-03,liquid_conductor
1.501687528e-03,-1.292818255e-03,liquid_conductor
1.618967549e-03,-1.292818255e-03,liquid_conductor
1.727165678e-03,-1.292818255e-03,liquid_conductor
1.826235815e-03,-1.292818255e-03,liquid_conductor
1.916950625e-03,-1.292818255e-03,liquid_conductor
2.000000000e-03,-1.292818255e-03,liquid_conductor
2.084216992e-03,-1.292818255e-03,liquid_conductor
2.176355351e-03,-1.292818255e-03,liquid_conductor
2.277029651e-03,-1.292818255e-03,liquid_conductor
2.387173046e-03,-1.292818255e-03,liquid_conductor
2.507591864e-03,-1.292818255e-03,liquid_conductor
2.639278383e-03,-1.292818255e-03,liquid_conductor
2.783299094e-03,-1.292818255e-03,liquid_conductor
2.940767833e-03,-1.292818255e-03,liquid_conductor
3.113009625e-03,-1.292818255e-03,liquid_conductor
3.294047376e-03,-1.292818255e-03,liquid_conductor
3.461380719e-03,-1.292818255e-03,liquid_conductor
3.614426098e-03,-1.292818255e-03,liquid_conductor
3.754355769e-03,-1.292818255e-03,liquid_conductor
3.882298548e-03,-1.292818255e-03,liquid_conductor
3.999310376e-03,-1.292818255e-03,liquid_conductor
4.106334329e-03,-1.292818255e-03,liquid_conductor
4.204204407e-03,-1.292818255e-03,liquid_conductor
4.293671006e-03,-1.292818255e-03,liquid_conductor
4.375489229e-03,-1.292818255e-03,liquid_conductor
4.450318040e-03,-1.292818255e-03,liquid_conductor
4.518738298e-03,-1.292818255e-03,liquid_conductor
4.581289028e-03,-1.292818255e-03,liquid_conductor
4.638507194e-03,-1.292818255e-03,liquid_conductor
4.690810594e-03,-1.292818255e-03,liquid_conductor
4.738672595e-03,-1.292818255e-03,liquid_conductor
4.782423733e-03,-1.292818255e-03,liquid_conductor
4.822423892e-03,-1.292818255e-03,liquid_conductor
4.859011717e-03,-1.292818255e-03,liquid_conductor
4.892455390e-03,-1.292818255e-03,liquid_conductor
4.923050450e-03,-1.292818255e-03,liquid_conductor
4.951016246e-03,-1.292818255e-03,liquid_conductor
4.976608707e-03,-1.292818255e-03,liquid_conductor
5.000000000e-03,-1.292818255e-03,liquid_conductor
0.000000000e+00,-1.213758706e-03,liquid_conductor
2.253927972e-07,-1.213758706e-03,liquid_conductor
4.710108625e-07,-1.213758706e-03,liquid_conductor
7.388114821e-07,-1.213758706e-03,liquid_conductor
1.030777353e-06,-1.213758706e-03,liquid_conductor
1.349134956e-06,-1.213758706e-03,liquid_conductor
1.696071563e-06,-1.213758706e-03,liquid_conductor
2.065284294e-06,-1.213758706e-03,liquid_conductor
2.411371865e-06,-1.213758706e-03,liquid_conductor
2.728827367e-06,-1.213758706e-03,liquid_conductor
3.019944202e-06,-1.213758706e-03,liquid_conductor
3.287031469e-06,-1.213758706e-03,liquid_conductor
3.531983203e-06,-1.213758706e-03,liquid_conductor
3.756739224e-06,-1.213758706e-03,liquid_conductor
3.962851098e-06,-1.213758706e-03,liquid_conductor
4.151964219e-06,-1.213758706e-03,liquid_conductor
4.325432522e-06,-1.213758706e-03,liquid_conductor
4.484611324e-06,-1.213758706e-03,liquid_conductor
4.630594259e-06,-1.213758706e-03,liquid_conductor
4.764494569e-06,-1.213758706e-03,liquid_conductor
4.887303601e-06,-1.213758706e-03,liquid_conductor
5.000000000e-06,-1.213758706e-03,liquid_conductor
5.344545024e-06,-1.213758706e-03,liquid_conductor
5.720728404e-06,-1.213758706e-03,liquid_conductor
6.131424688e-06,-1.213758706e-03,liquid_conductor
6.579792067e-06,-1.213758706e-03,liquid_conductor
7.069682790e-06,-1.213758706e-03,liquid_conductor
7.604221304e-06,-1.213758706e-03,liquid_conductor
8.187924336e-06,-1.213758706e-03,liquid_conductor
8.825326016e-06,-1.213758706e-03,liquid_conductor
9.521221193e-06,-1.213758706e-03,liquid_conductor
1.028089317e-05,-1.213758706e-03,liquid_conductor
1.111056343e-05,-1.213758706e-03,liquid_conductor
1.201639249e-05,-1.213758706e-03,liquid_conductor
1.298360751e-05,-1.213758706e-03,liquid_conductor
1.388943657e-05,-1.213758706e-03,liquid_conductor
1.471910683e-05,-1.213758706e-03,liquid_conductor
1.547877881e-05,-1.213758706e-03,liquid_conductor
1.617467398e-05,-1.213758706e-03,liquid_conductor
1.681207566e-05,-1.213758706e-03,liquid_conductor
1.739577870e-05,-1.213758706e-03,liquid_conductor
1.793031721e-05,-1.213758706e-03,liquid_conductor
1.842020793e-05,-1.213758706e-03,liquid_conductor
1.886857531e-05,-1.213758706e-03,liquid_conductor
1.927927160e-05,-1.213758706e-03,liquid_conductor
1.965545498e-05,-1.213758706e-03,liquid_conductor
2.000000000e-05,-1.213758706e-03,liquid_conductor
2.010805618e-05,-1.213758706e-03,liquid_conductor
2.022595285e-05,-1.213758706e-03,liquid_conductor
2.035459775e-05,-1.213758706e-03,liquid_conductor
2.049498821e-05,-1.213758706e-03,liquid_conductor
2.064826006e-05,-1.213758706e-03,liquid_conductor
2.081535157e-05,-1.213758706e-03,liquid_conductor
2.099777754e-05,-1.213758706e-03,liquid_conductor
2.119689800e-05,-1.213758706e-03,liquid_conductor
2.141410532e-05,-1.213758706e-03,liquid_conductor
2.165116416e-05,-1.213758706e-03,liquid_conductor
2.190983090e-05,-1.213758706e-03,liquid_conductor
2.219208379e-05,-1.213758706e-03,liquid_conductor
2.250020445e-05,-1.213758706e-03,liquid_conductor
2.283635452e-05,-1.213758706e-03,liquid_conductor
2.320312564e-05,-1.213758706e-03,liquid_conductor
2.360338148e-05,-1.213758706e-03,liquid_conductor
2.404015658e-05,-1.213758706e-03,liquid_conductor
2.451665868e-05,-1.213758706e-03,liquid_conductor
2.503676791e-05,-1.213758706e-03,liquid_conductor
2.560437513e-05,-1.213758706e-03,liquid_conductor
2.622369757e-05,-1.213758706e-03,liquid_conductor
2.688064397e-05,-1.213758706e-03,liquid_conductor
2.749373137e-05,-1.213758706e-03,liquid_conductor
2.805529321e-05,-1.213758706e-03,liquid_conductor
2.856987281e-05,-1.213758706e-03,liquid_conductor
2.904145948e-05,-1.213758706e-03,liquid_conductor
2.947368421e-05,-1.213758706e-03,liquid_conductor
2.990868297e-05,-1.213758706e-03,liquid_conductor
3.038341652e-05,-1.213758706e-03,liquid_conductor
3.090184239e-05,-1.213758706e-03,liquid_conductor
3.146778324e-05,-1.213758706e-03,liquid_conductor
3.208581625e-05,-1.213758706e-03,liquid_conductor
3.276073484e-05,-1.213758706e-03,liquid_conductor
3.349724986e-05,-1.213758706e-03,liquid_conductor
3.430131728e-05,-1.213758706e-03,liquid_conductor
3.517965823e-05,-1.213758706e-03,liquid_conductor
3.613813726e-05,-1.213758706e-03,liquid_conductor
3.718507681e-05,-1.213758706e-03,liquid_conductor
3.832780448e-05,-1.213758706e-03,liquid_conductor
3.957561045e-05,-1.213758706e-03,liquid_conductor
4.093854473e-05,-1.213758706e-03,liquid_conductor
4.242542050e-05,-1.213758706e-03,liquid_conductor
4.404956552e-05,-1.213758706e-03,liquid_conductor
4.582227382e-05,-1.213758706e-03,liquid_conductor
4.775808616e-05,-1.213758706e-03,liquid_conductor
4.987178140e-05,-1.213758706e-03,liquid_conductor
5.217920429e-05,-1.213758706e-03,liquid_conductor
5.469866297e-05,-1.213758706e-03,liquid_conductor
5.744905551e-05,-1.213758706e-03,liquid_conductor
6.045387799e-05,-1.213758706e-03,liquid_conductor
6.373271678e-05,-1.213758706e-03,liquid_conductor
6.731217269e-05,-1.213758706e-03,liquid_conductor
7.122108778e-05,-1.213758706e-03,liquid_conductor
7.548786712e-05,-1.213758706e-03,liquid_conductor
8.014712385e-05,-1.213758706e-03,liquid_conductor
8.523466155e-05,-1.213758706e-03,liquid_conductor
9.078843638e-05,-1.213758706e-03,liquid_conductor
9.685525750e-05,-1.213758706e-03,liquid_conductor
1.034758769e-04,-1.213758706e-03,liquid_conductor
1.107020219e-04,-1.213758706e-03,liquid_conductor
1.185948933e-04,-1.213758706e-03,liquid_conductor
1.271212752e-04,-1.213758706e-03,liquid_conductor
1.352404309e-04,-1.213758706e-03,liquid_conductor
1.426794381e-04,-1.213758706e-03,liquid_conductor
1.494903129e-04,-1.213758706e-03,liquid_conductor
1.557277722e-04,-1.213758706e-03,liquid_conductor
1.614435061e-04,-1.213758706e-03,liquid_conductor
1.666778448e-04,-1.213758706e-03,liquid_conductor
1.714708543e-04,-1.213758706e-03,liquid_conductor
1.758610799e-04,-1.213758706e-03,liquid_conductor
1.798823926e-04,-1.213758706e-03,liquid_conductor
1.835651336e-04,-1.213758706e-03,liquid_conductor
1.869383710e-04,-1.213758706e-03,liquid_conductor
1.900294091e-04,-1.213758706e-03,liquid_conductor
1.928581583e-04,-1.213758706e-03,liquid_conductor
1.954511466e-04,-1.213758706e-03,liquid_conductor
1.978250706e-04,-1.213758706e-03,liquid_conductor
2.000000000e-04,-1.213758706e-03,liquid_conductor
2.023073590e-04,-1.213758706e-03,liquid_conductor
2.048262778e-04,-1.213758706e-03,liquid_conductor
2.075787525e-04,-1.213758706e-03,liquid_conductor
2.105843091e-04,-1.213758706e-03,liquid_conductor
2.138679432e-04,-1.213758706e-03,liquid_conductor
2.174546697e-04,-1.213758706e-03,liquid_conductor
2.213724959e-04,-1.213758706e-03,liquid_conductor
2.256503856e-04,-1.213758706e-03,liquid_conductor
2.303242912e-04,-1.213758706e-03,liquid_conductor
2.354283816e-04,-1.213758706e-03,liquid_conductor
2.410037832e-04,-1.213758706e-03,liquid_conductor
2.470936058e-04,-1.213758706e-03,liquid_conductor
2.537446444e-04,-1.213758706e-03,liquid_conductor
2.610133227e-04,-1.213758706e-03,liquid_conductor
2.689484386e-04,-1.213758706e-03,liquid_conductor
2.776157494e-04,-1.213758706e-03,liquid_conductor
2.870851727e-04,-1.213758706e-03,liquid_conductor
2.974263273e-04,-1.213758706e-03,liquid_conductor
3.087203809e-04,-1.213758706e-03,liquid_conductor
3.210579460e-04,-1.213758706e-03,liquid_conductor
3.345353188e-04,-1.213758706e-03,liquid_conductor
3.492615949e-04,-1.213758706e-03,liquid_conductor
3.653317449e-04,-1.213758706e-03,liquid_conductor
3.828930231e-04,-1.213758706e-03,liquid_conductor
4.020809215e-04,-1.213758706e-03,liquid_conductor
4.230318110e-04,-1.213758706e-03,liquid_conductor
4.459114310e-04,-1.213758706e-03,liquid_conductor
4.709074923e-04,-1.213758706e-03,liquid_conductor
4.982272631e-04,-1.213758706e-03,liquid_conductor
5.280468223e-04,-1.213758706e-03,liquid_conductor
5.606176878e-04,-1.213758706e-03,liquid_conductor
5.961968980e-04,-1.213758706e-03,liquid_conductor
6.350512450e-04,-1.213758706e-03,liquid_conductor
6.774964929e-04,-1.213758706e-03,liquid_conductor
7.238672441e-04,-1.213758706e-03,liquid_conductor
7.745057743e-04,-1.213758706e-03,liquid_conductor
8.298365598e-04,-1.213758706e-03,liquid_conductor
8.902404685e-04,-1.213758706e-03,liquid_conductor
9.562452265e-04,-1.213758706e-03,liquid_conductor
1.028315419e-03,-1.213758706e-03,liquid_conductor
1.107064121e-03,-1.213758706e-03,liquid_conductor
1.193057227e-03,-1.213758706e-03,liquid_conductor
1.286983765e-03,-1.213758706e-03,liquid_conductor
1.389582490e-03,-1.213758706e-03,liquid_conductor
1.501687528e-03,-1.213758706e-03,liquid_conductor
1.618967549e-03,-1.213758706e-03,liquid_conductor
1.727165678e-03,-1.213758706e-03,liquid_conductor
1.826235815e-03,-1.213758706e-03,liquid_conductor
1.916950625e-03,-1.213758706e-03,liquid_conductor
2.000000000e-03,-1.213758706e-03,liquid_conductor
2.084216992e-03,-1.213758706e-03,liquid_conductor
2.176355351e-03,-1.213758706e-03,liquid_conductor
2.277029651e-03,-1.213758706e-03,liquid_conductor
2.387173046e-03,-1.213758706e-03,liquid_conductor
2.507591864e-03,-1.213758706e-03,liquid_conductor
2.639278383e-03,-1.213758706e-03,liquid_conductor
2.783299094e-03,-1.213758706e-03,liquid_conductor
2.940767833e-03,-1.213758706e-03,liquid_conductor
3.113009625e-03,-1.213758706e-03,liquid_conductor
3.294047376e-03,-1.213758706e-03,liquid_conductor
3.461380719e-03,-1.213758706e-03,liquid_conductor
3.614426098e-03,-1.213758706e-03,liquid_conductor
3.754355769e-03,-1.213758706e-03,liquid_conductor
3.882298548e-03,-1.213758706e-03,liquid_conductor
3.999310376e-03,-1.213758706e-03,liquid_conductor
4.106334329e-03,-1.213758706e-03,liquid_conductor
4.204204407e-03,-1.213758706e-03,liquid_conductor
4.293671006e-03,-1.213758706e-03,liquid_conductor
4.375489229e-03,-1.213758706e-03,liquid_conductor
4.450318040e-03,-1.213758706e-03,liquid_conductor
4.518738298e-03,-1.213758706e-03,liquid_conductor
4.581289028e-03,-1.213758706e-03,liquid_conductor
4.638507194e-03,-1.213758706e-03,liquid_conductor
4.690810594e-03,-1.213758706e-03,liquid_conductor
4.738672595e-03,-1.213758706e-03,liquid_conductor
4.782423733e-03,-1.213758706e-03,liquid_conductor
4.822423892e-03,-1.213758706e-03,liquid_conductor
4.859011717e-03,-1.213758706e-03,liquid_conductor
4.892455390e-03,-1.213758706e-03,liquid_conductor
4.923050450e-03,-1.213758706e-03,liquid_conductor
4.951016246e-03,-1.213758706e-03,liquid_conductor
4.976608707e-03,-1.213758706e-03,liquid_conductor
5.000000000e-03,-1.213758706e-03,liquid_conductor
0.000000000e+00,-1.141375945e-03,liquid_conductor
2.253927972e-07,-1.141375945e-03,liquid_conductor
4.710108625e-07,-1.141375945e-03,liquid_conductor
7.388114821e-07,-1.141375945e-03,liquid_conductor
1.030777353e-06,-1.141375945e-03,liquid_conductor
1.349134956e-06,-1.141375945e-03,liquid_conductor
1.696071563e-06,-1.141375945e-03,liquid_conductor
2.065284294e-06,-1.141375945e-03,liquid_conductor
2.411371865e-06,-1.141375945e-03,liquid_conductor
2.728827367e-06,-1.141375945e-03,liquid_conductor
3.019944202e-06,-1.141375945e-03,liquid_conductor
3.287031469e-06,-1.141375945e-03,liquid_conductor
3.531983203e-06,-1.141375945e-03,liquid_conductor
3.756739224e-06,-1.141375945e-03,liquid_conductor
3.962851098e-06,-1.141375945e-03,liquid_conductor
4.151964219e-06,-1.141375945e-03,liquid_conductor
4.325432522e-06,-1.141375945e-03,liquid_conductor
4.484611324e-06,-1.141375945e-03,liquid_conductor
4.630594259e-06,-1.141375945e-03,liquid_conductor
4.764494569e-06,-1.141375945e-03,liquid_conductor
4.887303601e-06,-1.141375945e-03,liquid_conductor
5.000000000e-06,-1.141375945e-03,liquid_conductor
5.344545024e-06,-1.141375945e-03,liquid_conductor
5.720728404e-06,-1.141375945e-03,liquid_conductor
6.131424688e-06,-1.141375945e-03,liquid_conductor
6.579792067e-06,-1.141375945e-03,liquid_conductor
7.069682790e-06,-1.141375945e-03,liquid_conductor
7.604221304e-06,-1.141375945e-03,liquid_conductor
8.187924336e-06,-1.141375945e-03,liquid_conductor
8.825326016e-06,-1.141375945e-03,liquid_conductor
9.521221193e-06,-1.141375945e-03,liquid_conductor
1.028089317e-05,-1.141375945e-03,liquid_conductor
1.111056343e-05,-1.141375945e-03,liquid_conductor
1.201639249e-05,-1.141375945e-03,liquid_conductor
1.298360751e-05,-1.141375945e-03,liquid_conductor
1.388943657e-05,-1.141375945e-03,liquid_conductor
1.471910683e-05,-1.141375945e-03,liquid_conductor
1.547877881e-05,-1.141375945e-03,liquid_conductor
1.617467398e-05,-1.141375945e-03,liquid_conductor
1.681207566e-05,-1.141375945e-03,liquid_conductor
1.739577870e-05,-1.141375945e-03,liquid_conductor
1.793031721e-05,-1.141375945e-03,liquid_conductor
1.842020793e-05,-1.141375945e-03,liquid_conductor
1.886857531e-05,-1.141375945e-03,liquid_conductor
1.927927160e-05,-1.141375945e-03,liquid_conductor
1.965545498e-05,-1.141375945e-03,liquid_conductor
2.000000000e-05,-1.141375945e-03,liquid_conductor
2.010805618e-05,-1.141375945e-03,liquid_conductor
2.022595285e-05,-1.141375945e-03,liquid_conductor
2.035459775e-05,-1.141375945e-03,liquid_conductor
2.049498821e-05,-1.141375945e-03,liquid_conductor
2.064826006e-05,-1.141375945e-03,liquid_conductor
2.081535157e-05,-1.141375945e-03,liquid_conductor
2.099777754e-05,-1.141375945e-03,liquid_conductor
2.119689800e-05,-1.141375945e-03,liquid_conductor
2.141410532e-05,-1.141375945e-03,liquid_conductor
2.165116416e-05,-1.141375945e-03,liquid_conductor
2.190983090e-05,-1.141375945e-03,liquid_conductor
2.219208379e-05,-1.141375945e-03,liquid_conductor
2.250020445e-05,-1.141375945e-03,liquid_conductor
2.283635452e-05,-1.141375945e-03,liquid_conductor
2.320312564e-05,-1.141375945e-03,liquid_conductor
2.360338148e-05,-1.141375945e-03,liquid_conductor
2.404015658e-05,-1.141375945e-03,liquid_conductor
2.451665868e-05,-1.141375945e-03,liquid_conductor
2.503676791e-05,-1.141375945e-03,liquid_conductor
2.560437513e-05,-1.141375945e-03,liquid_conductor
2.622369757e-05,-1.141375945e-03,liquid_conductor
2.688064397e-05,-1.141375945e-03,liquid_conductor
2.749373137e-05,-1.141375945e-03,liquid_conductor
2.805529321e-05,-1.141375945e-03,liquid_conductor
2.856987281e-05,-1.141375945e-03,liquid_conductor
2.904145948e-05,-1.141375945e-03,liquid_conductor
2.947368421e-05,-1.141375945e-03,liquid_conductor
2.990868297e-05,-1.141375945e-03,liquid_conductor
3.038341652e-05,-1.141375945e-03,liquid_conductor
3.090184239e-05,-1.141375945e-03,liquid_conductor
3.146778324e-05,-1.141375945e-03,liquid_conductor
3.208581625e-05,-1.141375945e-03,liquid_conductor
3.276073484e-05,-1.141375945e-03,liquid_conductor
3.349724986e-05,-1.141375945e-03,liquid_conductor
3.430131728e-05,-1.141375945e-03,liquid_conductor
3.517965823e-05,-1.141375945e-03,liquid_conductor
3.613813726e-05,-1.141375945e-03,liquid_conductor
3.718507681e-05,-1.141375945e-03,liquid_conductor
3.832780448e-05,-1.141375945e-03,liquid_conductor
3.957561045e-05,-1.141375945e-03,liquid_conductor
4.093854473e-05,-1.141375945e-03,liquid_conductor
4.242542050e-05,-1.141375945e-03,liquid_conductor
4.404956552e-05,-1.141375945e-03,liquid_conductor
4.582227382e-05,-1.141375945e-03,liquid_conductor
4.775808616e-05,-1.141375945e-03,liquid_conductor
4.987178140e-05,-1.141375945e-03,liquid_conductor
5.217920429e-05,-1.141375945e-03,liquid_conductor
5.469866297e-05,-1.141375945e-03,liquid_conductor
5.744905551e-05,-1.141375945e-03,liquid_conductor
6.045387799e-05,-1.141375945e-03,liquid_conductor
6.373271678e-05,-1.141375945e-03,liquid_conductor
6.731217269e-05,-1.141375945e-03,liquid_conductor
7.122108778e-05,-1.141375945e-03,liquid_conductor
7.548786712e-05,-1.141375945e-03,liquid_conductor
8.014712385e-05,-1.141375945e-03,liquid_conductor
8.523466155e-05,-1.141375945e-03,liquid_conductor
9.078843638e-05,-1.141375945e-03,liquid_conductor
9.685525750e-05,-1.141375945e-03,liquid_conductor
1.034758769e-04,-1.141375945e-03,liquid_conductor
1.107020219e-04,-1.141375945e-03,liquid_conductor
1.185948933e-04,-1.141375945e-03,liquid_conductor
1.271212752e-04,-1.141375945e-03,liquid_conductor
1.352404309e-04,-1.141375945e-03,liquid_conductor
1.426794381e-04,-1.141375945e-03,liquid_conductor
1.494903129e-04,-1.141375945e-03,liquid_conductor
1.557277722e-04,-1.141375945e-03,liquid_conductor
1.614435061e-04,-1.141375945e-03,liquid_conductor
1.666778448e-04,-1.141375945e-03,liquid_conductor
1.714708543e-04,-1.141375945e-03,liquid_conductor
1.758610799e-04,-1.141375945e-03,liquid_conductor
1.798823926e-04,-1.141375945e-03,liquid_conductor
1.835651336e-04,-1.141375945e-03,liquid_conductor
1.869383710e-04,-1.141375945e-03,liquid_conductor
1.900294091e-04,-1.141375945e-03,liquid_conductor
1.928581583e-04,-1.141375945e-03,liquid_conductor
1.954511466e-04,-1.141375945e-03,liquid_conductor
1.978250706e-04,-1.141375945e-03,liquid_conductor
2.000000000e-04,-1.141375945e-03,liquid_conductor
2.023073590e-04,-1.141375945e-03,liquid_conductor
2.048262778e-04,-1.141375945e-03,liquid_conductor
2.075787525e-04,-1.141375945e-03,liquid_conductor
2.105843091e-04,-1.141375945e-03,liquid_conductor
2.138679432e-04,-1.141375945e-03,liquid_conductor
2.174546697e-04,-1.141375945e-03,liquid_conductor
2.213724959e-04,-1.141375945e-03,liquid_conductor
2.256503856e-04,-1.141375945e-03,liquid_conductor
2.303242912e-04,-1.141375945e-03,liquid_conductor
2.354283816e-04,-1.141375945e-03,liquid_conductor
2.410037832e-04,-1.141375945e-03,liquid_conductor
2.470936058e-04,-1.141375945e-03,liquid_conductor
2.537446444e-04,-1.141375945e-03,liquid_conductor
2.610133227e-04,-1.141375945e-03,liquid_conductor
2.689484386e-04,-1.141375945e-03,liquid_conductor
2.776157494e-04,-1.141375945e-03,liquid_conductor
2.870851727e-04,-1.141375945e-03,liquid_conductor
2.974263273e-04,-1.141375945e-03,liquid_conductor
3.087203809e-04,-1.141375945e-03,liquid_conductor
3.210579460e-04,-1.141375945e-03,liquid_conductor
3.345353188e-04,-1.141375945e-03,liquid_conductor
3.492615949e-04,-1.141375945e-03,liquid_conductor
3.653317449e-04,-1.141375945e-03,liquid_conductor
3.828930231e-04,-1.141375945e-03,liquid_conductor
4.020809215e-04,-1.141375945e-03,liquid_conductor
4.230318110e-04,-1.141375945e-03,liquid_conductor
4.459114310e-04,-1.141375945e-03,liquid_conductor
4.709074923e-04,-1.141375945e-03,liquid_conductor
4.982272631e-04,-1.141375945e-03,liquid_conductor
5.280468223e-04,-1.141375945e-03,liquid_conductor
5.606176878e-04,-1.141375945e-03,liquid_conductor
5.961968980e-04,-1.141375945e-03,liquid_conductor
6.350512450e-04,-1.141375945e-03,liquid_conductor
6.774964929e-04,-1.141375945e-03,liquid_conductor
7.238672441e-04,-1.141375945e-03,liquid_conductor
7.745057743e-04,-1.141375945e-03,liquid_conductor
8.298365598e-04,-1.141375945e-03,liquid_conductor
8.902404685e-04,-1.141375945e-03,liquid_conductor
9.562452265e-04,-1.141375945e-03,liquid_conductor
1.028315419e-03,-1.141375945e-03,liquid_conductor
1.107064121e-03,-1.141375945e-03,liquid_conductor
1.193057227e-03,-1.141375945e-03,liquid_conductor
1.286983765e-03,-1.141375945e-03,liquid_conductor
1.389582490e-03,-1.141375945e-03,liquid_conductor
1.501687528e-03,-1.141375945e-03,liquid_conductor
1.618967549e-03,-1.141375945e-03,liquid_conductor
1.727165678e-03,-1.141375945e-03,liquid_conductor
1.826235815e-03,-1.141375945e-03,liquid_conductor
1.916950625e-03,-1.141375945e-03,liquid_conductor
2.000000000e-03,-1.141375945e-03,liquid_conductor
2.084216992e-03,-1.141375945e-03,liquid_conductor
2.176355351e-03,-1.141375945e-03,liquid_conductor
2.277029651e-03,-1.141375945e-03,liquid_conductor
2.387173046e-03,-1.141375945e-03,liquid_conductor
2.507591864e-03,-1.141375945e-03,liquid_conductor
2.639278383e-03,-1.141375945e-03,liquid_conductor
2.783299094e-03,-1.141375945e-03,liquid_conductor
2.940767833e-03,-1.141375945e-03,liquid_conductor
3.113009625e-03,-1.141375945e-03,liquid_conductor
3.294047376e-03,-1.141375945e-03,liquid_conductor
3.461380719e-03,-1.141375945e-03,liquid_conductor
3.614426098e-03,-1.141375945e-03,liquid_conductor
3.754355769e-03,-1.141375945e-03,liquid_conductor
3.882298548e-03,-1.141375945e-03,liquid_conductor
3.999310376e-03,-1.141375945e-03,liquid_conductor
4.106334329e-03,-1.141375945e-03,liquid_conductor
4.204204407e-03,-1.141375945e-03,liquid_conductor
4.293671006e-03,-1.141375945e-03,liquid_conductor
4.375489229e-03,-1.141375945e-03,liquid_conductor
4.450318040e-03,-1.141375945e-03,liquid_conductor
4.518738298e-03,-1.141375945e-03,liquid_conductor
4.581289028e-03,-1.141375945e-03,liquid_conductor
4.638507194e-03,-1.141375945e-03,liquid_conductor
4.690810594e-03,-1.141375945e-03,liquid_conductor
4.738672595e-03,-1.141375945e-03,liquid_conductor
4.782423733e-03,-1.141375945e-03,liquid_conductor
4.822423892e-03,-1.141375945e-03,liquid_conductor
4.859011717e-03,-1.141375945e-03,liquid_conductor
4.892455390e-03,-1.141375945e-03,liquid_conductor
4.923050450e-03,-1.141375945e-03,liquid_conductor
4.951016246e-03,-1.141375945e-03,liquid_conductor
4.976608707e-03,-1.141375945e-03,liquid_conductor
5.000000000e-03,-1.141375945e-03,liquid_conductor
0.000000000e+00,-1.075044972e-03,liquid_conductor
2.253927972e-07,-1.075044972e-03,liquid_conductor
4.710108625e-07,-1.075044972e-03,liquid_conductor
7.388114821e-07,-1.075044972e-03,liquid_conductor
1.030777353e-06,-1.075044972e-03,liquid_conductor
1.349134956e-06,-1.075044972e-03,liquid_conductor
1.696071563e-06,-1.075044972e-03,liquid_conductor
2.065284294e-06,-1.075044972e-03,liquid_conductor
2.411371865e-06,-1.075044972e-03,liquid_conductor
2.728827367e-06,-1.075044972e-03,liquid_conductor
3.019944202e-06,-1.075044972e-03,liquid_conductor
3.287031469e-06,-1.075044972e-03,liquid_conductor
3.531983203e-06,-1.075044972e-03,liquid_conductor
3.756739224e-06,-1.075044972e-03,liquid_conductor
3.962851098e-06,-1.075044972e-03,liquid_conductor
4.151964219e-06,-1.075044972e-03,liquid_conductor
4.325432522e-06,-1.075044972e-03,liquid_conductor
4.484611324e-06,-1.075044972e-03,liquid_conductor
4.630594259e-06,-1.075044972e-03,liquid_conductor
4.764494569e-06,-1.075044972e-03,liquid_conductor
4.887303601e-06,-1.075044972e-03,liquid_conductor
5.000000000e-06,-1.075044972e-03,liquid_conductor
5.344545024e-06,-1.075044972e-03,liquid_conductor
5.720728404e-06,-1.075044972e-03,liquid_conductor
6.131424688e-06,-1.075044972e-03,liquid_conductor
6.579792067e-06,-1.075044972e-03,liquid_conductor
7.069682790e-06,-1.075044972e-03,liquid_conductor
7.604221304e-06,-1.075044972e-03,liquid_conductor
8.187924336e-06,-1.075044972e-03,liquid_conductor
8.825326016e-06,-1.075044972e-03,liquid_conductor
9.521221193e-06,-1.075044972e-03,liquid_conductor
1.028089317e-05,-1.075044972e-03,liquid_conductor
1.111056343e-05,-1.075044972e-03,liquid_conductor
1.201639249e-05,-1.075044972e-03,liquid_conductor
1.298360751e-05,-1.075044972e-03,liquid_conductor
1.388943657e-05,-1.075044972e-03,liquid_conductor
1.471910683e-05,-1.075044972e-03,liquid_conductor
1.547877881e-05,-1.075044972e-03,liquid_conductor
1.617467398e-05,-1.075044972e-03,liquid_conductor
1.681207566e-05,-1.075044972e-03,liquid_conductor
1.739577870e-05,-1.075044972e-03,liquid_conductor
1.793031721e-05,-1.075044972e-03,liquid_conductor
1.842020793e-05,-1.075044972e-03,liquid_conductor
1.886857531e-05,-1.075044972e-03,liquid_conductor
1.927927160e-05,-1.075044972e-03,liquid_conductor
1.965545498e-05,-1.075044972e-03,liquid_conductor
2.000000000e-05,-1.075044972e-03,liquid_conductor
2.010805618e-05,-1.075044972e-03,liquid_conductor
2.022595285e-05,-1.075044972e-03,liquid_conductor
2.035459775e-05,-1.075044972e-03,liquid_conductor
2.049498821e-05,-1.075044972e-03,liquid_conductor
2.064826006e-05,-1.075044972e-03,liquid_conductor
2.081535157e-05,-1.075044972e-03,liquid_conductor
2.099777754e-05,-1.075044972e-03,liquid_conductor
2.119689800e-05,-1.075044972e-03,liquid_conductor
2.141410532e-05,-1.075044972e-03,liquid_conductor
2.165116416e-05,-1.075044972e-03,liquid_conductor
2.190983090e-05,-1.075044972e-03,liquid_conductor
2.219208379e-05,-1.075044972e-03,liquid_conductor
2.250020445e-05,-1.075044972e-03,liquid_conductor
2.283635452e-05,-1.075044972e-03,liquid_conductor
2.320312564e-05,-1.075044972e-03,liquid_conductor
2.360338148e-05,-1.075044972e-03,liquid_conductor
2.404015658e-05,-1.075044972e-03,liquid_conductor
2.451665868e-05,-1.075044972e-03,liquid_conductor
2.503676791e-05,-1.075044972e-03,liquid_conductor
2.560437513e-05,-1.075044972e-03,liquid_conductor
2.622369757e-05,-1.075044972e-03,liquid_conductor
2.688064397e-05,-1.075044972e-03,liquid_conductor
2.749373137e-05,-1.075044972e-03,liquid_conductor
2.805529321e-05,-1.075044972e-03,liquid_conductor
2.856987281e-05,-1.075044972e-03,liquid_conductor
2.904145948e-05,-1.075044972e-03,liquid_conductor
2.947368421e-05,-1.075044972e-03,liquid_conductor
2.990868297e-05,-1.075044972e-03,liquid_conductor
3.038341652e-05,-1.075044972e-03,liquid_conductor
3.090184239e-05,-1.075044972e-03,liquid_conductor
3.146778324e-05,-1.075044972e-03,liquid_conductor
3.208581625e-05,-1.075044972e-03,liquid_conductor
3.276073484e-05,-1.075044972e-03,liquid_conductor
3.349724986e-05,-1.075044972e-03,liquid_conductor
3.430131728e-05,-1.075044972e-03,liquid_conductor
3.517965823e-05,-1.075044972e-03,liquid_conductor
3.613813726e-05,-1.075044972e-03,liquid_conductor
3.718507681e-05,-1.075044972e-03,liquid_conductor
3.832780448e-05,-1.075044972e-03,liquid_conductor
3.957561045e-05,-1.075044972e-03,liquid_conductor
4.093854473e-05,-1.075044972e-03,liquid_conductor
4.242542050e-05,-1.075044972e-03,liquid_conductor
4.404956552e-05,-1.075044972e-03,liquid_conductor
4.582227382e-05,-1.075044972e-03,liquid_conductor
4.775808616e-05,-1.075044972e-03,liquid_conductor
4.987178140e-05,-1.075044972e-03,liquid_conductor
5.217920429e-05,-1.075044972e-03,liquid_conductor
5.469866297e-05,-1.075044972e-03,liquid_conductor
5.744905551e-05,-1.075044972e-03,liquid_conductor
6.045387799e-05,-1.075044972e-03,liquid_conductor
6.373271678e-05,-1.075044972e-03,liquid_conductor
6.731217269e-05,-1.075044972e-03,liquid_conductor
7.122108778e-05,-1.075044972e-03,liquid_conductor
7.548786712e-05,-1.075044972e-03,liquid_conductor
8.014712385e-05,-1.075044972e-03,liquid_conductor
8.523466155e-05,-1.075044972e-03,liquid_conductor
9.078843638e-05,-1.075044972e-03,liquid_conductor
9.685525750e-05,-1.075044972e-03,liquid_conductor
1.034758769e-04,-1.075044972e-03,liquid_conductor
1.107020219e-04,-1.075044972e-03,liquid_conductor
1.185948933e-04,-1.075044972e-03,liquid_conductor
1.271212752e-04,-1.075044972e-03,liquid_conductor
1.352404309e-04,-1.075044972e-03,liquid_conductor
1.426794381e-04,-1.075044972e-03,liquid_conductor
1.494903129e-04,-1.075044972e-03,liquid_conductor
1.557277722e-04,-1.075044972e-03,liquid_conductor
1.614435061e-04,-1.075044972e-03,liquid_conductor
1.666778448e-04,-1.075044972e-03,liquid_conductor
1.714708543e-04,-1.075044972e-03,liquid_conductor
1.758610799e-04,-1.075044972e-03,liquid_conductor
1.798823926e-04,-1.075044972e-03,liquid_conductor
1.835651336e-04,-1.075044972e-03,liquid_conductor
1.869383710e-04,-1.075044972e-03,liquid_conductor
1.900294091e-04,-1.075044972e-03,liquid_conductor
1.928581583e-04,-1.075044972e-03,liquid_conductor
1.954511466e-04,-1.075044972e-03,liquid_conductor
1.978250706e-04,-1.075044972e-03,liquid_conductor
2.000000000e-04,-1.075044972e-03,liquid_conductor
2.023073590e-04,-1.075044972e-03,liquid_conductor
2.048262778e-04,-1.075044972e-03,liquid_conductor
2.075787525e-04,-1.075044972e-03,liquid_conductor
2.105843091e-04,-1.075044972e-03,liquid_conductor
2.138679432e-04,-1.075044972e-03,liquid_conductor
2.174546697e-04,-1.075044972e-03,liquid_conductor
2.213724959e-04,-1.075044972e-03,liquid_conductor
2.256503856e-04,-1.075044972e-03,liquid_conductor
2.303242912e-04,-1.075044972e-03,liquid_conductor
2.354283816e-04,-1.075044972e-03,liquid_conductor
2.410037832e-04,-1.075044972e-03,liquid_conductor
2.470936058e-04,-1.075044972e-03,liquid_conductor
2.537446444e-04,-1.075044972e-03,liquid_conductor
2.610133227e-04,-1.075044972e-03,liquid_conductor
2.689484386e-04,-1.075044972e-03,liquid_conductor
2.776157494e-04,-1.075044972e-03,liquid_conductor
2.870851727e-04,-1.075044972e-03,liquid_conductor
2.974263273e-04,-1.075044972e-03,liquid_conductor
3.087203809e-04,-1.075044972e-03,liquid_conductor
3.210579460e-04,-1.075044972e-03,liquid_conductor
3.345353188e-04,-1.075044972e-03,liquid_conductor
3.492615949e-04,-1.075044972e-03,liquid_conductor
3.653317449e-04,-1.075044972e-03,liquid_conductor
3.828930231e-04,-1.075044972e-03,liquid_conductor
4.020809215e-04,-1.075044972e-03,liquid_conductor
4.230318110e-04,-1.075044972e-03,liquid_conductor
4.459114310e-04,-1.075044972e-03,liquid_conductor
4.709074923e-04,-1.075044972e-03,liquid_conductor
4.982272631e-04,-1.075044972e-03,liquid_conductor
5.280468223e-04,-1.075044972e-03,liquid_conductor
5.606176878e-04,-1.075044972e-03,liquid_conductor
5.961968980e-04,-1.075044972e-03,liquid_conductor
6.350512450e-04,-1.075044972e-03,liquid_conductor
6.774964929e-04,-1.075044972e-03,liquid_conductor
7.238672441e-04,-1.075044972e-03,liquid_conductor
7.745057743e-04,-1.075044972e-03,liquid_conductor
8.298365598e-04,-1.075044972e-03,liquid_conductor
8.902404685e-04,-1.075044972e-03,liquid_conductor
9.562452265e-04,-1.075044972e-03,liquid_conductor
1.028315419e-03,-1.075044972e-03,liquid_conductor
1.107064121e-03,-1.075044972e-03,liquid_conductor
1.193057227e-03,-1.075044972e-03,liquid_conductor
1.286983765e-03,-1.075044972e-03,liquid_conductor
1.389582490e-03,-1.075044972e-03,liquid_conductor
1.501687528e-03,-1.075044972e-03,liquid_conductor
1.618967549e-03,-1.075044972e-03,liquid_conductor
1.727165678e-03,-1.075044972e-03,liquid_conductor
1.826235815e-03,-1.075044972e-03,liquid_conductor
1.916950625e-03,-1.075044972e-03,liquid_conductor
2.000000000e-03,-1.075044972e-03,liquid_conductor
2.084216992e-03,-1.075044972e-03,liquid_conductor
2.176355351e-03,-1.075044972e-03,liquid_conductor
2.277029651e-03,-1.075044972e-03,liquid_conductor
2.387173046e-03,-1.075044972e-03,liquid_conductor
2.507591864e-03,-1.075044972e-03,liquid_conductor
2.639278383e-03,-1.075044972e-03,liquid_conductor
2.783299094e-03,-1.075044972e-03,liquid_conductor
2.940767833e-03,-1.075044972e-03,liquid_conductor
3.113009625e-03,-1.075044972e-03,liquid_conductor
3.294047376e-03,-1.075044972e-03,liquid_conductor
3.461380719e-03,-1.075044972e-03,liquid_conductor
3.614426098e-03,-1.075044972e-03,liquid_conductor
3.754355769e-03,-1.075044972e-03,liquid_conductor
3.882298548e-03,-1.075044972e-03,liquid_conductor
3.999310376e-03,-1.075044972e-03,liquid_conductor
4.106334329e-03,-1.075044972e-03,liquid_conductor
4.204204407e-03,-1.075044972e-03,liquid_conductor
4.293671006e-03,-1.075044972e-03,liquid_conductor
4.375489229e-03,-1.075044972e-03,liquid_conductor
4.450318040e-03,-1.075044972e-03,liquid_conductor
4.518738298e-03,-1.075044972e-03,liquid_conductor
4.581289028e-03,-1.075044972e-03,liquid_conductor
4.638507194e-03,-1.075044972e-03,liquid_conductor
4.690810594e-03,-1.075044972e-03,liquid_conductor
4.738672595e-03,-1.075044972e-03,liquid_conductor
4.782423733e-03,-1.075044972e-03,liquid_conductor
4.822423892e-03,-1.075044972e-03,liquid_conductor
4.859011717e-03,-1.075044972e-03,liquid_conductor
4.892455390e-03,-1.075044972e-03,liquid_conductor
4.923050450e-03,-1.075044972e-03,liquid_conductor
4.951016246e-03,-1.075044972e-03,liquid_conductor
4.976608707e-03,-1.075044972e-03,liquid_conductor
5.000000000e-03,-1.075044972e-03,liquid_conductor
0.000000000e+00,-1.014288320e-03,liquid_conductor
2.253927972e-07,-1.014288320e-03,liquid_conductor
4.710108625e-07,-1.014288320e-03,liquid_conductor
7.388114821e-07,-1.014288320e-03,liquid_conductor
1.030777353e-06,-1.014288320e-03,liquid_conductor
1.349134956e-06,-1.014288320e-03,liquid_conductor
1.696071563e-06,-1.014288320e-03,liquid_conductor
2.065284294e-06,-1.014288320e-03,liquid_conductor
2.411371865e-06,-1.014288320e-03,liquid_conductor
2.728827367e-06,-1.014288320e-03,liquid_conductor
3.019944202e-06,-1.014288320e-03,liquid_conductor
3.287031469e-06,-1.014288320e-03,liquid_conductor
3.531983203e-06,-1.014288320e-03,liquid_conductor
3.756739224e-06,-1.014288320e-03,liquid_conductor
3.962851098e-06,-1.014288320e-03,liquid_conductor
4.151964219e-06,-1.014288320e-03,liquid_conductor
4.325432522e-06,-1.014288320e-03,liquid_conductor
4.484611324e-06,-1.014288320e-03,liquid_conductor
4.630594259e-06,-1.014288320e-03,liquid_conductor
4.764494569e-06,-1.014288320e-03,liquid_conductor
4.887303601e-06,-1.014288320e-03,liquid_conductor
5.000000000e-06,-1.014288320e-03,liquid_conductor
5.344545024e-06,-1.014288320e-03,liquid_conductor
5.720728404e-06,-1.014288320e-03,liquid_conductor
6.131424688e-06,-1.014288320e-03,liquid_conductor
6.579792067e-06,-1.014288320e-03,liquid_conductor
7.069682790e-06,-1.014288320e-03,liquid_conductor
7.604221304e-06,-1.014288320e-03,liquid_conductor
8.187924336e-06,-1.014288320e-03,liquid_conductor
8.825326016e-06,-1.014288320e-03,liquid_conductor
9.521221193e-06,-1.014288320e-03,liquid_conductor
1.028089317e-05,-1.014288320e-03,liquid_conductor
1.111056343e-05,-1.014288320e-03,liquid_conductor
1.201639249e-05,-1.014288320e-03,liquid_conductor
1.298360751e-05,-1.014288320e-03,liquid_conductor
1.388943657e-05,-1.014288320e-03,liquid_conductor
1.471910683e-05,-1.014288320e-03,liquid_conductor
1.547877881e-05,-1.014288320e-03,liquid_conductor
1.617467398e-05,-1.014288320e-03,liquid_conductor
1.681207566e-05,-1.014288320e-03,liquid_conductor
1.739577870e-05,-1.014288320e-03,liquid_conductor
1.793031721e-05,-1.014288320e-03,liquid_conductor
1.842020793e-05,-1.014288320e-03,liquid_conductor
1.886857531e-05,-1.014288320e-03,liquid_conductor
1.927927160e-05,-1.014288320e-03,liquid_conductor
1.965545498e-05,-1.014288320e-03,liquid_conductor
2.000000000e-05,-1.014288320e-03,liquid_conductor
2.010805618e-05,-1.014288320e-03,liquid_conductor
2.022595285e-05,-1.014288320e-03,liquid_conductor
2.035459775e-05,-1.014288320e-03,liquid_conductor
2.049498821e-05,-1.014288320e-03,liquid_conductor
2.064826006e-05,-1.014288320e-03,liquid_conductor
2.081535157e-05,-1.014288320e-03,liquid_conductor
2.099777754e-05,-1.014288320e-03,liquid_conductor
2.119689800e-05,-1.014288320e-03,liquid_conductor
2.141410532e-05,-1.014288320e-03,liquid_conductor
2.165116416e-05,-1.014288320e-03,liquid_conductor
2.190983090e-05,-1.014288320e-03,liquid_conductor
2.219208379e-05,-1.014288320e-03,liquid_conductor
2.250020445e-05,-1.014288320e-03,liquid_conductor
2.283635452e-05,-1.014288320e-03,liquid_conductor
2.320312564e-05,-1.014288320e-03,liquid_conductor
2.360338148e-05,-1.014288320e-03,liquid_conductor
2.404015658e-05,-1.014288320e-03,liquid_conductor
2.451665868e-05,-1.014288320e-03,liquid_conductor
2.503676791e-05,-1.014288320e-03,liquid_conductor
2.560437513e-05,-1.014288320e-03,liquid_conductor
2.622369757e-05,-1.014288320e-03,liquid_conductor
2.688064397e-05,-1.014288320e-03,liquid_conductor
2.749373137e-05,-1.014288320e-03,liquid_conductor
2.805529321e-05,-1.014288320e-03,liquid_conductor
2.856987281e-05,-1.014288320e-03,liquid_conductor
2.904145948e-05,-1.014288320e-03,liquid_conductor
2.947368421e-05,-1.014288320e-03,liquid_conductor
2.990868297e-05,-1.014288320e-03,liquid_conductor
3.038341652e-05,-1.014288320e-03,liquid_conductor
3.090184239e-05,-1.014288320e-03,liquid_conductor
3.146778324e-05,-1.014288320e-03,liquid_conductor
3.208581625e-05,-1.014288320e-03,liquid_conductor
3.276073484e-05,-1.014288320e-03,liquid_conductor
3.349724986e-05,-1.014288320e-03,liquid_conductor
3.430131728e-05,-1.014288320e-03,liquid_conductor
3.517965823e-05,-1.014288320e-03,liquid_conductor
3.613813726e-05,-1.014288320e-03,liquid_conductor
3.718507681e-05,-1.014288320e-03,liquid_conductor
3.832780448e-05,-1.014288320e-03,liquid_conductor
3.957561045e-05,-1.014288320e-03,liquid_conductor
4.093854473e-05,-1.014288320e-03,liquid_conductor
4.242542050e-05,-1.014288320e-03,liquid_conductor
4.404956552e-05,-1.014288320e-03,liquid_conductor
4.582227382e-05,-1.014288320e-03,liquid_conductor
4.775808616e-05,-1.014288320e-03,liquid_conductor
4.987178140e-05,-1.014288320e-03,liquid_conductor
5.217920429e-05,-1.014288320e-03,liquid_conductor
5.469866297e-05,-1.014288320e-03,liquid_conductor
5.744905551e-05,-1.014288320e-03,liquid_conductor
6.045387799e-05,-1.014288320e-03,liquid_conductor
6.373271678e-05,-1.014288320e-03,liquid_conductor
6.731217269e-05,-1.014288320e-03,liquid_conductor
7.122108778e-05,-1.014288320e-03,liquid_conductor
7.548786712e-05,-1.014288320e-03,liquid_conductor
8.014712385e-05,-1.014288320e-03,liquid_conductor
8.523466155e-05,-1.014288320e-03,liquid_conductor
9.078843638e-05,-1.014288320e-03,liquid_conductor
9.685525750e-05,-1.014288320e-03,liquid_conductor
1.034758769e-04,-1.014288320e-03,liquid_conductor
1.107020219e-04,-1.014288320e-03,liquid_conductor
1.185948933e-04,-1.014288320e-03,liquid_conductor
1.271212752e-04,-1.014288320e-03,liquid_conductor
1.352404309e-04,-1.014288320e-03,liquid_conductor
1.426794381e-04,-1.014288320e-03,liquid_conductor
1.494903129e-04,-1.014288320e-03,liquid_conductor
1.557277722e-04,-1.014288320e-03,liquid_conductor
1.614435061e-04,-1.014288320e-03,liquid_conductor
1.666778448e-04,-1.014288320e-03,liquid_conductor
1.714708543e-04,-1.014288320e-03,liquid_conductor
1.758610799e-04,-1.014288320e-03,liquid_conductor
1.798823926e-04,-1.014288320e-03,liquid_conductor
1.835651336e-04,-1.014288320e-03,liquid_conductor
1.869383710e-04,-1.014288320e-03,liquid_conductor
1.900294091e-04,-1.014288320e-03,liquid_conductor
1.928581583e-04,-1.014288320e-03,liquid_conductor
1.954511466e-04,-1.014288320e-03,liquid_conductor
1.978250706e-04,-1.014288320e-03,liquid_conductor
2.000000000e-04,-1.014288320e-03,liquid_conductor
2.023073590e-04,-1.014288320e-03,liquid_conductor
2.048262778e-04,-1.014288320e-03,liquid_conductor
2.075787525e-04,-1.014288320e-03,liquid_conductor
2.105843091e-04,-1.014288320e-03,liquid_conductor
2.138679432e-04,-1.014288320e-03,liquid_conductor
2.174546697e-04,-1.014288320e-03,liquid_conductor
2.213724959e-04,-1.014288320e-03,liquid_conductor
2.256503856e-04,-1.014288320e-03,liquid_conductor
2.303242912e-04,-1.014288320e-03,liquid_conductor
2.354283816e-04,-1.014288320e-03,liquid_conductor
2.410037832e-04,-1.014288320e-03,liquid_conductor
2.470936058e-04,-1.014288320e-03,liquid_conductor
2.537446444e-04,-1.014288320e-03,liquid_conductor
2.610133227e-04,-1.014288320e-03,liquid_conductor
2.689484386e-04,-1.014288320e-03,liquid_conductor
2.776157494e-04,-1.014288320e-03,liquid_conductor
2.870851727e-04,-1.014288320e-03,liquid_conductor
2.974263273e-04,-1.014288320e-03,liquid_conductor
3.087203809e-04,-1.014288320e-03,liquid_conductor
3.210579460e-04,-1.014288320e-03,liquid_conductor
3.345353188e-04,-1.014288320e-03,liquid_conductor
3.492615949e-04,-1.014288320e-03,liquid_conductor
3.653317449e-04,-1.014288320e-03,liquid_conductor
3.828930231e-04,-1.014288320e-03,liquid_conductor
4.020809215e-04,-1.014288320e-03,liquid_conductor
4.230318110e-04,-1.014288320e-03,liquid_conductor
4.459114310e-04,-1.014288320e-03,liquid_conductor
4.709074923e-04,-1.014288320e-03,liquid_conductor
4.982272631e-04,-1.014288320e-03,liquid_conductor
5.280468223e-04,-1.014288320e-03,liquid_conductor
5.606176878e-04,-1.014288320e-03,liquid_conductor
5.961968980e-04,-1.014288320e-03,liquid_conductor
6.350512450e-04,-1.014288320e-03,liquid_conductor
6.774964929e-04,-1.014288320e-03,liquid_conductor
7.238672441e-04,-1.014288320e-03,liquid_conductor
7.745057743e-04,-1.014288320e-03,liquid_conductor
8.298365598e-04,-1.014288320e-03,liquid_conductor
8.902404685e-04,-1.014288320e-03,liquid_conductor
9.562452265e-04,-1.014288320e-03,liquid_conductor
1.028315419e-03,-1.014288320e-03,liquid_conductor
1.107064121e-03,-1.014288320e-03,liquid_conductor
1.193057227e-03,-1.014288320e-03,liquid_conductor
1.286983765e-03,-1.014288320e-03,liquid_conductor
1.389582490e-03,-1.014288320e-03,liquid_conductor
1.501687528e-03,-1.014288320e-03,liquid_conductor
1.618967549e-03,-1.014288320e-03,liquid_conductor
1.727165678e-03,-1.014288320e-03,liquid_conductor
1.826235815e-03,-1.014288320e-03,liquid_conductor
1.916950625e-03,-1.014288320e-03,liquid_conductor
2.000000000e-03,-1.014288320e-03,liquid_conductor
2.084216992e-03,-1.014288320e-03,liquid_conductor
2.176355351e-03,-1.014288320e-03,liquid_conductor
2.277029651e-03,-1.014288320e-03,liquid_conductor
2.387173046e-03,-1.014288320e-03,liquid_conductor
2.507591864e-03,-1.014288320e-03,liquid_conductor
2.639278383e-03,-1.014288320e-03,liquid_conductor
2.783299094e-03,-1.014288320e-03,liquid_conductor
2.940767833e-03,-1.014288320e-03,liquid_conductor
3.113009625e-03,-1.014288320e-03,liquid_conductor
3.294047376e-03,-1.014288320e-03,liquid_conductor
3.461380719e-03,-1.014288320e-03,liquid_conductor
3.614426098e-03,-1.014288320e-03,liquid_conductor
3.754355769e-03,-1.014288320e-03,liquid_conductor
3.882298548e-03,-1.014288320e-03,liquid_conductor
3.999310376e-03,-1.014288320e-03,liquid_conductor
4.106334329e-03,-1.014288320e-03,liquid_conductor
4.204204407e-03,-1.014288320e-03,liquid_conductor
4.293671006e-03,-1.014288320e-03,liquid_conductor
4.375489229e-03,-1.014288320e-03,liquid_conductor
4.450318040e-03,-1.014288320e-03,liquid_conductor
4.518738298e-03,-1.014288320e-03,liquid_conductor
4.581289028e-03,-1.014288320e-03,liquid_conductor
4.638507194e-03,-1.014288320e-03,liquid_conductor
4.690810594e-03,-1.014288320e-03,liquid_conductor
4.738672595e-03,-1.014288320e-03,liquid_conductor
4.782423733e-03,-1.014288320e-03,liquid_conductor
4.822423892e-03,-1.014288320e-03,liquid_conductor
4.859011717e-03,-1.014288320e-03,liquid_conductor
4.892455390e-03,-1.014288320e-03,liquid_conductor
4.923050450e-03,-1.014288320e-03,liquid_conductor
4.951016246e-03,-1.014288320e-03,liquid_conductor
4.976608707e-03,-1.014288320e-03,liquid_conductor
5.000000000e-03,-1.014288320e-03,liquid_conductor
0.000000000e+00,-9.586019045e-04,liquid_conductor
2.253927972e-07,-9.586019045e-04,liquid_conductor
4.710108625e-07,-9.586019045e-04,liquid_conductor
7.388114821e-07,-9.586019045e-04,liquid_conductor
1.030777353e-06,-9.586019045e-04,liquid_conductor
1.349134956e-06,-9.586019045e-04,liquid_conductor
1.696071563e-06,-9.586019045e-04,liquid_conductor
2.065284294e-06,-9.586019045e-04,liquid_conductor
2.411371865e-06,-9.586019045e-04,liquid_conductor
2.728827367e-06,-9.586019045e-04,liquid_conductor
3.019944202e-06,-9.586019045e-04,liquid_conductor
3.287031469e-06,-9.586019045e-04,liquid_conductor
3.531983203e-06,-9.586019045e-04,liquid_conductor
3.756739224e-06,-9.586019045e-04,liquid_conductor
3.962851098e-06,-9.586019045e-04,liquid_conductor
4.151964219e-06,-9.586019045e-04,liquid_conductor
4.325432522e-06,-9.586019045e-04,liquid_conductor
4.484611324e-06,-9.586019045e-04,liquid_conductor
4.630594259e-06,-9.586019045e-04,liquid_conductor
4.764494569e-06,-9.586019045e-04,liquid_conductor
4.887303601e-06,-9.586019045e-04,liquid_conductor
5.000000000e-06,-9.586019045e-04,liquid_conductor
5.344545024e-06,-9.586019045e-04,liquid_conductor
5.720728404e-06,-9.586019045e-04,liquid_conductor
6.131424688e-06,-9.586019045e-04,liquid_conductor
6.579792067e-06,-9.586019045e-04,liquid_conductor
7.069682790e-06,-9.586019045e-04,liquid_conductor
7.604221304e-06,-9.586019045e-04,liquid_conductor
8.187924336e-06,-9.586019045e-04,liquid_conductor
8.825326016e-06,-9.586019045e-04,liquid_conductor
9.521221193e-06,-9.586019045e-04,liquid_conductor
1.028089317e-05,-9.586019045e-04,liquid_conductor
1.111056343e-05,-9.586019045e-04,liquid_conductor
1.201639249e-05,-9.586019045e-04,liquid_conductor
1.298360751e-05,-9.586019045e-04,liquid_conductor
1.388943657e-05,-9.586019045e-04,liquid_conductor
1.471910683e-05,-9.586019045e-04,liquid_conductor
1.547877881e-05,-9.586019045e-04,liquid_conductor
1.617467398e-05,-9.586019045e-04,liquid_conductor
1.681207566e-05,-9.586019045e-04,liquid_conductor
1.739577870e-05,-9.586019045e-04,liquid_conductor
1.793031721e-05,-9.586019045e-04,liquid_conductor
1.842020793e-05,-9.586019045e-04,liquid_conductor
1.886857531e-05,-9.586019045e-04,liquid_conductor
1.927927160e-05,-9.586019045e-04,liquid_conductor
1.965545498e-05,-9.586019045e-04,liquid_conductor
2.000000000e-05,-9.586019045e-04,liquid_conductor
2.010805618e-05,-9.586019045e-04,liquid_conductor
2.022595285e-05,-9.586019045e-04,liquid_conductor
2.035459775e-05,-9.586019045e-04,liquid_conductor
2.049498821e-05,-9.586019045e-04,liquid_conductor
2.064826006e-05,-9.586019045e-04,liquid_conductor
2.081535157e-05,-9.586019045e-04,liquid_conductor
2.099777754e-05,-9.586019045e-04,liquid_conductor
2.119689800e-05,-9.586019045e-04,liquid_conductor
2.141410532e-05,-9.586019045e-04,liquid_conductor
2.165116416e-05,-9.586019045e-04,liquid_conductor
2.190983090e-05,-9.586019045e-04,liquid_conductor
2.219208379e-05,-9.586019045e-04,liquid_conductor
2.250020445e-05,-9.586019045e-04,liquid_conductor
2.283635452e-05,-9.586019045e-04,liquid_conductor
2.320312564e-05,-9.586019045e-04,liquid_conductor
2.360338148e-05,-9.586019045e-04,liquid_conductor
2.404015658e-05,-9.586019045e-04,liquid_conductor
2.451665868e-05,-9.586019045e-04,liquid_conductor
2.503676791e-05,-9.586019045e-04,liquid_conductor
2.560437513e-05,-9.586019045e-04,liquid_conductor
2.622369757e-05,-9.586019045e-04,liquid_conductor
2.688064397e-05,-9.586019045e-04,liquid_conductor
2.749373137e-05,-9.586019045e-04,liquid_conductor
2.805529321e-05,-9.586019045e-04,liquid_conductor
2.856987281e-05,-9.586019045e-04,liquid_conductor
2.904145948e-05,-9.586019045e-04,liquid_conductor
2.947368421e-05,-9.586019045e-04,liquid_conductor
2.990868297e-05,-9.586019045e-04,liquid_conductor
3.038341652e-05,-9.586019045e-04,liquid_conductor
3.090184239e-05,-9.586019045e-04,liquid_conductor
3.146778324e-05,-9.586019045e-04,liquid_conductor
3.208581625e-05,-9.586019045e-04,liquid_conductor
3.276073484e-05,-9.586019045e-04,liquid_conductor
3.349724986e-05,-9.586019045e-04,liquid_conductor
3.430131728e-05,-9.586019045e-04,liquid_conductor
3.517965823e-05,-9.586019045e-04,liquid_conductor
3.613813726e-05,-9.586019045e-04,liquid_conductor
3.718507681e-05,-9.586019045e-04,liquid_conductor
3.832780448e-05,-9.586019045e-04,liquid_conductor
3.957561045e-05,-9.586019045e-04,liquid_conductor
4.093854473e-05,-9.586019045e-04,liquid_conductor
4.242542050e-05,-9.586019045e-04,liquid_conductor
4.404956552e-05,-9.586019045e-04,liquid_conductor
4.582227382e-05,-9.586019045e-04,liquid_conductor
4.775808616e-05,-9.586019045e-04,liquid_conductor
4.987178140e-05,-9.586019045e-04,liquid_conductor
5.217920429e-05,-9.586019045e-04,liquid_conductor
5.469866297e-05,-9.586019045e-04,liquid_conductor
5.744905551e-05,-9.586019045e-04,liquid_conductor
6.045387799e-05,-9.586019045e-04,liquid_conductor
6.373271678e-05,-9.586019045e-04,liquid_conductor
6.731217269e-05,-9.586019045e-04,liquid_conductor
7.122108778e-05,-9.586019045e-04,liquid_conductor
7.548786712e-05,-9.586019045e-04,liquid_conductor
8.014712385e-05,-9.586019045e-04,liquid_conductor
8.523466155e-05,-9.586019045e-04,liquid_conductor
9.078843638e-05,-9.586019045e-04,liquid_conductor
9.685525750e-05,-9.586019045e-04,liquid_conductor
1.034758769e-04,-9.586019045e-04,liquid_conductor
1.107020219e-04,-9.586019045e-04,liquid_conductor
1.185948933e-04,-9.586019045e-04,liquid_conductor
1.271212752e-04,-9.586019045e-04,liquid_conductor
1.352404309e-04,-9.586019045e-04,liquid_conductor
1.426794381e-04,-9.586019045e-04,liquid_conductor
1.494903129e-04,-9.586019045e-04,liquid_conductor
1.557277722e-04,-9.586019045e-04,liquid_conductor
1.614435061e-04,-9.586019045e-04,liquid_conductor
1.666778448e-04,-9.586019045e-04,liquid_conductor
1.714708543e-04,-9.586019045e-04,liquid_conductor
1.758610799e-04,-9.586019045e-04,liquid_conductor
1.798823926e-04,-9.586019045e-04,liquid_conductor
1.835651336e-04,-9.586019045e-04,liquid_conductor
1.869383710e-04,-9.586019045e-04,liquid_conductor
1.900294091e-04,-9.586019045e-04,liquid_conductor
1.928581583e-04,-9.586019045e-04,liquid_conductor
1.954511466e-04,-9.586019045e-04,liquid_conductor
1.978250706e-04,-9.586019045e-04,liquid_conductor
2.000000000e-04,-9.586019045e-04,liquid_conductor
2.023073590e-04,-9.586019045e-04,liquid_conductor
2.048262778e-04,-9.586019045e-04,liquid_conductor
2.075787525e-04,-9.586019045e-04,liquid_conductor
2.105843091e-04,-9.586019045e-04,liquid_conductor
2.138679432e-04,-9.586019045e-04,liquid_conductor
2.174546697e-04,-9.586019045e-04,liquid_conductor
2.213724959e-04,-9.586019045e-04,liquid_conductor
2.256503856e-04,-9.586019045e-04,liquid_conductor
2.303242912e-04,-9.586019045e-04,liquid_conductor
2.354283816e-04,-9.586019045e-04,liquid_conductor
2.410037832e-04,-9.586019045e-04,liquid_conductor
2.470936058e-04,-9.586019045e-04,liquid_conductor
2.537446444e-04,-9.586019045e-04,liquid_conductor
2.610133227e-04,-9.586019045e-04,liquid_conductor
2.689484386e-04,-9.586019045e-04,liquid_conductor
2.776157494e-04,-9.586019045e-04,liquid_conductor
2.870851727e-04,-9.586019045e-04,liquid_conductor
2.974263273e-04,-9.586019045e-04,liquid_conductor
3.087203809e-04,-9.586019045e-04,liquid_conductor
3.210579460e-04,-9.586019045e-04,liquid_conductor
3.345353188e-04,-9.586019045e-04,liquid_conductor
3.492615949e-04,-9.586019045e-04,liquid_conductor
3.653317449e-04,-9.586019045e-04,liquid_conductor
3.828930231e-04,-9.586019045e-04,liquid_conductor
4.020809215e-04,-9.586019045e-04,liquid_conductor
4.230318110e-04,-9.586019045e-04,liquid_conductor
4.459114310e-04,-9.586019045e-04,liquid_conductor
4.709074923e-04,-9.586019045e-04,liquid_conductor
4.982272631e-04,-9.586019045e-04,liquid_conductor
5.280468223e-04,-9.586019045e-04,liquid_conductor
5.606176878e-04,-9.586019045e-04,liquid_conductor
5.961968980e-04,-9.586019045e-04,liquid_conductor
6.350512450e-04,-9.586019045e-04,liquid_conductor
6.774964929e-04,-9.586019045e-04,liquid_conductor
7.238672441e-04,-9.586019045e-04,liquid_conductor
7.745057743e-04,-9.586019045e-04,liquid_conductor
8.298365598e-04,-9.586019045e-04,liquid_conductor
8.902404685e-04,-9.586019045e-04,liquid_conductor
9.562452265e-04,-9.586019045e-04,liquid_conductor
1.028315419e-03,-9.586019045e-04,liquid_conductor
1.107064121e-03,-9.586019045e-04,liquid_conductor
1.193057227e-03,-9.586019045e-04,liquid_conductor
1.286983765e-03,-9.586019045e-04,liquid_conductor
1.389582490e-03,-9.586019045e-04,liquid_conductor
1.501687528e-03,-9.586019045e-04,liquid_conductor
1.618967549e-03,-9.586019045e-04,liquid_conductor
1.727165678e-03,-9.586019045e-04,liquid_conductor
1.826235815e-03,-9.586019045e-04,liquid_conductor
1.916950625e-03,-9.586019045e-04,liquid_conductor
2.000000000e-03,-9.586019045e-04,liquid_conductor
2.084216992e-03,-9.586019045e-04,liquid_conductor
2.176355351e-03,-9.586019045e-04,liquid_conductor
2.277029651e-03,-9.586019045e-04,liquid_conductor
2.387173046e-03,-9.586019045e-04,liquid_conductor
2.507591864e-03,-9.586019045e-04,liquid_conductor
2.639278383e-03,-9.586019045e-04,liquid_conductor
2.783299094e-03,-9.586019045e-04,liquid_conductor
2.940767833e-03,-9.586019045e-04,liquid_conductor
3.113009625e-03,-9.586019045e-04,liquid_conductor
3.294047376e-03,-9.586019045e-04,liquid_conductor
3.461380719e-03,-9.586019045e-04,liquid_conductor
3.614426098e-03,-9.586019045e-04,liquid_conductor
3.754355769e-03,-9.586019045e-04,liquid_conductor
3.882298548e-03,-9.586019045e-04,liquid_conductor
3.999310376e-03,-9.586019045e-04,liquid_conductor
4.106334329e-03,-9.586019045e-04,liquid_conductor
4.204204407e-03,-9.586019045e-04,liquid_conductor
4.293671006e-03,-9.586019045e-04,liquid_conductor
4.375489229e-03,-9.586019045e-04,liquid_conductor
4.450318040e-03,-9.586019045e-04,liquid_conductor
4.518738298e-03,-9.586019045e-04,liquid_conductor
4.581289028e-03,-9.586019045e-04,liquid_conductor
4.638507194e-03,-9.586019045e-04,liquid_conductor
4.690810594e-03,-9.586019045e-04,liquid_conductor
4.738672595e-03,-9.586019045e-04,liquid_conductor
4.782423733e-03,-9.586019045e-04,liquid_conductor
4.822423892e-03,-9.586019045e-04,liquid_conductor
4.859011717e-03,-9.586019045e-04,liquid_conductor
4.892455390e-03,-9.586019045e-04,liquid_conductor
4.923050450e-03,-9.586019045e-04,liquid_conductor
4.951016246e-03,-9.586019045e-04,liquid_conductor
4.976608707e-03,-9.586019045e-04,liquid_conductor
5.000000000e-03,-9.586019045e-04,liquid_conductor
0.000000000e+00,-9.076080543e-04,liquid_conductor
2.253927972e-07,-9.076080543e-04,liquid_conductor
4.710108625e-07,-9.076080543e-04,liquid_conductor
7.388114821e-07,-9.076080543e-04,liquid_conductor
1.030777353e-06,-9.076080543e-04,liquid_conductor
1.349134956e-06,-9.076080543e-04,liquid_conductor
1.696071563e-06,-9.076080543e-04,liquid_conductor
2.065284294e-06,-9.076080543e-04,liquid_conductor
2.411371865e-06,-9.076080543e-04,liquid_conductor
2.728827367e-06,-9.076080543e-04,liquid_conductor
3.019944202e-06,-9.076080543e-04,liquid_conductor
3.287031469e-06,-9.076080543e-04,liquid_conductor
3.531983203e-06,-9.076080543e-04,liquid_conductor
3.756739224e-06,-9.076080543e-04,liquid_conductor
3.962851098e-06,-9.076080543e-04,liquid_conductor
4.151964219e-06,-9.076080543e-04,liquid_conductor
4.325432522e-06,-9.076080543e-04,liquid_conductor
4.484611324e-06,-9.076080543e-04,liquid_conductor
4.630594259e-06,-9.076080543e-04,liquid_conductor
4.764494569e-06,-9.076080543e-04,liquid_conductor
4.887303601e-06,-9.076080543e-04,liquid_conductor
5.000000000e-06,-9.076080543e-04,liquid_conductor
5.344545024e-06,-9.076080543e-04,liquid_conductor
5.720728404e-06,-9.076080543e-04,liquid_conductor
6.131424688e-06,-9.076080543e-04,liquid_conductor
6.579792067e-06,-9.076080543e-04,liquid_conductor
7.069682790e-06,-9.076080543e-04,liquid_conductor
7.604221304e-06,-9.076080543e-04,liquid_conductor
8.187924336e-06,-9.076080543e-04,liquid_conductor
8.825326016e-06,-9.076080543e-04,liquid_conductor
9.521221193e-06,-9.076080543e-04,liquid_conductor
1.028089317e-05,-9.076080543e-04,liquid_conductor
1.111056343e-05,-9.076080543e-04,liquid_conductor
1.201639249e-05,-9.076080543e-04,liquid_conductor
1.298360751e-05,-9.076080543e-04,liquid_conductor
1.388943657e-05,-9.076080543e-04,liquid_conductor
1.471910683e-05,-9.076080543e-04,liquid_conductor
1.547877881e-05,-9.076080543e-04,liquid_conductor
1.617467398e-05,-9.076080543e-04,liquid_conductor
1.681207566e-05,-9.076080543e-04,liquid_conductor
1.739577870e-05,-9.076080543e-04,liquid_conductor
1.793031721e-05,-9.076080543e-04,liquid_conductor
1.842020793e-05,-9.076080543e-04,liquid_conductor
1.886857531e-05,-9.076080543e-04,liquid_conductor
1.927927160e-05,-9.076080543e-04,liquid_conductor
1.965545498e-05,-9.076080543e-04,liquid_conductor
2.000000000e-05,-9.076080543e-04,liquid_conductor
2.010805618e-05,-9.076080543e-04,liquid_conductor
2.022595285e-05,-9.076080543e-04,liquid_conductor
2.035459775e-05,-9.076080543e-04,liquid_conductor
2.049498821e-05,-9.076080543e-04,liquid_conductor
2.064826006e-05,-9.076080543e-04,liquid_conductor
2.081535157e-05,-9.076080543e-04,liquid_conductor
2.099777754e-05,-9.076080543e-04,liquid_conductor
2.119689800e-05,-9.076080543e-04,liquid_conductor
2.141410532e-05,-9.076080543e-04,liquid_conductor
2.165116416e-05,-9.076080543e-04,liquid_conductor
2.190983090e-05,-9.076080543e-04,liquid_conductor
2.219208379e-05,-9.076080543e-04,liquid_conductor
2.250020445e-05,-9.076080543e-04,liquid_conductor
2.283635452e-05,-9.076080543e-04,liquid_conductor
2.320312564e-05,-9.076080543e-04,liquid_conductor
2.360338148e-05,-9.076080543e-04,liquid_conductor
2.404015658e-05,-9.076080543e-04,liquid_conductor
2.451665868e-05,-9.076080543e-04,liquid_conductor
2.503676791e-05,-9.076080543e-04,liquid_conductor
2.560437513e-05,-9.076080543e-04,liquid_conductor
2.622369757e-05,-9.076080543e-04,liquid_conductor
2.688064397e-05,-9.076080543e-04,liquid_conductor
2.749373137e-05,-9.076080543e-04,liquid_conductor
2.805529321e-05,-9.076080543e-04,liquid_conductor
2.856987281e-05,-9.076080543e-04,liquid_conductor
2.904145948e-05,-9.076080543e-04,liquid_conductor
2.947368421e-05,-9.076080543e-04,liquid_conductor
2.990868297e-05,-9.076080543e-04,liquid_conductor
3.038341652e-05,-9.076080543e-04,liquid_conductor
3.090184239e-05,-9.076080543e-04,liquid_conductor
3.146778324e-05,-9.076080543e-04,liquid_conductor
3.208581625e-05,-9.076080543e-04,liquid_conductor
3.276073484e-05,-9.076080543e-04,liquid_conductor
3.349724986e-05,-9.076080543e-04,liquid_conductor
3.430131728e-05,-9.076080543e-04,liquid_conductor
3.517965823e-05,-9.076080543e-04,liquid_conductor
3.613813726e-05,-9.076080543e-04,liquid_conductor
3.718507681e-05,-9.076080543e-04,liquid_conductor
3.832780448e-05,-9.076080543e-04,liquid_conductor
3.957561045e-05,-9.076080543e-04,liquid_conductor
4.093854473e-05,-9.076080543e-04,liquid_conductor
4.242542050e-05,-9.076080543e-04,liquid_conductor
4.404956552e-05,-9.076080543e-04,liquid_conductor
4.582227382e-05,-9.076080543e-04,liquid_conductor
4.775808616e-05,-9.076080543e-04,liquid_conductor
4.987178140e-05,-9.076080543e-04,liquid_conductor
5.217920429e-05,-9.076080543e-04,liquid_conductor
5.469866297e-05,-9.076080543e-04,liquid_conductor
5.744905551e-05,-9.076080543e-04,liquid_conductor
6.045387799e-05,-9.076080543e-04,liquid_conductor
6.373271678e-05,-9.076080543e-04,liquid_conductor
6.731217269e-05,-9.076080543e-04,liquid_conductor
7.122108778e-05,-9.076080543e-04,liquid_conductor
7.548786712e-05,-9.076080543e-04,liquid_conductor
8.014712385e-05,-9.076080543e-04,liquid_conductor
8.523466155e-05,-9.076080543e-04,liquid_conductor
9.078843638e-05,-9.076080543e-04,liquid_conductor
9.685525750e-05,-9.076080543e-04,liquid_conductor
1.034758769e-04,-9.076080543e-04,liquid_conductor
1.107020219e-04,-9.076080543e-04,liquid_conductor
1.185948933e-04,-9.076080543e-04,liquid_conductor
1.271212752e-04,-9.076080543e-04,liquid_conductor
1.352404309e-04,-9.076080543e-04,liquid_conductor
1.426794381e-04,-9.076080543e-04,liquid_conductor
1.494903129e-04,-9.076080543e-04,liquid_conductor
1.557277722e-04,-9.076080543e-04,liquid_conductor
1.614435061e-04,-9.076080543e-04,liquid_conductor
1.666778448e-04,-9.076080543e-04,liquid_conductor
1.714708543e-04,-9.076080543e-04,liquid_conductor
1.758610799e-04,-9.076080543e-04,liquid_conductor
1.798823926e-04,-9.076080543e-04,liquid_conductor
1.835651336e-04,-9.076080543e-04,liquid_conductor
1.869383710e-04,-9.076080543e-04,liquid_conductor
1.900294091e-04,-9.076080543e-04,liquid_conductor
1.928581583e-04,-9.076080543e-04,liquid_conductor
1.954511466e-04,-9.076080543e-04,liquid_conductor
1.978250706e-04,-9.076080543e-04,liquid_conductor
2.000000000e-04,-9.076080543e-04,liquid_conductor
2.023073590e-04,-9.076080543e-04,liquid_conductor
2.048262778e-04,-9.076080543e-04,liquid_conductor
2.075787525e-04,-9.076080543e-04,liquid_conductor
2.105843091e-04,-9.076080543e-04,liquid_conductor
2.138679432e-04,-9.076080543e-04,liquid_conductor
2.174546697e-04,-9.076080543e-04,liquid_conductor
2.213724959e-04,-9.076080543e-04,liquid_conductor
2.256503856e-04,-9.076080543e-04,liquid_conductor
2.303242912e-04,-9.076080543e-04,liquid_conductor
2.354283816e-04,-9.076080543e-04,liquid_conductor
2.410037832e-04,-9.076080543e-04,liquid_conductor
2.470936058e-04,-9.076080543e-04,liquid_conductor
2.537446444e-04,-9.076080543e-04,liquid_conductor
2.610133227e-04,-9.076080543e-04,liquid_conductor
2.689484386e-04,-9.076080543e-04,liquid_conductor
2.776157494e-04,-9.076080543e-04,liquid_conductor
2.870851727e-04,-9.076080543e-04,liquid_conductor
2.974263273e-04,-9.076080543e-04,liquid_conductor
3.087203809e-04,-9.076080543e-04,liquid_conductor
3.210579460e-04,-9.076080543e-04,liquid_conductor
3.345353188e-04,-9.076080543e-04,liquid_conductor
3.492615949e-04,-9.076080543e-04,liquid_conductor
3.653317449e-04,-9.076080543e-04,liquid_conductor
3.828930231e-04,-9.076080543e-04,liquid_conductor
4.020809215e-04,-9.076080543e-04,liquid_conductor
4.230318110e-04,-9.076080543e-04,liquid_conductor
4.459114310e-04,-9.076080543e-04,liquid_conductor
4.709074923e-04,-9.076080543e-04,liquid_conductor
4.982272631e-04,-9.076080543e-04,liquid_conductor
5.280468223e-04,-9.076080543e-04,liquid_conductor
5.606176878e-04,-9.076080543e-04,liquid_conductor
5.961968980e-04,-9.076080543e-04,liquid_conductor
6.350512450e-04,-9.076080543e-04,liquid_conductor
6.774964929e-04,-9.076080543e-04,liquid_conductor
7.238672441e-04,-9.076080543e-04,liquid_conductor
7.745057743e-04,-9.076080543e-04,liquid_conductor
8.298365598e-04,-9.076080543e-04,liquid_conductor
8.902404685e-04,-9.076080543e-04,liquid_conductor
9.562452265e-04,-9.076080543e-04,liquid_conductor
1.028315419e-03,-9.076080543e-04,liquid_conductor
1.107064121e-03,-9.076080543e-04,liquid_conductor
1.193057227e-03,-9.076080543e-04,liquid_conductor
1.286983765e-03,-9.076080543e-04,liquid_conductor
1.389582490e-03,-9.076080543e-04,liquid_conductor
1.501687528e-03,-9.076080543e-04,liquid_conductor
1.618967549e-03,-9.076080543e-04,liquid_conductor
1.727165678e-03,-9.076080543e-04,liquid_conductor
1.826235815e-03,-9.076080543e-04,liquid_conductor
1.916950625e-03,-9.076080543e-04,liquid_conductor
2.000000000e-03,-9.076080543e-04,liquid_conductor
2.084216992e-03,-9.076080543e-04,liquid_conductor
2.176355351e-03,-9.076080543e-04,liquid_conductor
2.277029651e-03,-9.076080543e-04,liquid_conductor
2.387173046e-03,-9.076080543e-04,liquid_conductor
2.507591864e-03,-9.076080543e-04,liquid_conductor
2.639278383e-03,-9.076080543e-04,liquid_conductor
2.783299094e-03,-9.076080543e-04,liquid_conductor
2.940767833e-03,-9.076080543e-04,liquid_conductor
3.113009625e-03,-9.076080543e-04,liquid_conductor
3.294047376e-03,-9.076080543e-04,liquid_conductor
3.461380719e-03,-9.076080543e-04,liquid_conductor
3.614426098e-03,-9.076080543e-04,liquid_conductor
3.754355769e-03,-9.076080543e-04,liquid_conductor
3.882298548e-03,-9.076080543e-04,liquid_conductor
3.999310376e-03,-9.076080543e-04,liquid_conductor
4.106334329e-03,-9.076080543e-04,liquid_conductor
4.204204407e-03,-9.076080543e-04,liquid_conductor
4.293671006e-03,-9.076080543e-04,liquid_conductor
4.375489229e-03,-9.076080543e-04,liquid_conductor
4.450318040e-03,-9.076080543e-04,liquid_conductor
4.518738298e-03,-9.076080543e-04,liquid_conductor
4.581289028e-03,-9.076080543e-04,liquid_conductor
4.638507194e-03,-9.076080543e-04,liquid_conductor
4.690810594e-03,-9.076080543e-04,liquid_conductor
4.738672595e-03,-9.076080543e-04,liquid_conductor
4.782423733e-03,-9.076080543e-04,liquid_conductor
4.822423892e-03,-9.076080543e-04,liquid_conductor
4.859011717e-03,-9.076080543e-04,liquid_conductor
4.892455390e-03,-9.076080543e-04,liquid_conductor
4.923050450e-03,-9.076080543e-04,liquid_conductor
4.951016246e-03,-9.076080543e-04,liquid_conductor
4.976608707e-03,-9.076080543e-04,liquid_conductor
5.000000000e-03,-9.076080543e-04,liquid_conductor
0.000000000e+00,-8.608630969e-04,liquid_conductor
2.253927972e-07,-8.608630969e-04,liquid_conductor
4.710108625e-07,-8.608630969e-04,liquid_conductor
7.388114821e-07,-8.608630969e-04,liquid_conductor
1.030777353e-06,-8.608630969e-04,liquid_conductor
1.349134956e-06,-8.608630969e-04,liquid_conductor
1.696071563e-06,-8.608630969e-04,liquid_conductor
2.065284294e-06,-8.608630969e-04,liquid_conductor
2.411371865e-06,-8.608630969e-04,liquid_conductor
2.728827367e-06,-8.608630969e-04,liquid_conductor
3.019944202e-06,-8.608630969e-04,liquid_conductor
3.287031469e-06,-8.608630969e-04,liquid_conductor
3.531983203e-06,-8.608630969e-04,liquid_conductor
3.756739224e-06,-8.608630969e-04,liquid_conductor
3.962851098e-06,-8.608630969e-04,liquid_conductor
4.151964219e-06,-8.608630969e-04,liquid_conductor
4.325432522e-06,-8.608630969e-04,liquid_conductor
4.484611324e-06,-8.608630969e-04,liquid_conductor
4.630594259e-06,-8.608630969e-04,liquid_conductor
4.764494569e-06,-8.608630969e-04,liquid_conductor
4.887303601e-06,-8.608630969e-04,liquid_conductor
5.000000000e-06,-8.608630969e-04,liquid_conductor
5.344545024e-06,-8.608630969e-04,liquid_conductor
5.720728404e-06,-8.608630969e-04,liquid_conductor
6.131424688e-06,-8.608630969e-04,liquid_conductor
6.579792067e-06,-8.608630969e-04,liquid_conductor
7.069682790e-06,-8.608630969e-04,liquid_conductor
7.604221304e-06,-8.608630969e-04,liquid_conductor
8.187924336e-06,-8.608630969e-04,liquid_conductor
8.825326016e-06,-8.608630969e-04,liquid_conductor
9.521221193e-06,-8.608630969e-04,liquid_conductor
1.028089317e-05,-8.608630969e-04,liquid_conductor
1.111056343e-05,-8.608630969e-04,liquid_conductor
1.201639249e-05,-8.608630969e-04,liquid_conductor
1.298360751e-05,-8.608630969e-04,liquid_conductor
1.388943657e-05,-8.608630969e-04,liquid_conductor
1.471910683e-05,-8.608630969e-04,liquid_conductor
1.547877881e-05,-8.608630969e-04,liquid_conductor
1.617467398e-05,-8.608630969e-04,liquid_conductor
1.681207566e-05,-8.608630969e-04,liquid_conductor
1.739577870e-05,-8.608630969e-04,liquid_conductor
1.793031721e-05,-8.608630969e-04,liquid_conductor
1.842020793e-05,-8.608630969e-04,liquid_conductor
1.886857531e-05,-8.608630969e-04,liquid_conductor
1.927927160e-05,-8.608630969e-04,liquid_conductor
1.965545498e-05,-8.608630969e-04,liquid_conductor
2.000000000e-05,-8.608630969e-04,liquid_conductor
2.010805618e-05,-8.608630969e-04,liquid_conductor
2.022595285e-05,-8.608630969e-04,liquid_conductor
2.035459775e-05,-8.608630969e-04,liquid_conductor
2.049498821e-05,-8.608630969e-04,liquid_conductor
2.064826006e-05,-8.608630969e-04,liquid_conductor
2.081535157e-05,-8.608630969e-04,liquid_conductor
2.099777754e-05,-8.608630969e-04,liquid_conductor
2.119689800e-05,-8.608630969e-04,liquid_conductor
2.141410532e-05,-8.608630969e-04,liquid_conductor
2.165116416e-05,-8.608630969e-04,liquid_conductor
2.190983090e-05,-8.608630969e-04,liquid_conductor
2.219208379e-05,-8.608630969e-04,liquid_conductor
2.250020445e-05,-8.608630969e-04,liquid_conductor
2.283635452e-05,-8.608630969e-04,liquid_conductor
2.320312564e-05,-8.608630969e-04,liquid_conductor
2.360338148e-05,-8.608630969e-04,liquid_conductor
2.404015658e-05,-8.608630969e-04,liquid_conductor
2.451665868e-05,-8.608630969e-04,liquid_conductor
2.503676791e-05,-8.608630969e-04,liquid_conductor
2.560437513e-05,-8.608630969e-04,liquid_conductor
2.622369757e-05,-8.608630969e-04,liquid_conductor
2.688064397e-05,-8.608630969e-04,liquid_conductor
2.749373137e-05,-8.608630969e-04,liquid_conductor
2.805529321e-05,-8.608630969e-04,liquid_conductor
2.856987281e-05,-8.608630969e-04,liquid_conductor
2.904145948e-05,-8.608630969e-04,liquid_conductor
2.947368421e-05,-8.608630969e-04,liquid_conductor
2.990868297e-05,-8.608630969e-04,liquid_conductor
3.038341652e-05,-8.608630969e-04,liquid_conductor
3.090184239e-05,-8.608630969e-04,liquid_conductor
3.146778324e-05,-8.608630969e-04,liquid_conductor
3.208581625e-05,-8.608630969e-04,liquid_conductor
3.276073484e-05,-8.608630969e-04,liquid_conductor
3.349724986e-05,-8.608630969e-04,liquid_conductor
3.430131728e-05,-8.608630969e-04,liquid_conductor
3.517965823e-05,-8.608630969e-04,liquid_conductor
3.613813726e-05,-8.608630969e-04,liquid_conductor
3.718507681e-05,-8.608630969e-04,liquid_conductor
3.832780448e-05,-8.608630969e-04,liquid_conductor
3.957561045e-05,-8.608630969e-04,liquid_conductor
4.093854473e-05,-8.608630969e-04,liquid_conductor
4.242542050e-05,-8.608630969e-04,liquid_conductor
4.404956552e-05,-8.608630969e-04,liquid_conductor
4.582227382e-05,-8.608630969e-04,liquid_conductor
4.775808616e-05,-8.608630969e-04,liquid_conductor
4.987178140e-05,-8.608630969e-04,liquid_conductor
5.217920429e-05,-8.608630969e-04,liquid_conductor
5.469866297e-05,-8.608630969e-04,liquid_conductor
5.744905551e-05,-8.608630969e-04,liquid_conductor
6.045387799e-05,-8.608630969e-04,liquid_conductor
6.373271678e-05,-8.608630969e-04,liquid_conductor
6.731217269e-05,-8.608630969e-04,liquid_conductor
7.122108778e-05,-8.608630969e-04,liquid_conductor
7.548786712e-05,-8.608630969e-04,liquid_conductor
8.014712385e-05,-8.608630969e-04,liquid_conductor
8.523466155e-05,-8.608630969e-04,liquid_conductor
9.078843638e-05,-8.608630969e-04,liquid_conductor
9.685525750e-05,-8.608630969e-04,liquid_conductor
1.034758769e-04,-8.608630969e-04,liquid_conductor
1.107020219e-04,-8.608630969e-04,liquid_conductor
1.185948933e-04,-8.608630969e-04,liquid_conductor
1.271212752e-04,-8.608630969e-04,liquid_conductor
1.352404309e-04,-8.608630969e-04,liquid_conductor
1.426794381e-04,-8.608630969e-04,liquid_conductor
1.494903129e-04,-8.608630969e-04,liquid_conductor
1.557277722e-04,-8.608630969e-04,liquid_conductor
1.614435061e-04,-8.608630969e-04,liquid_conductor
1.666778448e-04,-8.608630969e-04,liquid_conductor
1.714708543e-04,-8.608630969e-04,liquid_conductor
1.758610799e-04,-8.608630969e-04,liquid_conductor
1.798823926e-04,-8.608630969e-04,liquid_conductor
1.835651336e-04,-8.608630969e-04,liquid_conductor
1.869383710e-04,-8.608630969e-04,liquid_conductor
1.900294091e-04,-8.608630969e-04,liquid_conductor
1.928581583e-04,-8.608630969e-04,liquid_conductor
1.954511466e-04,-8.608630969e-04,liquid_conductor
1.978250706e-04,-8.608630969e-04,liquid_conductor
2.000000000e-04,-8.608630969e-04,liquid_conductor
2.023073590e-04,-8.608630969e-04,liquid_conductor
2.048262778e-04,-8.608630969e-04,liquid_conductor
2.075787525e-04,-8.608630969e-04,liquid_conductor
2.105843091e-04,-8.608630969e-04,liquid_conductor
2.138679432e-04,-8.608630969e-04,liquid_conductor
2.174546697e-04,-8.608630969e-04,liquid_conductor
2.213724959e-04,-8.608630969e-04,liquid_conductor
2.256503856e-04,-8.608630969e-04,liquid_conductor
2.303242912e-04,-8.608630969e-04,liquid_conductor
2.354283816e-04,-8.608630969e-04,liquid_conductor
2.410037832e-04,-8.608630969e-04,liquid_conductor
2.470936058e-04,-8.608630969e-04,liquid_conductor
2.537446444e-04,-8.608630969e-04,liquid_conductor
2.610133227e-04,-8.608630969e-04,liquid_conductor
2.689484386e-04,-8.608630969e-04,liquid_conductor
2.776157494e-04,-8.608630969e-04,liquid_conductor
2.870851727e-04,-8.608630969e-04,liquid_conductor
2.974263273e-04,-8.608630969e-04,liquid_conductor
3.087203809e-04,-8.608630969e-04,liquid_conductor
3.210579460e-04,-8.608630969e-04,liquid_conductor
3.345353188e-04,-8.608630969e-04,liquid_conductor
3.492615949e-04,-8.608630969e-04,liquid_conductor
3.653317449e-04,-8.608630969e-04,liquid_conductor
3.828930231e-04,-8.608630969e-04,liquid_conductor
4.020809215e-04,-8.608630969e-04,liquid_conductor
4.230318110e-04,-8.608630969e-04,liquid_conductor
4.459114310e-04,-8.608630969e-04,liquid_conductor
4.709074923e-04,-8.608630969e-04,liquid_conductor
4.982272631e-04,-8.608630969e-04,liquid_conductor
5.280468223e-04,-8.608630969e-04,liquid_conductor
5.606176878e-04,-8.608630969e-04,liquid_conductor
5.961968980e-04,-8.608630969e-04,liquid_conductor
6.350512450e-04,-8.608630969e-04,liquid_conductor
6.774964929e-04,-8.608630969e-04,liquid_conductor
7.238672441e-04,-8.608630969e-04,liquid_conductor
7.745057743e-04,-8.608630969e-04,liquid_conductor
8.298365598e-04,-8.608630969e-04,liquid_conductor
8.902404685e-04,-8.608630969e-04,liquid_conductor
9.562452265e-04,-8.608630969e-04,liquid_conductor
1.028315419e-03,-8.608630969e-04,liquid_conductor
1.107064121e-03,-8.608630969e-04,liquid_conductor
1.193057227e-03,-8.608630969e-04,liquid_conductor
1.286983765e-03,-8.608630969e-04,liquid_conductor
1.389582490e-03,-8.608630969e-04,liquid_conductor
1.501687528e-03,-8.608630969e-04,liquid_conductor
1.618967549e-03,-8.608630969e-04,liquid_conductor
1.727165678e-03,-8.608630969e-04,liquid_conductor
1.826235815e-03,-8.608630969e-04,liquid_conductor
1.916950625e-03,-8.608630969e-04,liquid_conductor
2.000000000e-03,-8.608630969e-04,liquid_conductor
2.084216992e-03,-8.608630969e-04,liquid_conductor
2.176355351e-03,-8.608630969e-04,liquid_conductor
2.277029651e-03,-8.608630969e-04,liquid_conductor
2.387173046e-03,-8.608630969e-04,liquid_conductor
2.507591864e-03,-8.608630969e-04,liquid_conductor
2.639278383e-03,-8.608630969e-04,liquid_conductor
2.783299094e-03,-8.608630969e-04,liquid_conductor
2.940767833e-03,-8.608630969e-04,liquid_conductor
3.113009625e-03,-8.608630969e-04,liquid_conductor
3.294047376e-03,-8.608630969e-04,liquid_conductor
3.461380719e-03,-8.608630969e-04,liquid_conductor
3.614426098e-03,-8.608630969e-04,liquid_conductor
3.754355769e-03,-8.608630969e-04,liquid_conductor
3.882298548e-03,-8.608630969e-04,liquid_conductor
3.999310376e-03,-8.608630969e-04,liquid_conductor
4.106334329e-03,-8.608630969e-04,liquid_conductor
4.204204407e-03,-8.608630969e-04,liquid_conductor
4.293671006e-03,-8.608630969e-04,liquid_conductor
4.375489229e-03,-8.608630969e-04,liquid_conductor
4.450318040e-03,-8.608630969e-04,liquid_conductor
4.518738298e-03,-8.608630969e-04,liquid_conductor
4.581289028e-03,-8.608630969e-04,liquid_conductor
4.638507194e-03,-8.608630969e-04,liquid_conductor
4.690810594e-03,-8.608630969e-04,liquid_conductor
4.738672595e-03,-8.608630969e-04,liquid_conductor
4.782423733e-03,-8.608630969e-04,liquid_conductor
4.822423892e-03,-8.608630969e-04,liquid_conductor
4.859011717e-03,-8.608630969e-04,liquid_conductor
4.892455390e-03,-8.608630969e-04,liquid_conductor
4.923050450e-03,-8.608630969e-04,liquid_conductor
4.951016246e-03,-8.608630969e-04,liquid_conductor
4.976608707e-03,-8.608630969e-04,liquid_conductor
5.000000000e-03,-8.608630969e-04,liquid_conductor
0.000000000e+00,-8.180676951e-04,liquid_conductor
2.253927972e-07,-8.180676951e-04,liquid_conductor
4.710108625e-07,-8.180676951e-04,liquid_conductor
7.388114821e-07,-8.180676951e-04,liquid_conductor
1.030777353e-06,-8.180676951e-04,liquid_conductor
1.349134956e-06,-8.180676951e-04,liquid_conductor
1.696071563e-06,-8.180676951e-04,liquid_conductor
2.065284294e-06,-8.180676951e-04,liquid_conductor
2.411371865e-06,-8.180676951e-04,liquid_conductor
2.728827367e-06,-8.180676951e-04,liquid_conductor
3.019944202e-06,-8.180676951e-04,liquid_conductor
3.287031469e-06,-8.180676951e-04,liquid_conductor
3.531983203e-06,-8.180676951e-04,liquid_conductor
3.756739224e-06,-8.180676951e-04,liquid_conductor
3.962851098e-06,-8.180676951e-04,liquid_conductor
4.151964219e-06,-8.180676951e-04,liquid_conductor
4.325432522e-06,-8.180676951e-04,liquid_conductor
4.484611324e-06,-8.180676951e-04,liquid_conductor
4.630594259e-06,-8.180676951e-04,liquid_conductor
4.764494569e-06,-8.180676951e-04,liquid_conductor
4.887303601e-06,-8.180676951e-04,liquid_conductor
5.000000000e-06,-8.180676951e-04,liquid_conductor
5.344545024e-06,-8.180676951e-04,liquid_conductor
5.720728404e-06,-8.180676951e-04,liquid_conductor
6.131424688e-06,-8.180676951e-04,liquid_conductor
6.579792067e-06,-8.180676951e-04,liquid_conductor
7.069682790e-06,-8.180676951e-04,liquid_conductor
7.604221304e-06,-8.180676951e-04,liquid_conductor
8.187924336e-06,-8.180676951e-04,liquid_conductor
8.825326016e-06,-8.180676951e-04,liquid_conductor
9.521221193e-06,-8.180676951e-04,liquid_conductor
1.028089317e-05,-8.180676951e-04,liquid_conductor
1.111056343e-05,-8.180676951e-04,liquid_conductor
1.201639249e-05,-8.180676951e-04,liquid_conductor
1.298360751e-05,-8.180676951e-04,liquid_conductor
1.388943657e-05,-8.180676951e-04,liquid_conductor
1.471910683e-05,-8.180676951e-04,liquid_conductor
1.547877881e-05,-8.180676951e-04,liquid_conductor
1.617467398e-05,-8.180676951e-04,liquid_conductor
1.681207566e-05,-8.180676951e-04,liquid_conductor
1.739577870e-05,-8.180676951e-04,liquid_conductor
1.793031721e-05,-8.180676951e-04,liquid_conductor
1.842020793e-05,-8.180676951e-04,liquid_conductor
1.886857531e-05,-8.180676951e-04,liquid_conductor
1.927927160e-05,-8.180676951e-04,liquid_conductor
1.965545498e-05,-8.180676951e-04,liquid_conductor
2.000000000e-05,-8.180676951e-04,liquid_conductor
2.010805618e-05,-8.180676951e-04,liquid_conductor
2.022595285e-05,-8.180676951e-04,liquid_conductor
2.035459775e-05,-8.180676951e-04,liquid_conductor
2.049498821e-05,-8.180676951e-04,liquid_conductor
2.064826006e-05,-8.180676951e-04,liquid_conductor
2.081535157e-05,-8.180676951e-04,liquid_conductor
2.099777754e-05,-8.180676951e-04,liquid_conductor
2.119689800e-05,-8.180676951e-04,liquid_conductor
2.141410532e-05,-8.180676951e-04,liquid_conductor
2.165116416e-05,-8.180676951e-04,liquid_conductor
2.190983090e-05,-8.180676951e-04,liquid_conductor
2.219208379e-05,-8.180676951e-04,liquid_conductor
2.250020445e-05,-8.180676951e-04,liquid_conductor
2.283635452e-05,-8.180676951e-04,liquid_conductor
2.320312564e-05,-8.180676951e-04,liquid_conductor
2.360338148e-05,-8.180676951e-04,liquid_conductor
2.404015658e-05,-8.180676951e-04,liquid_conductor
2.451665868e-05,-8.180676951e-04,liquid_conductor
2.503676791e-05,-8.180676951e-04,liquid_conductor
2.560437513e-05,-8.180676951e-04,liquid_conductor
2.622369757e-05,-8.180676951e-04,liquid_conductor
2.688064397e-05,-8.180676951e-04,liquid_conductor
2.749373137e-05,-8.180676951e-04,liquid_conductor
2.805529321e-05,-8.180676951e-04,liquid_conductor
2.856987281e-05,-8.180676951e-04,liquid_conductor
2.904145948e-05,-8.180676951e-04,liquid_conductor
2.947368421e-05,-8.180676951e-04,liquid_conductor
2.990868297e-05,-8.180676951e-04,liquid_conductor
3.038341652e-05,-8.180676951e-04,liquid_conductor
3.090184239e-05,-8.180676951e-04,liquid_conductor
3.146778324e-05,-8.180676951e-04,liquid_conductor
3.208581625e-05,-8.180676951e-04,liquid_conductor
3.276073484e-05,-8.180676951e-04,liquid_conductor
3.349724986e-05,-8.180676951e-04,liquid_conductor
3.430131728e-05,-8.180676951e-04,liquid_conductor
3.517965823e-05,-8.180676951e-04,liquid_conductor
3.613813726e-05,-8.180676951e-04,liquid_conductor
3.718507681e-05,-8.180676951e-04,liquid_conductor
3.832780448e-05,-8.180676951e-04,liquid_conductor
3.957561045e-05,-8.180676951e-04,liquid_conductor
4.093854473e-05,-8.180676951e-04,liquid_conductor
4.242542050e-05,-8.180676951e-04,liquid_conductor
4.404956552e-05,-8.180676951e-04,liquid_conductor
4.582227382e-05,-8.180676951e-04,liquid_conductor
4.775808616e-05,-8.180676951e-04,liquid_conductor
4.987178140e-05,-8.180676951e-04,liquid_conductor
5.217920429e-05,-8.180676951e-04,liquid_conductor
5.469866297e-05,-8.180676951e-04,liquid_conductor
5.744905551e-05,-8.180676951e-04,liquid_conductor
6.045387799e-05,-8.180676951e-04,liquid_conductor
6.373271678e-05,-8.180676951e-04,liquid_conductor
6.731217269e-05,-8.180676951e-04,liquid_conductor
7.122108778e-05,-8.180676951e-04,liquid_conductor
7.548786712e-05,-8.180676951e-04,liquid_conductor
8.014712385e-05,-8.180676951e-04,liquid_conductor
8.523466155e-05,-8.180676951e-04,liquid_conductor
9.078843638e-05,-8.180676951e-04,liquid_conductor
9.685525750e-05,-8.180676951e-04,liquid_conductor
1.034758769e-04,-8.180676951e-04,liquid_conductor
1.107020219e-04,-8.180676951e-04,liquid_conductor
1.185948933e-04,-8.180676951e-04,liquid_conductor
1.271212752e-04,-8.180676951e-04,liquid_conductor
1.352404309e-04,-8.180676951e-04,liquid_conductor
1.426794381e-04,-8.180676951e-04,liquid_conductor
1.494903129e-04,-8.180676951e-04,liquid_conductor
1.557277722e-04,-8.180676951e-04,liquid_conductor
1.614435061e-04,-8.180676951e-04,liquid_conductor
1.666778448e-04,-8.180676951e-04,liquid_conductor
1.714708543e-04,-8.180676951e-04,liquid_conductor
1.758610799e-04,-8.180676951e-04,liquid_conductor
1.798823926e-04,-8.180676951e-04,liquid_conductor
1.835651336e-04,-8.180676951e-04,liquid_conductor
1.869383710e-04,-8.180676951e-04,liquid_conductor
1.900294091e-04,-8.180676951e-04,liquid_conductor
1.928581583e-04,-8.180676951e-04,liquid_conductor
1.954511466e-04,-8.180676951e-04,liquid_conductor
1.978250706e-04,-8.180676951e-04,liquid_conductor
2.000000000e-04,-8.180676951e-04,liquid_conductor
2.023073590e-04,-8.180676951e-04,liquid_conductor
2.048262778e-04,-8.180676951e-04,liquid_conductor
2.075787525e-04,-8.180676951e-04,liquid_conductor
2.105843091e-04,-8.180676951e-04,liquid_conductor
2.138679432e-04,-8.180676951e-04,liquid_conductor
2.174546697e-04,-8.180676951e-04,liquid_conductor
2.213724959e-04,-8.180676951e-04,liquid_conductor
2.256503856e-04,-8.180676951e-04,liquid_conductor
2.303242912e-04,-8.180676951e-04,liquid_conductor
2.354283816e-04,-8.180676951e-04,liquid_conductor
2.410037832e-04,-8.180676951e-04,liquid_conductor
2.470936058e-04,-8.180676951e-04,liquid_conductor
2.537446444e-04,-8.180676951e-04,liquid_conductor
2.610133227e-04,-8.180676951e-04,liquid_conductor
2.689484386e-04,-8.180676951e-04,liquid_conductor
2.776157494e-04,-8.180676951e-04,liquid_conductor
2.870851727e-04,-8.180676951e-04,liquid_conductor
2.974263273e-04,-8.180676951e-04,liquid_conductor
3.087203809e-04,-8.180676951e-04,liquid_conductor
3.210579460e-04,-8.180676951e-04,liquid_conductor
3.345353188e-04,-8.180676951e-04,liquid_conductor
3.492615949e-04,-8.180676951e-04,liquid_conductor
3.653317449e-04,-8.180676951e-04,liquid_conductor
3.828930231e-04,-8.180676951e-04,liquid_conductor
4.020809215e-04,-8.180676951e-04,liquid_conductor
4.230318110e-04,-8.180676951e-04,liquid_conductor
4.459114310e-04,-8.180676951e-04,liquid_conductor
4.709074923e-04,-8.180676951e-04,liquid_conductor
4.982272631e-04,-8.180676951e-04,liquid_conductor
5.280468223e-04,-8.180676951e-04,liquid_conductor
5.606176878e-04,-8.180676951e-04,liquid_conductor
5.961968980e-04,-8.180676951e-04,liquid_conductor
6.350512450e-04,-8.180676951e-04,liquid_conductor
6.774964929e-04,-8.180676951e-04,liquid_conductor
7.238672441e-04,-8.180676951e-04,liquid_conductor
7.745057743e-04,-8.180676951e-04,liquid_conductor
8.298365598e-04,-8.180676951e-04,liquid_conductor
8.902404685e-04,-8.180676951e-04,liquid_conductor
9.562452265e-04,-8.180676951e-04,liquid_conductor
1.028315419e-03,-8.180676951e-04,liquid_conductor
1.107064121e-03,-8.180676951e-04,liquid_conductor
1.193057227e-03,-8.180676951e-04,liquid_conductor
1.286983765e-03,-8.180676951e-04,liquid_conductor
1.389582490e-03,-8.180676951e-04,liquid_conductor
1.501687528e-03,-8.180676951e-04,liquid_conductor
1.618967549e-03,-8.180676951e-04,liquid_conductor
1.727165678e-03,-8.180676951e-04,liquid_conductor
1.826235815e-03,-8.180676951e-04,liquid_conductor
1.916950625e-03,-8.180676951e-04,liquid_conductor
2.000000000e-03,-8.180676951e-04,liquid_conductor
2.084216992e-03,-8.180676951e-04,liquid_conductor
2.176355351e-03,-8.180676951e-04,liquid_conductor
2.277029651e-03,-8.180676951e-04,liquid_conductor
2.387173046e-03,-8.180676951e-04,liquid_conductor
2.507591864e-03,-8.180676951e-04,liquid_conductor
2.639278383e-03,-8.180676951e-04,liquid_conductor
2.783299094e-03,-8.180676951e-04,liquid_conductor
2.940767833e-03,-8.180676951e-04,liquid_conductor
3.113009625e-03,-8.180676951e-04,liquid_conductor
3.294047376e-03,-8.180676951e-04,liquid_conductor
3.461380719e-03,-8.180676951e-04,liquid_conductor
3.614426098e-03,-8.180676951e-04,liquid_conductor
3.754355769e-03,-8.180676951e-04,liquid_conductor
3.882298548e-03,-8.180676951e-04,liquid_conductor
3.999310376e-03,-8.180676951e-04,liquid_conductor
4.106334329e-03,-8.180676951e-04,liquid_conductor
4.204204407e-03,-8.180676951e-04,liquid_conductor
4.293671006e-03,-8.180676951e-04,liquid_conductor
4.375489229e-03,-8.180676951e-04,liquid_conductor
4.450318040e-03,-8.180676951e-04,liquid_conductor
4.518738298e-03,-8.180676951e-04,liquid_conductor
4.581289028e-03,-8.180676951e-04,liquid_conductor
4.638507194e-03,-8.180676951e-04,liquid_conductor
4.690810594e-03,-8.180676951e-04,liquid_conductor
4.738672595e-03,-8.180676951e-04,liquid_conductor
4.782423733e-03,-8.180676951e-04,liquid_conductor
4.822423892e-03,-8.180676951e-04,liquid_conductor
4.859011717e-03,-8.180676951e-04,liquid_conductor
4.892455390e-03,-8.180676951e-04,liquid_conductor
4.923050450e-03,-8.180676951e-04,liquid_conductor
4.951016246e-03,-8.180676951e-04,liquid_conductor
4.976608707e-03,-8.180676951e-04,liquid_conductor
5.000000000e-03,-8.180676951e-04,liquid_conductor
0.000000000e+00,-7.788177808e-04,liquid_conductor
2.253927972e-07,-7.788177808e-04,liquid_conductor
4.710108625e-07,-7.788177808e-04,liquid_conductor
7.388114821e-07,-7.788177808e-04,liquid_conductor
1.030777353e-06,-7.788177808e-04,liquid_conductor
1.349134956e-06,-7.788177808e-04,liquid_conductor
1.696071563e-06,-7.788177808e-04,liquid_conductor
2.065284294e-06,-7.788177808e-04,liquid_conductor
2.411371865e-06,-7.788177808e-04,liquid_conductor
2.728827367e-06,-7.788177808e-04,liquid_conductor
3.019944202e-06,-7.788177808e-04,liquid_conductor
3.287031469e-06,-7.788177808e-04,liquid_conductor
3.531983203e-06,-7.788177808e-04,liquid_conductor
3.756739224e-06,-7.788177808e-04,liquid_conductor
3.962851098e-06,-7.788177808e-04,liquid_conductor
4.151964219e-06,-7.788177808e-04,liquid_conductor
4.325432522e-06,-7.788177808e-04,liquid_conductor
4.484611324e-06,-7.788177808e-04,liquid_conductor
4.630594259e-06,-7.788177808e-04,liquid_conductor
4.764494569e-06,-7.788177808e-04,liquid_conductor
4.887303601e-06,-7.788177808e-04,liquid_conductor
5.000000000e-06,-7.788177808e-04,liquid_conductor
5.344545024e-06,-7.788177808e-04,liquid_conductor
5.720728404e-06,-7.788177808e-04,liquid_conductor
6.131424688e-06,-7.788177808e-04,liquid_conductor
6.579792067e-06,-7.788177808e-04,liquid_conductor
7.069682790e-06,-7.788177808e-04,liquid_conductor
7.604221304e-06,-7.788177808e-04,liquid_conductor
8.187924336e-06,-7.788177808e-04,liquid_conductor
8.825326016e-06,-7.788177808e-04,liquid_conductor
9.521221193e-06,-7.788177808e-04,liquid_conductor
1.028089317e-05,-7.788177808e-04,liquid_conductor
1.111056343e-05,-7.788177808e-04,liquid_conductor
1.201639249e-05,-7.788177808e-04,liquid_conductor
1.298360751e-05,-7.788177808e-04,liquid_conductor
1.388943657e-05,-7.788177808e-04,liquid_conductor
1.471910683e-05,-7.788177808e-04,liquid_conductor
1.547877881e-05,-7.788177808e-04,liquid_conductor
1.617467398e-05,-7.788177808e-04,liquid_conductor
1.681207566e-05,-7.788177808e-04,liquid_conductor
1.739577870e-05,-7.788177808e-04,liquid_conductor
1.793031721e-05,-7.788177808e-04,liquid_conductor
1.842020793e-05,-7.788177808e-04,liquid_conductor
1.886857531e-05,-7.788177808e-04,liquid_conductor
1.927927160e-05,-7.788177808e-04,liquid_conductor
1.965545498e-05,-7.788177808e-04,liquid_conductor
2.000000000e-05,-7.788177808e-04,liquid_conductor
2.010805618e-05,-7.788177808e-04,liquid_conductor
2.022595285e-05,-7.788177808e-04,liquid_conductor
2.035459775e-05,-7.788177808e-04,liquid_conductor
2.049498821e-05,-7.788177808e-04,liquid_conductor
2.064826006e-05,-7.788177808e-04,liquid_conductor
2.081535157e-05,-7.788177808e-04,liquid_conductor
2.099777754e-05,-7.788177808e-04,liquid_conductor
2.119689800e-05,-7.788177808e-04,liquid_conductor
2.141410532e-05,-7.788177808e-04,liquid_conductor
2.165116416e-05,-7.788177808e-04,liquid_conductor
2.190983090e-05,-7.788177808e-04,liquid_conductor
2.219208379e-05,-7.788177808e-04,liquid_conductor
2.250020445e-05,-7.788177808e-04,liquid_conductor
2.283635452e-05,-7.788177808e-04,liquid_conductor
2.320312564e-05,-7.788177808e-04,liquid_conductor
2.360338148e-05,-7.788177808e-04,liquid_conductor
2.404015658e-05,-7.788177808e-04,liquid_conductor
2.451665868e-05,-7.788177808e-04,liquid_conductor
2.503676791e-05,-7.788177808e-04,liquid_conductor
2.560437513e-05,-7.788177808e-04,liquid_conductor
2.622369757e-05,-7.788177808e-04,liquid_conductor
2.688064397e-05,-7.788177808e-04,liquid_conductor
2.749373137e-05,-7.788177808e-04,liquid_conductor
2.805529321e-05,-7.788177808e-04,liquid_conductor
2.856987281e-05,-7.788177808e-04,liquid_conductor
2.904145948e-05,-7.788177808e-04,liquid_conductor
2.947368421e-05,-7.788177808e-04,liquid_conductor
2.990868297e-05,-7.788177808e-04,liquid_conductor
3.038341652e-05,-7.788177808e-04,liquid_conductor
3.090184239e-05,-7.788177808e-04,liquid_conductor
3.146778324e-05,-7.788177808e-04,liquid_conductor
3.208581625e-05,-7.788177808e-04,liquid_conductor
3.276073484e-05,-7.788177808e-04,liquid_conductor
3.349724986e-05,-7.788177808e-04,liquid_conductor
3.430131728e-05,-7.788177808e-04,liquid_conductor
3.517965823e-05,-7.788177808e-04,liquid_conductor
3.613813726e-05,-7.788177808e-04,liquid_conductor
3.718507681e-05,-7.788177808e-04,liquid_conductor
3.832780448e-05,-7.788177808e-04,liquid_conductor
3.957561045e-05,-7.788177808e-04,liquid_conductor
4.093854473e-05,-7.788177808e-04,liquid_conductor
4.242542050e-05,-7.788177808e-04,liquid_conductor
4.404956552e-05,-7.788177808e-04,liquid_conductor
4.582227382e-05,-7.788177808e-04,liquid_conductor
4.775808616e-05,-7.788177808e-04,liquid_conductor
4.987178140e-05,-7.788177808e-04,liquid_conductor
5.217920429e-05,-7.788177808e-04,liquid_conductor
5.469866297e-05,-7.788177808e-04,liquid_conductor
5.744905551e-05,-7.788177808e-04,liquid_conductor
6.045387799e-05,-7.788177808e-04,liquid_conductor
6.373271678e-05,-7.788177808e-04,liquid_conductor
6.731217269e-05,-7.788177808e-04,liquid_conductor
7.122108778e-05,-7.788177808e-04,liquid_conductor
7.548786712e-05,-7.788177808e-04,liquid_conductor
8.014712385e-05,-7.788177808e-04,liquid_conductor
8.523466155e-05,-7.788177808e-04,liquid_conductor
9.078843638e-05,-7.788177808e-04,liquid_conductor
9.685525750e-05,-7.788177808e-04,liquid_conductor
1.034758769e-04,-7.788177808e-04,liquid_conductor
1.107020219e-04,-7.788177808e-04,liquid_conductor
1.185948933e-04,-7.788177808e-04,liquid_conductor
1.271212752e-04,-7.788177808e-04,liquid_conductor
1.352404309e-04,-7.788177808e-04,liquid_conductor
1.426794381e-04,-7.788177808e-04,liquid_conductor
1.494903129e-04,-7.788177808e-04,liquid_conductor
1.557277722e-04,-7.788177808e-04,liquid_conductor
1.614435061e-04,-7.788177808e-04,liquid_conductor
1.666778448e-04,-7.788177808e-04,liquid_conductor
1.714708543e-04,-7.788177808e-04,liquid_conductor
1.758610799e-04,-7.788177808e-04,liquid_conductor
1.798823926e-04,-7.788177808e-04,liquid_conductor
1.835651336e-04,-7.788177808e-04,liquid_conductor
1.869383710e-04,-7.788177808e-04,liquid_conductor
1.900294091e-04,-7.788177808e-04,liquid_conductor
1.928581583e-04,-7.788177808e-04,liquid_conductor
1.954511466e-04,-7.788177808e-04,liquid_conductor
1.978250706e-04,-7.788177808e-04,liquid_conductor
2.000000000e-04,-7.788177808e-04,liquid_conductor
2.023073590e-04,-7.788177808e-04,liquid_conductor
2.048262778e-04,-7.788177808e-04,liquid_conductor
2.075787525e-04,-7.788177808e-04,liquid_conductor
2.105843091e-04,-7.788177808e-04,liquid_conductor
2.138679432e-04,-7.788177808e-04,liquid_conductor
2.174546697e-04,-7.788177808e-04,liquid_conductor
2.213724959e-04,-7.788177808e-04,liquid_conductor
2.256503856e-04,-7.788177808e-04,liquid_conductor
2.303242912e-04,-7.788177808e-04,liquid_conductor
2.354283816e-04,-7.788177808e-04,liquid_conductor
2.410037832e-04,-7.788177808e-04,liquid_conductor
2.470936058e-04,-7.788177808e-04,liquid_conductor
2.537446444e-04,-7.788177808e-04,liquid_conductor
2.610133227e-04,-7.788177808e-04,liquid_conductor
2.689484386e-04,-7.788177808e-04,liquid_conductor
2.776157494e-04,-7.788177808e-04,liquid_conductor
2.870851727e-04,-7.788177808e-04,liquid_conductor
2.974263273e-04,-7.788177808e-04,liquid_conductor
3.087203809e-04,-7.788177808e-04,liquid_conductor
3.210579460e-04,-7.788177808e-04,liquid_conductor
3.345353188e-04,-7.788177808e-04,liquid_conductor
3.492615949e-04,-7.788177808e-04,liquid_conductor
3.653317449e-04,-7.788177808e-04,liquid_conductor
3.828930231e-04,-7.788177808e-04,liquid_conductor
4.020809215e-04,-7.788177808e-04,liquid_conductor
4.230318110e-04,-7.788177808e-04,liquid_conductor
4.459114310e-04,-7.788177808e-04,liquid_conductor
4.709074923e-04,-7.788177808e-04,liquid_conductor
4.982272631e-04,-7.788177808e-04,liquid_conductor
5.280468223e-04,-7.788177808e-04,liquid_conductor
5.606176878e-04,-7.788177808e-04,liquid_conductor
5.961968980e-04,-7.788177808e-04,liquid_conductor
6.350512450e-04,-7.788177808e-04,liquid_conductor
6.774964929e-04,-7.788177808e-04,liquid_conductor
7.238672441e-04,-7.788177808e-04,liquid_conductor
7.745057743e-04,-7.788177808e-04,liquid_conductor
8.298365598e-04,-7.788177808e-04,liquid_conductor
8.902404685e-04,-7.788177808e-04,liquid_conductor
9.562452265e-04,-7.788177808e-04,liquid_conductor
1.028315419e-03,-7.788177808e-04,liquid_conductor
1.107064121e-03,-7.788177808e-04,liquid_conductor
1.193057227e-03,-7.788177808e-04,liquid_conductor
1.286983765e-03,-7.788177808e-04,liquid_conductor
1.389582490e-03,-7.788177808e-04,liquid_conductor
1.501687528e-03,-7.788177808e-04,liquid_conductor
1.618967549e-03,-7.788177808e-04,liquid_conductor
1.727165678e-03,-7.788177808e-04,liquid_conductor
1.826235815e-03,-7.788177808e-04,liquid_conductor
1.916950625e-03,-7.788177808e-04,liquid_conductor
2.000000000e-03,-7.788177808e-04,liquid_conductor
2.084216992e-03,-7.788177808e-04,liquid_conductor
2.176355351e-03,-7.788177808e-04,liquid_conductor
2.277029651e-03,-7.788177808e-04,liquid_conductor
2.387173046e-03,-7.788177808e-04,liquid_conductor
2.507591864e-03,-7.788177808e-04,liquid_conductor
2.639278383e-03,-7.788177808e-04,liquid_conductor
2.783299094e-03,-7.788177808e-04,liquid_conductor
2.940767833e-03,-7.788177808e-04,liquid_conductor
3.113009625e-03,-7.788177808e-04,liquid_conductor
3.294047376e-03,-7.788177808e-04,liquid_conductor
3.461380719e-03,-7.788177808e-04,liquid_conductor
3.614426098e-03,-7.788177808e-04,liquid_conductor
3.754355769e-03,-7.788177808e-04,liquid_conductor
3.882298548e-03,-7.788177808e-04,liquid_conductor
3.999310376e-03,-7.788177808e-04,liquid_conductor
4.106334329e-03,-7.788177808e-04,liquid_conductor
4.204204407e-03,-7.788177808e-04,liquid_conductor
4.293671006e-03,-7.788177808e-04,liquid_conductor
4.375489229e-03,-7.788177808e-04,liquid_conductor
4.450318040e-03,-7.788177808e-04,liquid_conductor
4.518738298e-03,-7.788177808e-04,liquid_conductor
4.581289028e-03,-7.788177808e-04,liquid_conductor
4.638507194e-03,-7.788177808e-04,liquid_conductor
4.690810594e-03,-7.788177808e-04,liquid_conductor
4.738672595e-03,-7.788177808e-04,liquid_conductor
4.782423733e-03,-7.788177808e-04,liquid_conductor
4.822423892e-03,-7.788177808e-04,liquid_conductor
4.859011717e-03,-7.788177808e-04,liquid_conductor
4.892455390e-03,-7.788177808e-04,liquid_conductor
4.923050450e-03,-7.788177808e-04,liquid_conductor
4.951016246e-03,-7.788177808e-04,liquid_conductor
4.976608707e-03,-7.788177808e-04,liquid_conductor
5.000000000e-03,-7.788177808e-04,liquid_conductor
0.000000000e+00,-7.428819256e-04,liquid_conductor
2.253927972e-07,-7.428819256e-04,liquid_conductor
4.710108625e-07,-7.428819256e-04,liquid_conductor
7.388114821e-07,-7.428819256e-04,liquid_conductor
1.030777353e-06,-7.428819256e-04,liquid_conductor
1.349134956e-06,-7.428819256e-04,liquid_conductor
1.696071563e-06,-7.428819256e-04,liquid_conductor
2.065284294e-06,-7.428819256e-04,liquid_conductor
2.411371865e-06,-7.428819256e-04,liquid_conductor
2.728827367e-06,-7.428819256e-04,liquid_conductor
3.019944202e-06,-7.428819256e-04,liquid_conductor
3.287031469e-06,-7.428819256e-04,liquid_conductor
3.531983203e-06,-7.428819256e-04,liquid_conductor
3.756739224e-06,-7.428819256e-04,liquid_conductor
3.962851098e-06,-7.428819256e-04,liquid_conductor
4.151964219e-06,-7.428819256e-04,liquid_conductor
4.325432522e-06,-7.428819256e-04,liquid_conductor
4.484611324e-06,-7.428819256e-04,liquid_conductor
4.630594259e-06,-7.428819256e-04,liquid_conductor
4.764494569e-06,-7.428819256e-04,liquid_conductor
4.887303601e-06,-7.428819256e-04,liquid_conductor
5.000000000e-06,-7.428819256e-04,liquid_conductor
5.344545024e-06,-7.428819256e-04,liquid_conductor
5.720728404e-06,-7.428819256e-04,liquid_conductor
6.131424688e-06,-7.428819256e-04,liquid_conductor
6.579792067e-06,-7.428819256e-04,liquid_conductor
7.069682790e-06,-7.428819256e-04,liquid_conductor
7.604221304e-06,-7.428819256e-04,liquid_conductor
8.187924336e-06,-7.428819256e-04,liquid_conductor
8.825326016e-06,-7.428819256e-04,liquid_conductor
9.521221193e-06,-7.428819256e-04,liquid_conductor
1.028089317e-05,-7.428819256e-04,liquid_conductor
1.111056343e-05,-7.428819256e-04,liquid_conductor
1.201639249e-05,-7.428819256e-04,liquid_conductor
1.298360751e-05,-7.428819256e-04,liquid_conductor
1.388943657e-05,-7.428819256e-04,liquid_conductor
1.471910683e-05,-7.428819256e-04,liquid_conductor
1.547877881e-05,-7.428819256e-04,liquid_conductor
1.617467398e-05,-7.428819256e-04,liquid_conductor
1.681207566e-05,-7.428819256e-04,liquid_conductor
1.739577870e-05,-7.428819256e-04,liquid_conductor
1.793031721e-05,-7.428819256e-04,liquid_conductor
1.842020793e-05,-7.428819256e-04,liquid_conductor
1.886857531e-05,-7.428819256e-04,liquid_conductor
1.927927160e-05,-7.428819256e-04,liquid_conductor
1.965545498e-05,-7.428819256e-04,liquid_conductor
2.000000000e-05,-7.428819256e-04,liquid_conductor
2.010805618e-05,-7.428819256e-04,liquid_conductor
2.022595285e-05,-7.428819256e-04,liquid_conductor
2.035459775e-05,-7.428819256e-04,liquid_conductor
2.049498821e-05,-7.428819256e-04,liquid_conductor
2.064826006e-05,-7.428819256e-04,liquid_conductor
2.081535157e-05,-7.428819256e-04,liquid_conductor
2.099777754e-05,-7.428819256e-04,liquid_conductor
2.119689800e-05,-7.428819256e-04,liquid_conductor
2.141410532e-05,-7.428819256e-04,liquid_conductor
2.165116416e-05,-7.428819256e-04,liquid_conductor
2.190983090e-05,-7.428819256e-04,liquid_conductor
2.219208379e-05,-7.428819256e-04,liquid_conductor
2.250020445e-05,-7.428819256e-04,liquid_conductor
2.283635452e-05,-7.428819256e-04,liquid_conductor
2.320312564e-05,-7.428819256e-04,liquid_conductor
2.360338148e-05,-7.428819256e-04,liquid_conductor
2.404015658e-05,-7.428819256e-04,liquid_conductor
2.451665868e-05,-7.428819256e-04,liquid_conductor
2.503676791e-05,-7.428819256e-04,liquid_conductor
2.560437513e-05,-7.428819256e-04,liquid_conductor
2.622369757e-05,-7.428819256e-04,liquid_conductor
2.688064397e-05,-7.428819256e-04,liquid_conductor
2.749373137e-05,-7.428819256e-04,liquid_conductor
2.805529321e-05,-7.428819256e-04,liquid_conductor
2.856987281e-05,-7.428819256e-04,liquid_conductor
2.904145948e-05,-7.428819256e-04,liquid_conductor
2.947368421e-05,-7.428819256e-04,liquid_conductor
2.990868297e-05,-7.428819256e-04,liquid_conductor
3.038341652e-05,-7.428819256e-04,liquid_conductor
3.090184239e-05,-7.428819256e-04,liquid_conductor
3.146778324e-05,-7.428819256e-04,liquid_conductor
3.208581625e-05,-7.428819256e-04,liquid_conductor
3.276073484e-05,-7.428819256e-04,liquid_conductor
3.349724986e-05,-7.428819256e-04,liquid_conductor
3.430131728e-05,-7.428819256e-04,liquid_conductor
3.517965823e-05,-7.428819256e-04,liquid_conductor
3.613813726e-05,-7.428819256e-04,liquid_conductor
3.718507681e-05,-7.428819256e-04,liquid_conductor
3.832780448e-05,-7.428819256e-04,liquid_conductor
3.957561045e-05,-7.428819256e-04,liquid_conductor
4.093854473e-05,-7.428819256e-04,liquid_conductor
4.242542050e-05,-7.428819256e-04,liquid_conductor
4.404956552e-05,-7.428819256e-04,liquid_conductor
4.582227382e-05,-7.428819256e-04,liquid_conductor
4.775808616e-05,-7.428819256e-04,liquid_conductor
4.987178140e-05,-7.428819256e-04,liquid_conductor
5.217920429e-05,-7.428819256e-04,liquid_conductor
5.469866297e-05,-7.428819256e-04,liquid_conductor
5.744905551e-05,-7.428819256e-04,liquid_conductor
6.045387799e-05,-7.428819256e-04,liquid_conductor
6.373271678e-05,-7.428819256e-04,liquid_conductor
6.731217269e-05,-7.428819256e-04,liquid_conductor
7.122108778e-05,-7.428819256e-04,liquid_conductor
7.548786712e-05,-7.428819256e-04,liquid_conductor
8.014712385e-05,-7.428819256e-04,liquid_conductor
8.523466155e-05,-7.428819256e-04,liquid_conductor
9.078843638e-05,-7.428819256e-04,liquid_conductor
9.685525750e-05,-7.428819256e-04,liquid_conductor
1.034758769e-04,-7.428819256e-04,liquid_conductor
1.107020219e-04,-7.428819256e-04,liquid_conductor
1.185948933e-04,-7.428819256e-04,liquid_conductor
1.271212752e-04,-7.428819256e-04,liquid_conductor
1.352404309e-04,-7.428819256e-04,liquid_conductor
1.426794381e-04,-7.428819256e-04,liquid_conductor
1.494903129e-04,-7.428819256e-04,liquid_conductor
1.557277722e-04,-7.428819256e-04,liquid_conductor
1.614435061e-04,-7.428819256e-04,liquid_conductor
1.666778448e-04,-7.428819256e-04,liquid_conductor
1.714708543e-04,-7.428819256e-04,liquid_conductor
1.758610799e-04,-7.428819256e-04,liquid_conductor
1.798823926e-04,-7.428819256e-04,liquid_conductor
1.835651336e-04,-7.428819256e-04,liquid_conductor
1.869383710e-04,-7.428819256e-04,liquid_conductor
1.900294091e-04,-7.428819256e-04,liquid_conductor
1.928581583e-04,-7.428819256e-04,liquid_conductor
1.954511466e-04,-7.428819256e-04,liquid_conductor
1.978250706e-04,-7.428819256e-04,liquid_conductor
2.000000000e-04,-7.428819256e-04,liquid_conductor
2.023073590e-04,-7.428819256e-04,liquid_conductor
2.048262778e-04,-7.428819256e-04,liquid_conductor
2.075787525e-04,-7.428819256e-04,liquid_conductor
2.105843091e-04,-7.428819256e-04,liquid_conductor
2.138679432e-04,-7.428819256e-04,liquid_conductor
2.174546697e-04,-7.428819256e-04,liquid_conductor
2.213724959e-04,-7.428819256e-04,liquid_conductor
2.256503856e-04,-7.428819256e-04,liquid_conductor
2.303242912e-04,-7.428819256e-04,liquid_conductor
2.354283816e-04,-7.428819256e-04,liquid_conductor
2.410037832e-04,-7.428819256e-04,liquid_conductor
2.470936058e-04,-7.428819256e-04,liquid_conductor
2.537446444e-04,-7.428819256e-04,liquid_conductor
2.610133227e-04,-7.428819256e-04,liquid_conductor
2.689484386e-04,-7.428819256e-04,liquid_conductor
2.776157494e-04,-7.428819256e-04,liquid_conductor
2.870851727e-04,-7.428819256e-04,liquid_conductor
2.974263273e-04,-7.428819256e-04,liquid_conductor
3.087203809e-04,-7.428819256e-04,liquid_conductor
3.210579460e-04,-7.428819256e-04,liquid_conductor
3.345353188e-04,-7.428819256e-04,liquid_conductor
3.492615949e-04,-7.428819256e-04,liquid_conductor
3.653317449e-04,-7.428819256e-04,liquid_conductor
3.828930231e-04,-7.428819256e-04,liquid_conductor
4.020809215e-04,-7.428819256e-04,liquid_conductor
4.230318110e-04,-7.428819256e-04,liquid_conductor
4.459114310e-04,-7.428819256e-04,liquid_conductor
4.709074923e-04,-7.428819256e-04,liquid_conductor
4.982272631e-04,-7.428819256e-04,liquid_conductor
5.280468223e-04,-7.428819256e-04,liquid_conductor
5.606176878e-04,-7.428819256e-04,liquid_conductor
5.961968980e-04,-7.428819256e-04,liquid_conductor
6.350512450e-04,-7.428819256e-04,liquid_conductor
6.774964929e-04,-7.428819256e-04,liquid_conductor
7.238672441e-04,-7.428819256e-04,liquid_conductor
7.745057743e-04,-7.428819256e-04,liquid_conductor
8.298365598e-04,-7.428819256e-04,liquid_conductor
8.902404685e-04,-7.428819256e-04,liquid_conductor
9.562452265e-04,-7.428819256e-04,liquid_conductor
1.028315419e-03,-7.428819256e-04,liquid_conductor
1.107064121e-03,-7.428819256e-04,liquid_conductor
1.193057227e-03,-7.428819256e-04,liquid_conductor
1.286983765e-03,-7.428819256e-04,liquid_conductor
1.389582490e-03,-7.428819256e-04,liquid_conductor
1.501687528e-03,-7.428819256e-04,liquid_conductor
1.618967549e-03,-7.428819256e-04,liquid_conductor
1.727165678e-03,-7.428819256e-04,liquid_conductor
1.826235815e-03,-7.428819256e-04,liquid_conductor
1.916950625e-03,-7.428819256e-04,liquid_conductor
2.000000000e-03,-7.428819256e-04,liquid_conductor
2.084216992e-03,-7.428819256e-04,liquid_conductor
2.176355351e-03,-7.428819256e-04,liquid_conductor
2.277029651e-03,-7.428819256e-04,liquid_conductor
2.387173046e-03,-7.428819256e-04,liquid_conductor
2.507591864e-03,-7.428819256e-04,liquid_conductor
2.639278383e-03,-7.428819256e-04,liquid_conductor
2.783299094e-03,-7.428819256e-04,liquid_conductor
2.940767833e-03,-7.428819256e-04,liquid_conductor
3.113009625e-03,-7.428819256e-04,liquid_conductor
3.294047376e-03,-7.428819256e-04,liquid_conductor
3.461380719e-03,-7.428819256e-04,liquid_conductor
3.614426098e-03,-7.428819256e-04,liquid_conductor
3.754355769e-03,-7.428819256e-04,liquid_conductor
3.882298548e-03,-7.428819256e-04,liquid_conductor
3.999310376e-03,-7.428819256e-04,liquid_conductor
4.106334329e-03,-7.428819256e-04,liquid_conductor
4.204204407e-03,-7.428819256e-04,liquid_conductor
4.293671006e-03,-7.428819256e-04,liquid_conductor
4.375489229e-03,-7.428819256e-04,liquid_conductor
4.450318040e-03,-7.428819256e-04,liquid_conductor
4.518738298e-03,-7.428819256e-04,liquid_conductor
4.581289028e-03,-7.428819256e-04,liquid_conductor
4.638507194e-03,-7.428819256e-04,liquid_conductor
4.690810594e-03,-7.428819256e-04,liquid_conductor
4.738672595e-03,-7.428819256e-04,liquid_conductor
4.782423733e-03,-7.428819256e-04,liquid_conductor
4.822423892e-03,-7.428819256e-04,liquid_conductor
4.859011717e-03,-7.428819256e-04,liquid_conductor
4.892455390e-03,-7.428819256e-04,liquid_conductor
4.923050450e-03,-7.428819256e-04,liquid_conductor
4.951016246e-03,-7.428819256e-04,liquid_conductor
4.976608707e-03,-7.428819256e-04,liquid_conductor
5.000000000e-03,-7.428819256e-04,liquid_conductor
0.000000000e+00,-7.099490247e-04,liquid_conductor
2.253927972e-07,-7.099490247e-04,liquid_conductor
4.710108625e-07,-7.099490247e-04,liquid_conductor
7.388114821e-07,-7.099490247e-04,liquid_conductor
1.030777353e-06,-7.099490247e-04,liquid_conductor
1.349134956e-06,-7.099490247e-04,liquid_conductor
1.696071563e-06,-7.099490247e-04,liquid_conductor
2.065284294e-06,-7.099490247e-04,liquid_conductor
2.411371865e-06,-7.099490247e-04,liquid_conductor
2.728827367e-06,-7.099490247e-04,liquid_conductor
3.019944202e-06,-7.099490247e-04,liquid_conductor
3.287031469e-06,-7.099490247e-04,liquid_conductor
3.531983203e-06,-7.099490247e-04,liquid_conductor
3.756739224e-06,-7.099490247e-04,liquid_conductor
3.962851098e-06,-7.099490247e-04,liquid_conductor
4.151964219e-06,-7.099490247e-04,liquid_conductor
4.325432522e-06,-7.099490247e-04,liquid_conductor
4.484611324e-06,-7.099490247e-04,liquid_conductor
4.630594259e-06,-7.099490247e-04,liquid_conductor
4.764494569e-06,-7.099490247e-04,liquid_conductor
4.887303601e-06,-7.099490247e-04,liquid_conductor
5.000000000e-06,-7.099490247e-04,liquid_conductor
5.344545024e-06,-7.099490247e-04,liquid_conductor
5.720728404e-06,-7.099490247e-04,liquid_conductor
6.131424688e-06,-7.099490247e-04,liquid_conductor
6.579792067e-06,-7.099490247e-04,liquid_conductor
7.069682790e-06,-7.099490247e-04,liquid_conductor
7.604221304e-06,-7.099490247e-04,liquid_conductor
8.187924336e-06,-7.099490247e-04,liquid_conductor
8.825326016e-06,-7.099490247e-04,liquid_conductor
9.521221193e-06,-7.099490247e-04,liquid_conductor
1.028089317e-05,-7.099490247e-04,liquid_conductor
1.111056343e-05,-7.099490247e-04,liquid_conductor
1.201639249e-05,-7.099490247e-04,liquid_conductor
1.298360751e-05,-7.099490247e-04,liquid_conductor
1.388943657e-05,-7.099490247e-04,liquid_conductor
1.471910683e-05,-7.099490247e-04,liquid_conductor
1.547877881e-05,-7.099490247e-04,liquid_conductor
1.617467398e-05,-7.099490247e-04,liquid_conductor
1.681207566e-05,-7.099490247e-04,liquid_conductor
1.739577870e-05,-7.099490247e-04,liquid_conductor
1.793031721e-05,-7.099490247e-04,liquid_conductor
1.842020793e-05,-7.099490247e-04,liquid_conductor
1.886857531e-05,-7.099490247e-04,liquid_conductor
1.927927160e-05,-7.099490247e-04,liquid_conductor
1.965545498e-05,-7.099490247e-04,liquid_conductor
2.000000000e-05,-7.099490247e-04,liquid_conductor
2.010805618e-05,-7.099490247e-04,liquid_conductor
2.022595285e-05,-7.099490247e-04,liquid_conductor
2.035459775e-05,-7.099490247e-04,liquid_conductor
2.049498821e-05,-7.099490247e-04,liquid_conductor
2.064826006e-05,-7.099490247e-04,liquid_conductor
2.081535157e-05,-7.099490247e-04,liquid_conductor
2.099777754e-05,-7.099490247e-04,liquid_conductor
2.119689800e-05,-7.099490247e-04,liquid_conductor
2.141410532e-05,-7.099490247e-04,liquid_conductor
2.165116416e-05,-7.099490247e-04,liquid_conductor
2.190983090e-05,-7.099490247e-04,liquid_conductor
2.219208379e-05,-7.099490247e-04,liquid_conductor
2.250020445e-05,-7.099490247e-04,liquid_conductor
2.283635452e-05,-7.099490247e-04,liquid_conductor
2.320312564e-05,-7.099490247e-04,liquid_conductor
2.360338148e-05,-7.099490247e-04,liquid_conductor
2.404015658e-05,-7.099490247e-04,liquid_conductor
2.451665868e-05,-7.099490247e-04,liquid_conductor
2.503676791e-05,-7.099490247e-04,liquid_conductor
2.560437513e-05,-7.099490247e-04,liquid_conductor
2.622369757e-05,-7.099490247e-04,liquid_conductor
2.688064397e-05,-7.099490247e-04,liquid_conductor
2.749373137e-05,-7.099490247e-04,liquid_conductor
2.805529321e-05,-7.099490247e-04,liquid_conductor
2.856987281e-05,-7.099490247e-04,liquid_conductor
2.904145948e-05,-7.099490247e-04,liquid_conductor
2.947368421e-05,-7.099490247e-04,liquid_conductor
2.990868297e-05,-7.099490247e-04,liquid_conductor
3.038341652e-05,-7.099490247e-04,liquid_conductor
3.090184239e-05,-7.099490247e-04,liquid_conductor
3.146778324e-05,-7.099490247e-04,liquid_conductor
3.208581625e-05,-7.099490247e-04,liquid_conductor
3.276073484e-05,-7.099490247e-04,liquid_conductor
3.349724986e-05,-7.099490247e-04,liquid_conductor
3.430131728e-05,-7.099490247e-04,liquid_conductor
3.517965823e-05,-7.099490247e-04,liquid_conductor
3.613813726e-05,-7.099490247e-04,liquid_conductor
3.718507681e-05,-7.099490247e-04,liquid_conductor
3.832780448e-05,-7.099490247e-04,liquid_conductor
3.957561045e-05,-7.099490247e-04,liquid_conductor
4.093854473e-05,-7.099490247e-04,liquid_conductor
4.242542050e-05,-7.099490247e-04,liquid_conductor
4.404956552e-05,-7.099490247e-04,liquid_conductor
4.582227382e-05,-7.099490247e-04,liquid_conductor
4.775808616e-05,-7.099490247e-04,liquid_conductor
4.987178140e-05,-7.099490247e-04,liquid_conductor
5.217920429e-05,-7.099490247e-04,liquid_conductor
5.469866297e-05,-7.099490247e-04,liquid_conductor
5.744905551e-05,-7.099490247e-04,liquid_conductor
6.045387799e-05,-7.099490247e-04,liquid_conductor
6.373271678e-05,-7.099490247e-04,liquid_conductor
6.731217269e-05,-7.099490247e-04,liquid_conductor
7.122108778e-05,-7.099490247e-04,liquid_conductor
7.548786712e-05,-7.099490247e-04,liquid_conductor
8.014712385e-05,-7.099490247e-04,liquid_conductor
8.523466155e-05,-7.099490247e-04,liquid_conductor
9.078843638e-05,-7.099490247e-04,liquid_conductor
9.685525750e-05,-7.099490247e-04,liquid_conductor
1.034758769e-04,-7.099490247e-04,liquid_conductor
1.107020219e-04,-7.099490247e-04,liquid_conductor
1.185948933e-04,-7.099490247e-04,liquid_conductor
1.271212752e-04,-7.099490247e-04,liquid_conductor
1.352404309e-04,-7.099490247e-04,liquid_conductor
1.426794381e-04,-7.099490247e-04,liquid_conductor
1.494903129e-04,-7.099490247e-04,liquid_conductor
1.557277722e-04,-7.099490247e-04,liquid_conductor
1.614435061e-04,-7.099490247e-04,liquid_conductor
1.666778448e-04,-7.099490247e-04,liquid_conductor
1.714708543e-04,-7.099490247e-04,liquid_conductor
1.758610799e-04,-7.099490247e-04,liquid_conductor
1.798823926e-04,-7.099490247e-04,liquid_conductor
1.835651336e-04,-7.099490247e-04,liquid_conductor
1.869383710e-04,-7.099490247e-04,liquid_conductor
1.900294091e-04,-7.099490247e-04,liquid_conductor
1.928581583e-04,-7.099490247e-04,liquid_conductor
1.954511466e-04,-7.099490247e-04,liquid_conductor
1.978250706e-04,-7.099490247e-04,liquid_conductor
2.000000000e-04,-7.099490247e-04,liquid_conductor
2.023073590e-04,-7.099490247e-04,liquid_conductor
2.048262778e-04,-7.099490247e-04,liquid_conductor
2.075787525e-04,-7.099490247e-04,liquid_conductor
2.105843091e-04,-7.099490247e-04,liquid_conductor
2.138679432e-04,-7.099490247e-04,liquid_conductor
2.174546697e-04,-7.099490247e-04,liquid_conductor
2.213724959e-04,-7.099490247e-04,liquid_conductor
2.256503856e-04,-7.099490247e-04,liquid_conductor
2.303242912e-04,-7.099490247e-04,liquid_conductor
2.354283816e-04,-7.099490247e-04,liquid_conductor
2.410037832e-04,-7.099490247e-04,liquid_conductor
2.470936058e-04,-7.099490247e-04,liquid_conductor
2.537446444e-04,-7.099490247e-04,liquid_conductor
2.610133227e-04,-7.099490247e-04,liquid_conductor
2.689484386e-04,-7.099490247e-04,liquid_conductor
2.776157494e-04,-7.099490247e-04,liquid_conductor
2.870851727e-04,-7.099490247e-04,liquid_conductor
2.974263273e-04,-7.099490247e-04,liquid_conductor
3.087203809e-04,-7.099490247e-04,liquid_conductor
3.210579460e-04,-7.099490247e-04,liquid_conductor
3.345353188e-04,-7.099490247e-04,liquid_conductor
3.492615949e-04,-7.099490247e-04,liquid_conductor
3.653317449e-04,-7.099490247e-04,liquid_conductor
3.828930231e-04,-7.099490247e-04,liquid_conductor
4.020809215e-04,-7.099490247e-04,liquid_conductor
4.230318110e-04,-7.099490247e-04,liquid_conductor
4.459114310e-04,-7.099490247e-04,liquid_conductor
4.709074923e-04,-7.099490247e-04,liquid_conductor
4.982272631e-04,-7.099490247e-04,liquid_conductor
5.280468223e-04,-7.099490247e-04,liquid_conductor
5.606176878e-04,-7.099490247e-04,liquid_conductor
5.961968980e-04,-7.099490247e-04,liquid_conductor
6.350512450e-04,-7.099490247e-04,liquid_conductor
6.774964929e-04,-7.099490247e-04,liquid_conductor
7.238672441e-04,-7.099490247e-04,liquid_conductor
7.745057743e-04,-7.099490247e-04,liquid_conductor
8.298365598e-04,-7.099490247e-04,liquid_conductor
8.902404685e-04,-7.099490247e-04,liquid_conductor
9.562452265e-04,-7.099490247e-04,liquid_conductor
1.028315419e-03,-7.099490247e-04,liquid_conductor
1.107064121e-03,-7.099490247e-04,liquid_conductor
1.193057227e-03,-7.099490247e-04,liquid_conductor
1.286983765e-03,-7.099490247e-04,liquid_conductor
1.389582490e-03,-7.099490247e-04,liquid_conductor
1.501687528e-03,-7.099490247e-04,liquid_conductor
1.618967549e-03,-7.099490247e-04,liquid_conductor
1.727165678e-03,-7.099490247e-04,liquid_conductor
1.826235815e-03,-7.099490247e-04,liquid_conductor
1.916950625e-03,-7.099490247e-04,liquid_conductor
2.000000000e-03,-7.099490247e-04,liquid_conductor
2.084216992e-03,-7.099490247e-04,liquid_conductor
2.176355351e-03,-7.099490247e-04,liquid_conductor
2.277029651e-03,-7.099490247e-04,liquid_conductor
2.387173046e-03,-7.099490247e-04,liquid_conductor
2.507591864e-03,-7.099490247e-04,liquid_conductor
2.639278383e-03,-7.099490247e-04,liquid_conductor
2.783299094e-03,-7.099490247e-04,liquid_conductor
2.940767833e-03,-7.099490247e-04,liquid_conductor
3.113009625e-03,-7.099490247e-04,liquid_conductor
3.294047376e-03,-7.099490247e-04,liquid_conductor
3.461380719e-03,-7.099490247e-04,liquid_conductor
3.614426098e-03,-7.099490247e-04,liquid_conductor
3.754355769e-03,-7.099490247e-04,liquid_conductor
3.882298548e-03,-7.099490247e-04,liquid_conductor
3.999310376e-03,-7.099490247e-04,liquid_conductor
4.106334329e-03,-7.099490247e-04,liquid_conductor
4.204204407e-03,-7.099490247e-04,liquid_conductor
4.293671006e-03,-7.099490247e-04,liquid_conductor
4.375489229e-03,-7.099490247e-04,liquid_conductor
4.450318040e-03,-7.099490247e-04,liquid_conductor
4.518738298e-03,-7.099490247e-04,liquid_conductor
4.581289028e-03,-7.099490247e-04,liquid_conductor
4.638507194e-03,-7.099490247e-04,liquid_conductor
4.690810594e-03,-7.099490247e-04,liquid_conductor
4.738672595e-03,-7.099490247e-04,liquid_conductor
4.782423733e-03,-7.099490247e-04,liquid_conductor
4.822423892e-03,-7.099490247e-04,liquid_conductor
4.859011717e-03,-7.099490247e-04,liquid_conductor
4.892455390e-03,-7.099490247e-04,liquid_conductor
4.923050450e-03,-7.099490247e-04,liquid_conductor
4.951016246e-03,-7.099490247e-04,liquid_conductor
4.976608707e-03,-7.099490247e-04,liquid_conductor
5.000000000e-03,-7.099490247e-04,liquid_conductor
0.000000000e+00,-6.797867160e-04,liquid_conductor
2.253927972e-07,-6.797867160e-04,liquid_conductor
4.710108625e-07,-6.797867160e-04,liquid_conductor
7.388114821e-07,-6.797867160e-04,liquid_conductor
1.030777353e-06,-6.797867160e-04,liquid_conductor
1.349134956e-06,-6.797867160e-04,liquid_conductor
1.696071563e-06,-6.797867160e-04,liquid_conductor
2.065284294e-06,-6.797867160e-04,liquid_conductor
2.411371865e-06,-6.797867160e-04,liquid_conductor
2.728827367e-06,-6.797867160e-04,liquid_conductor
3.019944202e-06,-6.797867160e-04,liquid_conductor
3.287031469e-06,-6.797867160e-04,liquid_conductor
3.531983203e-06,-6.797867160e-04,liquid_conductor
3.756739224e-06,-6.797867160e-04,liquid_conductor
3.962851098e-06,-6.797867160e-04,liquid_conductor
4.151964219e-06,-6.797867160e-04,liquid_conductor
4.325432522e-06,-6.797867160e-04,liquid_conductor
4.484611324e-06,-6.797867160e-04,liquid_conductor
4.630594259e-06,-6.797867160e-04,liquid_conductor
4.764494569e-06,-6.797867160e-04,liquid_conductor
4.887303601e-06,-6.797867160e-04,liquid_conductor
5.000000000e-06,-6.797867160e-04,liquid_conductor
5.344545024e-06,-6.797867160e-04,liquid_conductor
5.720728404e-06,-6.797867160e-04,liquid_conductor
6.131424688e-06,-6.797867160e-04,liquid_conductor
6.579792067e-06,-6.797867160e-04,liquid_conductor
7.069682790e-06,-6.797867160e-04,liquid_conductor
7.604221304e-06,-6.797867160e-04,liquid_conductor
8.187924336e-06,-6.797867160e-04,liquid_conductor
8.825326016e-06,-6.797867160e-04,liquid_conductor
9.521221193e-06,-6.797867160e-04,liquid_conductor
1.028089317e-05,-6.797867160e-04,liquid_conductor
1.111056343e-05,-6.797867160e-04,liquid_conductor
1.201639249e-05,-6.797867160e-04,liquid_conductor
1.298360751e-05,-6.797867160e-04,liquid_conductor
1.388943657e-05,-6.797867160e-04,liquid_conductor
1.471910683e-05,-6.797867160e-04,liquid_conductor
1.547877881e-05,-6.797867160e-04,liquid_conductor
1.617467398e-05,-6.797867160e-04,liquid_conductor
1.681207566e-05,-6.797867160e-04,liquid_conductor
1.739577870e-05,-6.797867160e-04,liquid_conductor
1.793031721e-05,-6.797867160e-04,liquid_conductor
1.842020793e-05,-6.797867160e-04,liquid_conductor
1.886857531e-05,-6.797867160e-04,liquid_conductor
1.927927160e-05,-6.797867160e-04,liquid_conductor
1.965545498e-05,-6.797867160e-04,liquid_conductor
2.000000000e-05,-6.797867160e-04,liquid_conductor
2.010805618e-05,-6.797867160e-04,liquid_conductor
2.022595285e-05,-6.797867160e-04,liquid_conductor
2.035459775e-05,-6.797867160e-04,liquid_conductor
2.049498821e-05,-6.797867160e-04,liquid_conductor
2.064826006e-05,-6.797867160e-04,liquid_conductor
2.081535157e-05,-6.797867160e-04,liquid_conductor
2.099777754e-05,-6.797867160e-04,liquid_conductor
2.119689800e-05,-6.797867160e-04,liquid_conductor
2.141410532e-05,-6.797867160e-04,liquid_conductor
2.165116416e-05,-6.797867160e-04,liquid_conductor
2.190983090e-05,-6.797867160e-04,liquid_conductor
2.219208379e-05,-6.797867160e-04,liquid_conductor
2.250020445e-05,-6.797867160e-04,liquid_conductor
2.283635452e-05,-6.797867160e-04,liquid_conductor
2.320312564e-05,-6.797867160e-04,liquid_conductor
2.360338148e-05,-6.797867160e-04,liquid_conductor
2.404015658e-05,-6.797867160e-04,liquid_conductor
2.451665868e-05,-6.797867160e-04,liquid_conductor
2.503676791e-05,-6.797867160e-04,liquid_conductor
2.560437513e-05,-6.797867160e-04,liquid_conductor
2.622369757e-05,-6.797867160e-04,liquid_conductor
2.688064397e-05,-6.797867160e-04,liquid_conductor
2.749373137e-05,-6.797867160e-04,liquid_conductor
2.805529321e-05,-6.797867160e-04,liquid_conductor
2.856987281e-05,-6.797867160e-04,liquid_conductor
2.904145948e-05,-6.797867160e-04,liquid_conductor
2.947368421e-05,-6.797867160e-04,liquid_conductor
2.990868297e-05,-6.797867160e-04,liquid_conductor
3.038341652e-05,-6.797867160e-04,liquid_conductor
3.090184239e-05,-6.797867160e-04,liquid_conductor
3.146778324e-05,-6.797867160e-04,liquid_conductor
3.208581625e-05,-6.797867160e-04,liquid_conductor
3.276073484e-05,-6.797867160e-04,liquid_conductor
3.349724986e-05,-6.797867160e-04,liquid_conductor
3.430131728e-05,-6.797867160e-04,liquid_conductor
3.517965823e-05,-6.797867160e-04,liquid_conductor
3.613813726e-05,-6.797867160e-04,liquid_conductor
3.718507681e-05,-6.797867160e-04,liquid_conductor
3.832780448e-05,-6.797867160e-04,liquid_conductor
3.957561045e-05,-6.797867160e-04,liquid_conductor
4.093854473e-05,-6.797867160e-04,liquid_conductor
4.242542050e-05,-6.797867160e-04,liquid_conductor
4.404956552e-05,-6.797867160e-04,liquid_conductor
4.582227382e-05,-6.797867160e-04,liquid_conductor
4.775808616e-05,-6.797867160e-04,liquid_conductor
4.987178140e-05,-6.797867160e-04,liquid_conductor
5.217920429e-05,-6.797867160e-04,liquid_conductor
5.469866297e-05,-6.797867160e-04,liquid_conductor
5.744905551e-05,-6.797867160e-04,liquid_conductor
6.045387799e-05,-6.797867160e-04,liquid_conductor
6.373271678e-05,-6.797867160e-04,liquid_conductor
6.731217269e-05,-6.797867160e-04,liquid_conductor
7.122108778e-05,-6.797867160e-04,liquid_conductor
7.548786712e-05,-6.797867160e-04,liquid_conductor
8.014712385e-05,-6.797867160e-04,liquid_conductor
8.523466155e-05,-6.797867160e-04,liquid_conductor
9.078843638e-05,-6.797867160e-04,liquid_conductor
9.685525750e-05,-6.797867160e-04,liquid_conductor
1.034758769e-04,-6.797867160e-04,liquid_conductor
1.107020219e-04,-6.797867160e-04,liquid_conductor
1.185948933e-04,-6.797867160e-04,liquid_conductor
1.271212752e-04,-6.797867160e-04,liquid_conductor
1.352404309e-04,-6.797867160e-04,liquid_conductor
1.426794381e-04,-6.797867160e-04,liquid_conductor
1.494903129e-04,-6.797867160e-04,liquid_conductor
1.557277722e-04,-6.797867160e-04,liquid_conductor
1.614435061e-04,-6.797867160e-04,liquid_conductor
1.666778448e-04,-6.797867160e-04,liquid_conductor
1.714708543e-04,-6.797867160e-04,liquid_conductor
1.758610799e-04,-6.797867160e-04,liquid_conductor
1.798823926e-04,-6.797867160e-04,liquid_conductor
1.835651336e-04,-6.797867160e-04,liquid_conductor
1.869383710e-04,-6.797867160e-04,liquid_conductor
1.900294091e-04,-6.797867160e-04,liquid_conductor
1.928581583e-04,-6.797867160e-04,liquid_conductor
1.954511466e-04,-6.797867160e-04,liquid_conductor
1.978250706e-04,-6.797867160e-04,liquid_conductor
2.000000000e-04,-6.797867160e-04,liquid_conductor
2.023073590e-04,-6.797867160e-04,liquid_conductor
2.048262778e-04,-6.797867160e-04,liquid_conductor
2.075787525e-04,-6.797867160e-04,liquid_conductor
2.105843091e-04,-6.797867160e-04,liquid_conductor
2.138679432e-04,-6.797867160e-04,liquid_conductor
2.174546697e-04,-6.797867160e-04,liquid_conductor
2.213724959e-04,-6.797867160e-04,liquid_conductor
2.256503856e-04,-6.797867160e-04,liquid_conductor
2.303242912e-04,-6.797867160e-04,liquid_conductor
2.354283816e-04,-6.797867160e-04,liquid_conductor
2.410037832e-04,-6.797867160e-04,liquid_conductor
2.470936058e-04,-6.797867160e-04,liquid_conductor
2.537446444e-04,-6.797867160e-04,liquid_conductor
2.610133227e-04,-6.797867160e-04,liquid_conductor
2.689484386e-04,-6.797867160e-04,liquid_conductor
2.776157494e-04,-6.797867160e-04,liquid_conductor
2.870851727e-04,-6.797867160e-04,liquid_conductor
2.974263273e-04,-6.797867160e-04,liquid_conductor
3.087203809e-04,-6.797867160e-04,liquid_conductor
3.210579460e-04,-6.797867160e-04,liquid_conductor
3.345353188e-04,-6.797867160e-04,liquid_conductor
3.492615949e-04,-6.797867160e-04,liquid_conductor
3.653317449e-04,-6.797867160e-04,liquid_conductor
3.828930231e-04,-6.797867160e-04,liquid_conductor
4.020809215e-04,-6.797867160e-04,liquid_conductor
4.230318110e-04,-6.797867160e-04,liquid_conductor
4.459114310e-04,-6.797867160e-04,liquid_conductor
4.709074923e-04,-6.797867160e-04,liquid_conductor
4.982272631e-04,-6.797867160e-04,liquid_conductor
5.280468223e-04,-6.797867160e-04,liquid_conductor
5.606176878e-04,-6.797867160e-04,liquid_conductor
5.961968980e-04,-6.797867160e-04,liquid_conductor
6.350512450e-04,-6.797867160e-04,liquid_conductor
6.774964929e-04,-6.797867160e-04,liquid_conductor
7.238672441e-04,-6.797867160e-04,liquid_conductor
7.745057743e-04,-6.797867160e-04,liquid_conductor
8.298365598e-04,-6.797867160e-04,liquid_conductor
8.902404685e-04,-6.797867160e-04,liquid_conductor
9.562452265e-04,-6.797867160e-04,liquid_conductor
1.028315419e-03,-6.797867160e-04,liquid_conductor
1.107064121e-03,-6.797867160e-04,liquid_conductor
1.193057227e-03,-6.797867160e-04,liquid_conductor
1.286983765e-03,-6.797867160e-04,liquid_conductor
1.389582490e-03,-6.797867160e-04,liquid_conductor
1.501687528e-03,-6.797867160e-04,liquid_conductor
1.618967549e-03,-6.797867160e-04,liquid_conductor
1.727165678e-03,-6.797867160e-04,liquid_conductor
1.826235815e-03,-6.797867160e-04,liquid_conductor
1.916950625e-03,-6.797867160e-04,liquid_conductor
2.000000000e-03,-6.797867160e-04,liquid_conductor
2.084216992e-03,-6.797867160e-04,liquid_conductor
2.176355351e-03,-6.797867160e-04,liquid_conductor
2.277029651e-03,-6.797867160e-04,liquid_conductor
2.387173046e-03,-6.797867160e-04,liquid_conductor
2.507591864e-03,-6.797867160e-04,liquid_conductor
2.639278383e-03,-6.797867160e-04,liquid_conductor
2.783299094e-03,-6.797867160e-04,liquid_conductor
2.940767833e-03,-6.797867160e-04,liquid_conductor
3.113009625e-03,-6.797867160e-04,liquid_conductor
3.294047376e-03,-6.797867160e-04,liquid_conductor
3.461380719e-03,-6.797867160e-04,liquid_conductor
3.614426098e-03,-6.797867160e-04,liquid_conductor
3.754355769e-03,-6.797867160e-04,liquid_conductor
3.882298548e-03,-6.797867160e-04,liquid_conductor
3.999310376e-03,-6.797867160e-04,liquid_conductor
4.106334329e-03,-6.797867160e-04,liquid_conductor
4.204204407e-03,-6.797867160e-04,liquid_conductor
4.293671006e-03,-6.797867160e-04,liquid_conductor
4.375489229e-03,-6.797867160e-04,liquid_conductor
4.450318040e-03,-6.797867160e-04,liquid_conductor
4.518738298e-03,-6.797867160e-04,liquid_conductor
4.581289028e-03,-6.797867160e-04,liquid_conductor
4.638507194e-03,-6.797867160e-04,liquid_conductor
4.690810594e-03,-6.797867160e-04,liquid_conductor
4.738672595e-03,-6.797867160e-04,liquid_conductor
4.782423733e-03,-6.797867160e-04,liquid_conductor
4.822423892e-03,-6.797867160e-04,liquid_conductor
4.859011717e-03,-6.797867160e-04,liquid_conductor
4.892455390e-03,-6.797867160e-04,liquid_conductor
4.923050450e-03,-6.797867160e-04,liquid_conductor
4.951016246e-03,-6.797867160e-04,liquid_conductor
4.976608707e-03,-6.797867160e-04,liquid_conductor
5.000000000e-03,-6.797867160e-04,liquid_conductor
0.000000000e+00,-6.521473062e-04,liquid_conductor
2.253927972e-07,-6.521473062e-04,liquid_conductor
4.710108625e-07,-6.521473062e-04,liquid_conductor
7.388114821e-07,-6.521473062e-04,liquid_conductor
1.030777353e-06,-6.521473062e-04,liquid_conductor
1.349134956e-06,-6.521473062e-04,liquid_conductor
1.696071563e-06,-6.521473062e-04,liquid_conductor
2.065284294e-06,-6.521473062e-04,liquid_conductor
2.411371865e-06,-6.521473062e-04,liquid_conductor
2.728827367e-06,-6.521473062e-04,liquid_conductor
3.019944202e-06,-6.521473062e-04,liquid_conductor
3.287031469e-06,-6.521473062e-04,liquid_conductor
3.531983203e-06,-6.521473062e-04,liquid_conductor
3.756739224e-06,-6.521473062e-04,liquid_conductor
3.962851098e-06,-6.521473062e-04,liquid_conductor
4.151964219e-06,-6.521473062e-04,liquid_conductor
4.325432522e-06,-6.521473062e-04,liquid_conductor
4.484611324e-06,-6.521473062e-04,liquid_conductor
4.630594259e-06,-6.521473062e-04,liquid_conductor
4.764494569e-06,-6.521473062e-04,liquid_conductor
4.887303601e-06,-6.521473062e-04,liquid_conductor
5.000000000e-06,-6.521473062e-04,liquid_conductor
5.344545024e-06,-6.521473062e-04,liquid_conductor
5.720728404e-06,-6.521473062e-04,liquid_conductor
6.131424688e-06,-6.521473062e-04,liquid_conductor
6.579792067e-06,-6.521473062e-04,liquid_conductor
7.069682790e-06,-6.521473062e-04,liquid_conductor
7.604221304e-06,-6.521473062e-04,liquid_conductor
8.187924336e-06,-6.521473062e-04,liquid_conductor
8.825326016e-06,-6.521473062e-04,liquid_conductor
9.521221193e-06,-6.521473062e-04,liquid_conductor
1.028089317e-05,-6.521473062e-04,liquid_conductor
1.111056343e-05,-6.521473062e-04,liquid_conductor
1.201639249e-05,-6.521473062e-04,liquid_conductor
1.298360751e-05,-6.521473062e-04,liquid_conductor
1.388943657e-05,-6.521473062e-04,liquid_conductor
1.471910683e-05,-6.521473062e-04,liquid_conductor
1.547877881e-05,-6.521473062e-04,liquid_conductor
1.617467398e-05,-6.521473062e-04,liquid_conductor
1.681207566e-05,-6.521473062e-04,liquid_conductor
1.739577870e-05,-6.521473062e-04,liquid_conductor
1.793031721e-05,-6.521473062e-04,liquid_conductor
1.842020793e-05,-6.521473062e-04,liquid_conductor
1.886857531e-05,-6.521473062e-04,liquid_conductor
1.927927160e-05,-6.521473062e-04,liquid_conductor
1.965545498e-05,-6.521473062e-04,liquid_conductor
2.000000000e-05,-6.521473062e-04,liquid_conductor
2.010805618e-05,-6.521473062e-04,liquid_conductor
2.022595285e-05,-6.521473062e-04,liquid_conductor
2.035459775e-05,-6.521473062e-04,liquid_conductor
2.049498821e-05,-6.521473062e-04,liquid_conductor
2.064826006e-05,-6.521473062e-04,liquid_conductor
2.081535157e-05,-6.521473062e-04,liquid_conductor
2.099777754e-05,-6.521473062e-04,liquid_conductor
2.119689800e-05,-6.521473062e-04,liquid_conductor
2.141410532e-05,-6.521473062e-04,liquid_conductor
2.165116416e-05,-6.521473062e-04,liquid_conductor
2.190983090e-05,-6.521473062e-04,liquid_conductor
2.219208379e-05,-6.521473062e-04,liquid_conductor
2.250020445e-05,-6.521473062e-04,liquid_conductor
2.283635452e-05,-6.521473062e-04,liquid_conductor
2.320312564e-05,-6.521473062e-04,liquid_conductor
2.360338148e-05,-6.521473062e-04,liquid_conductor
2.404015658e-05,-6.521473062e-04,liquid_conductor
2.451665868e-05,-6.521473062e-04,liquid_conductor
2.503676791e-05,-6.521473062e-04,liquid_conductor
2.560437513e-05,-6.521473062e-04,liquid_conductor
2.622369757e-05,-6.521473062e-04,liquid_conductor
2.688064397e-05,-6.521473062e-04,liquid_conductor
2.749373137e-05,-6.521473062e-04,liquid_conductor
2.805529321e-05,-6.521473062e-04,liquid_conductor
2.856987281e-05,-6.521473062e-04,liquid_conductor
2.904145948e-05,-6.521473062e-04,liquid_conductor
2.947368421e-05,-6.521473062e-04,liquid_conductor
2.990868297e-05,-6.521473062e-04,liquid_conductor
3.038341652e-05,-6.521473062e-04,liquid_conductor
3.090184239e-05,-6.521473062e-04,liquid_conductor
3.146778324e-05,-6.521473062e-04,liquid_conductor
3.208581625e-05,-6.521473062e-04,liquid_conductor
3.276073484e-05,-6.521473062e-04,liquid_conductor
3.349724986e-05,-6.521473062e-04,liquid_conductor
3.430131728e-05,-6.521473062e-04,liquid_conductor
3.517965823e-05,-6.521473062e-04,liquid_conductor
3.613813726e-05,-6.521473062e-04,liquid_conductor
3.718507681e-05,-6.521473062e-04,liquid_conductor
3.832780448e-05,-6.521473062e-04,liquid_conductor
3.957561045e-05,-6.521473062e-04,liquid_conductor
4.093854473e-05,-6.521473062e-04,liquid_conductor
4.242542050e-05,-6.521473062e-04,liquid_conductor
4.404956552e-05,-6.521473062e-04,liquid_conductor
4.582227382e-05,-6.521473062e-04,liquid_conductor
4.775808616e-05,-6.521473062e-04,liquid_conductor
4.987178140e-05,-6.521473062e-04,liquid_conductor
5.217920429e-05,-6.521473062e-04,liquid_conductor
5.469866297e-05,-6.521473062e-04,liquid_conductor
5.744905551e-05,-6.521473062e-04,liquid_conductor
6.045387799e-05,-6.521473062e-04,liquid_conductor
6.373271678e-05,-6.521473062e-04,liquid_conductor
6.731217269e-05,-6.521473062e-04,liquid_conductor
7.122108778e-05,-6.521473062e-04,liquid_conductor
7.548786712e-05,-6.521473062e-04,liquid_conductor
8.014712385e-05,-6.521473062e-04,liquid_conductor
8.523466155e-05,-6.521473062e-04,liquid_conductor
9.078843638e-05,-6.521473062e-04,liquid_conductor
9.685525750e-05,-6.521473062e-04,liquid_conductor
1.034758769e-04,-6.521473062e-04,liquid_conductor
1.107020219e-04,-6.521473062e-04,liquid_conductor
1.185948933e-04,-6.521473062e-04,liquid_conductor
1.271212752e-04,-6.521473062e-04,liquid_conductor
1.352404309e-04,-6.521473062e-04,liquid_conductor
1.426794381e-04,-6.521473062e-04,liquid_conductor
1.494903129e-04,-6.521473062e-04,liquid_conductor
1.557277722e-04,-6.521473062e-04,liquid_conductor
1.614435061e-04,-6.521473062e-04,liquid_conductor
1.666778448e-04,-6.521473062e-04,liquid_conductor
1.714708543e-04,-6.521473062e-04,liquid_conductor
1.758610799e-04,-6.521473062e-04,liquid_conductor
1.798823926e-04,-6.521473062e-04,liquid_conductor
1.835651336e-04,-6.521473062e-04,liquid_conductor
1.869383710e-04,-6.521473062e-04,liquid_conductor
1.900294091e-04,-6.521473062e-04,liquid_conductor
1.928581583e-04,-6.521473062e-04,liquid_conductor
1.954511466e-04,-6.521473062e-04,liquid_conductor
1.978250706e-04,-6.521473062e-04,liquid_conductor
2.000000000e-04,-6.521473062e-04,liquid_conductor
2.023073590e-04,-6.521473062e-04,liquid_conductor
2.048262778e-04,-6.521473062e-04,liquid_conductor
2.075787525e-04,-6.521473062e-04,liquid_conductor
2.105843091e-04,-6.521473062e-04,liquid_conductor
2.138679432e-04,-6.521473062e-04,liquid_conductor
2.174546697e-04,-6.521473062e-04,liquid_conductor
2.213724959e-04,-6.521473062e-04,liquid_conductor
2.256503856e-04,-6.521473062e-04,liquid_conductor
2.303242912e-04,-6.521473062e-04,liquid_conductor
2.354283816e-04,-6.521473062e-04,liquid_conductor
2.410037832e-04,-6.521473062e-04,liquid_conductor
2.470936058e-04,-6.521473062e-04,liquid_conductor
2.537446444e-04,-6.521473062e-04,liquid_conductor
2.610133227e-04,-6.521473062e-04,liquid_conductor
2.689484386e-04,-6.521473062e-04,liquid_conductor
2.776157494e-04,-6.521473062e-04,liquid_conductor
2.870851727e-04,-6.521473062e-04,liquid_conductor
2.974263273e-04,-6.521473062e-04,liquid_conductor
3.087203809e-04,-6.521473062e-04,liquid_conductor
3.210579460e-04,-6.521473062e-04,liquid_conductor
3.345353188e-04,-6.521473062e-04,liquid_conductor
3.492615949e-04,-6.521473062e-04,liquid_conductor
3.653317449e-04,-6.521473062e-04,liquid_conductor
3.828930231e-04,-6.521473062e-04,liquid_conductor
4.020809215e-04,-6.521473062e-04,liquid_conductor
4.230318110e-04,-6.521473062e-04,liquid_conductor
4.459114310e-04,-6.521473062e-04,liquid_conductor
4.709074923e-04,-6.521473062e-04,liquid_conductor
4.982272631e-04,-6.521473062e-04,liquid_conductor
5.280468223e-04,-6.521473062e-04,liquid_conductor
5.606176878e-04,-6.521473062e-04,liquid_conductor
5.961968980e-04,-6.521473062e-04,liquid_conductor
6.350512450e-04,-6.521473062e-04,liquid_conductor
6.774964929e-04,-6.521473062e-04,liquid_conductor
7.238672441e-04,-6.521473062e-04,liquid_conductor
7.745057743e-04,-6.521473062e-04,liquid_conductor
8.298365598e-04,-6.521473062e-04,liquid_conductor
8.902404685e-04,-6.521473062e-04,liquid_conductor
9.562452265e-04,-6.521473062e-04,liquid_conductor
1.028315419e-03,-6.521473062e-04,liquid_conductor
1.107064121e-03,-6.521473062e-04,liquid_conductor
1.193057227e-03,-6.521473062e-04,liquid_conductor
1.286983765e-03,-6.521473062e-04,liquid_conductor
1.389582490e-03,-6.521473062e-04,liquid_conductor
1.501687528e-03,-6.521473062e-04,liquid_conductor
1.618967549e-03,-6.521473062e-04,liquid_conductor
1.727165678e-03,-6.521473062e-04,liquid_conductor
1.826235815e-03,-6.521473062e-04,liquid_conductor
1.916950625e-03,-6.521473062e-04,liquid_conductor
2.000000000e-03,-6.521473062e-04,liquid_conductor
2.084216992e-03,-6.521473062e-04,liquid_conductor
2.176355351e-03,-6.521473062e-04,liquid_conductor
2.277029651e-03,-6.521473062e-04,liquid_conductor
2.387173046e-03,-6.521473062e-04,liquid_conductor
2.507591864e-03,-6.521473062e-04,liquid_conductor
2.639278383e-03,-6.521473062e-04,liquid_conductor
2.783299094e-03,-6.521473062e-04,liquid_conductor
2.940767833e-03,-6.521473062e-04,liquid_conductor
3.113009625e-03,-6.521473062e-04,liquid_conductor
3.294047376e-03,-6.521473062e-04,liquid_conductor
3.461380719e-03,-6.521473062e-04,liquid_conductor
3.614426098e-03,-6.521473062e-04,liquid_conductor
3.754355769e-03,-6.521473062e-04,liquid_conductor
3.882298548e-03,-6.521473062e-04,liquid_conductor
3.999310376e-03,-6.521473062e-04,liquid_conductor
4.106334329e-03,-6.521473062e-04,liquid_conductor
4.204204407e-03,-6.521473062e-04,liquid_conductor
4.293671006e-03,-6.521473062e-04,liquid_conductor
4.375489229e-03,-6.521473062e-04,liquid_conductor
4.450318040e-03,-6.521473062e-04,liquid_conductor
4.518738298e-03,-6.521473062e-04,liquid_conductor
4.581289028e-03,-6.521473062e-04,liquid_conductor
4.638507194e-03,-6.521473062e-04,liquid_conductor
4.690810594e-03,-6.521473062e-04,liquid_conductor
4.738672595e-03,-6.521473062e-04,liquid_conductor
4.782423733e-03,-6.521473062e-04,liquid_conductor
4.822423892e-03,-6.521473062e-04,liquid_conductor
4.859011717e-03,-6.521473062e-04,liquid_conductor
4.892455390e-03,-6.521473062e-04,liquid_conductor
4.923050450e-03,-6.521473062e-04,liquid_conductor
4.951016246e-03,-6.521473062e-04,liquid_conductor
4.976608707e-03,-6.521473062e-04,liquid_conductor
5.000000000e-03,-6.521473062e-04,liquid_conductor
0.000000000e+00,-6.268202806e-04,liquid_conductor
2.253927972e-07,-6.268202806e-04,liquid_conductor
4.710108625e-07,-6.268202806e-04,liquid_conductor
7.388114821e-07,-6.268202806e-04,liquid_conductor
1.030777353e-06,-6.268202806e-04,liquid_conductor
1.349134956e-06,-6.268202806e-04,liquid_conductor
1.696071563e-06,-6.268202806e-04,liquid_conductor
2.065284294e-06,-6.268202806e-04,liquid_conductor
2.411371865e-06,-6.268202806e-04,liquid_conductor
2.728827367e-06,-6.268202806e-04,liquid_conductor
3.019944202e-06,-6.268202806e-04,liquid_conductor
3.287031469e-06,-6.268202806e-04,liquid_conductor
3.531983203e-06,-6.268202806e-04,liquid_conductor
3.756739224e-06,-6.268202806e-04,liquid_conductor
3.962851098e-06,-6.268202806e-04,liquid_conductor
4.151964219e-06,-6.268202806e-04,liquid_conductor
4.325432522e-06,-6.268202806e-04,liquid_conductor
4.484611324e-06,-6.268202806e-04,liquid_conductor
4.630594259e-06,-6.268202806e-04,liquid_conductor
4.764494569e-06,-6.268202806e-04,liquid_conductor
4.887303601e-06,-6.268202806e-04,liquid_conductor
5.000000000e-06,-6.268202806e-04,liquid_conductor
5.344545024e-06,-6.268202806e-04,liquid_conductor
5.720728404e-06,-6.268202806e-04,liquid_conductor
6.131424688e-06,-6.268202806e-04,liquid_conductor
6.579792067e-06,-6.268202806e-04,liquid_conductor
7.069682790e-06,-6.268202806e-04,liquid_conductor
7.604221304e-06,-6.268202806e-04,liquid_conductor
8.187924336e-06,-6.268202806e-04,liquid_conductor
8.825326016e-06,-6.268202806e-04,liquid_conductor
9.521221193e-06,-6.268202806e-04,liquid_conductor
1.028089317e-05,-6.268202806e-04,liquid_conductor
1.111056343e-05,-6.268202806e-04,liquid_conductor
1.201639249e-05,-6.268202806e-04,liquid_conductor
1.298360751e-05,-6.268202806e-04,liquid_conductor
1.388943657e-05,-6.268202806e-04,liquid_conductor
1.471910683e-05,-6.268202806e-04,liquid_conductor
1.547877881e-05,-6.268202806e-04,liquid_conductor
1.617467398e-05,-6.268202806e-04,liquid_conductor
1.681207566e-05,-6.268202806e-04,liquid_conductor
1.739577870e-05,-6.268202806e-04,liquid_conductor
1.793031721e-05,-6.268202806e-04,liquid_conductor
1.842020793e-05,-6.268202806e-04,liquid_conductor
1.886857531e-05,-6.268202806e-04,liquid_conductor
1.927927160e-05,-6.268202806e-04,liquid_conductor
1.965545498e-05,-6.268202806e-04,liquid_conductor
2.000000000e-05,-6.268202806e-04,liquid_conductor
2.010805618e-05,-6.268202806e-04,liquid_conductor
2.022595285e-05,-6.268202806e-04,liquid_conductor
2.035459775e-05,-6.268202806e-04,liquid_conductor
2.049498821e-05,-6.268202806e-04,liquid_conductor
2.064826006e-05,-6.268202806e-04,liquid_conductor
2.081535157e-05,-6.268202806e-04,liquid_conductor
2.099777754e-05,-6.268202806e-04,liquid_conductor
2.119689800e-05,-6.268202806e-04,liquid_conductor
2.141410532e-05,-6.268202806e-04,liquid_conductor
2.165116416e-05,-6.268202806e-04,liquid_conductor
2.190983090e-05,-6.268202806e-04,liquid_conductor
2.219208379e-05,-6.268202806e-04,liquid_conductor
2.250020445e-05,-6.268202806e-04,liquid_conductor
2.283635452e-05,-6.268202806e-04,liquid_conductor
2.320312564e-05,-6.268202806e-04,liquid_conductor
2.360338148e-05,-6.268202806e-04,liquid_conductor
2.404015658e-05,-6.268202806e-04,liquid_conductor
2.451665868e-05,-6.268202806e-04,liquid_conductor
2.503676791e-05,-6.268202806e-04,liquid_conductor
2.560437513e-05,-6.268202806e-04,liquid_conductor
2.622369757e-05,-6.268202806e-04,liquid_conductor
2.688064397e-05,-6.268202806e-04,liquid_conductor
2.749373137e-05,-6.268202806e-04,liquid_conductor
2.805529321e-05,-6.268202806e-04,liquid_conductor
2.856987281e-05,-6.268202806e-04,liquid_conductor
2.904145948e-05,-6.268202806e-04,liquid_conductor
2.947368421e-05,-6.268202806e-04,liquid_conductor
2.990868297e-05,-6.268202806e-04,liquid_conductor
3.038341652e-05,-6.268202806e-04,liquid_conductor
3.090184239e-05,-6.268202806e-04,liquid_conductor
3.146778324e-05,-6.268202806e-04,liquid_conductor
3.208581625e-05,-6.268202806e-04,liquid_conductor
3.276073484e-05,-6.268202806e-04,liquid_conductor
3.349724986e-05,-6.268202806e-04,liquid_conductor
3.430131728e-05,-6.268202806e-04,liquid_conductor
3.517965823e-05,-6.268202806e-04,liquid_conductor
3.613813726e-05,-6.268202806e-04,liquid_conductor
3.718507681e-05,-6.268202806e-04,liquid_conductor
3.832780448e-05,-6.268202806e-04,liquid_conductor
3.957561045e-05,-6.268202806e-04,liquid_conductor
4.093854473e-05,-6.268202806e-04,liquid_conductor
4.242542050e-05,-6.268202806e-04,liquid_conductor
4.404956552e-05,-6.268202806e-04,liquid_conductor
4.582227382e-05,-6.268202806e-04,liquid_conductor
4.775808616e-05,-6.268202806e-04,liquid_conductor
4.987178140e-05,-6.268202806e-04,liquid_conductor
5.217920429e-05,-6.268202806e-04,liquid_conductor
5.469866297e-05,-6.268202806e-04,liquid_conductor
5.744905551e-05,-6.268202806e-04,liquid_conductor
6.045387799e-05,-6.268202806e-04,liquid_conductor
6.373271678e-05,-6.268202806e-04,liquid_conductor
6.731217269e-05,-6.268202806e-04,liquid_conductor
7.122108778e-05,-6.268202806e-04,liquid_conductor
7.548786712e-05,-6.268202806e-04,liquid_conductor
8.014712385e-05,-6.268202806e-04,liquid_conductor
8.523466155e-05,-6.268202806e-04,liquid_conductor
9.078843638e-05,-6.268202806e-04,liquid_conductor
9.685525750e-05,-6.268202806e-04,liquid_conductor
1.034758769e-04,-6.268202806e-04,liquid_conductor
1.107020219e-04,-6.268202806e-04,liquid_conductor
1.185948933e-04,-6.268202806e-04,liquid_conductor
1.271212752e-04,-6.268202806e-04,liquid_conductor
1.352404309e-04,-6.268202806e-04,liquid_conductor
1.426794381e-04,-6.268202806e-04,liquid_conductor
1.494903129e-04,-6.268202806e-04,liquid_conductor
1.557277722e-04,-6.268202806e-04,liquid_conductor
1.614435061e-04,-6.268202806e-04,liquid_conductor
1.666778448e-04,-6.268202806e-04,liquid_conductor
1.714708543e-04,-6.268202806e-04,liquid_conductor
1.758610799e-04,-6.268202806e-04,liquid_conductor
1.798823926e-04,-6.268202806e-04,liquid_conductor
1.835651336e-04,-6.268202806e-04,liquid_conductor
1.869383710e-04,-6.268202806e-04,liquid_conductor
1.900294091e-04,-6.268202806e-04,liquid_conductor
1.928581583e-04,-6.268202806e-04,liquid_conductor
1.954511466e-04,-6.268202806e-04,liquid_conductor
1.978250706e-04,-6.268202806e-04,liquid_conductor
2.000000000e-04,-6.268202806e-04,liquid_conductor
2.023073590e-04,-6.268202806e-04,liquid_conductor
2.048262778e-04,-6.268202806e-04,liquid_conductor
2.075787525e-04,-6.268202806e-04,liquid_conductor
2.105843091e-04,-6.268202806e-04,liquid_conductor
2.138679432e-04,-6.268202806e-04,liquid_conductor
2.174546697e-04,-6.268202806e-04,liquid_conductor
2.213724959e-04,-6.268202806e-04,liquid_conductor
2.256503856e-04,-6.268202806e-04,liquid_conductor
2.303242912e-04,-6.268202806e-04,liquid_conductor
2.354283816e-04,-6.268202806e-04,liquid_conductor
2.410037832e-04,-6.268202806e-04,liquid_conductor
2.470936058e-04,-6.268202806e-04,liquid_conductor
2.537446444e-04,-6.268202806e-04,liquid_conductor
2.610133227e-04,-6.268202806e-04,liquid_conductor
2.689484386e-04,-6.268202806e-04,liquid_conductor
2.776157494e-04,-6.268202806e-04,liquid_conductor
2.870851727e-04,-6.268202806e-04,liquid_conductor
2.974263273e-04,-6.268202806e-04,liquid_conductor
3.087203809e-04,-6.268202806e-04,liquid_conductor
3.210579460e-04,-6.268202806e-04,liquid_conductor
3.345353188e-04,-6.268202806e-04,liquid_conductor
3.492615949e-04,-6.268202806e-04,liquid_conductor
3.653317449e-04,-6.268202806e-04,liquid_conductor
3.828930231e-04,-6.268202806e-04,liquid_conductor
4.020809215e-04,-6.268202806e-04,liquid_conductor
4.230318110e-04,-6.268202806e-04,liquid_conductor
4.459114310e-04,-6.268202806e-04,liquid_conductor
4.709074923e-04,-6.268202806e-04,liquid_conductor
4.982272631e-04,-6.268202806e-04,liquid_conductor
5.280468223e-04,-6.268202806e-04,liquid_conductor
5.606176878e-04,-6.268202806e-04,liquid_conductor
5.961968980e-04,-6.268202806e-04,liquid_conductor
6.350512450e-04,-6.268202806e-04,liquid_conductor
6.774964929e-04,-6.268202806e-04,liquid_conductor
7.238672441e-04,-6.268202806e-04,liquid_conductor
7.745057743e-04,-6.268202806e-04,liquid_conductor
8.298365598e-04,-6.268202806e-04,liquid_conductor
8.902404685e-04,-6.268202806e-04,liquid_conductor
9.562452265e-04,-6.268202806e-04,liquid_conductor
1.028315419e-03,-6.268202806e-04,liquid_conductor
1.107064121e-03,-6.268202806e-04,liquid_conductor
1.193057227e-03,-6.268202806e-04,liquid_conductor
1.286983765e-03,-6.268202806e-04,liquid_conductor
1.389582490e-03,-6.268202806e-04,liquid_conductor
1.501687528e-03,-6.268202806e-04,liquid_conductor
1.618967549e-03,-6.268202806e-04,liquid_conductor
1.727165678e-03,-6.268202806e-04,liquid_conductor
1.826235815e-03,-6.268202806e-04,liquid_conductor
1.916950625e-03,-6.268202806e-04,liquid_conductor
2.000000000e-03,-6.268202806e-04,liquid_conductor
2.084216992e-03,-6.268202806e-04,liquid_conductor
2.176355351e-03,-6.268202806e-04,liquid_conductor
2.277029651e-03,-6.268202806e-04,liquid_conductor
2.387173046e-03,-6.268202806e-04,liquid_conductor
2.507591864e-03,-6.268202806e-04,liquid_conductor
2.639278383e-03,-6.268202806e-04,liquid_conductor
2.783299094e-03,-6.268202806e-04,liquid_conductor
2.940767833e-03,-6.268202806e-04,liquid_conductor
3.113009625e-03,-6.268202806e-04,liquid_conductor
3.294047376e-03,-6.268202806e-04,liquid_conductor
3.461380719e-03,-6.268202806e-04,liquid_conductor
3.614426098e-03,-6.268202806e-04,liquid_conductor
3.754355769e-03,-6.268202806e-04,liquid_conductor
3.882298548e-03,-6.268202806e-04,liquid_conductor
3.999310376e-03,-6.268202806e-04,liquid_conductor
4.106334329e-03,-6.268202806e-04,liquid_conductor
4.204204407e-03,-6.268202806e-04,liquid_conductor
4.293671006e-03,-6.268202806e-04,liquid_conductor
4.375489229e-03,-6.268202806e-04,liquid_conductor
4.450318040e-03,-6.268202806e-04,liquid_conductor
4.518738298e-03,-6.268202806e-04,liquid_conductor
4.581289028e-03,-6.268202806e-04,liquid_conductor
4.638507194e-03,-6.268202806e-04,liquid_conductor
4.690810594e-03,-6.268202806e-04,liquid_conductor
4.738672595e-03,-6.268202806e-04,liquid_conductor
4.782423733e-03,-6.268202806e-04,liquid_conductor
4.822423892e-03,-6.268202806e-04,liquid_conductor
4.859011717e-03,-6.268202806e-04,liquid_conductor
4.892455390e-03,-6.268202806e-04,liquid_conductor
4.923050450e-03,-6.268202806e-04,liquid_conductor
4.951016246e-03,-6.268202806e-04,liquid_conductor
4.976608707e-03,-6.268202806e-04,liquid_conductor
5.000000000e-03,-6.268202806e-04,liquid_conductor
0.000000000e+00,-6.036265326e-04,liquid_conductor
2.253927972e-07,-6.036265326e-04,liquid_conductor
4.710108625e-07,-6.036265326e-04,liquid_conductor
7.388114821e-07,-6.036265326e-04,liquid_conductor
1.030777353e-06,-6.036265326e-04,liquid_conductor
1.349134956e-06,-6.036265326e-04,liquid_conductor
1.696071563e-06,-6.036265326e-04,liquid_conductor
2.065284294e-06,-6.036265326e-04,liquid_conductor
2.411371865e-06,-6.036265326e-04,liquid_conductor
2.728827367e-06,-6.036265326e-04,liquid_conductor
3.019944202e-06,-6.036265326e-04,liquid_conductor
3.287031469e-06,-6.036265326e-04,liquid_conductor
3.531983203e-06,-6.036265326e-04,liquid_conductor
3.756739224e-06,-6.036265326e-04,liquid_conductor
3.962851098e-06,-6.036265326e-04,liquid_conductor
4.151964219e-06,-6.036265326e-04,liquid_conductor
4.325432522e-06,-6.036265326e-04,liquid_conductor
4.484611324e-06,-6.036265326e-04,liquid_conductor
4.630594259e-06,-6.036265326e-04,liquid_conductor
4.764494569e-06,-6.036265326e-04,liquid_conductor
4.887303601e-06,-6.036265326e-04,liquid_conductor
5.000000000e-06,-6.036265326e-04,liquid_conductor
5.344545024e-06,-6.036265326e-04,liquid_conductor
5.720728404e-06,-6.036265326e-04,liquid_conductor
6.131424688e-06,-6.036265326e-04,liquid_conductor
6.579792067e-06,-6.036265326e-04,liquid_conductor
7.069682790e-06,-6.036265326e-04,liquid_conductor
7.604221304e-06,-6.036265326e-04,liquid_conductor
8.187924336e-06,-6.036265326e-04,liquid_conductor
8.825326016e-06,-6.036265326e-04,liquid_conductor
9.521221193e-06,-6.036265326e-04,liquid_conductor
1.028089317e-05,-6.036265326e-04,liquid_conductor
1.111056343e-05,-6.036265326e-04,liquid_conductor
1.201639249e-05,-6.036265326e-04,liquid_conductor
1.298360751e-05,-6.036265326e-04,liquid_conductor
1.388943657e-05,-6.036265326e-04,liquid_conductor
1.471910683e-05,-6.036265326e-04,liquid_conductor
1.547877881e-05,-6.036265326e-04,liquid_conductor
1.617467398e-05,-6.036265326e-04,liquid_conductor
1.681207566e-05,-6.036265326e-04,liquid_conductor
1.739577870e-05,-6.036265326e-04,liquid_conductor
1.793031721e-05,-6.036265326e-04,liquid_conductor
1.842020793e-05,-6.036265326e-04,liquid_conductor
1.886857531e-05,-6.036265326e-04,liquid_conductor
1.927927160e-05,-6.036265326e-04,liquid_conductor
1.965545498e-05,-6.036265326e-04,liquid_conductor
2.000000000e-05,-6.036265326e-04,liquid_conductor
2.010805618e-05,-6.036265326e-04,liquid_conductor
2.022595285e-05,-6.036265326e-04,liquid_conductor
2.035459775e-05,-6.036265326e-04,liquid_conductor
2.049498821e-05,-6.036265326e-04,liquid_conductor
2.064826006e-05,-6.036265326e-04,liquid_conductor
2.081535157e-05,-6.036265326e-04,liquid_conductor
2.099777754e-05,-6.036265326e-04,liquid_conductor
2.119689800e-05,-6.036265326e-04,liquid_conductor
2.141410532e-05,-6.036265326e-04,liquid_conductor
2.165116416e-05,-6.036265326e-04,liquid_conductor
2.190983090e-05,-6.036265326e-04,liquid_conductor
2.219208379e-05,-6.036265326e-04,liquid_conductor
2.250020445e-05,-6.036265326e-04,liquid_conductor
2.283635452e-05,-6.036265326e-04,liquid_conductor
2.320312564e-05,-6.036265326e-04,liquid_conductor
2.360338148e-05,-6.036265326e-04,liquid_conductor
2.404015658e-05,-6.036265326e-04,liquid_conductor
2.451665868e-05,-6.036265326e-04,liquid_conductor
2.503676791e-05,-6.036265326e-04,liquid_conductor
2.560437513e-05,-6.036265326e-04,liquid_conductor
2.622369757e-05,-6.036265326e-04,liquid_conductor
2.688064397e-05,-6.036265326e-04,liquid_conductor
2.749373137e-05,-6.036265326e-04,liquid_conductor
2.805529321e-05,-6.036265326e-04,liquid_conductor
2.856987281e-05,-6.036265326e-04,liquid_conductor
2.904145948e-05,-6.036265326e-04,liquid_conductor
2.947368421e-05,-6.036265326e-04,liquid_conductor
2.990868297e-05,-6.036265326e-04,liquid_conductor
3.038341652e-05,-6.036265326e-04,liquid_conductor
3.090184239e-05,-6.036265326e-04,liquid_conductor
3.146778324e-05,-6.036265326e-04,liquid_conductor
3.208581625e-05,-6.036265326e-04,liquid_conductor
3.276073484e-05,-6.036265326e-04,liquid_conductor
3.349724986e-05,-6.036265326e-04,liquid_conductor
3.430131728e-05,-6.036265326e-04,liquid_conductor
3.517965823e-05,-6.036265326e-04,liquid_conductor
3.613813726e-05,-6.036265326e-04,liquid_conductor
3.718507681e-05,-6.036265326e-04,liquid_conductor
3.832780448e-05,-6.036265326e-04,liquid_conductor
3.957561045e-05,-6.036265326e-04,liquid_conductor
4.093854473e-05,-6.036265326e-04,liquid_conductor
4.242542050e-05,-6.036265326e-04,liquid_conductor
4.404956552e-05,-6.036265326e-04,liquid_conductor
4.582227382e-05,-6.036265326e-04,liquid_conductor
4.775808616e-05,-6.036265326e-04,liquid_conductor
4.987178140e-05,-6.036265326e-04,liquid_conductor
5.217920429e-05,-6.036265326e-04,liquid_conductor
5.469866297e-05,-6.036265326e-04,liquid_conductor
5.744905551e-05,-6.036265326e-04,liquid_conductor
6.045387799e-05,-6.036265326e-04,liquid_conductor
6.373271678e-05,-6.036265326e-04,liquid_conductor
6.731217269e-05,-6.036265326e-04,liquid_conductor
7.122108778e-05,-6.036265326e-04,liquid_conductor
7.548786712e-05,-6.036265326e-04,liquid_conductor
8.014712385e-05,-6.036265326e-04,liquid_conductor
8.523466155e-05,-6.036265326e-04,liquid_conductor
9.078843638e-05,-6.036265326e-04,liquid_conductor
9.685525750e-05,-6.036265326e-04,liquid_conductor
1.034758769e-04,-6.036265326e-04,liquid_conductor
1.107020219e-04,-6.036265326e-04,liquid_conductor
1.185948933e-04,-6.036265326e-04,liquid_conductor
1.271212752e-04,-6.036265326e-04,liquid_conductor
1.352404309e-04,-6.036265326e-04,liquid_conductor
1.426794381e-04,-6.036265326e-04,liquid_conductor
1.494903129e-04,-6.036265326e-04,liquid_conductor
1.557277722e-04,-6.036265326e-04,liquid_conductor
1.614435061e-04,-6.036265326e-04,liquid_conductor
1.666778448e-04,-6.036265326e-04,liquid_conductor
1.714708543e-04,-6.036265326e-04,liquid_conductor
1.758610799e-04,-6.036265326e-04,liquid_conductor
1.798823926e-04,-6.036265326e-04,liquid_conductor
1.835651336e-04,-6.036265326e-04,liquid_conductor
1.869383710e-04,-6.036265326e-04,liquid_conductor
1.900294091e-04,-6.036265326e-04,liquid_conductor
1.928581583e-04,-6.036265326e-04,liquid_conductor
1.954511466e-04,-6.036265326e-04,liquid_conductor
1.978250706e-04,-6.036265326e-04,liquid_conductor
2.000000000e-04,-6.036265326e-04,liquid_conductor
2.023073590e-04,-6.036265326e-04,liquid_conductor
2.048262778e-04,-6.036265326e-04,liquid_conductor
2.075787525e-04,-6.036265326e-04,liquid_conductor
2.105843091e-04,-6.036265326e-04,liquid_conductor
2.138679432e-04,-6.036265326e-04,liquid_conductor
2.174546697e-04,-6.036265326e-04,liquid_conductor
2.213724959e-04,-6.036265326e-04,liquid_conductor
2.256503856e-04,-6.036265326e-04,liquid_conductor
2.303242912e-04,-6.036265326e-04,liquid_conductor
2.354283816e-04,-6.036265326e-04,liquid_conductor
2.410037832e-04,-6.036265326e-04,liquid_conductor
2.470936058e-04,-6.036265326e-04,liquid_conductor
2.537446444e-04,-6.036265326e-04,liquid_conductor
2.610133227e-04,-6.036265326e-04,liquid_conductor
2.689484386e-04,-6.036265326e-04,liquid_conductor
2.776157494e-04,-6.036265326e-04,liquid_conductor
2.870851727e-04,-6.036265326e-04,liquid_conductor
2.974263273e-04,-6.036265326e-04,liquid_conductor
3.087203809e-04,-6.036265326e-04,liquid_conductor
3.210579460e-04,-6.036265326e-04,liquid_conductor
3.345353188e-04,-6.036265326e-04,liquid_conductor
3.492615949e-04,-6.036265326e-04,liquid_conductor
3.653317449e-04,-6.036265326e-04,liquid_conductor
3.828930231e-04,-6.036265326e-04,liquid_conductor
4.020809215e-04,-6.036265326e-04,liquid_conductor
4.230318110e-04,-6.036265326e-04,liquid_conductor
4.459114310e-04,-6.036265326e-04,liquid_conductor
4.709074923e-04,-6.036265326e-04,liquid_conductor
4.982272631e-04,-6.036265326e-04,liquid_conductor
5.280468223e-04,-6.036265326e-04,liquid_conductor
5.606176878e-04,-6.036265326e-04,liquid_conductor
5.961968980e-04,-6.036265326e-04,liquid_conductor
6.350512450e-04,-6.036265326e-04,liquid_conductor
6.774964929e-04,-6.036265326e-04,liquid_conductor
7.238672441e-04,-6.036265326e-04,liquid_conductor
7.745057743e-04,-6.036265326e-04,liquid_conductor
8.298365598e-04,-6.036265326e-04,liquid_conductor
8.902404685e-04,-6.036265326e-04,liquid_conductor
9.562452265e-04,-6.036265326e-04,liquid_conductor
1.028315419e-03,-6.036265326e-04,liquid_conductor
1.107064121e-03,-6.036265326e-04,liquid_conductor
1.193057227e-03,-6.036265326e-04,liquid_conductor
1.286983765e-03,-6.036265326e-04,liquid_conductor
1.389582490e-03,-6.036265326e-04,liquid_conductor
1.501687528e-03,-6.036265326e-04,liquid_conductor
1.618967549e-03,-6.036265326e-04,liquid_conductor
1.727165678e-03,-6.036265326e-04,liquid_conductor
1.826235815e-03,-6.036265326e-04,liquid_conductor
1.916950625e-03,-6.036265326e-04,liquid_conductor
2.000000000e-03,-6.036265326e-04,liquid_conductor
2.084216992e-03,-6.036265326e-04,liquid_conductor
2.176355351e-03,-6.036265326e-04,liquid_conductor
2.277029651e-03,-6.036265326e-04,liquid_conductor
2.387173046e-03,-6.036265326e-04,liquid_conductor
2.507591864e-03,-6.036265326e-04,liquid_conductor
2.639278383e-03,-6.036265326e-04,liquid_conductor
2.783299094e-03,-6.036265326e-04,liquid_conductor
2.940767833e-03,-6.036265326e-04,liquid_conductor
3.113009625e-03,-6.036265326e-04,liquid_conductor
3.294047376e-03,-6.036265326e-04,liquid_conductor
3.461380719e-03,-6.036265326e-04,liquid_conductor
3.614426098e-03,-6.036265326e-04,liquid_conductor
3.754355769e-03,-6.036265326e-04,liquid_conductor
3.882298548e-03,-6.036265326e-04,liquid_conductor
3.999310376e-03,-6.036265326e-04,liquid_conductor
4.106334329e-03,-6.036265326e-04,liquid_conductor
4.204204407e-03,-6.036265326e-04,liquid_conductor
4.293671006e-03,-6.036265326e-04,liquid_conductor
4.375489229e-03,-6.036265326e-04,liquid_conductor
4.450318040e-03,-6.036265326e-04,liquid_conductor
4.518738298e-03,-6.036265326e-04,liquid_conductor
4.581289028e-03,-6.036265326e-04,liquid_conductor
4.638507194e-03,-6.036265326e-04,liquid_conductor
4.690810594e-03,-6.036265326e-04,liquid_conductor
4.738672595e-03,-6.036265326e-04,liquid_conductor
4.782423733e-03,-6.036265326e-04,liquid_conductor
4.822423892e-03,-6.036265326e-04,liquid_conductor
4.859011717e-03,-6.036265326e-04,liquid_conductor
4.892455390e-03,-6.036265326e-04,liquid_conductor
4.923050450e-03,-6.036265326e-04,liquid_conductor
4.951016246e-03,-6.036265326e-04,liquid_conductor
4.976608707e-03,-6.036265326e-04,liquid_conductor
5.000000000e-03,-6.036265326e-04,liquid_conductor
0.000000000e+00,-5.823680583e-04,liquid_conductor
2.253927972e-07,-5.823680583e-04,liquid_conductor
4.710108625e-07,-5.823680583e-04,liquid_conductor
7.388114821e-07,-5.823680583e-04,liquid_conductor
1.030777353e-06,-5.823680583e-04,liquid_conductor
1.349134956e-06,-5.823680583e-04,liquid_conductor
1.696071563e-06,-5.823680583e-04,liquid_conductor
2.065284294e-06,-5.823680583e-04,liquid_conductor
2.411371865e-06,-5.823680583e-04,liquid_conductor
2.728827367e-06,-5.823680583e-04,liquid_conductor
3.019944202e-06,-5.823680583e-04,liquid_conductor
3.287031469e-06,-5.823680583e-04,liquid_conductor
3.531983203e-06,-5.823680583e-04,liquid_conductor
3.756739224e-06,-5.823680583e-04,liquid_conductor
3.962851098e-06,-5.823680583e-04,liquid_conductor
4.151964219e-06,-5.823680583e-04,liquid_conductor
4.325432522e-06,-5.823680583e-04,liquid_conductor
4.484611324e-06,-5.823680583e-04,liquid_conductor
4.630594259e-06,-5.823680583e-04,liquid_conductor
4.764494569e-06,-5.823680583e-04,liquid_conductor
4.887303601e-06,-5.823680583e-04,liquid_conductor
5.000000000e-06,-5.823680583e-04,liquid_conductor
5.344545024e-06,-5.823680583e-04,liquid_conductor
5.720728404e-06,-5.823680583e-04,liquid_conductor
6.131424688e-06,-5.823680583e-04,liquid_conductor
6.579792067e-06,-5.823680583e-04,liquid_conductor
7.069682790e-06,-5.823680583e-04,liquid_conductor
7.604221304e-06,-5.823680583e-04,liquid_conductor
8.187924336e-06,-5.823680583e-04,liquid_conductor
8.825326016e-06,-5.823680583e-04,liquid_conductor
9.521221193e-06,-5.823680583e-04,liquid_conductor
1.028089317e-05,-5.823680583e-04,liquid_conductor
1.111056343e-05,-5.823680583e-04,liquid_conductor
1.201639249e-05,-5.823680583e-04,liquid_conductor
1.298360751e-05,-5.823680583e-04,liquid_conductor
1.388943657e-05,-5.823680583e-04,liquid_conductor
1.471910683e-05,-5.823680583e-04,liquid_conductor
1.547877881e-05,-5.823680583e-04,liquid_conductor
1.617467398e-05,-5.823680583e-04,liquid_conductor
1.681207566e-05,-5.823680583e-04,liquid_conductor
1.739577870e-05,-5.823680583e-04,liquid_conductor
1.793031721e-05,-5.823680583e-04,liquid_conductor
1.842020793e-05,-5.823680583e-04,liquid_conductor
1.886857531e-05,-5.823680583e-04,liquid_conductor
1.927927160e-05,-5.823680583e-04,liquid_conductor
1.965545498e-05,-5.823680583e-04,liquid_conductor
2.000000000e-05,-5.823680583e-04,liquid_conductor
2.010805618e-05,-5.823680583e-04,liquid_conductor
2.022595285e-05,-5.823680583e-04,liquid_conductor
2.035459775e-05,-5.823680583e-04,liquid_conductor
2.049498821e-05,-5.823680583e-04,liquid_conductor
2.064826006e-05,-5.823680583e-04,liquid_conductor
2.081535157e-05,-5.823680583e-04,liquid_conductor
2.099777754e-05,-5.823680583e-04,liquid_conductor
2.119689800e-05,-5.823680583e-04,liquid_conductor
2.141410532e-05,-5.823680583e-04,liquid_conductor
2.165116416e-05,-5.823680583e-04,liquid_conductor
2.190983090e-05,-5.823680583e-04,liquid_conductor
2.219208379e-05,-5.823680583e-04,liquid_conductor
2.250020445e-05,-5.823680583e-04,liquid_conductor
2.283635452e-05,-5.823680583e-04,liquid_conductor
2.320312564e-05,-5.823680583e-04,liquid_conductor
2.360338148e-05,-5.823680583e-04,liquid_conductor
2.404015658e-05,-5.823680583e-04,liquid_conductor
2.451665868e-05,-5.823680583e-04,liquid_conductor
2.503676791e-05,-5.823680583e-04,liquid_conductor
2.560437513e-05,-5.823680583e-04,liquid_conductor
2.622369757e-05,-5.823680583e-04,liquid_conductor
2.688064397e-05,-5.823680583e-04,liquid_conductor
2.749373137e-05,-5.823680583e-04,liquid_conductor
2.805529321e-05,-5.823680583e-04,liquid_conductor
2.856987281e-05,-5.823680583e-04,liquid_conductor
2.904145948e-05,-5.823680583e-04,liquid_conductor
2.947368421e-05,-5.823680583e-04,liquid_conductor
2.990868297e-05,-5.823680583e-04,liquid_conductor
3.038341652e-05,-5.823680583e-04,liquid_conductor
3.090184239e-05,-5.823680583e-04,liquid_conductor
3.146778324e-05,-5.823680583e-04,liquid_conductor
3.208581625e-05,-5.823680583e-04,liquid_conductor
3.276073484e-05,-5.823680583e-04,liquid_conductor
3.349724986e-05,-5.823680583e-04,liquid_conductor
3.430131728e-05,-5.823680583e-04,liquid_conductor
3.517965823e-05,-5.823680583e-04,liquid_conductor
3.613813726e-05,-5.823680583e-04,liquid_conductor
3.718507681e-05,-5.823680583e-04,liquid_conductor
3.832780448e-05,-5.823680583e-04,liquid_conductor
3.957561045e-05,-5.823680583e-04,liquid_conductor
4.093854473e-05,-5.823680583e-04,liquid_conductor
4.242542050e-05,-5.823680583e-04,liquid_conductor
4.404956552e-05,-5.823680583e-04,liquid_conductor
4.582227382e-05,-5.823680583e-04,liquid_conductor
4.775808616e-05,-5.823680583e-04,liquid_conductor
4.987178140e-05,-5.823680583e-04,liquid_conductor
5.217920429e-05,-5.823680583e-04,liquid_conductor
5.469866297e-05,-5.823680583e-04,liquid_conductor
5.744905551e-05,-5.823680583e-04,liquid_conductor
6.045387799e-05,-5.823680583e-04,liquid_conductor
6.373271678e-05,-5.823680583e-04,liquid_conductor
6.731217269e-05,-5.823680583e-04,liquid_conductor
7.122108778e-05,-5.823680583e-04,liquid_conductor
7.548786712e-05,-5.823680583e-04,liquid_conductor
8.014712385e-05,-5.823680583e-04,liquid_conductor
8.523466155e-05,-5.823680583e-04,liquid_conductor
9.078843638e-05,-5.823680583e-04,liquid_conductor
9.685525750e-05,-5.823680583e-04,liquid_conductor
1.034758769e-04,-5.823680583e-04,liquid_conductor
1.107020219e-04,-5.823680583e-04,liquid_conductor
1.185948933e-04,-5.823680583e-04,liquid_conductor
1.271212752e-04,-5.823680583e-04,liquid_conductor
1.352404309e-04,-5.823680583e-04,liquid_conductor
1.426794381e-04,-5.823680583e-04,liquid_conductor
1.494903129e-04,-5.823680583e-04,liquid_conductor
1.557277722e-04,-5.823680583e-04,liquid_conductor
1.614435061e-04,-5.823680583e-04,liquid_conductor
1.666778448e-04,-5.823680583e-04,liquid_conductor
1.714708543e-04,-5.823680583e-04,liquid_conductor
1.758610799e-04,-5.823680583e-04,liquid_conductor
1.798823926e-04,-5.823680583e-04,liquid_conductor
1.835651336e-04,-5.823680583e-04,liquid_conductor
1.869383710e-04,-5.823680583e-04,liquid_conductor
1.900294091e-04,-5.823680583e-04,liquid_conductor
1.928581583e-04,-5.823680583e-04,liquid_conductor
1.954511466e-04,-5.823680583e-04,liquid_conductor
1.978250706e-04,-5.823680583e-04,liquid_conductor
2.000000000e-04,-5.823680583e-04,liquid_conductor
2.023073590e-04,-5.823680583e-04,liquid_conductor
2.048262778e-04,-5.823680583e-04,liquid_conductor
2.075787525e-04,-5.823680583e-04,liquid_conductor
2.105843091e-04,-5.823680583e-04,liquid_conductor
2.138679432e-04,-5.823680583e-04,liquid_conductor
2.174546697e-04,-5.823680583e-04,liquid_conductor
2.213724959e-04,-5.823680583e-04,liquid_conductor
2.256503856e-04,-5.823680583e-04,liquid_conductor
2.303242912e-04,-5.823680583e-04,liquid_conductor
2.354283816e-04,-5.823680583e-04,liquid_conductor
2.410037832e-04,-5.823680583e-04,liquid_conductor
2.470936058e-04,-5.823680583e-04,liquid_conductor
2.537446444e-04,-5.823680583e-04,liquid_conductor
2.610133227e-04,-5.823680583e-04,liquid_conductor
2.689484386e-04,-5.823680583e-04,liquid_conductor
2.776157494e-04,-5.823680583e-04,liquid_conductor
2.870851727e-04,-5.823680583e-04,liquid_conductor
2.974263273e-04,-5.823680583e-04,liquid_conductor
3.087203809e-04,-5.823680583e-04,liquid_conductor
3.210579460e-04,-5.823680583e-04,liquid_conductor
3.345353188e-04,-5.823680583e-04,liquid_conductor
3.492615949e-04,-5.823680583e-04,liquid_conductor
3.653317449e-04,-5.823680583e-04,liquid_conductor
3.828930231e-04,-5.823680583e-04,liquid_conductor
4.020809215e-04,-5.823680583e-04,liquid_conductor
4.230318110e-04,-5.823680583e-04,liquid_conductor
4.459114310e-04,-5.823680583e-04,liquid_conductor
4.709074923e-04,-5.823680583e-04,liquid_conductor
4.982272631e-04,-5.823680583e-04,liquid_conductor
5.280468223e-04,-5.823680583e-04,liquid_conductor
5.606176878e-04,-5.823680583e-04,liquid_conductor
5.961968980e-04,-5.823680583e-04,liquid_conductor
6.350512450e-04,-5.823680583e-04,liquid_conductor
6.774964929e-04,-5.823680583e-04,liquid_conductor
7.238672441e-04,-5.823680583e-04,liquid_conductor
7.745057743e-04,-5.823680583e-04,liquid_conductor
8.298365598e-04,-5.823680583e-04,liquid_conductor
8.902404685e-04,-5.823680583e-04,liquid_conductor
9.562452265e-04,-5.823680583e-04,liquid_conductor
1.028315419e-03,-5.823680583e-04,liquid_conductor
1.107064121e-03,-5.823680583e-04,liquid_conductor
1.193057227e-03,-5.823680583e-04,liquid_conductor
1.286983765e-03,-5.823680583e-04,liquid_conductor
1.389582490e-03,-5.823680583e-04,liquid_conductor
1.501687528e-03,-5.823680583e-04,liquid_conductor
1.618967549e-03,-5.823680583e-04,liquid_conductor
1.727165678e-03,-5.823680583e-04,liquid_conductor
1.826235815e-03,-5.823680583e-04,liquid_conductor
1.916950625e-03,-5.823680583e-04,liquid_conductor
2.000000000e-03,-5.823680583e-04,liquid_conductor
2.084216992e-03,-5.823680583e-04,liquid_conductor
2.176355351e-03,-5.823680583e-04,liquid_conductor
2.277029651e-03,-5.823680583e-04,liquid_conductor
2.387173046e-03,-5.823680583e-04,liquid_conductor
2.507591864e-03,-5.823680583e-04,liquid_conductor
2.639278383e-03,-5.823680583e-04,liquid_conductor
2.783299094e-03,-5.823680583e-04,liquid_conductor
2.940767833e-03,-5.823680583e-04,liquid_conductor
3.113009625e-03,-5.823680583e-04,liquid_conductor
3.294047376e-03,-5.823680583e-04,liquid_conductor
3.461380719e-03,-5.823680583e-04,liquid_conductor
3.614426098e-03,-5.823680583e-04,liquid_conductor
3.754355769e-03,-5.823680583e-04,liquid_conductor
3.882298548e-03,-5.823680583e-04,liquid_conductor
3.999310376e-03,-5.823680583e-04,liquid_conductor
4.106334329e-03,-5.823680583e-04,liquid_conductor
4.204204407e-03,-5.823680583e-04,liquid_conductor
4.293671006e-03,-5.823680583e-04,liquid_conductor
4.375489229e-03,-5.823680583e-04,liquid_conductor
4.450318040e-03,-5.823680583e-04,liquid_conductor
4.518738298e-03,-5.823680583e-04,liquid_conductor
4.581289028e-03,-5.823680583e-04,liquid_conductor
4.638507194e-03,-5.823680583e-04,liquid_conductor
4.690810594e-03,-5.823680583e-04,liquid_conductor
4.738672595e-03,-5.823680583e-04,liquid_conductor
4.782423733e-03,-5.823680583e-04,liquid_conductor
4.822423892e-03,-5.823680583e-04,liquid_conductor
4.859011717e-03,-5.823680583e-04,liquid_conductor
4.892455390e-03,-5.823680583e-04,liquid_conductor
4.923050450e-03,-5.823680583e-04,liquid_conductor
4.951016246e-03,-5.823680583e-04,liquid_conductor
4.976608707e-03,-5.823680583e-04,liquid_conductor
5.000000000e-03,-5.823680583e-04,liquid_conductor
0.000000000e+00,-5.628901562e-04,liquid_conductor
2.253927972e-07,-5.628901562e-04,liquid_conductor
4.710108625e-07,-5.628901562e-04,liquid_conductor
7.388114821e-07,-5.628901562e-04,liquid_conductor
1.030777353e-06,-5.628901562e-04,liquid_conductor
1.349134956e-06,-5.628901562e-04,liquid_conductor
1.696071563e-06,-5.628901562e-04,liquid_conductor
2.065284294e-06,-5.628901562e-04,liquid_conductor
2.411371865e-06,-5.628901562e-04,liquid_conductor
2.728827367e-06,-5.628901562e-04,liquid_conductor
3.019944202e-06,-5.628901562e-04,liquid_conductor
3.287031469e-06,-5.628901562e-04,liquid_conductor
3.531983203e-06,-5.628901562e-04,liquid_conductor
3.756739224e-06,-5.628901562e-04,liquid_conductor
3.962851098e-06,-5.628901562e-04,liquid_conductor
4.151964219e-06,-5.628901562e-04,liquid_conductor
4.325432522e-06,-5.628901562e-04,liquid_conductor
4.484611324e-06,-5.628901562e-04,liquid_conductor
4.630594259e-06,-5.628901562e-04,liquid_conductor
4.764494569e-06,-5.628901562e-04,liquid_conductor
4.887303601e-06,-5.628901562e-04,liquid_conductor
5.000000000e-06,-5.628901562e-04,liquid_conductor
5.344545024e-06,-5.628901562e-04,liquid_conductor
5.720728404e-06,-5.628901562e-04,liquid_conductor
6.131424688e-06,-5.628901562e-04,liquid_conductor
6.579792067e-06,-5.628901562e-04,liquid_conductor
7.069682790e-06,-5.628901562e-04,liquid_conductor
7.604221304e-06,-5.628901562e-04,liquid_conductor
8.187924336e-06,-5.628901562e-04,liquid_conductor
8.825326016e-06,-5.628901562e-04,liquid_conductor
9.521221193e-06,-5.628901562e-04,liquid_conductor
1.028089317e-05,-5.628901562e-04,liquid_conductor
1.111056343e-05,-5.628901562e-04,liquid_conductor
1.201639249e-05,-5.628901562e-04,liquid_conductor
1.298360751e-05,-5.628901562e-04,liquid_conductor
1.388943657e-05,-5.628901562e-04,liquid_conductor
1.471910683e-05,-5.628901562e-04,liquid_conductor
1.547877881e-05,-5.628901562e-04,liquid_conductor
1.617467398e-05,-5.628901562e-04,liquid_conductor
1.681207566e-05,-5.628901562e-04,liquid_conductor
1.739577870e-05,-5.628901562e-04,liquid_conductor
1.793031721e-05,-5.628901562e-04,liquid_conductor
1.842020793e-05,-5.628901562e-04,liquid_conductor
1.886857531e-05,-5.628901562e-04,liquid_conductor
1.927927160e-05,-5.628901562e-04,liquid_conductor
1.965545498e-05,-5.628901562e-04,liquid_conductor
2.000000000e-05,-5.628901562e-04,liquid_conductor
2.010805618e-05,-5.628901562e-04,liquid_conductor
2.022595285e-05,-5.628901562e-04,liquid_conductor
2.035459775e-05,-5.628901562e-04,liquid_conductor
2.049498821e-05,-5.628901562e-04,liquid_conductor
2.064826006e-05,-5.628901562e-04,liquid_conductor
2.081535157e-05,-5.628901562e-04,liquid_conductor
2.099777754e-05,-5.628901562e-04,liquid_conductor
2.119689800e-05,-5.628901562e-04,liquid_conductor
2.141410532e-05,-5.628901562e-04,liquid_conductor
2.165116416e-05,-5.628901562e-04,liquid_conductor
2.190983090e-05,-5.628901562e-04,liquid_conductor
2.219208379e-05,-5.628901562e-04,liquid_conductor
2.250020445e-05,-5.628901562e-04,liquid_conductor
2.283635452e-05,-5.628901562e-04,liquid_conductor
2.320312564e-05,-5.628901562e-04,liquid_conductor
2.360338148e-05,-5.628901562e-04,liquid_conductor
2.404015658e-05,-5.628901562e-04,liquid_conductor
2.451665868e-05,-5.628901562e-04,liquid_conductor
2.503676791e-05,-5.628901562e-04,liquid_conductor
2.560437513e-05,-5.628901562e-04,liquid_conductor
2.622369757e-05,-5.628901562e-04,liquid_conductor
2.688064397e-05,-5.628901562e-04,liquid_conductor
2.749373137e-05,-5.628901562e-04,liquid_conductor
2.805529321e-05,-5.628901562e-04,liquid_conductor
2.856987281e-05,-5.628901562e-04,liquid_conductor
2.904145948e-05,-5.628901562e-04,liquid_conductor
2.947368421e-05,-5.628901562e-04,liquid_conductor
2.990868297e-05,-5.628901562e-04,liquid_conductor
3.038341652e-05,-5.628901562e-04,liquid_conductor
3.090184239e-05,-5.628901562e-04,liquid_conductor
3.146778324e-05,-5.628901562e-04,liquid_conductor
3.208581625e-05,-5.628901562e-04,liquid_conductor
3.276073484e-05,-5.628901562e-04,liquid_conductor
3.349724986e-05,-5.628901562e-04,liquid_conductor
3.430131728e-05,-5.628901562e-04,liquid_conductor
3.517965823e-05,-5.628901562e-04,liquid_conductor
3.613813726e-05,-5.628901562e-04,liquid_conductor
3.718507681e-05,-5.628901562e-04,liquid_conductor
3.832780448e-05,-5.628901562e-04,liquid_conductor
3.957561045e-05,-5.628901562e-04,liquid_conductor
4.093854473e-05,-5.628901562e-04,liquid_conductor
4.242542050e-05,-5.628901562e-04,liquid_conductor
4.404956552e-05,-5.628901562e-04,liquid_conductor
4.582227382e-05,-5.628901562e-04,liquid_conductor
4.775808616e-05,-5.628901562e-04,liquid_conductor
4.987178140e-05,-5.628901562e-04,liquid_conductor
5.217920429e-05,-5.628901562e-04,liquid_conductor
5.469866297e-05,-5.628901562e-04,liquid_conductor
5.744905551e-05,-5.628901562e-04,liquid_conductor
6.045387799e-05,-5.628901562e-04,liquid_conductor
6.373271678e-05,-5.628901562e-04,liquid_conductor
6.731217269e-05,-5.628901562e-04,liquid_conductor
7.122108778e-05,-5.628901562e-04,liquid_conductor
7.548786712e-05,-5.628901562e-04,liquid_conductor
8.014712385e-05,-5.628901562e-04,liquid_conductor
8.523466155e-05,-5.628901562e-04,liquid_conductor
9.078843638e-05,-5.628901562e-04,liquid_conductor
9.685525750e-05,-5.628901562e-04,liquid_conductor
1.034758769e-04,-5.628901562e-04,liquid_conductor
1.107020219e-04,-5.628901562e-04,liquid_conductor
1.185948933e-04,-5.628901562e-04,liquid_conductor
1.271212752e-04,-5.628901562e-04,liquid_conductor
1.352404309e-04,-5.628901562e-04,liquid_conductor
1.426794381e-04,-5.628901562e-04,liquid_conductor
1.494903129e-04,-5.628901562e-04,liquid_conductor
1.557277722e-04,-5.628901562e-04,liquid_conductor
1.614435061e-04,-5.628901562e-04,liquid_conductor
1.666778448e-04,-5.628901562e-04,liquid_conductor
1.714708543e-04,-5.628901562e-04,liquid_conductor
1.758610799e-04,-5.628901562e-04,liquid_conductor
1.798823926e-04,-5.628901562e-04,liquid_conductor
1.835651336e-04,-5.628901562e-04,liquid_conductor
1.869383710e-04,-5.628901562e-04,liquid_conductor
1.900294091e-04,-5.628901562e-04,liquid_conductor
1.928581583e-04,-5.628901562e-04,liquid_conductor
1.954511466e-04,-5.628901562e-04,liquid_conductor
1.978250706e-04,-5.628901562e-04,liquid_conductor
2.000000000e-04,-5.628901562e-04,liquid_conductor
2.023073590e-04,-5.628901562e-04,liquid_conductor
2.048262778e-04,-5.628901562e-04,liquid_conductor
2.075787525e-04,-5.628901562e-04,liquid_conductor
2.105843091e-04,-5.628901562e-04,liquid_conductor
2.138679432e-04,-5.628901562e-04,liquid_conductor
2.174546697e-04,-5.628901562e-04,liquid_conductor
2.213724959e-04,-5.628901562e-04,liquid_conductor
2.256503856e-04,-5.628901562e-04,liquid_conductor
2.303242912e-04,-5.628901562e-04,liquid_conductor
2.354283816e-04,-5.628901562e-04,liquid_conductor
2.410037832e-04,-5.628901562e-04,liquid_conductor
2.470936058e-04,-5.628901562e-04,liquid_conductor
2.537446444e-04,-5.628901562e-04,liquid_conductor
2.610133227e-04,-5.628901562e-04,liquid_conductor
2.689484386e-04,-5.628901562e-04,liquid_conductor
2.776157494e-04,-5.628901562e-04,liquid_conductor
2.870851727e-04,-5.628901562e-04,liquid_conductor
2.974263273e-04,-5.628901562e-04,liquid_conductor
3.087203809e-04,-5.628901562e-04,liquid_conductor
3.210579460e-04,-5.628901562e-04,liquid_conductor
3.345353188e-04,-5.628901562e-04,liquid_conductor
3.492615949e-04,-5.628901562e-04,liquid_conductor
3.653317449e-04,-5.628901562e-04,liquid_conductor
3.828930231e-04,-5.628901562e-04,liquid_conductor
4.020809215e-04,-5.628901562e-04,liquid_conductor
4.230318110e-04,-5.628901562e-04,liquid_conductor
4.459114310e-04,-5.628901562e-04,liquid_conductor
4.709074923e-04,-5.628901562e-04,liquid_conductor
4.982272631e-04,-5.628901562e-04,liquid_conductor
5.280468223e-04,-5.628901562e-04,liquid_conductor
5.606176878e-04,-5.628901562e-04,liquid_conductor
5.961968980e-04,-5.628901562e-04,liquid_conductor
6.350512450e-04,-5.628901562e-04,liquid_conductor
6.774964929e-04,-5.628901562e-04,liquid_conductor
7.238672441e-04,-5.628901562e-04,liquid_conductor
7.745057743e-04,-5.628901562e-04,liquid_conductor
8.298365598e-04,-5.628901562e-04,liquid_conductor
8.902404685e-04,-5.628901562e-04,liquid_conductor
9.562452265e-04,-5.628901562e-04,liquid_conductor
1.028315419e-03,-5.628901562e-04,liquid_conductor
1.107064121e-03,-5.628901562e-04,liquid_conductor
1.193057227e-03,-5.628901562e-04,liquid_conductor
1.286983765e-03,-5.628901562e-04,liquid_conductor
1.389582490e-03,-5.628901562e-04,liquid_conductor
1.501687528e-03,-5.628901562e-04,liquid_conductor
1.618967549e-03,-5.628901562e-04,liquid_conductor
1.727165678e-03,-5.628901562e-04,liquid_conductor
1.826235815e-03,-5.628901562e-04,liquid_conductor
1.916950625e-03,-5.628901562e-04,liquid_conductor
2.000000000e-03,-5.628901562e-04,liquid_conductor
2.084216992e-03,-5.628901562e-04,liquid_conductor
2.176355351e-03,-5.628901562e-04,liquid_conductor
2.277029651e-03,-5.628901562e-04,liquid_conductor
2.387173046e-03,-5.628901562e-04,liquid_conductor
2.507591864e-03,-5.628901562e-04,liquid_conductor
2.639278383e-03,-5.628901562e-04,liquid_conductor
2.783299094e-03,-5.628901562e-04,liquid_conductor
2.940767833e-03,-5.628901562e-04,liquid_conductor
3.113009625e-03,-5.628901562e-04,liquid_conductor
3.294047376e-03,-5.628901562e-04,liquid_conductor
3.461380719e-03,-5.628901562e-04,liquid_conductor
3.614426098e-03,-5.628901562e-04,liquid_conductor
3.754355769e-03,-5.628901562e-04,liquid_conductor
3.882298548e-03,-5.628901562e-04,liquid_conductor
3.999310376e-03,-5.628901562e-04,liquid_conductor
4.106334329e-03,-5.628901562e-04,liquid_conductor
4.204204407e-03,-5.628901562e-04,liquid_conductor
4.293671006e-03,-5.628901562e-04,liquid_conductor
4.375489229e-03,-5.628901562e-04,liquid_conductor
4.450318040e-03,-5.628901562e-04,liquid_conductor
4.518738298e-03,-5.628901562e-04,liquid_conductor
4.581289028e-03,-5.628901562e-04,liquid_conductor
4.638507194e-03,-5.628901562e-04,liquid_conductor
4.690810594e-03,-5.628901562e-04,liquid_conductor
4.738672595e-03,-5.628901562e-04,liquid_conductor
4.782423733e-03,-5.628901562e-04,liquid_conductor
4.822423892e-03,-5.628901562e-04,liquid_conductor
4.859011717e-03,-5.628901562e-04,liquid_conductor
4.892455390e-03,-5.628901562e-04,liquid_conductor
4.923050450e-03,-5.628901562e-04,liquid_conductor
4.951016246e-03,-5.628901562e-04,liquid_conductor
4.976608707e-03,-5.628901562e-04,liquid_conductor
5.000000000e-03,-5.628901562e-04,liquid_conductor
0.000000000e+00,-5.450491870e-04,liquid_conductor
2.253927972e-07,-5.450491870e-04,liquid_conductor
4.710108625e-07,-5.450491870e-04,liquid_conductor
7.388114821e-07,-5.450491870e-04,liquid_conductor
1.030777353e-06,-5.450491870e-04,liquid_conductor
1.349134956e-06,-5.450491870e-04,liquid_conductor
1.696071563e-06,-5.450491870e-04,liquid_conductor
2.065284294e-06,-5.450491870e-04,liquid_conductor
2.411371865e-06,-5.450491870e-04,liquid_conductor
2.728827367e-06,-5.450491870e-04,liquid_conductor
3.019944202e-06,-5.450491870e-04,liquid_conductor
3.287031469e-06,-5.450491870e-04,liquid_conductor
3.531983203e-06,-5.450491870e-04,liquid_conductor
3.756739224e-06,-5.450491870e-04,liquid_conductor
3.962851098e-06,-5.450491870e-04,liquid_conductor
4.151964219e-06,-5.450491870e-04,liquid_conductor
4.325432522e-06,-5.450491870e-04,liquid_conductor
4.484611324e-06,-5.450491870e-04,liquid_conductor
4.630594259e-06,-5.450491870e-04,liquid_conductor
4.764494569e-06,-5.450491870e-04,liquid_conductor
4.887303601e-06,-5.450491870e-04,liquid_conductor
5.000000000e-06,-5.450491870e-04,liquid_conductor
5.344545024e-06,-5.450491870e-04,liquid_conductor
5.720728404e-06,-5.450491870e-04,liquid_conductor
6.131424688e-06,-5.450491870e-04,liquid_conductor
6.579792067e-06,-5.450491870e-04,liquid_conductor
7.069682790e-06,-5.450491870e-04,liquid_conductor
7.604221304e-06,-5.450491870e-04,liquid_conductor
8.187924336e-06,-5.450491870e-04,liquid_conductor
8.825326016e-06,-5.450491870e-04,liquid_conductor
9.521221193e-06,-5.450491870e-04,liquid_conductor
1.028089317e-05,-5.450491870e-04,liquid_conductor
1.111056343e-05,-5.450491870e-04,liquid_conductor
1.201639249e-05,-5.450491870e-04,liquid_conductor
1.298360751e-05,-5.450491870e-04,liquid_conductor
1.388943657e-05,-5.450491870e-04,liquid_conductor
1.471910683e-05,-5.450491870e-04,liquid_conductor
1.547877881e-05,-5.450491870e-04,liquid_conductor
1.617467398e-05,-5.450491870e-04,liquid_conductor
1.681207566e-05,-5.450491870e-04,liquid_conductor
1.739577870e-05,-5.450491870e-04,liquid_conductor
1.793031721e-05,-5.450491870e-04,liquid_conductor
1.842020793e-05,-5.450491870e-04,liquid_conductor
1.886857531e-05,-5.450491870e-04,liquid_conductor
1.927927160e-05,-5.450491870e-04,liquid_conductor
1.965545498e-05,-5.450491870e-04,liquid_conductor
2.000000000e-05,-5.450491870e-04,liquid_conductor
2.010805618e-05,-5.450491870e-04,liquid_conductor
2.022595285e-05,-5.450491870e-04,liquid_conductor
2.035459775e-05,-5.450491870e-04,liquid_conductor
2.049498821e-05,-5.450491870e-04,liquid_conductor
2.064826006e-05,-5.450491870e-04,liquid_conductor
2.081535157e-05,-5.450491870e-04,liquid_conductor
2.099777754e-05,-5.450491870e-04,liquid_conductor
2.119689800e-05,-5.450491870e-04,liquid_conductor
2.141410532e-05,-5.450491870e-04,liquid_conductor
2.165116416e-05,-5.450491870e-04,liquid_conductor
2.190983090e-05,-5.450491870e-04,liquid_conductor
2.219208379e-05,-5.450491870e-04,liquid_conductor
2.250020445e-05,-5.450491870e-04,liquid_conductor
2.283635452e-05,-5.450491870e-04,liquid_conductor
2.320312564e-05,-5.450491870e-04,liquid_conductor
2.360338148e-05,-5.450491870e-04,liquid_conductor
2.404015658e-05,-5.450491870e-04,liquid_conductor
2.451665868e-05,-5.450491870e-04,liquid_conductor
2.503676791e-05,-5.450491870e-04,liquid_conductor
2.560437513e-05,-5.450491870e-04,liquid_conductor
2.622369757e-05,-5.450491870e-04,liquid_conductor
2.688064397e-05,-5.450491870e-04,liquid_conductor
2.749373137e-05,-5.450491870e-04,liquid_conductor
2.805529321e-05,-5.450491870e-04,liquid_conductor
2.856987281e-05,-5.450491870e-04,liquid_conductor
2.904145948e-05,-5.450491870e-04,liquid_conductor
2.947368421e-05,-5.450491870e-04,liquid_conductor
2.990868297e-05,-5.450491870e-04,liquid_conductor
3.038341652e-05,-5.450491870e-04,liquid_conductor
3.090184239e-05,-5.450491870e-04,liquid_conductor
3.146778324e-05,-5.450491870e-04,liquid_conductor
3.208581625e-05,-5.450491870e-04,liquid_conductor
3.276073484e-05,-5.450491870e-04,liquid_conductor
3.349724986e-05,-5.450491870e-04,liquid_conductor
3.430131728e-05,-5.450491870e-04,liquid_conductor
3.517965823e-05,-5.450491870e-04,liquid_conductor
3.613813726e-05,-5.450491870e-04,liquid_conductor
3.718507681e-05,-5.450491870e-04,liquid_conductor
3.832780448e-05,-5.450491870e-04,liquid_conductor
3.957561045e-05,-5.450491870e-04,liquid_conductor
4.093854473e-05,-5.450491870e-04,liquid_conductor
4.242542050e-05,-5.450491870e-04,liquid_conductor
4.404956552e-05,-5.450491870e-04,liquid_conductor
4.582227382e-05,-5.450491870e-04,liquid_conductor
4.775808616e-05,-5.450491870e-04,liquid_conductor
4.987178140e-05,-5.450491870e-04,liquid_conductor
5.217920429e-05,-5.450491870e-04,liquid_conductor
5.469866297e-05,-5.450491870e-04,liquid_conductor
5.744905551e-05,-5.450491870e-04,liquid_conductor
6.045387799e-05,-5.450491870e-04,liquid_conductor
6.373271678e-05,-5.450491870e-04,liquid_conductor
6.731217269e-05,-5.450491870e-04,liquid_conductor
7.122108778e-05,-5.450491870e-04,liquid_conductor
7.548786712e-05,-5.450491870e-04,liquid_conductor
8.014712385e-05,-5.450491870e-04,liquid_conductor
8.523466155e-05,-5.450491870e-04,liquid_conductor
9.078843638e-05,-5.450491870e-04,liquid_conductor
9.685525750e-05,-5.450491870e-04,liquid_conductor
1.034758769e-04,-5.450491870e-04,liquid_conductor
1.107020219e-04,-5.450491870e-04,liquid_conductor
1.185948933e-04,-5.450491870e-04,liquid_conductor
1.271212752e-04,-5.450491870e-04,liquid_conductor
1.352404309e-04,-5.450491870e-04,liquid_conductor
1.426794381e-04,-5.450491870e-04,liquid_conductor
1.494903129e-04,-5.450491870e-04,liquid_conductor
1.557277722e-04,-5.450491870e-04,liquid_conductor
1.614435061e-04,-5.450491870e-04,liquid_conductor
1.666778448e-04,-5.450491870e-04,liquid_conductor
1.714708543e-04,-5.450491870e-04,liquid_conductor
1.758610799e-04,-5.450491870e-04,liquid_conductor
1.798823926e-04,-5.450491870e-04,liquid_conductor
1.835651336e-04,-5.450491870e-04,liquid_conductor
1.869383710e-04,-5.450491870e-04,liquid_conductor
1.900294091e-04,-5.450491870e-04,liquid_conductor
1.928581583e-04,-5.450491870e-04,liquid_conductor
1.954511466e-04,-5.450491870e-04,liquid_conductor
1.978250706e-04,-5.450491870e-04,liquid_conductor
2.000000000e-04,-5.450491870e-04,liquid_conductor
2.023073590e-04,-5.450491870e-04,liquid_conductor
2.048262778e-04,-5.450491870e-04,liquid_conductor
2.075787525e-04,-5.450491870e-04,liquid_conductor
2.105843091e-04,-5.450491870e-04,liquid_conductor
2.138679432e-04,-5.450491870e-04,liquid_conductor
2.174546697e-04,-5.450491870e-04,liquid_conductor
2.213724959e-04,-5.450491870e-04,liquid_conductor
2.256503856e-04,-5.450491870e-04,liquid_conductor
2.303242912e-04,-5.450491870e-04,liquid_conductor
2.354283816e-04,-5.450491870e-04,liquid_conductor
2.410037832e-04,-5.450491870e-04,liquid_conductor
2.470936058e-04,-5.450491870e-04,liquid_conductor
2.537446444e-04,-5.450491870e-04,liquid_conductor
2.610133227e-04,-5.450491870e-04,liquid_conductor
2.689484386e-04,-5.450491870e-04,liquid_conductor
2.776157494e-04,-5.450491870e-04,liquid_conductor
2.870851727e-04,-5.450491870e-04,liquid_conductor
2.974263273e-04,-5.450491870e-04,liquid_conductor
3.087203809e-04,-5.450491870e-04,liquid_conductor
3.210579460e-04,-5.450491870e-04,liquid_conductor
3.345353188e-04,-5.450491870e-04,liquid_conductor
3.492615949e-04,-5.450491870e-04,liquid_conductor
3.653317449e-04,-5.450491870e-04,liquid_conductor
3.828930231e-04,-5.450491870e-04,liquid_conductor
4.020809215e-04,-5.450491870e-04,liquid_conductor
4.230318110e-04,-5.450491870e-04,liquid_conductor
4.459114310e-04,-5.450491870e-04,liquid_conductor
4.709074923e-04,-5.450491870e-04,liquid_conductor
4.982272631e-04,-5.450491870e-04,liquid_conductor
5.280468223e-04,-5.450491870e-04,liquid_conductor
5.606176878e-04,-5.450491870e-04,liquid_conductor
5.961968980e-04,-5.450491870e-04,liquid_conductor
6.350512450e-04,-5.450491870e-04,liquid_conductor
6.774964929e-04,-5.450491870e-04,liquid_conductor
7.238672441e-04,-5.450491870e-04,liquid_conductor
7.745057743e-04,-5.450491870e-04,liquid_conductor
8.298365598e-04,-5.450491870e-04,liquid_conductor
8.902404685e-04,-5.450491870e-04,liquid_conductor
9.562452265e-04,-5.450491870e-04,liquid_conductor
1.028315419e-03,-5.450491870e-04,liquid_conductor
1.107064121e-03,-5.450491870e-04,liquid_conductor
1.193057227e-03,-5.450491870e-04,liquid_conductor
1.286983765e-03,-5.450491870e-04,liquid_conductor
1.389582490e-03,-5.450491870e-04,liquid_conductor
1.501687528e-03,-5.450491870e-04,liquid_conductor
1.618967549e-03,-5.450491870e-04,liquid_conductor
1.727165678e-03,-5.450491870e-04,liquid_conductor
1.826235815e-03,-5.450491870e-04,liquid_conductor
1.916950625e-03,-5.450491870e-04,liquid_conductor
2.000000000e-03,-5.450491870e-04,liquid_conductor
2.084216992e-03,-5.450491870e-04,liquid_conductor
2.176355351e-03,-5.450491870e-04,liquid_conductor
2.277029651e-03,-5.450491870e-04,liquid_conductor
2.387173046e-03,-5.450491870e-04,liquid_conductor
2.507591864e-03,-5.450491870e-04,liquid_conductor
2.639278383e-03,-5.450491870e-04,liquid_conductor
2.783299094e-03,-5.450491870e-04,liquid_conductor
2.940767833e-03,-5.450491870e-04,liquid_conductor
3.113009625e-03,-5.450491870e-04,liquid_conductor
3.294047376e-03,-5.450491870e-04,liquid_conductor
3.461380719e-03,-5.450491870e-04,liquid_conductor
3.614426098e-03,-5.450491870e-04,liquid_conductor
3.754355769e-03,-5.450491870e-04,liquid_conductor
3.882298548e-03,-5.450491870e-04,liquid_conductor
3.999310376e-03,-5.450491870e-04,liquid_conductor
4.106334329e-03,-5.450491870e-04,liquid_conductor
4.204204407e-03,-5.450491870e-04,liquid_conductor
4.293671006e-03,-5.450491870e-04,liquid_conductor
4.375489229e-03,-5.450491870e-04,liquid_conductor
4.450318040e-03,-5.450491870e-04,liquid_conductor
4.518738298e-03,-5.450491870e-04,liquid_conductor
4.581289028e-03,-5.450491870e-04,liquid_conductor
4.638507194e-03,-5.450491870e-04,liquid_conductor
4.690810594e-03,-5.450491870e-04,liquid_conductor
4.738672595e-03,-5.450491870e-04,liquid_conductor
4.782423733e-03,-5.450491870e-04,liquid_conductor
4.822423892e-03,-5.450491870e-04,liquid_conductor
4.859011717e-03,-5.450491870e-04,liquid_conductor
4.892455390e-03,-5.450491870e-04,liquid_conductor
4.923050450e-03,-5.450491870e-04,liquid_conductor
4.951016246e-03,-5.450491870e-04,liquid_conductor
4.976608707e-03,-5.450491870e-04,liquid_conductor
5.000000000e-03,-5.450491870e-04,liquid_conductor
0.000000000e+00,-5.287016325e-04,liquid_conductor
2.253927972e-07,-5.287016325e-04,liquid_conductor
4.710108625e-07,-5.287016325e-04,liquid_conductor
7.388114821e-07,-5.287016325e-04,liquid_conductor
1.030777353e-06,-5.287016325e-04,liquid_conductor
1.349134956e-06,-5.287016325e-04,liquid_conductor
1.696071563e-06,-5.287016325e-04,liquid_conductor
2.065284294e-06,-5.287016325e-04,liquid_conductor
2.411371865e-06,-5.287016325e-04,liquid_conductor
2.728827367e-06,-5.287016325e-04,liquid_conductor
3.019944202e-06,-5.287016325e-04,liquid_conductor
3.287031469e-06,-5.287016325e-04,liquid_conductor
3.531983203e-06,-5.287016325e-04,liquid_conductor
3.756739224e-06,-5.287016325e-04,liquid_conductor
3.962851098e-06,-5.287016325e-04,liquid_conductor
4.151964219e-06,-5.287016325e-04,liquid_conductor
4.325432522e-06,-5.287016325e-04,liquid_conductor
4.484611324e-06,-5.287016325e-04,liquid_conductor
4.630594259e-06,-5.287016325e-04,liquid_conductor
4.764494569e-06,-5.287016325e-04,liquid_conductor
4.887303601e-06,-5.287016325e-04,liquid_conductor
5.000000000e-06,-5.287016325e-04,liquid_conductor
5.344545024e-06,-5.287016325e-04,liquid_conductor
5.720728404e-06,-5.287016325e-04,liquid_conductor
6.131424688e-06,-5.287016325e-04,liquid_conductor
6.579792067e-06,-5.287016325e-04,liquid_conductor
7.069682790e-06,-5.287016325e-04,liquid_conductor
7.604221304e-06,-5.287016325e-04,liquid_conductor
8.187924336e-06,-5.287016325e-04,liquid_conductor
8.825326016e-06,-5.287016325e-04,liquid_conductor
9.521221193e-06,-5.287016325e-04,liquid_conductor
1.028089317e-05,-5.287016325e-04,liquid_conductor
1.111056343e-05,-5.287016325e-04,liquid_conductor
1.201639249e-05,-5.287016325e-04,liquid_conductor
1.298360751e-05,-5.287016325e-04,liquid_conductor
1.388943657e-05,-5.287016325e-04,liquid_conductor
1.471910683e-05,-5.287016325e-04,liquid_conductor
1.547877881e-05,-5.287016325e-04,liquid_conductor
1.617467398e-05,-5.287016325e-04,liquid_conductor
1.681207566e-05,-5.287016325e-04,liquid_conductor
1.739577870e-05,-5.287016325e-04,liquid_conductor
1.793031721e-05,-5.287016325e-04,liquid_conductor
1.842020793e-05,-5.287016325e-04,liquid_conductor
1.886857531e-05,-5.287016325e-04,liquid_conductor
1.927927160e-05,-5.287016325e-04,liquid_conductor
1.965545498e-05,-5.287016325e-04,liquid_conductor
2.000000000e-05,-5.287016325e-04,liquid_conductor
2.010805618e-05,-5.287016325e-04,liquid_conductor
2.022595285e-05,-5.287016325e-04,liquid_conductor
2.035459775e-05,-5.287016325e-04,liquid_conductor
2.049498821e-05,-5.287016325e-04,liquid_conductor
2.064826006e-05,-5.287016325e-04,liquid_conductor
2.081535157e-05,-5.287016325e-04,liquid_conductor
2.099777754e-05,-5.287016325e-04,liquid_conductor
2.119689800e-05,-5.287016325e-04,liquid_conductor
2.141410532e-05,-5.287016325e-04,liquid_conductor
2.165116416e-05,-5.287016325e-04,liquid_conductor
2.190983090e-05,-5.287016325e-04,liquid_conductor
2.219208379e-05,-5.287016325e-04,liquid_conductor
2.250020445e-05,-5.287016325e-04,liquid_conductor
2.283635452e-05,-5.287016325e-04,liquid_conductor
2.320312564e-05,-5.287016325e-04,liquid_conductor
2.360338148e-05,-5.287016325e-04,liquid_conductor
2.404015658e-05,-5.287016325e-04,liquid_conductor
2.451665868e-05,-5.287016325e-04,liquid_conductor
2.503676791e-05,-5.287016325e-04,liquid_conductor
2.560437513e-05,-5.287016325e-04,liquid_conductor
2.622369757e-05,-5.287016325e-04,liquid_conductor
2.688064397e-05,-5.287016325e-04,liquid_conductor
2.749373137e-05,-5.287016325e-04,liquid_conductor
2.805529321e-05,-5.287016325e-04,liquid_conductor
2.856987281e-05,-5.287016325e-04,liquid_conductor
2.904145948e-05,-5.287016325e-04,liquid_conductor
2.947368421e-05,-5.287016325e-04,liquid_conductor
2.990868297e-05,-5.287016325e-04,liquid_conductor
3.038341652e-05,-5.287016325e-04,liquid_conductor
3.090184239e-05,-5.287016325e-04,liquid_conductor
3.146778324e-05,-5.287016325e-04,liquid_conductor
3.208581625e-05,-5.287016325e-04,liquid_conductor
3.276073484e-05,-5.287016325e-04,liquid_conductor
3.349724986e-05,-5.287016325e-04,liquid_conductor
3.430131728e-05,-5.287016325e-04,liquid_conductor
3.517965823e-05,-5.287016325e-04,liquid_conductor
3.613813726e-05,-5.287016325e-04,liquid_conductor
3.718507681e-05,-5.287016325e-04,liquid_conductor
3.832780448e-05,-5.287016325e-04,liquid_conductor
3.957561045e-05,-5.287016325e-04,liquid_conductor
4.093854473e-05,-5.287016325e-04,liquid_conductor
4.242542050e-05,-5.287016325e-04,liquid_conductor
4.404956552e-05,-5.287016325e-04,liquid_conductor
4.582227382e-05,-5.287016325e-04,liquid_conductor
4.775808616e-05,-5.287016325e-04,liquid_conductor
4.987178140e-05,-5.287016325e-04,liquid_conductor
5.217920429e-05,-5.287016325e-04,liquid_conductor
5.469866297e-05,-5.287016325e-04,liquid_conductor
5.744905551e-05,-5.287016325e-04,liquid_conductor
6.045387799e-05,-5.287016325e-04,liquid_conductor
6.373271678e-05,-5.287016325e-04,liquid_conductor
6.731217269e-05,-5.287016325e-04,liquid_conductor
7.122108778e-05,-5.287016325e-04,liquid_conductor
7.548786712e-05,-5.287016325e-04,liquid_conductor
8.014712385e-05,-5.287016325e-04,liquid_conductor
8.523466155e-05,-5.287016325e-04,liquid_conductor
9.078843638e-05,-5.287016325e-04,liquid_conductor
9.685525750e-05,-5.287016325e-04,liquid_conductor
1.034758769e-04,-5.287016325e-04,liquid_conductor
1.107020219e-04,-5.287016325e-04,liquid_conductor
1.185948933e-04,-5.287016325e-04,liquid_conductor
1.271212752e-04,-5.287016325e-04,liquid_conductor
1.352404309e-04,-5.287016325e-04,liquid_conductor
1.426794381e-04,-5.287016325e-04,liquid_conductor
1.494903129e-04,-5.287016325e-04,liquid_conductor
1.557277722e-04,-5.287016325e-04,liquid_conductor
1.614435061e-04,-5.287016325e-04,liquid_conductor
1.666778448e-04,-5.287016325e-04,liquid_conductor
1.714708543e-04,-5.287016325e-04,liquid_conductor
1.758610799e-04,-5.287016325e-04,liquid_conductor
1.798823926e-04,-5.287016325e-04,liquid_conductor
1.835651336e-04,-5.287016325e-04,liquid_conductor
1.869383710e-04,-5.287016325e-04,liquid_conductor
1.900294091e-04,-5.287016325e-04,liquid_conductor
1.928581583e-04,-5.287016325e-04,liquid_conductor
1.954511466e-04,-5.287016325e-04,liquid_conductor
1.978250706e-04,-5.287016325e-04,liquid_conductor
2.000000000e-04,-5.287016325e-04,liquid_conductor
2.023073590e-04,-5.287016325e-04,liquid_conductor
2.048262778e-04,-5.287016325e-04,liquid_conductor
2.075787525e-04,-5.287016325e-04,liquid_conductor
2.105843091e-04,-5.287016325e-04,liquid_conductor
2.138679432e-04,-5.287016325e-04,liquid_conductor
2.174546697e-04,-5.287016325e-04,liquid_conductor
2.213724959e-04,-5.287016325e-04,liquid_conductor
2.256503856e-04,-5.287016325e-04,liquid_conductor
2.303242912e-04,-5.287016325e-04,liquid_conductor
2.354283816e-04,-5.287016325e-04,liquid_conductor
2.410037832e-04,-5.287016325e-04,liquid_conductor
2.470936058e-04,-5.287016325e-04,liquid_conductor
2.537446444e-04,-5.287016325e-04,liquid_conductor
2.610133227e-04,-5.287016325e-04,liquid_conductor
2.689484386e-04,-5.287016325e-04,liquid_conductor
2.776157494e-04,-5.287016325e-04,liquid_conductor
2.870851727e-04,-5.287016325e-04,liquid_conductor
2.974263273e-04,-5.287016325e-04,liquid_conductor
3.087203809e-04,-5.287016325e-04,liquid_conductor
3.210579460e-04,-5.287016325e-04,liquid_conductor
3.345353188e-04,-5.287016325e-04,liquid_conductor
3.492615949e-04,-5.287016325e-04,liquid_conductor
3.653317449e-04,-5.287016325e-04,liquid_conductor
3.828930231e-04,-5.287016325e-04,liquid_conductor
4.020809215e-04,-5.287016325e-04,liquid_conductor
4.230318110e-04,-5.287016325e-04,liquid_conductor
4.459114310e-04,-5.287016325e-04,liquid_conductor
4.709074923e-04,-5.287016325e-04,liquid_conductor
4.982272631e-04,-5.287016325e-04,liquid_conductor
5.280468223e-04,-5.287016325e-04,liquid_conductor
5.606176878e-04,-5.287016325e-04,liquid_conductor
5.961968980e-04,-5.287016325e-04,liquid_conductor
6.350512450e-04,-5.287016325e-04,liquid_conductor
6.774964929e-04,-5.287016325e-04,liquid_conductor
7.238672441e-04,-5.287016325e-04,liquid_conductor
7.745057743e-04,-5.287016325e-04,liquid_conductor
8.298365598e-04,-5.287016325e-04,liquid_conductor
8.902404685e-04,-5.287016325e-04,liquid_conductor
9.562452265e-04,-5.287016325e-04,liquid_conductor
1.028315419e-03,-5.287016325e-04,liquid_conductor
1.107064121e-03,-5.287016325e-04,liquid_conductor
1.193057227e-03,-5.287016325e-04,liquid_conductor
1.286983765e-03,-5.287016325e-04,liquid_conductor
1.389582490e-03,-5.287016325e-04,liquid_conductor
1.501687528e-03,-5.287016325e-04,liquid_conductor
1.618967549e-03,-5.287016325e-04,liquid_conductor
1.727165678e-03,-5.287016325e-04,liquid_conductor
1.826235815e-03,-5.287016325e-04,liquid_conductor
1.916950625e-03,-5.287016325e-04,liquid_conductor
2.000000000e-03,-5.287016325e-04,liquid_conductor
2.084216992e-03,-5.287016325e-04,liquid_conductor
2.176355351e-03,-5.287016325e-04,liquid_conductor
2.277029651e-03,-5.287016325e-04,liquid_conductor
2.387173046e-03,-5.287016325e-04,liquid_conductor
2.507591864e-03,-5.287016325e-04,liquid_conductor
2.639278383e-03,-5.287016325e-04,liquid_conductor
2.783299094e-03,-5.287016325e-04,liquid_conductor
2.940767833e-03,-5.287016325e-04,liquid_conductor
3.113009625e-03,-5.287016325e-04,liquid_conductor
3.294047376e-03,-5.287016325e-04,liquid_conductor
3.461380719e-03,-5.287016325e-04,liquid_conductor
3.614426098e-03,-5.287016325e-04,liquid_conductor
3.754355769e-03,-5.287016325e-04,liquid_conductor
3.882298548e-03,-5.287016325e-04,liquid_conductor
3.999310376e-03,-5.287016325e-04,liquid_conductor
4.106334329e-03,-5.287016325e-04,liquid_conductor
4.204204407e-03,-5.287016325e-04,liquid_conductor
4.293671006e-03,-5.287016325e-04,liquid_conductor
4.375489229e-03,-5.287016325e-04,liquid_conductor
4.450318040e-03,-5.287016325e-04,liquid_conductor
4.518738298e-03,-5.287016325e-04,liquid_conductor
4.581289028e-03,-5.287016325e-04,liquid_conductor
4.638507194e-03,-5.287016325e-04,liquid_conductor
4.690810594e-03,-5.287016325e-04,liquid_conductor
4.738672595e-03,-5.287016325e-04,liquid_conductor
4.782423733e-03,-5.287016325e-04,liquid_conductor
4.822423892e-03,-5.287016325e-04,liquid_conductor
4.859011717e-03,-5.287016325e-04,liquid_conductor
4.892455390e-03,-5.287016325e-04,liquid_conductor
4.923050450e-03,-5.287016325e-04,liquid_conductor
4.951016246e-03,-5.287016325e-04,liquid_conductor
4.976608707e-03,-5.287016325e-04,liquid_conductor
5.000000000e-03,-5.287016325e-04,liquid_conductor
0.000000000e+00,-5.137259713e-04,liquid_conductor
2.253927972e-07,-5.137259713e-04,liquid_conductor
4.710108625e-07,-5.137259713e-04,liquid_conductor
7.388114821e-07,-5.137259713e-04,liquid_conductor
1.030777353e-06,-5.137259713e-04,liquid_conductor
1.349134956e-06,-5.137259713e-04,liquid_conductor
1.696071563e-06,-5.137259713e-04,liquid_conductor
2.065284294e-06,-5.137259713e-04,liquid_conductor
2.411371865e-06,-5.137259713e-04,liquid_conductor
2.728827367e-06,-5.137259713e-04,liquid_conductor
3.019944202e-06,-5.137259713e-04,liquid_conductor
3.287031469e-06,-5.137259713e-04,liquid_conductor
3.531983203e-06,-5.137259713e-04,liquid_conductor
3.756739224e-06,-5.137259713e-04,liquid_conductor
3.962851098e-06,-5.137259713e-04,liquid_conductor
4.151964219e-06,-5.137259713e-04,liquid_conductor
4.325432522e-06,-5.137259713e-04,liquid_conductor
4.484611324e-06,-5.137259713e-04,liquid_conductor
4.630594259e-06,-5.137259713e-04,liquid_conductor
4.764494569e-06,-5.137259713e-04,liquid_conductor
4.887303601e-06,-5.137259713e-04,liquid_conductor
5.000000000e-06,-5.137259713e-04,liquid_conductor
5.344545024e-06,-5.137259713e-04,liquid_conductor
5.720728404e-06,-5.137259713e-04,liquid_conductor
6.131424688e-06,-5.137259713e-04,liquid_conductor
6.579792067e-06,-5.137259713e-04,liquid_conductor
7.069682790e-06,-5.137259713e-04,liquid_conductor
7.604221304e-06,-5.137259713e-04,liquid_conductor
8.187924336e-06,-5.137259713e-04,liquid_conductor
8.825326016e-06,-5.137259713e-04,liquid_conductor
9.521221193e-06,-5.137259713e-04,liquid_conductor
1.028089317e-05,-5.137259713e-04,liquid_conductor
1.111056343e-05,-5.137259713e-04,liquid_conductor
1.201639249e-05,-5.137259713e-04,liquid_conductor
1.298360751e-05,-5.137259713e-04,liquid_conductor
1.388943657e-05,-5.137259713e-04,liquid_conductor
1.471910683e-05,-5.137259713e-04,liquid_conductor
1.547877881e-05,-5.137259713e-04,liquid_conductor
1.617467398e-05,-5.137259713e-04,liquid_conductor
1.681207566e-05,-5.137259713e-04,liquid_conductor
1.739577870e-05,-5.137259713e-04,liquid_conductor
1.793031721e-05,-5.137259713e-04,liquid_conductor
1.842020793e-05,-5.137259713e-04,liquid_conductor
1.886857531e-05,-5.137259713e-04,liquid_conductor
1.927927160e-05,-5.137259713e-04,liquid_conductor
1.965545498e-05,-5.137259713e-04,liquid_conductor
2.000000000e-05,-5.137259713e-04,liquid_conductor
2.010805618e-05,-5.137259713e-04,liquid_conductor
2.022595285e-05,-5.137259713e-04,liquid_conductor
2.035459775e-05,-5.137259713e-04,liquid_conductor
2.049498821e-05,-5.137259713e-04,liquid_conductor
2.064826006e-05,-5.137259713e-04,liquid_conductor
2.081535157e-05,-5.137259713e-04,liquid_conductor
2.099777754e-05,-5.137259713e-04,liquid_conductor
2.119689800e-05,-5.137259713e-04,liquid_conductor
2.141410532e-05,-5.137259713e-04,liquid_conductor
2.165116416e-05,-5.137259713e-04,liquid_conductor
2.190983090e-05,-5.137259713e-04,liquid_conductor
2.219208379e-05,-5.137259713e-04,liquid_conductor
2.250020445e-05,-5.137259713e-04,liquid_conductor
2.283635452e-05,-5.137259713e-04,liquid_conductor
2.320312564e-05,-5.137259713e-04,liquid_conductor
2.360338148e-05,-5.137259713e-04,liquid_conductor
2.404015658e-05,-5.137259713e-04,liquid_conductor
2.451665868e-05,-5.137259713e-04,liquid_conductor
2.503676791e-05,-5.137259713e-04,liquid_conductor
2.560437513e-05,-5.137259713e-04,liquid_conductor
2.622369757e-05,-5.137259713e-04,liquid_conductor
2.688064397e-05,-5.137259713e-04,liquid_conductor
2.749373137e-05,-5.137259713e-04,liquid_conductor
2.805529321e-05,-5.137259713e-04,liquid_conductor
2.856987281e-05,-5.137259713e-04,liquid_conductor
2.904145948e-05,-5.137259713e-04,liquid_conductor
2.947368421e-05,-5.137259713e-04,liquid_conductor
2.990868297e-05,-5.137259713e-04,liquid_conductor
3.038341652e-05,-5.137259713e-04,liquid_conductor
3.090184239e-05,-5.137259713e-04,liquid_conductor
3.146778324e-05,-5.137259713e-04,liquid_conductor
3.208581625e-05,-5.137259713e-04,liquid_conductor
3.276073484e-05,-5.137259713e-04,liquid_conductor
3.349724986e-05,-5.137259713e-04,liquid_conductor
3.430131728e-05,-5.137259713e-04,liquid_conductor
3.517965823e-05,-5.137259713e-04,liquid_conductor
3.613813726e-05,-5.137259713e-04,liquid_conductor
3.718507681e-05,-5.137259713e-04,liquid_conductor
3.832780448e-05,-5.137259713e-04,liquid_conductor
3.957561045e-05,-5.137259713e-04,liquid_conductor
4.093854473e-05,-5.137259713e-04,liquid_conductor
4.242542050e-05,-5.137259713e-04,liquid_conductor
4.404956552e-05,-5.137259713e-04,liquid_conductor
4.582227382e-05,-5.137259713e-04,liquid_conductor
4.775808616e-05,-5.137259713e-04,liquid_conductor
4.987178140e-05,-5.137259713e-04,liquid_conductor
5.217920429e-05,-5.137259713e-04,liquid_conductor
5.469866297e-05,-5.137259713e-04,liquid_conductor
5.744905551e-05,-5.137259713e-04,liquid_conductor
6.045387799e-05,-5.137259713e-04,liquid_conductor
6.373271678e-05,-5.137259713e-04,liquid_conductor
6.731217269e-05,-5.137259713e-04,liquid_conductor
7.122108778e-05,-5.137259713e-04,liquid_conductor
7.548786712e-05,-5.137259713e-04,liquid_conductor
8.014712385e-05,-5.137259713e-04,liquid_conductor
8.523466155e-05,-5.137259713e-04,liquid_conductor
9.078843638e-05,-5.137259713e-04,liquid_conductor
9.685525750e-05,-5.137259713e-04,liquid_conductor
1.034758769e-04,-5.137259713e-04,liquid_conductor
1.107020219e-04,-5.137259713e-04,liquid_conductor
1.185948933e-04,-5.137259713e-04,liquid_conductor
1.271212752e-04,-5.137259713e-04,liquid_conductor
1.352404309e-04,-5.137259713e-04,liquid_conductor
1.426794381e-04,-5.137259713e-04,liquid_conductor
1.494903129e-04,-5.137259713e-04,liquid_conductor
1.557277722e-04,-5.137259713e-04,liquid_conductor
1.614435061e-04,-5.137259713e-04,liquid_conductor
1.666778448e-04,-5.137259713e-04,liquid_conductor
1.714708543e-04,-5.137259713e-04,liquid_conductor
1.758610799e-04,-5.137259713e-04,liquid_conductor
1.798823926e-04,-5.137259713e-04,liquid_conductor
1.835651336e-04,-5.137259713e-04,liquid_conductor
1.869383710e-04,-5.137259713e-04,liquid_conductor
1.900294091e-04,-5.137259713e-04,liquid_conductor
1.928581583e-04,-5.137259713e-04,liquid_conductor
1.954511466e-04,-5.137259713e-04,liquid_conductor
1.978250706e-04,-5.137259713e-04,liquid_conductor
2.000000000e-04,-5.137259713e-04,liquid_conductor
2.023073590e-04,-5.137259713e-04,liquid_conductor
2.048262778e-04,-5.137259713e-04,liquid_conductor
2.075787525e-04,-5.137259713e-04,liquid_conductor
2.105843091e-04,-5.137259713e-04,liquid_conductor
2.138679432e-04,-5.137259713e-04,liquid_conductor
2.174546697e-04,-5.137259713e-04,liquid_conductor
2.213724959e-04,-5.137259713e-04,liquid_conductor
2.256503856e-04,-5.137259713e-04,liquid_conductor
2.303242912e-04,-5.137259713e-04,liquid_conductor
2.354283816e-04,-5.137259713e-04,liquid_conductor
2.410037832e-04,-5.137259713e-04,liquid_conductor
2.470936058e-04,-5.137259713e-04,liquid_conductor
2.537446444e-04,-5.137259713e-04,liquid_conductor
2.610133227e-04,-5.137259713e-04,liquid_conductor
2.689484386e-04,-5.137259713e-04,liquid_conductor
2.776157494e-04,-5.137259713e-04,liquid_conductor
2.870851727e-04,-5.137259713e-04,liquid_conductor
2.974263273e-04,-5.137259713e-04,liquid_conductor
3.087203809e-04,-5.137259713e-04,liquid_conductor
3.210579460e-04,-5.137259713e-04,liquid_conductor
3.345353188e-04,-5.137259713e-04,liquid_conductor
3.492615949e-04,-5.137259713e-04,liquid_conductor
3.653317449e-04,-5.137259713e-04,liquid_conductor
3.828930231e-04,-5.137259713e-04,liquid_conductor
4.020809215e-04,-5.137259713e-04,liquid_conductor
4.230318110e-04,-5.137259713e-04,liquid_conductor
4.459114310e-04,-5.137259713e-04,liquid_conductor
4.709074923e-04,-5.137259713e-04,liquid_conductor
4.982272631e-04,-5.137259713e-04,liquid_conductor
5.280468223e-04,-5.137259713e-04,liquid_conductor
5.606176878e-04,-5.137259713e-04,liquid_conductor
5.961968980e-04,-5.137259713e-04,liquid_conductor
6.350512450e-04,-5.137259713e-04,liquid_conductor
6.774964929e-04,-5.137259713e-04,liquid_conductor
7.238672441e-04,-5.137259713e-04,liquid_conductor
7.745057743e-04,-5.137259713e-04,liquid_conductor
8.298365598e-04,-5.137259713e-04,liquid_conductor
8.902404685e-04,-5.137259713e-04,liquid_conductor
9.562452265e-04,-5.137259713e-04,liquid_conductor
1.028315419e-03,-5.137259713e-04,liquid_conductor
1.107064121e-03,-5.137259713e-04,liquid_conductor
1.193057227e-03,-5.137259713e-04,liquid_conductor
1.286983765e-03,-5.137259713e-04,liquid_conductor
1.389582490e-03,-5.137259713e-04,liquid_conductor
1.501687528e-03,-5.137259713e-04,liquid_conductor
1.618967549e-03,-5.137259713e-04,liquid_conductor
1.727165678e-03,-5.137259713e-04,liquid_conductor
1.826235815e-03,-5.137259713e-04,liquid_conductor
1.916950625e-03,-5.137259713e-04,liquid_conductor
2.000000000e-03,-5.137259713e-04,liquid_conductor
2.084216992e-03,-5.137259713e-04,liquid_conductor
2.176355351e-03,-5.137259713e-04,liquid_conductor
2.277029651e-03,-5.137259713e-04,liquid_conductor
2.387173046e-03,-5.137259713e-04,liquid_conductor
2.507591864e-03,-5.137259713e-04,liquid_conductor
2.639278383e-03,-5.137259713e-04,liquid_conductor
2.783299094e-03,-5.137259713e-04,liquid_conductor
2.940767833e-03,-5.137259713e-04,liquid_conductor
3.113009625e-03,-5.137259713e-04,liquid_conductor
3.294047376e-03,-5.137259713e-04,liquid_conductor
3.461380719e-03,-5.137259713e-04,liquid_conductor
3.614426098e-03,-5.137259713e-04,liquid_conductor
3.754355769e-03,-5.137259713e-04,liquid_conductor
3.882298548e-03,-5.137259713e-04,liquid_conductor
3.999310376e-03,-5.137259713e-04,liquid_conductor
4.106334329e-03,-5.137259713e-04,liquid_conductor
4.204204407e-03,-5.137259713e-04,liquid_conductor
4.293671006e-03,-5.137259713e-04,liquid_conductor
4.375489229e-03,-5.137259713e-04,liquid_conductor
4.450318040e-03,-5.137259713e-04,liquid_conductor
4.518738298e-03,-5.137259713e-04,liquid_conductor
4.581289028e-03,-5.137259713e-04,liquid_conductor
4.638507194e-03,-5.137259713e-04,liquid_conductor
4.690810594e-03,-5.137259713e-04,liquid_conductor
4.738672595e-03,-5.137259713e-04,liquid_conductor
4.782423733e-03,-5.137259713e-04,liquid_conductor
4.822423892e-03,-5.137259713e-04,liquid_conductor
4.859011717e-03,-5.137259713e-04,liquid_conductor
4.892455390e-03,-5.137259713e-04,liquid_conductor
4.923050450e-03,-5.137259713e-04,liquid_conductor
4.951016246e-03,-5.137259713e-04,liquid_conductor
4.976608707e-03,-5.137259713e-04,liquid_conductor
5.000000000e-03,-5.137259713e-04,liquid_conductor
0.000000000e+00,-5.000000000e-04,liquid_conductor
2.253927972e-07,-5.000000000e-04,liquid_conductor
4.710108625e-07,-5.000000000e-04,liquid_conductor
7.388114821e-07,-5.000000000e-04,liquid_conductor
1.030777353e-06,-5.000000000e-04,liquid_conductor
1.349134956e-06,-5.000000000e-04,liquid_conductor
1.696071563e-06,-5.000000000e-04,liquid_conductor
2.065284294e-06,-5.000000000e-04,liquid_conductor
2.411371865e-06,-5.000000000e-04,liquid_conductor
2.728827367e-06,-5.000000000e-04,liquid_conductor
3.019944202e-06,-5.000000000e-04,liquid_conductor
3.287031469e-06,-5.000000000e-04,liquid_conductor
3.531983203e-06,-5.000000000e-04,liquid_conductor
3.756739224e-06,-5.000000000e-04,liquid_conductor
3.962851098e-06,-5.000000000e-04,liquid_conductor
4.151964219e-06,-5.000000000e-04,liquid_conductor
4.325432522e-06,-5.000000000e-04,liquid_conductor
4.484611324e-06,-5.000000000e-04,liquid_conductor
4.630594259e-06,-5.000000000e-04,liquid_conductor
4.764494569e-06,-5.000000000e-04,liquid_conductor
4.887303601e-06,-5.000000000e-04,liquid_conductor
5.000000000e-06,-5.000000000e-04,liquid_conductor
5.344545024e-06,-5.000000000e-04,liquid_conductor
5.720728404e-06,-5.000000000e-04,liquid_conductor
6.131424688e-06,-5.000000000e-04,liquid_conductor
6.579792067e-06,-5.000000000e-04,liquid_conductor
7.069682790e-06,-5.000000000e-04,liquid_conductor
7.604221304e-06,-5.000000000e-04,liquid_conductor
8.187924336e-06,-5.000000000e-04,liquid_conductor
8.825326016e-06,-5.000000000e-04,liquid_conductor
9.521221193e-06,-5.000000000e-04,liquid_conductor
1.028089317e-05,-5.000000000e-04,liquid_conductor
1.111056343e-05,-5.000000000e-04,liquid_conductor
1.201639249e-05,-5.000000000e-04,liquid_conductor
1.298360751e-05,-5.000000000e-04,liquid_conductor
1.388943657e-05,-5.000000000e-04,liquid_conductor
1.471910683e-05,-5.000000000e-04,liquid_conductor
1.547877881e-05,-5.000000000e-04,liquid_conductor
1.617467398e-05,-5.000000000e-04,liquid_conductor
1.681207566e-05,-5.000000000e-04,liquid_conductor
1.739577870e-05,-5.000000000e-04,liquid_conductor
1.793031721e-05,-5.000000000e-04,liquid_conductor
1.842020793e-05,-5.000000000e-04,liquid_conductor
1.886857531e-05,-5.000000000e-04,liquid_conductor
1.927927160e-05,-5.000000000e-04,liquid_conductor
1.965545498e-05,-5.000000000e-04,liquid_conductor
2.000000000e-05,-5.000000000e-04,liquid_conductor
2.010805618e-05,-5.000000000e-04,liquid_conductor
2.022595285e-05,-5.000000000e-04,liquid_conductor
2.035459775e-05,-5.000000000e-04,liquid_conductor
2.049498821e-05,-5.000000000e-04,liquid_conductor
2.064826006e-05,-5.000000000e-04,liquid_conductor
2.081535157e-05,-5.000000000e-04,liquid_conductor
2.099777754e-05,-5.000000000e-04,liquid_conductor
2.119689800e-05,-5.000000000e-04,liquid_conductor
2.141410532e-05,-5.000000000e-04,liquid_conductor
2.165116416e-05,-5.000000000e-04,liquid_conductor
2.190983090e-05,-5.000000000e-04,liquid_conductor
2.219208379e-05,-5.000000000e-04,liquid_conductor
2.250020445e-05,-5.000000000e-04,liquid_conductor
2.283635452e-05,-5.000000000e-04,liquid_conductor
2.320312564e-05,-5.000000000e-04,liquid_conductor
2.360338148e-05,-5.000000000e-04,liquid_conductor
2.404015658e-05,-5.000000000e-04,liquid_conductor
2.451665868e-05,-5.000000000e-04,liquid_conductor
2.503676791e-05,-5.000000000e-04,liquid_conductor
2.560437513e-05,-5.000000000e-04,liquid_conductor
2.622369757e-05,-5.000000000e-04,liquid_conductor
2.688064397e-05,-5.000000000e-04,liquid_conductor
2.749373137e-05,-5.000000000e-04,liquid_conductor
2.805529321e-05,-5.000000000e-04,liquid_conductor
2.856987281e-05,-5.000000000e-04,liquid_conductor
2.904145948e-05,-5.000000000e-04,liquid_conductor
2.947368421e-05,-5.000000000e-04,liquid_conductor
2.990868297e-05,-5.000000000e-04,liquid_conductor
3.038341652e-05,-5.000000000e-04,liquid_conductor
3.090184239e-05,-5.000000000e-04,liquid_conductor
3.146778324e-05,-5.000000000e-04,liquid_conductor
3.208581625e-05,-5.000000000e-04,liquid_conductor
3.276073484e-05,-5.000000000e-04,liquid_conductor
3.349724986e-05,-5.000000000e-04,liquid_conductor
3.430131728e-05,-5.000000000e-04,liquid_conductor
3.517965823e-05,-5.000000000e-04,liquid_conductor
3.613813726e-05,-5.000000000e-04,liquid_conductor
3.718507681e-05,-5.000000000e-04,liquid_conductor
3.832780448e-05,-5.000000000e-04,liquid_conductor
3.957561045e-05,-5.000000000e-04,liquid_conductor
4.093854473e-05,-5.000000000e-04,liquid_conductor
4.242542050e-05,-5.000000000e-04,liquid_conductor
4.404956552e-05,-5.000000000e-04,liquid_conductor
4.582227382e-05,-5.000000000e-04,liquid_conductor
4.775808616e-05,-5.000000000e-04,liquid_conductor
4.987178140e-05,-5.000000000e-04,liquid_conductor
5.217920429e-05,-5.000000000e-04,liquid_conductor
5.469866297e-05,-5.000000000e-04,liquid_conductor
5.744905551e-05,-5.000000000e-04,liquid_conductor
6.045387799e-05,-5.000000000e-04,liquid_conductor
6.373271678e-05,-5.000000000e-04,liquid_conductor
6.731217269e-05,-5.000000000e-04,liquid_conductor
7.122108778e-05,-5.000000000e-04,liquid_conductor
7.548786712e-05,-5.000000000e-04,liquid_conductor
8.014712385e-05,-5.000000000e-04,liquid_conductor
8.523466155e-05,-5.000000000e-04,liquid_conductor
9.078843638e-05,-5.000000000e-04,liquid_conductor
9.685525750e-05,-5.000000000e-04,liquid_conductor
1.034758769e-04,-5.000000000e-04,liquid_conductor
1.107020219e-04,-5.000000000e-04,liquid_conductor
1.185948933e-04,-5.000000000e-04,liquid_conductor
1.271212752e-04,-5.000000000e-04,liquid_conductor
1.352404309e-04,-5.000000000e-04,liquid_conductor
1.426794381e-04,-5.000000000e-04,liquid_conductor
1.494903129e-04,-5.000000000e-04,liquid_conductor
1.557277722e-04,-5.000000000e-04,liquid_conductor
1.614435061e-04,-5.000000000e-04,liquid_conductor
1.666778448e-04,-5.000000000e-04,liquid_conductor
1.714708543e-04,-5.000000000e-04,liquid_conductor
1.758610799e-04,-5.000000000e-04,liquid_conductor
1.798823926e-04,-5.000000000e-04,liquid_conductor
1.835651336e-04,-5.000000000e-04,liquid_conductor
1.869383710e-04,-5.000000000e-04,liquid_conductor
1.900294091e-04,-5.000000000e-04,liquid_conductor
1.928581583e-04,-5.000000000e-04,liquid_conductor
1.954511466e-04,-5.000000000e-04,liquid_conductor
1.978250706e-04,-5.000000000e-04,liquid_conductor
2.000000000e-04,-5.000000000e-04,liquid_conductor
2.023073590e-04,-5.000000000e-04,liquid_conductor
2.048262778e-04,-5.000000000e-04,liquid_conductor
2.075787525e-04,-5.000000000e-04,liquid_conductor
2.105843091e-04,-5.000000000e-04,liquid_conductor
2.138679432e-04,-5.000000000e-04,liquid_conductor
2.174546697e-04,-5.000000000e-04,liquid_conductor
2.213724959e-04,-5.000000000e-04,liquid_conductor
2.256503856e-04,-5.000000000e-04,liquid_conductor
2.303242912e-04,-5.000000000e-04,liquid_conductor
2.354283816e-04,-5.000000000e-04,liquid_conductor
2.410037832e-04,-5.000000000e-04,liquid_conductor
2.470936058e-04,-5.000000000e-04,liquid_conductor
2.537446444e-04,-5.000000000e-04,liquid_conductor
2.610133227e-04,-5.000000000e-04,liquid_conductor
2.689484386e-04,-5.000000000e-04,liquid_conductor
2.776157494e-04,-5.000000000e-04,liquid_conductor
2.870851727e-04,-5.000000000e-04,liquid_conductor
2.974263273e-04,-5.000000000e-04,liquid_conductor
3.087203809e-04,-5.000000000e-04,liquid_conductor
3.210579460e-04,-5.000000000e-04,liquid_conductor
3.345353188e-04,-5.000000000e-04,liquid_conductor
3.492615949e-04,-5.000000000e-04,liquid_conductor
3.653317449e-04,-5.000000000e-04,liquid_conductor
3.828930231e-04,-5.000000000e-04,liquid_conductor
4.020809215e-04,-5.000000000e-04,liquid_conductor
4.230318110e-04,-5.000000000e-04,liquid_conductor
4.459114310e-04,-5.000000000e-04,liquid_conductor
4.709074923e-04,-5.000000000e-04,liquid_conductor
4.982272631e-04,-5.000000000e-04,liquid_conductor
5.280468223e-04,-5.000000000e-04,liquid_conductor
5.606176878e-04,-5.000000000e-04,liquid_conductor
5.961968980e-04,-5.000000000e-04,liquid_conductor
6.350512450e-04,-5.000000000e-04,liquid_conductor
6.774964929e-04,-5.000000000e-04,liquid_conductor
7.238672441e-04,-5.000000000e-04,liquid_conductor
7.745057743e-04,-5.000000000e-04,liquid_conductor
8.298365598e-04,-5.000000000e-04,liquid_conductor
8.902404685e-04,-5.000000000e-04,liquid_conductor
9.562452265e-04,-5.000000000e-04,liquid_conductor
1.028315419e-03,-5.000000000e-04,liquid_conductor
1.107064121e-03,-5.000000000e-04,liquid_conductor
1.193057227e-03,-5.000000000e-04,liquid_conductor
1.286983765e-03,-5.000000000e-04,liquid_conductor
1.389582490e-03,-5.000000000e-04,liquid_conductor
1.501687528e-03,-5.000000000e-04,liquid_conductor
1.618967549e-03,-5.000000000e-04,liquid_conductor
1.727165678e-03,-5.000000000e-04,liquid_conductor
1.826235815e-03,-5.000000000e-04,liquid_conductor
1.916950625e-03,-5.000000000e-04,liquid_conductor
2.000000000e-03,-5.000000000e-04,liquid_conductor
2.084216992e-03,-5.000000000e-04,liquid_conductor
2.176355351e-03,-5.000000000e-04,liquid_conductor
2.277029651e-03,-5.000000000e-04,liquid_conductor
2.387173046e-03,-5.000000000e-04,liquid_conductor
2.507591864e-03,-5.000000000e-04,liquid_conductor
2.639278383e-03,-5.000000000e-04,liquid_conductor
2.783299094e-03,-5.000000000e-04,liquid_conductor
2.940767833e-03,-5.000000000e-04,liquid_conductor
3.113009625e-03,-5.000000000e-04,liquid_conductor
3.294047376e-03,-5.000000000e-04,liquid_conductor
3.461380719e-03,-5.000000000e-04,liquid_conductor
3.614426098e-03,-5.000000000e-04,liquid_conductor
3.754355769e-03,-5.000000000e-04,liquid_conductor
3.882298548e-03,-5.000000000e-04,liquid_conductor
3.999310376e-03,-5.000000000e-04,liquid_conductor
4.106334329e-03,-5.000000000e-04,liquid_conductor
4.204204407e-03,-5.000000000e-04,liquid_conductor
4.293671006e-03,-5.000000000e-04,liquid_conductor
4.375489229e-03,-5.000000000e-04,liquid_conductor
4.450318040e-03,-5.000000000e-04,liquid_conductor
4.518738298e-03,-5.000000000e-04,liquid_conductor
4.581289028e-03,-5.000000000e-04,liquid_conductor
4.638507194e-03,-5.000000000e-04,liquid_conductor
4.690810594e-03,-5.000000000e-04,liquid_conductor
4.738672595e-03,-5.000000000e-04,liquid_conductor
4.782423733e-03,-5.000000000e-04,liquid_conductor
4.822423892e-03,-5.000000000e-04,liquid_conductor
4.859011717e-03,-5.000000000e-04,liquid_conductor
4.892455390e-03,-5.000000000e-04,liquid_conductor
4.923050450e-03,-5.000000000e-04,liquid_conductor
4.951016246e-03,-5.000000000e-04,liquid_conductor
4.976608707e-03,-5.000000000e-04,liquid_conductor
5.000000000e-03,-5.000000000e-04,liquid_conductor
0.000000000e+00,-4.860902878e-04,liquid_conductor
2.253927972e-07,-4.860902878e-04,liquid_conductor
4.710108625e-07,-4.860902878e-04,liquid_conductor
7.388114821e-07,-4.860902878e-04,liquid_conductor
1.030777353e-06,-4.860902878e-04,liquid_conductor
1.349134956e-06,-4.860902878e-04,liquid_conductor
1.696071563e-06,-4.860902878e-04,liquid_conductor
2.065284294e-06,-4.860902878e-04,liquid_conductor
2.411371865e-06,-4.860902878e-04,liquid_conductor
2.728827367e-06,-4.860902878e-04,liquid_conductor
3.019944202e-06,-4.860902878e-04,liquid_conductor
3.287031469e-06,-4.860902878e-04,liquid_conductor
3.531983203e-06,-4.860902878e-04,liquid_conductor
3.756739224e-06,-4.860902878e-04,liquid_conductor
3.962851098e-06,-4.860902878e-04,liquid_conductor
4.151964219e-06,-4.860902878e-04,liquid_conductor
4.325432522e-06,-4.860902878e-04,liquid_conductor
4.484611324e-06,-4.860902878e-04,liquid_conductor
4.630594259e-06,-4.860902878e-04,liquid_conductor
4.764494569e-06,-4.860902878e-04,liquid_conductor
4.887303601e-06,-4.860902878e-04,liquid_conductor
5.000000000e-06,-4.860902878e-04,liquid_conductor
0.000000000e+00,-4.708892750e-04,liquid_conductor
2.253927972e-07,-4.708892750e-04,liquid_conductor
4.710108625e-07,-4.708892750e-04,liquid_conductor
7.388114821e-07,-4.708892750e-04,liquid_conductor
1.030777353e-06,-4.708892750e-04,liquid_conductor
1.349134956e-06,-4.708892750e-04,liquid_conductor
1.696071563e-06,-4.708892750e-04,liquid_conductor
2.065284294e-06,-4.708892750e-04,liquid_conductor
2.411371865e-06,-4.708892750e-04,liquid_conductor
2.728827367e-06,-4.708892750e-04,liquid_conductor
3.019944202e-06,-4.708892750e-04,liquid_conductor
3.287031469e-06,-4.708892750e-04,liquid_conductor
3.531983203e-06,-4.708892750e-04,liquid_conductor
3.756739224e-06,-4.708892750e-04,liquid_conductor
3.962851098e-06,-4.708892750e-04,liquid_conductor
4.151964219e-06,-4.708892750e-04,liquid_conductor
4.325432522e-06,-4.708892750e-04,liquid_conductor
4.484611324e-06,-4.708892750e-04,liquid_conductor
4.630594259e-06,-4.708892750e-04,liquid_conductor
4.764494569e-06,-4.708892750e-04,liquid_conductor
4.887303601e-06,-4.708892750e-04,liquid_conductor
5.000000000e-06,-4.708892750e-04,liquid_conductor
0.000000000e+00,-4.542819798e-04,liquid_conductor
2.253927972e-07,-4.542819798e-04,liquid_conductor
4.710108625e-07,-4.542819798e-04,liquid_conductor
7.388114821e-07,-4.542819798e-04,liquid_conductor
1.030777353e-06,-4.542819798e-04,liquid_conductor
1.349134956e-06,-4.542819798e-04,liquid_conductor
1.696071563e-06,-4.542819798e-04,liquid_conductor
2.065284294e-06,-4.542819798e-04,liquid_conductor
2.411371865e-06,-4.542819798e-04,liquid_conductor
2.728827367e-06,-4.542819798e-04,liquid_conductor
3.019944202e-06,-4.542819798e-04,liquid_conductor
3.287031469e-06,-4.542819798e-04,liquid_conductor
3.531983203e-06,-4.542819798e-04,liquid_conductor
3.756739224e-06,-4.542819798e-04,liquid_conductor
3.962851098e-06,-4.542819798e-04,liquid_conductor
4.151964219e-06,-4.542819798e-04,liquid_conductor
4.325432522e-06,-4.542819798e-04,liquid_conductor
4.484611324e-06,-4.542819798e-04,liquid_conductor
4.630594259e-06,-4.542819798e-04,liquid_conductor
4.764494569e-06,-4.542819798e-04,liquid_conductor
4.887303601e-06,-4.542819798e-04,liquid_conductor
5.000000000e-06,-4.542819798e-04,liquid_conductor
0.000000000e+00,-4.361357024e-04,liquid_conductor
2.253927972e-07,-4.361357024e-04,liquid_conductor
4.710108625e-07,-4.361357024e-04,liquid_conductor
7.388114821e-07,-4.361357024e-04,liquid_conductor
1.030777353e-06,-4.361357024e-04,liquid_conductor
1.349134956e-06,-4.361357024e-04,liquid_conductor
1.696071563e-06,-4.361357024e-04,liquid_conductor
2.065284294e-06,-4.361357024e-04,liquid_conductor
2.411371865e-06,-4.361357024e-04,liquid_conductor
2.728827367e-06,-4.361357024e-04,liquid_conductor
3.019944202e-06,-4.361357024e-04,liquid_conductor
3.287031469e-06,-4.361357024e-04,liquid_conductor
3.531983203e-06,-4.361357024e-04,liquid_conductor
3.756739224e-06,-4.361357024e-04,liquid_conductor
3.962851098e-06,-4.361357024e-04,liquid_conductor
4.151964219e-06,-4.361357024e-04,liquid_conductor
4.325432522e-06,-4.361357024e-04,liquid_conductor
4.484611324e-06,-4.361357024e-04,liquid_conductor
4.630594259e-06,-4.361357024e-04,liquid_conductor
4.764494569e-06,-4.361357024e-04,liquid_conductor
4.887303601e-06,-4.361357024e-04,liquid_conductor
5.000000000e-06,-4.361357024e-04,liquid_conductor
0.000000000e+00,-4.163016657e-04,liquid_conductor
2.253927972e-07,-4.163016657e-04,liquid_conductor
4.710108625e-07,-4.163016657e-04,liquid_conductor
7.388114821e-07,-4.163016657e-04,liquid_conductor
1.030777353e-06,-4.163016657e-04,liquid_conductor
1.349134956e-06,-4.163016657e-04,liquid_conductor
1.696071563e-06,-4.163016657e-04,liquid_conductor
2.065284294e-06,-4.163016657e-04,liquid_conductor
2.411371865e-06,-4.163016657e-04,liquid_conductor
2.728827367e-06,-4.163016657e-04,liquid_conductor
3.019944202e-06,-4.163016657e-04,liquid_conductor
3.287031469e-06,-4.163016657e-04,liquid_conductor
3.531983203e-06,-4.163016657e-04,liquid_conductor
3.756739224e-06,-4.163016657e-04,liquid_conductor
3.962851098e-06,-4.163016657e-04,liquid_conductor
4.151964219e-06,-4.163016657e-04,liquid_conductor
4.325432522e-06,-4.163016657e-04,liquid_conductor
4.484611324e-06,-4.163016657e-04,liquid_conductor
4.630594259e-06,-4.163016657e-04,liquid_conductor
4.764494569e-06,-4.163016657e-04,liquid_conductor
4.887303601e-06,-4.163016657e-04,liquid_conductor
5.000000000e-06,-4.163016657e-04,liquid_conductor
0.000000000e+00,-3.946274937e-04,liquid_conductor
2.253927972e-07,-3.946274937e-04,liquid_conductor
4.710108625e-07,-3.946274937e-04,liquid_conductor
7.388114821e-07,-3.946274937e-04,liquid_conductor
1.030777353e-06,-3.946274937e-04,liquid_conductor
1.349134956e-06,-3.946274937e-04,liquid_conductor
1.696071563e-06,-3.946274937e-04,liquid_conductor
2.065284294e-06,-3.946274937e-04,liquid_conductor
2.411371865e-06,-3.946274937e-04,liquid_conductor
2.728827367e-06,-3.946274937e-04,liquid_conductor
3.019944202e-06,-3.946274937e-04,liquid_conductor
3.287031469e-06,-3.946274937e-04,liquid_conductor
3.531983203e-06,-3.946274937e-04,liquid_conductor
3.756739224e-06,-3.946274937e-04,liquid_conductor
3.962851098e-06,-3.946274937e-04,liquid_conductor
4.151964219e-06,-3.946274937e-04,liquid_conductor
4.325432522e-06,-3.946274937e-04,liquid_conductor
4.484611324e-06,-3.946274937e-04,liquid_conductor
4.630594259e-06,-3.946274937e-04,liquid_conductor
4.764494569e-06,-3.946274937e-04,liquid_conductor
4.887303601e-06,-3.946274937e-04,liquid_conductor
5.000000000e-06,-3.946274937e-04,liquid_conductor
0.000000000e+00,-3.722503698e-04,liquid_conductor
2.253927972e-07,-3.722503698e-04,liquid_conductor
4.710108625e-07,-3.722503698e-04,liquid_conductor
7.388114821e-07,-3.722503698e-04,liquid_conductor
1.030777353e-06,-3.722503698e-04,liquid_conductor
1.349134956e-06,-3.722503698e-04,liquid_conductor
1.696071563e-06,-3.722503698e-04,liquid_conductor
2.065284294e-06,-3.722503698e-04,liquid_conductor
2.411371865e-06,-3.722503698e-04,liquid_conductor
2.728827367e-06,-3.722503698e-04,liquid_conductor
3.019944202e-06,-3.722503698e-04,liquid_conductor
3.287031469e-06,-3.722503698e-04,liquid_conductor
3.531983203e-06,-3.722503698e-04,liquid_conductor
3.756739224e-06,-3.722503698e-04,liquid_conductor
3.962851098e-06,-3.722503698e-04,liquid_conductor
4.151964219e-06,-3.722503698e-04,liquid_conductor
4.325432522e-06,-3.722503698e-04,liquid_conductor
4.484611324e-06,-3.722503698e-04,liquid_conductor
4.630594259e-06,-3.722503698e-04,liquid_conductor
4.764494569e-06,-3.722503698e-04,liquid_conductor
4.887303601e-06,-3.722503698e-04,liquid_conductor
5.000000000e-06,-3.722503698e-04,liquid_conductor
0.000000000e+00,-3.516970999e-04,liquid_conductor
2.253927972e-07,-3.516970999e-04,liquid_conductor
4.710108625e-07,-3.516970999e-04,liquid_conductor
7.388114821e-07,-3.516970999e-04,liquid_conductor
1.030777353e-06,-3.516970999e-04,liquid_conductor
1.349134956e-06,-3.516970999e-04,liquid_conductor
1.696071563e-06,-3.516970999e-04,liquid_conductor
2.065284294e-06,-3.516970999e-04,liquid_conductor
2.411371865e-06,-3.516970999e-04,liquid_conductor
2.728827367e-06,-3.516970999e-04,liquid_conductor
3.019944202e-06,-3.516970999e-04,liquid_conductor
3.287031469e-06,-3.516970999e-04,liquid_conductor
3.531983203e-06,-3.516970999e-04,liquid_conductor
3.756739224e-06,-3.516970999e-04,liquid_conductor
3.962851098e-06,-3.516970999e-04,liquid_conductor
4.151964219e-06,-3.516970999e-04,liquid_conductor
4.325432522e-06,-3.516970999e-04,liquid_conductor
4.484611324e-06,-3.516970999e-04,liquid_conductor
4.630594259e-06,-3.516970999e-04,liquid_conductor
4.764494569e-06,-3.516970999e-04,liquid_conductor
4.887303601e-06,-3.516970999e-04,liquid_conductor
5.000000000e-06,-3.516970999e-04,liquid_conductor
0.000000000e+00,-3.328771373e-04,liquid_conductor
2.253927972e-07,-3.328771373e-04,liquid_conductor
4.710108625e-07,-3.328771373e-04,liquid_conductor
7.388114821e-07,-3.328771373e-04,liquid_conductor
1.030777353e-06,-3.328771373e-04,liquid_conductor
1.349134956e-06,-3.328771373e-04,liquid_conductor
1.696071563e-06,-3.328771373e-04,liquid_conductor
2.065284294e-06,-3.328771373e-04,liquid_conductor
2.411371865e-06,-3.328771373e-04,liquid_conductor
2.728827367e-06,-3.328771373e-04,liquid_conductor
3.019944202e-06,-3.328771373e-04,liquid_conductor
3.287031469e-06,-3.328771373e-04,liquid_conductor
3.531983203e-06,-3.328771373e-04,liquid_conductor
3.756739224e-06,-3.328771373e-04,liquid_conductor
3.962851098e-06,-3.328771373e-04,liquid_conductor
4.151964219e-06,-3.328771373e-04,liquid_conductor
4.325432522e-06,-3.328771373e-04,liquid_conductor
4.484611324e-06,-3.328771373e-04,liquid_conductor
4.630594259e-06,-3.328771373e-04,liquid_conductor
4.764494569e-06,-3.328771373e-04,liquid_conductor
4.887303601e-06,-3.328771373e-04,liquid_conductor
5.000000000e-06,-3.328771373e-04,liquid_conductor
0.000000000e+00,-3.156625592e-04,liquid_conductor
2.253927972e-07,-3.156625592e-04,liquid_conductor
4.710108625e-07,-3.156625592e-04,liquid_conductor
7.388114821e-07,-3.156625592e-04,liquid_conductor
1.030777353e-06,-3.156625592e-04,liquid_conductor
1.349134956e-06,-3.156625592e-04,liquid_conductor
1.696071563e-06,-3.156625592e-04,liquid_conductor
2.065284294e-06,-3.156625592e-04,liquid_conductor
2.411371865e-06,-3.156625592e-04,liquid_conductor
2.728827367e-06,-3.156625592e-04,liquid_conductor
3.019944202e-06,-3.156625592e-04,liquid_conductor
3.287031469e-06,-3.156625592e-04,liquid_conductor
3.531983203e-06,-3.156625592e-04,liquid_conductor
3.756739224e-06,-3.156625592e-04,liquid_conductor
3.962851098e-06,-3.156625592e-04,liquid_conductor
4.151964219e-06,-3.156625592e-04,liquid_conductor
4.325432522e-06,-3.156625592e-04,liquid_conductor
4.484611324e-06,-3.156625592e-04,liquid_conductor
4.630594259e-06,-3.156625592e-04,liquid_conductor
4.764494569e-06,-3.156625592e-04,liquid_conductor
4.887303601e-06,-3.156625592e-04,liquid_conductor
5.000000000e-06,-3.156625592e-04,liquid_conductor
0.000000000e+00,-2.999087023e-04,liquid_conductor
2.253927972e-07,-2.999087023e-04,liquid_conductor
4.710108625e-07,-2.999087023e-04,liquid_conductor
7.388114821e-07,-2.999087023e-04,liquid_conductor
1.030777353e-06,-2.999087023e-04,liquid_conductor
1.349134956e-06,-2.999087023e-04,liquid_conductor
1.696071563e-06,-2.999087023e-04,liquid_conductor
2.065284294e-06,-2.999087023e-04,liquid_conductor
2.411371865e-06,-2.999087023e-04,liquid_conductor
2.728827367e-06,-2.999087023e-04,liquid_conductor
3.019944202e-06,-2.999087023e-04,liquid_conductor
3.287031469e-06,-2.999087023e-04,liquid_conductor
3.531983203e-06,-2.999087023e-04,liquid_conductor
3.756739224e-06,-2.999087023e-04,liquid_conductor
3.962851098e-06,-2.999087023e-04,liquid_conductor
4.151964219e-06,-2.999087023e-04,liquid_conductor
4.325432522e-06,-2.999087023e-04,liquid_conductor
4.484611324e-06,-2.999087023e-04,liquid_conductor
4.630594259e-06,-2.999087023e-04,liquid_conductor
4.764494569e-06,-2.999087023e-04,liquid_conductor
4.887303601e-06,-2.999087023e-04,liquid_conductor
5.000000000e-06,-2.999087023e-04,liquid_conductor
0.000000000e+00,-2.854918371e-04,liquid_conductor
2.253927972e-07,-2.854918371e-04,liquid_conductor
4.710108625e-07,-2.854918371e-04,liquid_conductor
7.388114821e-07,-2.854918371e-04,liquid_conductor
1.030777353e-06,-2.854918371e-04,liquid_conductor
1.349134956e-06,-2.854918371e-04,liquid_conductor
1.696071563e-06,-2.854918371e-04,liquid_conductor
2.065284294e-06,-2.854918371e-04,liquid_conductor
2.411371865e-06,-2.854918371e-04,liquid_conductor
2.728827367e-06,-2.854918371e-04,liquid_conductor
3.019944202e-06,-2.854918371e-04,liquid_conductor
3.287031469e-06,-2.854918371e-04,liquid_conductor
3.531983203e-06,-2.854918371e-04,liquid_conductor
3.756739224e-06,-2.854918371e-04,liquid_conductor
3.962851098e-06,-2.854918371e-04,liquid_conductor
4.151964219e-06,-2.854918371e-04,liquid_conductor
4.325432522e-06,-2.854918371e-04,liquid_conductor
4.484611324e-06,-2.854918371e-04,liquid_conductor
4.630594259e-06,-2.854918371e-04,liquid_conductor
4.764494569e-06,-2.854918371e-04,liquid_conductor
4.887303601e-06,-2.854918371e-04,liquid_conductor
5.000000000e-06,-2.854918371e-04,liquid_conductor
0.000000000e+00,-2.722958512e-04,liquid_conductor
2.253927972e-07,-2.722958512e-04,liquid_conductor
4.710108625e-07,-2.722958512e-04,liquid_conductor
7.388114821e-07,-2.722958512e-04,liquid_conductor
1.030777353e-06,-2.722958512e-04,liquid_conductor
1.349134956e-06,-2.722958512e-04,liquid_conductor
1.696071563e-06,-2.722958512e-04,liquid_conductor
2.065284294e-06,-2.722958512e-04,liquid_conductor
2.411371865e-06,-2.722958512e-04,liquid_conductor
2.728827367e-06,-2.722958512e-04,liquid_conductor
3.019944202e-06,-2.722958512e-04,liquid_conductor
3.287031469e-06,-2.722958512e-04,liquid_conductor
3.531983203e-06,-2.722958512e-04,liquid_conductor
3.756739224e-06,-2.722958512e-04,liquid_conductor
3.962851098e-06,-2.722958512e-04,liquid_conductor
4.151964219e-06,-2.722958512e-04,liquid_conductor
4.325432522e-06,-2.722958512e-04,liquid_conductor
4.484611324e-06,-2.722958512e-04,liquid_conductor
4.630594259e-06,-2.722958512e-04,liquid_conductor
4.764494569e-06,-2.722958512e-04,liquid_conductor
4.887303601e-06,-2.722958512e-04,liquid_conductor
5.000000000e-06,-2.722958512e-04,liquid_conductor
0.000000000e+00,-2.602232565e-04,liquid_conductor
2.253927972e-07,-2.602232565e-04,liquid_conductor
4.710108625e-07,-2.602232565e-04,liquid_conductor
7.388114821e-07,-2.602232565e-04,liquid_conductor
1.030777353e-06,-2.602232565e-04,liquid_conductor
1.349134956e-06,-2.602232565e-04,liquid_conductor
1.696071563e-06,-2.602232565e-04,liquid_conductor
2.065284294e-06,-2.602232565e-04,liquid_conductor
2.411371865e-06,-2.602232565e-04,liquid_conductor
2.728827367e-06,-2.602232565e-04,liquid_conductor
3.019944202e-06,-2.602232565e-04,liquid_conductor
3.287031469e-06,-2.602232565e-04,liquid_conductor
3.531983203e-06,-2.602232565e-04,liquid_conductor
3.756739224e-06,-2.602232565e-04,liquid_conductor
3.962851098e-06,-2.602232565e-04,liquid_conductor
4.151964219e-06,-2.602232565e-04,liquid_conductor
4.325432522e-06,-2.602232565e-04,liquid_conductor
4.484611324e-06,-2.602232565e-04,liquid_conductor
4.630594259e-06,-2.602232565e-04,liquid_conductor
4.764494569e-06,-2.602232565e-04,liquid_conductor
4.887303601e-06,-2.602232565e-04,liquid_conductor
5.000000000e-06,-2.602232565e-04,liquid_conductor
0.000000000e+00,-2.491692529e-04,liquid_conductor
2.253927972e-07,-2.491692529e-04,liquid_conductor
4.710108625e-07,-2.491692529e-04,liquid_conductor
7.388114821e-07,-2.491692529e-04,liquid_conductor
1.030777353e-06,-2.491692529e-04,liquid_conductor
1.349134956e-06,-2.491692529e-04,liquid_conductor
1.696071563e-06,-2.491692529e-04,liquid_conductor
2.065284294e-06,-2.491692529e-04,liquid_conductor
2.411371865e-06,-2.491692529e-04,liquid_conductor
2.728827367e-06,-2.491692529e-04,liquid_conductor
3.019944202e-06,-2.491692529e-04,liquid_conductor
3.287031469e-06,-2.491692529e-04,liquid_conductor
3.531983203e-06,-2.491692529e-04,liquid_conductor
3.756739224e-06,-2.491692529e-04,liquid_conductor
3.962851098e-06,-2.491692529e-04,liquid_conductor
4.151964219e-06,-2.491692529e-04,liquid_conductor
4.325432522e-06,-2.491692529e-04,liquid_conductor
4.484611324e-06,-2.491692529e-04,liquid_conductor
4.630594259e-06,-2.491692529e-04,liquid_conductor
4.764494569e-06,-2.491692529e-04,liquid_conductor
4.887303601e-06,-2.491692529e-04,liquid_conductor
5.000000000e-06,-2.491692529e-04,liquid_conductor
0.000000000e+00,-2.390620147e-04,liquid_conductor
2.253927972e-07,-2.390620147e-04,liquid_conductor
4.710108625e-07,-2.390620147e-04,liquid_conductor
7.388114821e-07,-2.390620147e-04,liquid_conductor
1.030777353e-06,-2.390620147e-04,liquid_conductor
1.349134956e-06,-2.390620147e-04,liquid_conductor
1.696071563e-06,-2.390620147e-04,liquid_conductor
2.065284294e-06,-2.390620147e-04,liquid_conductor
2.411371865e-06,-2.390620147e-04,liquid_conductor
2.728827367e-06,-2.390620147e-04,liquid_conductor
3.019944202e-06,-2.390620147e-04,liquid_conductor
3.287031469e-06,-2.390620147e-04,liquid_conductor
3.531983203e-06,-2.390620147e-04,liquid_conductor
3.756739224e-06,-2.390620147e-04,liquid_conductor
3.962851098e-06,-2.390620147e-04,liquid_conductor
4.151964219e-06,-2.390620147e-04,liquid_conductor
4.325432522e-06,-2.390620147e-04,liquid_conductor
4.484611324e-06,-2.390620147e-04,liquid_conductor
4.630594259e-06,-2.390620147e-04,liquid_conductor
4.764494569e-06,-2.390620147e-04,liquid_conductor
4.887303601e-06,-2.390620147e-04,liquid_conductor
5.000000000e-06,-2.390620147e-04,liquid_conductor
0.000000000e+00,-2.298039863e-04,liquid_conductor
2.253927972e-07,-2.298039863e-04,liquid_conductor
4.710108625e-07,-2.298039863e-04,liquid_conductor
7.388114821e-07,-2.298039863e-04,liquid_conductor
1.030777353e-06,-2.298039863e-04,liquid_conductor
1.349134956e-06,-2.298039863e-04,liquid_conductor
1.696071563e-06,-2.298039863e-04,liquid_conductor
2.065284294e-06,-2.298039863e-04,liquid_conductor
2.411371865e-06,-2.298039863e-04,liquid_conductor
2.728827367e-06,-2.298039863e-04,liquid_conductor
3.019944202e-06,-2.298039863e-04,liquid_conductor
3.287031469e-06,-2.298039863e-04,liquid_conductor
3.531983203e-06,-2.298039863e-04,liquid_conductor
3.756739224e-06,-2.298039863e-04,liquid_conductor
3.962851098e-06,-2.298039863e-04,liquid_conductor
4.151964219e-06,-2.298039863e-04,liquid_conductor
4.325432522e-06,-2.298039863e-04,liquid_conductor
4.484611324e-06,-2.298039863e-04,liquid_conductor
4.630594259e-06,-2.298039863e-04,liquid_conductor
4.764494569e-06,-2.298039863e-04,liquid_conductor
4.887303601e-06,-2.298039863e-04,liquid_conductor
5.000000000e-06,-2.298039863e-04,liquid_conductor
0.000000000e+00,-2.213347175e-04,liquid_conductor
2.253927972e-07,-2.213347175e-04,liquid_conductor
4.710108625e-07,-2.213347175e-04,liquid_conductor
7.388114821e-07,-2.213347175e-04,liquid_conductor
1.030777353e-06,-2.213347175e-04,liquid_conductor
1.349134956e-06,-2.213347175e-04,liquid_conductor
1.696071563e-06,-2.213347175e-04,liquid_conductor
2.065284294e-06,-2.213347175e-04,liquid_conductor
2.411371865e-06,-2.213347175e-04,liquid_conductor
2.728827367e-06,-2.213347175e-04,liquid_conductor
3.019944202e-06,-2.213347175e-04,liquid_conductor
3.287031469e-06,-2.213347175e-04,liquid_conductor
3.531983203e-06,-2.213347175e-04,liquid_conductor
3.756739224e-06,-2.213347175e-04,liquid_conductor
3.962851098e-06,-2.213347175e-04,liquid_conductor
4.151964219e-06,-2.213347175e-04,liquid_conductor
4.325432522e-06,-2.213347175e-04,liquid_conductor
4.484611324e-06,-2.213347175e-04,liquid_conductor
4.630594259e-06,-2.213347175e-04,liquid_conductor
4.764494569e-06,-2.213347175e-04,liquid_conductor
4.887303601e-06,-2.213347175e-04,liquid_conductor
5.000000000e-06,-2.213347175e-04,liquid_conductor
0.000000000e+00,-2.135852875e-04,liquid_conductor
2.253927972e-07,-2.135852875e-04,liquid_conductor
4.710108625e-07,-2.135852875e-04,liquid_conductor
7.388114821e-07,-2.135852875e-04,liquid_conductor
1.030777353e-06,-2.135852875e-04,liquid_conductor
1.349134956e-06,-2.135852875e-04,liquid_conductor
1.696071563e-06,-2.135852875e-04,liquid_conductor
2.065284294e-06,-2.135852875e-04,liquid_conductor
2.411371865e-06,-2.135852875e-04,liquid_conductor
2.728827367e-06,-2.135852875e-04,liquid_conductor
3.019944202e-06,-2.135852875e-04,liquid_conductor
3.287031469e-06,-2.135852875e-04,liquid_conductor
3.531983203e-06,-2.135852875e-04,liquid_conductor
3.756739224e-06,-2.135852875e-04,liquid_conductor
3.962851098e-06,-2.135852875e-04,liquid_conductor
4.151964219e-06,-2.135852875e-04,liquid_conductor
4.325432522e-06,-2.135852875e-04,liquid_conductor
4.484611324e-06,-2.135852875e-04,liquid_conductor
4.630594259e-06,-2.135852875e-04,liquid_conductor
4.764494569e-06,-2.135852875e-04,liquid_conductor
4.887303601e-06,-2.135852875e-04,liquid_conductor
5.000000000e-06,-2.135852875e-04,liquid_conductor
0.000000000e+00,-2.064929683e-04,liquid_conductor
2.253927972e-07,-2.064929683e-04,liquid_conductor
4.710108625e-07,-2.064929683e-04,liquid_conductor
7.388114821e-07,-2.064929683e-04,liquid_conductor
1.030777353e-06,-2.064929683e-04,liquid_conductor
1.349134956e-06,-2.064929683e-04,liquid_conductor
1.696071563e-06,-2.064929683e-04,liquid_conductor
2.065284294e-06,-2.064929683e-04,liquid_conductor
2.411371865e-06,-2.064929683e-04,liquid_conductor
2.728827367e-06,-2.064929683e-04,liquid_conductor
3.019944202e-06,-2.064929683e-04,liquid_conductor
3.287031469e-06,-2.064929683e-04,liquid_conductor
3.531983203e-06,-2.064929683e-04,liquid_conductor
3.756739224e-06,-2.064929683e-04,liquid_conductor
3.962851098e-06,-2.064929683e-04,liquid_conductor
4.151964219e-06,-2.064929683e-04,liquid_conductor
4.325432522e-06,-2.064929683e-04,liquid_conductor
4.484611324e-06,-2.064929683e-04,liquid_conductor
4.630594259e-06,-2.064929683e-04,liquid_conductor
4.764494569e-06,-2.064929683e-04,liquid_conductor
4.887303601e-06,-2.064929683e-04,liquid_conductor
5.000000000e-06,-2.064929683e-04,liquid_conductor
0.000000000e+00,-2.000000000e-04,liquid_conductor
2.253927972e-07,-2.000000000e-04,liquid_conductor
4.710108625e-07,-2.000000000e-04,liquid_conductor
7.388114821e-07,-2.000000000e-04,liquid_conductor
1.030777353e-06,-2.000000000e-04,liquid_conductor
1.349134956e-06,-2.000000000e-04,liquid_conductor
1.696071563e-06,-2.000000000e-04,liquid_conductor
2.065284294e-06,-2.000000000e-04,liquid_conductor
2.411371865e-06,-2.000000000e-04,liquid_conductor
2.728827367e-06,-2.000000000e-04,liquid_conductor
3.019944202e-06,-2.000000000e-04,liquid_conductor
3.287031469e-06,-2.000000000e-04,liquid_conductor
3.531983203e-06,-2.000000000e-04,liquid_conductor
3.756739224e-06,-2.000000000e-04,liquid_conductor
3.962851098e-06,-2.000000000e-04,liquid_conductor
4.151964219e-06,-2.000000000e-04,liquid_conductor
4.325432522e-06,-2.000000000e-04,liquid_conductor
4.484611324e-06,-2.000000000e-04,liquid_conductor
4.630594259e-06,-2.000000000e-04,liquid_conductor
4.764494569e-06,-2.000000000e-04,liquid_conductor
4.887303601e-06,-2.000000000e-04,liquid_conductor
5.000000000e-06,-2.000000000e-04,liquid_conductor
0.000000000e+00,-1.935970909e-04,liquid_conductor
2.253927972e-07,-1.935970909e-04,liquid_conductor
4.710108625e-07,-1.935970909e-04,liquid_conductor
7.388114821e-07,-1.935970909e-04,liquid_conductor
1.030777353e-06,-1.935970909e-04,liquid_conductor
1.349134956e-06,-1.935970909e-04,liquid_conductor
1.696071563e-06,-1.935970909e-04,liquid_conductor
2.065284294e-06,-1.935970909e-04,liquid_conductor
2.411371865e-06,-1.935970909e-04,liquid_conductor
2.728827367e-06,-1.935970909e-04,liquid_conductor
3.019944202e-06,-1.935970909e-04,liquid_conductor
3.287031469e-06,-1.935970909e-04,liquid_conductor
3.531983203e-06,-1.935970909e-04,liquid_conductor
3.756739224e-06,-1.935970909e-04,liquid_conductor
3.962851098e-06,-1.935970909e-04,liquid_conductor
4.151964219e-06,-1.935970909e-04,liquid_conductor
4.325432522e-06,-1.935970909e-04,liquid_conductor
4.484611324e-06,-1.935970909e-04,liquid_conductor
4.630594259e-06,-1.935970909e-04,liquid_conductor
4.764494569e-06,-1.935970909e-04,liquid_conductor
4.887303601e-06,-1.935970909e-04,liquid_conductor
5.000000000e-06,-1.935970909e-04,liquid_conductor
0.000000000e+00,-1.866093600e-04,liquid_conductor
2.253927972e-07,-1.866093600e-04,liquid_conductor
4.710108625e-07,-1.866093600e-04,liquid_conductor
7.388114821e-07,-1.866093600e-04,liquid_conductor
1.030777353e-06,-1.866093600e-04,liquid_conductor
1.349134956e-06,-1.866093600e-04,liquid_conductor
1.696071563e-06,-1.866093600e-04,liquid_conductor
2.065284294e-06,-1.866093600e-04,liquid_conductor
2.411371865e-06,-1.866093600e-04,liquid_conductor
2.728827367e-06,-1.866093600e-04,liquid_conductor
3.019944202e-06,-1.866093600e-04,liquid_conductor
3.287031469e-06,-1.866093600e-04,liquid_conductor
3.531983203e-06,-1.866093600e-04,liquid_conductor
3.756739224e-06,-1.866093600e-04,liquid_conductor
3.962851098e-06,-1.866093600e-04,liquid_conductor
4.151964219e-06,-1.866093600e-04,liquid_conductor
4.325432522e-06,-1.866093600e-04,liquid_conductor
4.484611324e-06,-1.866093600e-04,liquid_conductor
4.630594259e-06,-1.866093600e-04,liquid_conductor
4.764494569e-06,-1.866093600e-04,liquid_conductor
4.887303601e-06,-1.866093600e-04,liquid_conductor
5.000000000e-06,-1.866093600e-04,liquid_conductor
0.000000000e+00,-1.789831489e-04,liquid_conductor
2.253927972e-07,-1.789831489e-04,liquid_conductor
4.710108625e-07,-1.789831489e-04,liquid_conductor
7.388114821e-07,-1.789831489e-04,liquid_conductor
1.030777353e-06,-1.789831489e-04,liquid_conductor
1.349134956e-06,-1.789831489e-04,liquid_conductor
1.696071563e-06,-1.789831489e-04,liquid_conductor
2.065284294e-06,-1.789831489e-04,liquid_conductor
2.411371865e-06,-1.789831489e-04,liquid_conductor
2.728827367e-06,-1.789831489e-04,liquid_conductor
3.019944202e-06,-1.789831489e-04,liquid_conductor
3.287031469e-06,-1.789831489e-04,liquid_conductor
3.531983203e-06,-1.789831489e-04,liquid_conductor
3.756739224e-06,-1.789831489e-04,liquid_conductor
3.962851098e-06,-1.789831489e-04,liquid_conductor
4.151964219e-06,-1.789831489e-04,liquid_conductor
4.325432522e-06,-1.789831489e-04,liquid_conductor
4.484611324e-06,-1.789831489e-04,liquid_conductor
4.630594259e-06,-1.789831489e-04,liquid_conductor
4.764494569e-06,-1.789831489e-04,liquid_conductor
4.887303601e-06,-1.789831489e-04,liquid_conductor
5.000000000e-06,-1.789831489e-04,liquid_conductor
0.000000000e+00,-1.706595048e-04,liquid_conductor
2.253927972e-07,-1.706595048e-04,liquid_conductor
4.710108625e-07,-1.706595048e-04,liquid_conductor
7.388114821e-07,-1.706595048e-04,liquid_conductor
1.030777353e-06,-1.706595048e-04,liquid_conductor
1.349134956e-06,-1.706595048e-04,liquid_conductor
1.696071563e-06,-1.706595048e-04,liquid_conductor
2.065284294e-06,-1.706595048e-04,liquid_conductor
2.411371865e-06,-1.706595048e-04,liquid_conductor
2.728827367e-06,-1.706595048e-04,liquid_conductor
3.019944202e-06,-1.706595048e-04,liquid_conductor
3.287031469e-06,-1.706595048e-04,liquid_conductor
3.531983203e-06,-1.706595048e-04,liquid_conductor
3.756739224e-06,-1.706595048e-04,liquid_conductor
3.962851098e-06,-1.706595048e-04,liquid_conductor
4.151964219e-06,-1.706595048e-04,liquid_conductor
4.325432522e-06,-1.706595048e-04,liquid_conductor
4.484611324e-06,-1.706595048e-04,liquid_conductor
4.630594259e-06,-1.706595048e-04,liquid_conductor
4.764494569e-06,-1.706595048e-04,liquid_conductor
4.887303601e-06,-1.706595048e-04,liquid_conductor
5.000000000e-06,-1.706595048e-04,liquid_conductor
0.000000000e+00,-1.615696051e-04,liquid_conductor
2.253927972e-07,-1.615696051e-04,liquid_conductor
4.710108625e-07,-1.615696051e-04,liquid_conductor
7.388114821e-07,-1.615696051e-04,liquid_conductor
1.030777353e-06,-1.615696051e-04,liquid_conductor
1.349134956e-06,-1.615696051e-04,liquid_conductor
1.696071563e-06,-1.615696051e-04,liquid_conductor
2.065284294e-06,-1.615696051e-04,liquid_conductor
2.411371865e-06,-1.615696051e-04,liquid_conductor
2.728827367e-06,-1.615696051e-04,liquid_conductor
3.019944202e-06,-1.615696051e-04,liquid_conductor
3.287031469e-06,-1.615696051e-04,liquid_conductor
3.531983203e-06,-1.615696051e-04,liquid_conductor
3.756739224e-06,-1.615696051e-04,liquid_conductor
3.962851098e-06,-1.615696051e-04,liquid_conductor
4.151964219e-06,-1.615696051e-04,liquid_conductor
4.325432522e-06,-1.615696051e-04,liquid_conductor
4.484611324e-06,-1.615696051e-04,liquid_conductor
4.630594259e-06,-1.615696051e-04,liquid_conductor
4.764494569e-06,-1.615696051e-04,liquid_conductor
4.887303601e-06,-1.615696051e-04,liquid_conductor
5.000000000e-06,-1.615696051e-04,liquid_conductor
0.000000000e+00,-1.516569786e-04,liquid_conductor
2.253927972e-07,-1.516569786e-04,liquid_conductor
4.710108625e-07,-1.516569786e-04,liquid_conductor
7.388114821e-07,-1.516569786e-04,liquid_conductor
1.030777353e-06,-1.516569786e-04,liquid_conductor
1.349134956e-06,-1.516569786e-04,liquid_conductor
1.696071563e-06,-1.516569786e-04,liquid_conductor
2.065284294e-06,-1.516569786e-04,liquid_conductor
2.411371865e-06,-1.516569786e-04,liquid_conductor
2.728827367e-06,-1.516569786e-04,liquid_conductor
3.019944202e-06,-1.516569786e-04,liquid_conductor
3.287031469e-06,-1.516569786e-04,liquid_conductor
3.531983203e-06,-1.516569786e-04,liquid_conductor
3.756739224e-06,-1.516569786e-04,liquid_conductor
3.962851098e-06,-1.516569786e-04,liquid_conductor
4.151964219e-06,-1.516569786e-04,liquid_conductor
4.325432522e-06,-1.516569786e-04,liquid_conductor
4.484611324e-06,-1.516569786e-04,liquid_conductor
4.630594259e-06,-1.516569786e-04,liquid_conductor
4.764494569e-06,-1.516569786e-04,liquid_conductor
4.887303601e-06,-1.516569786e-04,liquid_conductor
5.000000000e-06,-1.516569786e-04,liquid_conductor
0.000000000e+00,-1.414891139e-04,liquid_conductor
2.253927972e-07,-1.414891139e-04,liquid_conductor
4.710108625e-07,-1.414891139e-04,liquid_conductor
7.388114821e-07,-1.414891139e-04,liquid_conductor
1.030777353e-06,-1.414891139e-04,liquid_conductor
1.349134956e-06,-1.414891139e-04,liquid_conductor
1.696071563e-06,-1.414891139e-04,liquid_conductor
2.065284294e-06,-1.414891139e-04,liquid_conductor
2.411371865e-06,-1.414891139e-04,liquid_conductor
2.728827367e-06,-1.414891139e-04,liquid_conductor
3.019944202e-06,-1.414891139e-04,liquid_conductor
3.287031469e-06,-1.414891139e-04,liquid_conductor
3.531983203e-06,-1.414891139e-04,liquid_conductor
3.756739224e-06,-1.414891139e-04,liquid_conductor
3.962851098e-06,-1.414891139e-04,liquid_conductor
4.151964219e-06,-1.414891139e-04,liquid_conductor
4.325432522e-06,-1.414891139e-04,liquid_conductor
4.484611324e-06,-1.414891139e-04,liquid_conductor
4.630594259e-06,-1.414891139e-04,liquid_conductor
4.764494569e-06,-1.414891139e-04,liquid_conductor
4.887303601e-06,-1.414891139e-04,liquid_conductor
5.000000000e-06,-1.414891139e-04,liquid_conductor
0.000000000e+00,-1.321437704e-04,liquid_conductor
2.253927972e-07,-1.321437704e-04,liquid_conductor
4.710108625e-07,-1.321437704e-04,liquid_conductor
7.388114821e-07,-1.321437704e-04,liquid_conductor
1.030777353e-06,-1.321437704e-04,liquid_conductor
1.349134956e-06,-1.321437704e-04,liquid_conductor
1.696071563e-06,-1.321437704e-04,liquid_conductor
2.065284294e-06,-1.321437704e-04,liquid_conductor
2.411371865e-06,-1.321437704e-04,liquid_conductor
2.728827367e-06,-1.321437704e-04,liquid_conductor
3.019944202e-06,-1.321437704e-04,liquid_conductor
3.287031469e-06,-1.321437704e-04,liquid_conductor
3.531983203e-06,-1.321437704e-04,liquid_conductor
3.756739224e-06,-1.321437704e-04,liquid_conductor
3.962851098e-06,-1.321437704e-04,liquid_conductor
4.151964219e-06,-1.321437704e-04,liquid_conductor
4.325432522e-06,-1.321437704e-04,liquid_conductor
4.484611324e-06,-1.321437704e-04,liquid_conductor
4.630594259e-06,-1.321437704e-04,liquid_conductor
4.764494569e-06,-1.321437704e-04,liquid_conductor
4.887303601e-06,-1.321437704e-04,liquid_conductor
5.000000000e-06,-1.321437704e-04,liquid_conductor
0.000000000e+00,-1.235851892e-04,liquid_conductor
2.253927972e-07,-1.235851892e-04,liquid_conductor
4.710108625e-07,-1.235851892e-04,liquid_conductor
7.388114821e-07,-1.235851892e-04,liquid_conductor
1.030777353e-06,-1.235851892e-04,liquid_conductor
1.349134956e-06,-1.235851892e-04,liquid_conductor
1.696071563e-06,-1.235851892e-04,liquid_conductor
2.065284294e-06,-1.235851892e-04,liquid_conductor
2.411371865e-06,-1.235851892e-04,liquid_conductor
2.728827367e-06,-1.235851892e-04,liquid_conductor
3.019944202e-06,-1.235851892e-04,liquid_conductor
3.287031469e-06,-1.235851892e-04,liquid_conductor
3.531983203e-06,-1.235851892e-04,liquid_conductor
3.756739224e-06,-1.235851892e-04,liquid_conductor
3.962851098e-06,-1.235851892e-04,liquid_conductor
4.151964219e-06,-1.235851892e-04,liquid_conductor
4.325432522e-06,-1.235851892e-04,liquid_conductor
4.484611324e-06,-1.235851892e-04,liquid_conductor
4.630594259e-06,-1.235851892e-04,liquid_conductor
4.764494569e-06,-1.235851892e-04,liquid_conductor
4.887303601e-06,-1.235851892e-04,liquid_conductor
5.000000000e-06,-1.235851892e-04,liquid_conductor
0.000000000e+00,-1.157430335e-04,liquid_conductor
2.253927972e-07,-1.157430335e-04,liquid_conductor
4.710108625e-07,-1.157430335e-04,liquid_conductor
7.388114821e-07,-1.157430335e-04,liquid_conductor
1.030777353e-06,-1.157430335e-04,liquid_conductor
1.349134956e-06,-1.157430335e-04,liquid_conductor
1.696071563e-06,-1.157430335e-04,liquid_conductor
2.065284294e-06,-1.157430335e-04,liquid_conductor
2.411371865e-06,-1.157430335e-04,liquid_conductor
2.728827367e-06,-1.157430335e-04,liquid_conductor
3.019944202e-06,-1.157430335e-04,liquid_conductor
3.287031469e-06,-1.157430335e-04,liquid_conductor
3.531983203e-06,-1.157430335e-04,liquid_conductor
3.756739224e-06,-1.157430335e-04,liquid_conductor
3.962851098e-06,-1.157430335e-04,liquid_conductor
4.151964219e-06,-1.157430335e-04,liquid_conductor
4.325432522e-06,-1.157430335e-04,liquid_conductor
4.484611324e-06,-1.157430335e-04,liquid_conductor
4.630594259e-06,-1.157430335e-04,liquid_conductor
4.764494569e-06,-1.157430335e-04,liquid_conductor
4.887303601e-06,-1.157430335e-04,liquid_conductor
5.000000000e-06,-1.157430335e-04,liquid_conductor
0.000000000e+00,-1.085600193e-04,liquid_conductor
2.253927972e-07,-1.085600193e-04,liquid_conductor
4.710108625e-07,-1.085600193e-04,liquid_conductor
7.388114821e-07,-1.085600193e-04,liquid_conductor
1.030777353e-06,-1.085600193e-04,liquid_conductor
1.349134956e-06,-1.085600193e-04,liquid_conductor
1.696071563e-06,-1.085600193e-04,liquid_conductor
2.065284294e-06,-1.085600193e-04,liquid_conductor
2.411371865e-06,-1.085600193e-04,liquid_conductor
2.728827367e-06,-1.085600193e-04,liquid_conductor
3.019944202e-06,-1.085600193e-04,liquid_conductor
3.287031469e-06,-1.085600193e-04,liquid_conductor
3.531983203e-06,-1.085600193e-04,liquid_conductor
3.756739224e-06,-1.085600193e-04,liquid_conductor
3.962851098e-06,-1.085600193e-04,liquid_conductor
4.151964219e-06,-1.085600193e-04,liquid_conductor
4.325432522e-06,-1.085600193e-04,liquid_conductor
4.484611324e-06,-1.085600193e-04,liquid_conductor
4.630594259e-06,-1.085600193e-04,liquid_conductor
4.764494569e-06,-1.085600193e-04,liquid_conductor
4.887303601e-06,-1.085600193e-04,liquid_conductor
5.000000000e-06,-1.085600193e-04,liquid_conductor
0.000000000e+00,-1.019775506e-04,liquid_conductor
2.253927972e-07,-1.019775506e-04,liquid_conductor
4.710108625e-07,-1.019775506e-04,liquid_conductor
7.388114821e-07,-1.019775506e-04,liquid_conductor
1.030777353e-06,-1.019775506e-04,liquid_conductor
1.349134956e-06,-1.019775506e-04,liquid_conductor
1.696071563e-06,-1.019775506e-04,liquid_conductor
2.065284294e-06,-1.019775506e-04,liquid_conductor
2.411371865e-06,-1.019775506e-04,liquid_conductor
2.728827367e-06,-1.019775506e-04,liquid_conductor
3.019944202e-06,-1.019775506e-04,liquid_conductor
3.287031469e-06,-1.019775506e-04,liquid_conductor
3.531983203e-06,-1.019775506e-04,liquid_conductor
3.756739224e-06,-1.019775506e-04,liquid_conductor
3.962851098e-06,-1.019775506e-04,liquid_conductor
4.151964219e-06,-1.019775506e-04,liquid_conductor
4.325432522e-06,-1.019775506e-04,liquid_conductor
4.484611324e-06,-1.019775506e-04,liquid_conductor
4.630594259e-06,-1.019775506e-04,liquid_conductor
4.764494569e-06,-1.019775506e-04,liquid_conductor
4.887303601e-06,-1.019775506e-04,liquid_conductor
5.000000000e-06,-1.019775506e-04,liquid_conductor
0.000000000e+00,-9.594562289e-05,liquid_conductor
2.253927972e-07,-9.594562289e-05,liquid_conductor
4.710108625e-07,-9.594562289e-05,liquid_conductor
7.388114821e-07,-9.594562289e-05,liquid_conductor
1.030777353e-06,-9.594562289e-05,liquid_conductor
1.349134956e-06,-9.594562289e-05,liquid_conductor
1.696071563e-06,-9.594562289e-05,liquid_conductor
2.065284294e-06,-9.594562289e-05,liquid_conductor
2.411371865e-06,-9.594562289e-05,liquid_conductor
2.728827367e-06,-9.594562289e-05,liquid_conductor
3.019944202e-06,-9.594562289e-05,liquid_conductor
3.287031469e-06,-9.594562289e-05,liquid_conductor
3.531983203e-06,-9.594562289e-05,liquid_conductor
3.756739224e-06,-9.594562289e-05,liquid_conductor
3.962851098e-06,-9.594562289e-05,liquid_conductor
4.151964219e-06,-9.594562289e-05,liquid_conductor
4.325432522e-06,-9.594562289e-05,liquid_conductor
4.484611324e-06,-9.594562289e-05,liquid_conductor
4.630594259e-06,-9.594562289e-05,liquid_conductor
4.764494569e-06,-9.594562289e-05,liquid_conductor
4.887303601e-06,-9.594562289e-05,liquid_conductor
5.000000000e-06,-9.594562289e-05,liquid_conductor
0.000000000e+00,-9.042036082e-05,liquid_conductor
2.253927972e-07,-9.042036082e-05,liquid_conductor
4.710108625e-07,-9.042036082e-05,liquid_conductor
7.388114821e-07,-9.042036082e-05,liquid_conductor
1.030777353e-06,-9.042036082e-05,liquid_conductor
1.349134956e-06,-9.042036082e-05,liquid_conductor
1.696071563e-06,-9.042036082e-05,liquid_conductor
2.065284294e-06,-9.042036082e-05,liquid_conductor
2.411371865e-06,-9.042036082e-05,liquid_conductor
2.728827367e-06,-9.042036082e-05,liquid_conductor
3.019944202e-06,-9.042036082e-05,liquid_conductor
3.287031469e-06,-9.042036082e-05,liquid_conductor
3.531983203e-06,-9.042036082e-05,liquid_conductor
3.756739224e-06,-9.042036082e-05,liquid_conductor
3.962851098e-06,-9.042036082e-05,liquid_conductor
4.151964219e-06,-9.042036082e-05,liquid_conductor
4.325432522e-06,-9.042036082e-05,liquid_conductor
4.484611324e-06,-9.042036082e-05,liquid_conductor
4.630594259e-06,-9.042036082e-05,liquid_conductor
4.764494569e-06,-9.042036082e-05,liquid_conductor
4.887303601e-06,-9.042036082e-05,liquid_conductor
5.000000000e-06,-9.042036082e-05,liquid_conductor
0.000000000e+00,-8.535773945e-05,liquid_conductor
2.253927972e-07,-8.535773945e-05,liquid_conductor
4.710108625e-07,-8.535773945e-05,liquid_conductor
7.388114821e-07,-8.535773945e-05,liquid_conductor
1.030777353e-06,-8.535773945e-05,liquid_conductor
1.349134956e-06,-8.535773945e-05,liquid_conductor
1.696071563e-06,-8.535773945e-05,liquid_conductor
2.065284294e-06,-8.535773945e-05,liquid_conductor
2.411371865e-06,-8.535773945e-05,liquid_conductor
2.728827367e-06,-8.535773945e-05,liquid_conductor
3.019944202e-06,-8.535773945e-05,liquid_conductor
3.287031469e-06,-8.535773945e-05,liquid_conductor
3.531983203e-06,-8.535773945e-05,liquid_conductor
3.756739224e-06,-8.535773945e-05,liquid_conductor
3.962851098e-06,-8.535773945e-05,liquid_conductor
4.151964219e-06,-8.535773945e-05,liquid_conductor
4.325432522e-06,-8.535773945e-05,liquid_conductor
4.484611324e-06,-8.535773945e-05,liquid_conductor
4.630594259e-06,-8.535773945e-05,liquid_conductor
4.764494569e-06,-8.535773945e-05,liquid_conductor
4.887303601e-06,-8.535773945e-05,liquid_conductor
5.000000000e-06,-8.535773945e-05,liquid_conductor
0.000000000e+00,-8.071826069e-05,liquid_conductor
2.253927972e-07,-8.071826069e-05,liquid_conductor
4.710108625e-07,-8.071826069e-05,liquid_conductor
7.388114821e-07,-8.071826069e-05,liquid_conductor
1.030777353e-06,-8.071826069e-05,liquid_conductor
1.349134956e-06,-8.071826069e-05,liquid_conductor
1.696071563e-06,-8.071826069e-05,liquid_conductor
2.065284294e-06,-8.071826069e-05,liquid_conductor
2.411371865e-06,-8.071826069e-05,liquid_conductor
2.728827367e-06,-8.071826069e-05,liquid_conductor
3.019944202e-06,-8.071826069e-05,liquid_conductor
3.287031469e-06,-8.071826069e-05,liquid_conductor
3.531983203e-06,-8.071826069e-05,liquid_conductor
3.756739224e-06,-8.071826069e-05,liquid_conductor
3.962851098e-06,-8.071826069e-05,liquid_conductor
4.151964219e-06,-8.071826069e-05,liquid_conductor
4.325432522e-06,-8.071826069e-05,liquid_conductor
4.484611324e-06,-8.071826069e-05,liquid_conductor
4.630594259e-06,-8.071826069e-05,liquid_conductor
4.764494569e-06,-8.071826069e-05,liquid_conductor
4.887303601e-06,-8.071826069e-05,liquid_conductor
5.000000000e-06,-8.071826069e-05,liquid_conductor
0.000000000e+00,-7.646817038e-05,liquid_conductor
2.253927972e-07,-7.646817038e-05,liquid_conductor
4.710108625e-07,-7.646817038e-05,liquid_conductor
7.388114821e-07,-7.646817038e-05,liquid_conductor
1.030777353e-06,-7.646817038e-05,liquid_conductor
1.349134956e-06,-7.646817038e-05,liquid_conductor
1.696071563e-06,-7.646817038e-05,liquid_conductor
2.065284294e-06,-7.646817038e-05,liquid_conductor
2.411371865e-06,-7.646817038e-05,liquid_conductor
2.728827367e-06,-7.646817038e-05,liquid_conductor
3.019944202e-06,-7.646817038e-05,liquid_conductor
3.287031469e-06,-7.646817038e-05,liquid_conductor
3.531983203e-06,-7.646817038e-05,liquid_conductor
3.756739224e-06,-7.646817038e-05,liquid_conductor
3.962851098e-06,-7.646817038e-05,liquid_conductor
4.151964219e-06,-7.646817038e-05,liquid_conductor
4.325432522e-06,-7.646817038e-05,liquid_conductor
4.484611324e-06,-7.646817038e-05,liquid_conductor
4.630594259e-06,-7.646817038e-05,liquid_conductor
4.764494569e-06,-7.646817038e-05,liquid_conductor
4.887303601e-06,-7.646817038e-05,liquid_conductor
5.000000000e-06,-7.646817038e-05,liquid_conductor
0.000000000e+00,-7.257422840e-05,liquid_conductor
2.253927972e-07,-7.257422840e-05,liquid_conductor
4.710108625e-07,-7.257422840e-05,liquid_conductor
7.388114821e-07,-7.257422840e-05,liquid_conductor
1.030777353e-06,-7.257422840e-05,liquid_conductor
1.349134956e-06,-7.257422840e-05,liquid_conductor
1.696071563e-06,-7.257422840e-05,liquid_conductor
2.065284294e-06,-7.257422840e-05,liquid_conductor
2.411371865e-06,-7.257422840e-05,liquid_conductor
2.728827367e-06,-7.257422840e-05,liquid_conductor
3.019944202e-06,-7.257422840e-05,liquid_conductor
3.287031469e-06,-7.257422840e-05,liquid_conductor
3.531983203e-06,-7.257422840e-05,liquid_conductor
3.756739224e-06,-7.257422840e-05,liquid_conductor
3.962851098e-06,-7.257422840e-05,liquid_conductor
4.151964219e-06,-7.257422840e-05,liquid_conductor
4.325432522e-06,-7.257422840e-05,liquid_conductor
4.484611324e-06,-7.257422840e-05,liquid_conductor
4.630594259e-06,-7.257422840e-05,liquid_conductor
4.764494569e-06,-7.257422840e-05,liquid_conductor
4.887303601e-06,-7.257422840e-05,liquid_conductor
5.000000000e-06,-7.257422840e-05,liquid_conductor
0.000000000e+00,-6.900776129e-05,liquid_conductor
2.253927972e-07,-6.900776129e-05,liquid_conductor
4.710108625e-07,-6.900776129e-05,liquid_conductor
7.388114821e-07,-6.900776129e-05,liquid_conductor
1.030777353e-06,-6.900776129e-05,liquid_conductor
1.349134956e-06,-6.900776129e-05,liquid_conductor
1.696071563e-06,-6.900776129e-05,liquid_conductor
2.065284294e-06,-6.900776129e-05,liquid_conductor
2.411371865e-06,-6.900776129e-05,liquid_conductor
2.728827367e-06,-6.900776129e-05,liquid_conductor
3.019944202e-06,-6.900776129e-05,liquid_conductor
3.287031469e-06,-6.900776129e-05,liquid_conductor
3.531983203e-06,-6.900776129e-05,liquid_conductor
3.756739224e-06,-6.900776129e-05,liquid_conductor
3.962851098e-06,-6.900776129e-05,liquid_conductor
4.151964219e-06,-6.900776129e-05,liquid_conductor
4.325432522e-06,-6.900776129e-05,liquid_conductor
4.484611324e-06,-6.900776129e-05,liquid_conductor
4.630594259e-06,-6.900776129e-05,liquid_conductor
4.764494569e-06,-6.900776129e-05,liquid_conductor
4.887303601e-06,-6.900776129e-05,liquid_conductor
5.000000000e-06,-6.900776129e-05,liquid_conductor
0.000000000e+00,-6.573936754e-05,liquid_conductor
2.253927972e-07,-6.573936754e-05,liquid_conductor
4.710108625e-07,-6.573936754e-05,liquid_conductor
7.388114821e-07,-6.573936754e-05,liquid_conductor
1.030777353e-06,-6.573936754e-05,liquid_conductor
1.349134956e-06,-6.573936754e-05,liquid_conductor
1.696071563e-06,-6.573936754e-05,liquid_conductor
2.065284294e-06,-6.573936754e-05,liquid_conductor
2.411371865e-06,-6.573936754e-05,liquid_conductor
2.728827367e-06,-6.573936754e-05,liquid_conductor
3.019944202e-06,-6.573936754e-05,liquid_conductor
3.287031469e-06,-6.573936754e-05,liquid_conductor
3.531983203e-06,-6.573936754e-05,liquid_conductor
3.756739224e-06,-6.573936754e-05,liquid_conductor
3.962851098e-06,-6.573936754e-05,liquid_conductor
4.151964219e-06,-6.573936754e-05,liquid_conductor
4.325432522e-06,-6.573936754e-05,liquid_conductor
4.484611324e-06,-6.573936754e-05,liquid_conductor
4.630594259e-06,-6.573936754e-05,liquid_conductor
4.764494569e-06,-6.573936754e-05,liquid_conductor
4.887303601e-06,-6.573936754e-05,liquid_conductor
5.000000000e-06,-6.573936754e-05,liquid_conductor
0.000000000e+00,-6.274377858e-05,liquid_conductor
2.253927972e-07,-6.274377858e-05,liquid_conductor
4.710108625e-07,-6.274377858e-05,liquid_conductor
7.388114821e-07,-6.274377858e-05,liquid_conductor
1.030777353e-06,-6.274377858e-05,liquid_conductor
1.349134956e-06,-6.274377858e-05,liquid_conductor
1.696071563e-06,-6.274377858e-05,liquid_conductor
2.065284294e-06,-6.274377858e-05,liquid_conductor
2.411371865e-06,-6.274377858e-05,liquid_conductor
2.728827367e-06,-6.274377858e-05,liquid_conductor
3.019944202e-06,-6.274377858e-05,liquid_conductor
3.287031469e-06,-6.274377858e-05,liquid_conductor
3.531983203e-06,-6.274377858e-05,liquid_conductor
3.756739224e-06,-6.274377858e-05,liquid_conductor
3.962851098e-06,-6.274377858e-05,liquid_conductor
4.151964219e-06,-6.274377858e-05,liquid_conductor
4.325432522e-06,-6.274377858e-05,liquid_conductor
4.484611324e-06,-6.274377858e-05,liquid_conductor
4.630594259e-06,-6.274377858e-05,liquid_conductor
4.764494569e-06,-6.274377858e-05,liquid_conductor
4.887303601e-06,-6.274377858e-05,liquid_conductor
5.000000000e-06,-6.274377858e-05,liquid_conductor
0.000000000e+00,-6.000000000e-05,liquid_conductor
2.253927972e-07,-6.000000000e-05,liquid_conductor
4.710108625e-07,-6.000000000e-05,liquid_conductor
7.388114821e-07,-6.000000000e-05,liquid_conductor
1.030777353e-06,-6.000000000e-05,liquid_conductor
1.349134956e-06,-6.000000000e-05,liquid_conductor
1.696071563e-06,-6.000000000e-05,liquid_conductor
2.065284294e-06,-6.000000000e-05,liquid_conductor
2.411371865e-06,-6.000000000e-05,liquid_conductor
2.728827367e-06,-6.000000000e-05,liquid_conductor
3.019944202e-06,-6.000000000e-05,liquid_conductor
3.287031469e-06,-6.000000000e-05,liquid_conductor
3.531983203e-06,-6.000000000e-05,liquid_conductor
3.756739224e-06,-6.000000000e-05,liquid_conductor
3.962851098e-06,-6.000000000e-05,liquid_conductor
4.151964219e-06,-6.000000000e-05,liquid_conductor
4.325432522e-06,-6.000000000e-05,liquid_conductor
4.484611324e-06,-6.000000000e-05,liquid_conductor
4.630594259e-06,-6.000000000e-05,liquid_conductor
4.764494569e-06,-6.000000000e-05,liquid_conductor
4.887303601e-06,-6.000000000e-05,liquid_conductor
5.000000000e-06,-6.000000000e-05,liquid_conductor
0.000000000e+00,-5.719910816e-05,liquid_conductor
2.253927972e-07,-5.719910816e-05,liquid_conductor
4.710108625e-07,-5.719910816e-05,liquid_conductor
7.388114821e-07,-5.719910816e-05,liquid_conductor
1.030777353e-06,-5.719910816e-05,liquid_conductor
1.349134956e-06,-5.719910816e-05,liquid_conductor
1.696071563e-06,-5.719910816e-05,liquid_conductor
2.065284294e-06,-5.719910816e-05,liquid_conductor
2.411371865e-06,-5.719910816e-05,liquid_conductor
2.728827367e-06,-5.719910816e-05,liquid_conductor
3.019944202e-06,-5.719910816e-05,liquid_conductor
3.287031469e-06,-5.719910816e-05,liquid_conductor
3.531983203e-06,-5.719910816e-05,liquid_conductor
3.756739224e-06,-5.719910816e-05,liquid_conductor
3.962851098e-06,-5.719910816e-05,liquid_conductor
4.151964219e-06,-5.719910816e-05,liquid_conductor
4.325432522e-06,-5.719910816e-05,liquid_conductor
4.484611324e-06,-5.719910816e-05,liquid_conductor
4.630594259e-06,-5.719910816e-05,liquid_conductor
4.764494569e-06,-5.719910816e-05,liquid_conductor
4.887303601e-06,-5.719910816e-05,liquid_conductor
5.000000000e-06,-5.719910816e-05,liquid_conductor
0.000000000e+00,-5.413613907e-05,liquid_conductor
2.253927972e-07,-5.413613907e-05,liquid_conductor
4.710108625e-07,-5.413613907e-05,liquid_conductor
7.388114821e-07,-5.413613907e-05,liquid_conductor
1.030777353e-06,-5.413613907e-05,liquid_conductor
1.349134956e-06,-5.413613907e-05,liquid_conductor
1.696071563e-06,-5.413613907e-05,liquid_conductor
2.065284294e-06,-5.413613907e-05,liquid_conductor
2.411371865e-06,-5.413613907e-05,liquid_conductor
2.728827367e-06,-5.413613907e-05,liquid_conductor
3.019944202e-06,-5.413613907e-05,liquid_conductor
3.287031469e-06,-5.413613907e-05,liquid_conductor
3.531983203e-06,-5.413613907e-05,liquid_conductor
3.756739224e-06,-5.413613907e-05,liquid_conductor
3.962851098e-06,-5.413613907e-05,liquid_conductor
4.151964219e-06,-5.413613907e-05,liquid_conductor
4.325432522e-06,-5.413613907e-05,liquid_conductor
4.484611324e-06,-5.413613907e-05,liquid_conductor
4.630594259e-06,-5.413613907e-05,liquid_conductor
4.764494569e-06,-5.413613907e-05,liquid_conductor
4.887303601e-06,-5.413613907e-05,liquid_conductor
5.000000000e-06,-5.413613907e-05,liquid_conductor
0.000000000e+00,-5.078809634e-05,liquid_conductor
2.253927972e-07,-5.078809634e-05,liquid_conductor
4.710108625e-07,-5.078809634e-05,liquid_conductor
7.388114821e-07,-5.078809634e-05,liquid_conductor
1.030777353e-06,-5.078809634e-05,liquid_conductor
1.349134956e-06,-5.078809634e-05,liquid_conductor
1.696071563e-06,-5.078809634e-05,liquid_conductor
2.065284294e-06,-5.078809634e-05,liquid_conductor
2.411371865e-06,-5.078809634e-05,liquid_conductor
2.728827367e-06,-5.078809634e-05,liquid_conductor
3.019944202e-06,-5.078809634e-05,liquid_conductor
3.287031469e-06,-5.078809634e-05,liquid_conductor
3.531983203e-06,-5.078809634e-05,liquid_conductor
3.756739224e-06,-5.078809634e-05,liquid_conductor
3.962851098e-06,-5.078809634e-05,liquid_conductor
4.151964219e-06,-5.078809634e-05,liquid_conductor
4.325432522e-06,-5.078809634e-05,liquid_conductor
4.484611324e-06,-5.078809634e-05,liquid_conductor
4.630594259e-06,-5.078809634e-05,liquid_conductor
4.764494569e-06,-5.078809634e-05,liquid_conductor
4.887303601e-06,-5.078809634e-05,liquid_conductor
5.000000000e-06,-5.078809634e-05,liquid_conductor
0.000000000e+00,-4.712734941e-05,liquid_conductor
2.253927972e-07,-4.712734941e-05,liquid_conductor
4.710108625e-07,-4.712734941e-05,liquid_conductor
7.388114821e-07,-4.712734941e-05,liquid_conductor
1.030777353e-06,-4.712734941e-05,liquid_conductor
1.349134956e-06,-4.712734941e-05,liquid_conductor
1.696071563e-06,-4.712734941e-05,liquid_conductor
2.065284294e-06,-4.712734941e-05,liquid_conductor
2.411371865e-06,-4.712734941e-05,liquid_conductor
2.728827367e-06,-4.712734941e-05,liquid_conductor
3.019944202e-06,-4.712734941e-05,liquid_conductor
3.287031469e-06,-4.712734941e-05,liquid_conductor
3.531983203e-06,-4.712734941e-05,liquid_conductor
3.756739224e-06,-4.712734941e-05,liquid_conductor
3.962851098e-06,-4.712734941e-05,liquid_conductor
4.151964219e-06,-4.712734941e-05,liquid_conductor
4.325432522e-06,-4.712734941e-05,liquid_conductor
4.484611324e-06,-4.712734941e-05,liquid_conductor
4.630594259e-06,-4.712734941e-05,liquid_conductor
4.764494569e-06,-4.712734941e-05,liquid_conductor
4.887303601e-06,-4.712734941e-05,liquid_conductor
5.000000000e-06,-4.712734941e-05,liquid_conductor
0.000000000e+00,-4.315692302e-05,liquid_conductor
2.253927972e-07,-4.315692302e-05,liquid_conductor
4.710108625e-07,-4.315692302e-05,liquid_conductor
7.388114821e-07,-4.315692302e-05,liquid_conductor
1.030777353e-06,-4.315692302e-05,liquid_conductor
1.349134956e-06,-4.315692302e-05,liquid_conductor
1.696071563e-06,-4.315692302e-05,liquid_conductor
2.065284294e-06,-4.315692302e-05,liquid_conductor
2.411371865e-06,-4.315692302e-05,liquid_conductor
2.728827367e-06,-4.315692302e-05,liquid_conductor
3.019944202e-06,-4.315692302e-05,liquid_conductor
3.287031469e-06,-4.315692302e-05,liquid_conductor
3.531983203e-06,-4.315692302e-05,liquid_conductor
3.756739224e-06,-4.315692302e-05,liquid_conductor
3.962851098e-06,-4.315692302e-05,liquid_conductor
4.151964219e-06,-4.315692302e-05,liquid_conductor
4.325432522e-06,-4.315692302e-05,liquid_conductor
4.484611324e-06,-4.315692302e-05,liquid_conductor
4.630594259e-06,-4.315692302e-05,liquid_conductor
4.764494569e-06,-4.315692302e-05,liquid_conductor
4.887303601e-06,-4.315692302e-05,liquid_conductor
5.000000000e-06,-4.315692302e-05,liquid_conductor
0.000000000e+00,-3.936482770e-05,liquid_conductor
2.253927972e-07,-3.936482770e-05,liquid_conductor
4.710108625e-07,-3.936482770e-05,liquid_conductor
7.388114821e-07,-3.936482770e-05,liquid_conductor
1.030777353e-06,-3.936482770e-05,liquid_conductor
1.349134956e-06,-3.936482770e-05,liquid_conductor
1.696071563e-06,-3.936482770e-05,liquid_conductor
2.065284294e-06,-3.936482770e-05,liquid_conductor
2.411371865e-06,-3.936482770e-05,liquid_conductor
2.728827367e-06,-3.936482770e-05,liquid_conductor
3.019944202e-06,-3.936482770e-05,liquid_conductor
3.287031469e-06,-3.936482770e-05,liquid_conductor
3.531983203e-06,-3.936482770e-05,liquid_conductor
3.756739224e-06,-3.936482770e-05,liquid_conductor
3.962851098e-06,-3.936482770e-05,liquid_conductor
4.151964219e-06,-3.936482770e-05,liquid_conductor
4.325432522e-06,-3.936482770e-05,liquid_conductor
4.484611324e-06,-3.936482770e-05,liquid_conductor
4.630594259e-06,-3.936482770e-05,liquid_conductor
4.764494569e-06,-3.936482770e-05,liquid_conductor
4.887303601e-06,-3.936482770e-05,liquid_conductor
5.000000000e-06,-3.936482770e-05,liquid_conductor
0.000000000e+00,-3.589748005e-05,liquid_conductor
2.253927972e-07,-3.589748005e-05,liquid_conductor
4.710108625e-07,-3.589748005e-05,liquid_conductor
7.388114821e-07,-3.589748005e-05,liquid_conductor
1.030777353e-06,-3.589748005e-05,liquid_conductor
1.349134956e-06,-3.589748005e-05,liquid_conductor
1.696071563e-06,-3.589748005e-05,liquid_conductor
2.065284294e-06,-3.589748005e-05,liquid_conductor
2.411371865e-06,-3.589748005e-05,liquid_conductor
2.728827367e-06,-3.589748005e-05,liquid_conductor
3.019944202e-06,-3.589748005e-05,liquid_conductor
3.287031469e-06,-3.589748005e-05,liquid_conductor
3.531983203e-06,-3.589748005e-05,liquid_conductor
3.756739224e-06,-3.589748005e-05,liquid_conductor
3.962851098e-06,-3.589748005e-05,liquid_conductor
4.151964219e-06,-3.589748005e-05,liquid_conductor
4.325432522e-06,-3.589748005e-05,liquid_conductor
4.484611324e-06,-3.589748005e-05,liquid_conductor
4.630594259e-06,-3.589748005e-05,liquid_conductor
4.764494569e-06,-3.589748005e-05,liquid_conductor
4.887303601e-06,-3.589748005e-05,liquid_conductor
5.000000000e-06,-3.589748005e-05,liquid_conductor
0.000000000e+00,-3.272535986e-05,liquid_conductor
2.253927972e-07,-3.272535986e-05,liquid_conductor
4.710108625e-07,-3.272535986e-05,liquid_conductor
7.388114821e-07,-3.272535986e-05,liquid_conductor
1.030777353e-06,-3.272535986e-05,liquid_conductor
1.349134956e-06,-3.272535986e-05,liquid_conductor
1.696071563e-06,-3.272535986e-05,liquid_conductor
2.065284294e-06,-3.272535986e-05,liquid_conductor
2.411371865e-06,-3.272535986e-05,liquid_conductor
2.728827367e-06,-3.272535986e-05,liquid_conductor
3.019944202e-06,-3.272535986e-05,liquid_conductor
3.287031469e-06,-3.272535986e-05,liquid_conductor
3.531983203e-06,-3.272535986e-05,liquid_conductor
3.756739224e-06,-3.272535986e-05,liquid_conductor
3.962851098e-06,-3.272535986e-05,liquid_conductor
4.151964219e-06,-3.272535986e-05,liquid_conductor
4.325432522e-06,-3.272535986e-05,liquid_conductor
4.484611324e-06,-3.272535986e-05,liquid_conductor
4.630594259e-06,-3.272535986e-05,liquid_conductor
4.764494569e-06,-3.272535986e-05,liquid_conductor
4.887303601e-06,-3.272535986e-05,liquid_conductor
5.000000000e-06,-3.272535986e-05,liquid_conductor
0.000000000e+00,-2.982463992e-05,liquid_conductor
2.253927972e-07,-2.982463992e-05,liquid_conductor
4.710108625e-07,-2.982463992e-05,liquid_conductor
7.388114821e-07,-2.982463992e-05,liquid_conductor
1.030777353e-06,-2.982463992e-05,liquid_conductor
1.349134956e-06,-2.982463992e-05,liquid_conductor
1.696071563e-06,-2.982463992e-05,liquid_conductor
2.065284294e-06,-2.982463992e-05,liquid_conductor
2.411371865e-06,-2.982463992e-05,liquid_conductor
2.728827367e-06,-2.982463992e-05,liquid_conductor
3.019944202e-06,-2.982463992e-05,liquid_conductor
3.287031469e-06,-2.982463992e-05,liquid_conductor
3.531983203e-06,-2.982463992e-05,liquid_conductor
3.756739224e-06,-2.982463992e-05,liquid_conductor
3.962851098e-06,-2.982463992e-05,liquid_conductor
4.151964219e-06,-2.982463992e-05,liquid_conductor
4.325432522e-06,-2.982463992e-05,liquid_conductor
4.484611324e-06,-2.982463992e-05,liquid_conductor
4.630594259e-06,-2.982463992e-05,liquid_conductor
4.764494569e-06,-2.982463992e-05,liquid_conductor
4.887303601e-06,-2.982463992e-05,liquid_conductor
5.000000000e-06,-2.982463992e-05,liquid_conductor
0.000000000e+00,-2.717059602e-05,liquid_conductor
2.253927972e-07,-2.717059602e-05,liquid_conductor
4.710108625e-07,-2.717059602e-05,liquid_conductor
7.388114821e-07,-2.717059602e-05,liquid_conductor
1.030777353e-06,-2.717059602e-05,liquid_conductor
1.349134956e-06,-2.717059602e-05,liquid_conductor
1.696071563e-06,-2.717059602e-05,liquid_conductor
2.065284294e-06,-2.717059602e-05,liquid_conductor
2.411371865e-06,-2.717059602e-05,liquid_conductor
2.728827367e-06,-2.717059602e-05,liquid_conductor
3.019944202e-06,-2.717059602e-05,liquid_conductor
3.287031469e-06,-2.717059602e-05,liquid_conductor
3.531983203e-06,-2.717059602e-05,liquid_conductor
3.756739224e-06,-2.717059602e-05,liquid_conductor
3.962851098e-06,-2.717059602e-05,liquid_conductor
4.151964219e-06,-2.717059602e-05,liquid_conductor
4.325432522e-06,-2.717059602e-05,liquid_conductor
4.484611324e-06,-2.717059602e-05,liquid_conductor
4.630594259e-06,-2.717059602e-05,liquid_conductor
4.764494569e-06,-2.717059602e-05,liquid_conductor
4.887303601e-06,-2.717059602e-05,liquid_conductor
5.000000000e-06,-2.717059602e-05,liquid_conductor
0.000000000e+00,-2.474437791e-05,liquid_conductor
2.253927972e-07,-2.474437791e-05,liquid_conductor
4.710108625e-07,-2.474437791e-05,liquid_conductor
7.388114821e-07,-2.474437791e-05,liquid_conductor
1.030777353e-06,-2.474437791e-05,liquid_conductor
1.349134956e-06,-2.474437791e-05,liquid_conductor
1.696071563e-06,-2.474437791e-05,liquid_conductor
2.065284294e-06,-2.474437791e-05,liquid_conductor
2.411371865e-06,-2.474437791e-05,liquid_conductor
2.728827367e-06,-2.474437791e-05,liquid_conductor
3.019944202e-06,-2.474437791e-05,liquid_conductor
3.287031469e-06,-2.474437791e-05,liquid_conductor
3.531983203e-06,-2.474437791e-05,liquid_conductor
3.756739224e-06,-2.474437791e-05,liquid_conductor
3.962851098e-06,-2.474437791e-05,liquid_conductor
4.151964219e-06,-2.474437791e-05,liquid_conductor
4.325432522e-06,-2.474437791e-05,liquid_conductor
4.484611324e-06,-2.474437791e-05,liquid_conductor
4.630594259e-06,-2.474437791e-05,liquid_conductor
4.764494569e-06,-2.474437791e-05,liquid_conductor
4.887303601e-06,-2.474437791e-05,liquid_conductor
5.000000000e-06,-2.474437791e-05,liquid_conductor
0.000000000e+00,-2.252430930e-05,liquid_conductor
2.253927972e-07,-2.252430930e-05,liquid_conductor
4.710108625e-07,-2.252430930e-05,liquid_conductor
7.388114821e-07,-2.252430930e-05,liquid_conductor
1.030777353e-06,-2.252430930e-05,liquid_conductor
1.349134956e-06,-2.252430930e-05,liquid_conductor
1.696071563e-06,-2.252430930e-05,liquid_conductor
2.065284294e-06,-2.252430930e-05,liquid_conductor
2.411371865e-06,-2.252430930e-05,liquid_conductor
2.728827367e-06,-2.252430930e-05,liquid_conductor
3.019944202e-06,-2.252430930e-05,liquid_conductor
3.287031469e-06,-2.252430930e-05,liquid_conductor
3.531983203e-06,-2.252430930e-05,liquid_conductor
3.756739224e-06,-2.252430930e-05,liquid_conductor
3.962851098e-06,-2.252430930e-05,liquid_conductor
4.151964219e-06,-2.252430930e-05,liquid_conductor
4.325432522e-06,-2.252430930e-05,liquid_conductor
4.484611324e-06,-2.252430930e-05,liquid_conductor
4.630594259e-06,-2.252430930e-05,liquid_conductor
4.764494569e-06,-2.252430930e-05,liquid_conductor
4.887303601e-06,-2.252430930e-05,liquid_conductor
5.000000000e-06,-2.252430930e-05,liquid_conductor
0.000000000e+00,-2.049503879e-05,liquid_conductor
2.253927972e-07,-2.049503879e-05,liquid_conductor
4.710108625e-07,-2.049503879e-05,liquid_conductor
7.388114821e-07,-2.049503879e-05,liquid_conductor
1.030777353e-06,-2.049503879e-05,liquid_conductor
1.349134956e-06,-2.049503879e-05,liquid_conductor
1.696071563e-06,-2.049503879e-05,liquid_conductor
2.065284294e-06,-2.049503879e-05,liquid_conductor
2.411371865e-06,-2.049503879e-05,liquid_conductor
2.728827367e-06,-2.049503879e-05,liquid_conductor
3.019944202e-06,-2.049503879e-05,liquid_conductor
3.287031469e-06,-2.049503879e-05,liquid_conductor
3.531983203e-06,-2.049503879e-05,liquid_conductor
3.756739224e-06,-2.049503879e-05,liquid_conductor
3.962851098e-06,-2.049503879e-05,liquid_conductor
4.151964219e-06,-2.049503879e-05,liquid_conductor
4.325432522e-06,-2.049503879e-05,liquid_conductor
4.484611324e-06,-2.049503879e-05,liquid_conductor
4.630594259e-06,-2.049503879e-05,liquid_conductor
4.764494569e-06,-2.049503879e-05,liquid_conductor
4.887303601e-06,-2.049503879e-05,liquid_conductor
5.000000000e-06,-2.049503879e-05,liquid_conductor
0.000000000e+00,-1.863768169e-05,liquid_conductor
2.253927972e-07,-1.863768169e-05,liquid_conductor
4.710108625e-07,-1.863768169e-05,liquid_conductor
7.388114821e-07,-1.863768169e-05,liquid_conductor
1.030777353e-06,-1.863768169e-05,liquid_conductor
1.349134956e-06,-1.863768169e-05,liquid_conductor
1.696071563e-06,-1.863768169e-05,liquid_conductor
2.065284294e-06,-1.863768169e-05,liquid_conductor
2.411371865e-06,-1.863768169e-05,liquid_conductor
2.728827367e-06,-1.863768169e-05,liquid_conductor
3.019944202e-06,-1.863768169e-05,liquid_conductor
3.287031469e-06,-1.863768169e-05,liquid_conductor
3.531983203e-06,-1.863768169e-05,liquid_conductor
3.756739224e-06,-1.863768169e-05,liquid_conductor
3.962851098e-06,-1.863768169e-05,liquid_conductor
4.151964219e-06,-1.863768169e-05,liquid_conductor
4.325432522e-06,-1.863768169e-05,liquid_conductor
4.484611324e-06,-1.863768169e-05,liquid_conductor
4.630594259e-06,-1.863768169e-05,liquid_conductor
4.764494569e-06,-1.863768169e-05,liquid_conductor
4.887303601e-06,-1.863768169e-05,liquid_conductor
5.000000000e-06,-1.863768169e-05,liquid_conductor
0.000000000e+00,-1.693949782e-05,liquid_conductor
2.253927972e-07,-1.693949782e-05,liquid_conductor
4.710108625e-07,-1.693949782e-05,liquid_conductor
7.388114821e-07,-1.693949782e-05,liquid_conductor
1.030777353e-06,-1.693949782e-05,liquid_conductor
1.349134956e-06,-1.693949782e-05,liquid_conductor
1.696071563e-06,-1.693949782e-05,liquid_conductor
2.065284294e-06,-1.693949782e-05,liquid_conductor
2.411371865e-06,-1.693949782e-05,liquid_conductor
2.728827367e-06,-1.693949782e-05,liquid_conductor
3.019944202e-06,-1.693949782e-05,liquid_conductor
3.287031469e-06,-1.693949782e-05,liquid_conductor
3.531983203e-06,-1.693949782e-05,liquid_conductor
3.756739224e-06,-1.693949782e-05,liquid_conductor
3.962851098e-06,-1.693949782e-05,liquid_conductor
4.151964219e-06,-1.693949782e-05,liquid_conductor
4.325432522e-06,-1.693949782e-05,liquid_conductor
4.484611324e-06,-1.693949782e-05,liquid_conductor
4.630594259e-06,-1.693949782e-05,liquid_conductor
4.764494569e-06,-1.693949782e-05,liquid_conductor
4.887303601e-06,-1.693949782e-05,liquid_conductor
5.000000000e-06,-1.693949782e-05,liquid_conductor
0.000000000e+00,-1.538643288e-05,liquid_conductor
2.253927972e-07,-1.538643288e-05,liquid_conductor
4.710108625e-07,-1.538643288e-05,liquid_conductor
7.388114821e-07,-1.538643288e-05,liquid_conductor
1.030777353e-06,-1.538643288e-05,liquid_conductor
1.349134956e-06,-1.538643288e-05,liquid_conductor
1.696071563e-06,-1.538643288e-05,liquid_conductor
2.065284294e-06,-1.538643288e-05,liquid_conductor
2.411371865e-06,-1.538643288e-05,liquid_conductor
2.728827367e-06,-1.538643288e-05,liquid_conductor
3.019944202e-06,-1.538643288e-05,liquid_conductor
3.287031469e-06,-1.538643288e-05,liquid_conductor
3.531983203e-06,-1.538643288e-05,liquid_conductor
3.756739224e-06,-1.538643288e-05,liquid_conductor
3.962851098e-06,-1.538643288e-05,liquid_conductor
4.151964219e-06,-1.538643288e-05,liquid_conductor
4.325432522e-06,-1.538643288e-05,liquid_conductor
4.484611324e-06,-1.538643288e-05,liquid_conductor
4.630594259e-06,-1.538643288e-05,liquid_conductor
4.764494569e-06,-1.538643288e-05,liquid_conductor
4.887303601e-06,-1.538643288e-05,liquid_conductor
5.000000000e-06,-1.538643288e-05,liquid_conductor
0.000000000e+00,-1.396596745e-05,liquid_conductor
2.253927972e-07,-1.396596745e-05,liquid_conductor
4.710108625e-07,-1.396596745e-05,liquid_conductor
7.388114821e-07,-1.396596745e-05,liquid_conductor
1.030777353e-06,-1.396596745e-05,liquid_conductor
1.349134956e-06,-1.396596745e-05,liquid_conductor
1.696071563e-06,-1.396596745e-05,liquid_conductor
2.065284294e-06,-1.396596745e-05,liquid_conductor
2.411371865e-06,-1.396596745e-05,liquid_conductor
2.728827367e-06,-1.396596745e-05,liquid_conductor
3.019944202e-06,-1.396596745e-05,liquid_conductor
3.287031469e-06,-1.396596745e-05,liquid_conductor
3.531983203e-06,-1.396596745e-05,liquid_conductor
3.756739224e-06,-1.396596745e-05,liquid_conductor
3.962851098e-06,-1.396596745e-05,liquid_conductor
4.151964219e-06,-1.396596745e-05,liquid_conductor
4.325432522e-06,-1.396596745e-05,liquid_conductor
4.484611324e-06,-1.396596745e-05,liquid_conductor
4.630594259e-06,-1.396596745e-05,liquid_conductor
4.764494569e-06,-1.396596745e-05,liquid_conductor
4.887303601e-06,-1.396596745e-05,liquid_conductor
5.000000000e-06,-1.396596745e-05,liquid_conductor
0.000000000e+00,-1.266637602e-05,liquid_conductor
2.253927972e-07,-1.266637602e-05,liquid_conductor
4.710108625e-07,-1.266637602e-05,liquid_conductor
7.388114821e-07,-1.266637602e-05,liquid_conductor
1.030777353e-06,-1.266637602e-05,liquid_conductor
1.349134956e-06,-1.266637602e-05,liquid_conductor
1.696071563e-06,-1.266637602e-05,liquid_conductor
2.065284294e-06,-1.266637602e-05,liquid_conductor
2.411371865e-06,-1.266637602e-05,liquid_conductor
2.728827367e-06,-1.266637602e-05,liquid_conductor
3.019944202e-06,-1.266637602e-05,liquid_conductor
3.287031469e-06,-1.266637602e-05,liquid_conductor
3.531983203e-06,-1.266637602e-05,liquid_conductor
3.756739224e-06,-1.266637602e-05,liquid_conductor
3.962851098e-06,-1.266637602e-05,liquid_conductor
4.151964219e-06,-1.266637602e-05,liquid_conductor
4.325432522e-06,-1.266637602e-05,liquid_conductor
4.484611324e-06,-1.266637602e-05,liquid_conductor
4.630594259e-06,-1.266637602e-05,liquid_conductor
4.764494569e-06,-1.266637602e-05,liquid_conductor
4.887303601e-06,-1.266637602e-05,liquid_conductor
5.000000000e-06,-1.266637602e-05,liquid_conductor
0.000000000e+00,-1.147805350e-05,liquid_conductor
2.253927972e-07,-1.147805350e-05,liquid_conductor
4.710108625e-07,-1.147805350e-05,liquid_conductor
7.388114821e-07,-1.147805350e-05,liquid_conductor
1.030777353e-06,-1.147805350e-05,liquid_conductor
1.349134956e-06,-1.147805350e-05,liquid_conductor
1.696071563e-06,-1.147805350e-05,liquid_conductor
2.065284294e-06,-1.147805350e-05,liquid_conductor
2.411371865e-06,-1.147805350e-05,liquid_conductor
2.728827367e-06,-1.147805350e-05,liquid_conductor
3.019944202e-06,-1.147805350e-05,liquid_conductor
3.287031469e-06,-1.147805350e-05,liquid_conductor
3.531983203e-06,-1.147805350e-05,liquid_conductor
3.756739224e-06,-1.147805350e-05,liquid_conductor
3.962851098e-06,-1.147805350e-05,liquid_conductor
4.151964219e-06,-1.147805350e-05,liquid_conductor
4.325432522e-06,-1.147805350e-05,liquid_conductor
4.484611324e-06,-1.147805350e-05,liquid_conductor
4.630594259e-06,-1.147805350e-05,liquid_conductor
4.764494569e-06,-1.147805350e-05,liquid_conductor
4.887303601e-06,-1.147805350e-05,liquid_conductor
5.000000000e-06,-1.147805350e-05,liquid_conductor
0.000000000e+00,-1.039168509e-05,liquid_conductor
2.253927972e-07,-1.039168509e-05,liquid_conductor
4.710108625e-07,-1.039168509e-05,liquid_conductor
7.388114821e-07,-1.039168509e-05,liquid_conductor
1.030777353e-06,-1.039168509e-05,liquid_conductor
1.349134956e-06,-1.039168509e-05,liquid_conductor
1.696071563e-06,-1.039168509e-05,liquid_conductor
2.065284294e-06,-1.039168509e-05,liquid_conductor
2.411371865e-06,-1.039168509e-05,liquid_conductor
2.728827367e-06,-1.039168509e-05,liquid_conductor
3.019944202e-06,-1.039168509e-05,liquid_conductor
3.287031469e-06,-1.039168509e-05,liquid_conductor
3.531983203e-06,-1.039168509e-05,liquid_conductor
3.756739224e-06,-1.039168509e-05,liquid_conductor
3.962851098e-06,-1.039168509e-05,liquid_conductor
4.151964219e-06,-1.039168509e-05,liquid_conductor
4.325432522e-06,-1.039168509e-05,liquid_conductor
4.484611324e-06,-1.039168509e-05,liquid_conductor
4.630594259e-06,-1.039168509e-05,liquid_conductor
4.764494569e-06,-1.039168509e-05,liquid_conductor
4.887303601e-06,-1.039168509e-05,liquid_conductor
5.000000000e-06,-1.039168509e-05,liquid_conductor
0.000000000e+00,-9.397341481e-06,liquid_conductor
2.253927972e-07,-9.397341481e-06,liquid_conductor
4.710108625e-07,-9.397341481e-06,liquid_conductor
7.388114821e-07,-9.397341481e-06,liquid_conductor
1.030777353e-06,-9.397341481e-06,liquid_conductor
1.349134956e-06,-9.397341481e-06,liquid_conductor
1.696071563e-06,-9.397341481e-06,liquid_conductor
2.065284294e-06,-9.397341481e-06,liquid_conductor
2.411371865e-06,-9.397341481e-06,liquid_conductor
2.728827367e-06,-9.397341481e-06,liquid_conductor
3.019944202e-06,-9.397341481e-06,liquid_conductor
3.287031469e-06,-9.397341481e-06,liquid_conductor
3.531983203e-06,-9.397341481e-06,liquid_conductor
3.756739224e-06,-9.397341481e-06,liquid_conductor
3.962851098e-06,-9.397341481e-06,liquid_conductor
4.151964219e-06,-9.397341481e-06,liquid_conductor
4.325432522e-06,-9.397341481e-06,liquid_conductor
4.484611324e-06,-9.397341481e-06,liquid_conductor
4.630594259e-06,-9.397341481e-06,liquid_conductor
4.764494569e-06,-9.397341481e-06,liquid_conductor
4.887303601e-06,-9.397341481e-06,liquid_conductor
5.000000000e-06,-9.397341481e-06,liquid_conductor
0.000000000e+00,-8.488159303e-06,liquid_conductor
2.253927972e-07,-8.488159303e-06,liquid_conductor
4.710108625e-07,-8.488159303e-06,liquid_conductor
7.388114821e-07,-8.488159303e-06,liquid_conductor
1.030777353e-06,-8.488159303e-06,liquid_conductor
1.349134956e-06,-8.488159303e-06,liquid_conductor
1.696071563e-06,-8.488159303e-06,liquid_conductor
2.065284294e-06,-8.488159303e-06,liquid_conductor
2.411371865e-06,-8.488159303e-06,liquid_conductor
2.728827367e-06,-8.488159303e-06,liquid_conductor
3.019944202e-06,-8.488159303e-06,liquid_conductor
3.287031469e-06,-8.488159303e-06,liquid_conductor
3.531983203e-06,-8.488159303e-06,liquid_conductor
3.756739224e-06,-8.488159303e-06,liquid_conductor
3.962851098e-06,-8.488159303e-06,liquid_conductor
4.151964219e-06,-8.488159303e-06,liquid_conductor
4.325432522e-06,-8.488159303e-06,liquid_conductor
4.484611324e-06,-8.488159303e-06,liquid_conductor
4.630594259e-06,-8.488159303e-06,liquid_conductor
4.764494569e-06,-8.488159303e-06,liquid_conductor
4.887303601e-06,-8.488159303e-06,liquid_conductor
5.000000000e-06,-8.488159303e-06,liquid_conductor
0.000000000e+00,-7.656650922e-06,liquid_conductor
2.253927972e-07,-7.656650922e-06,liquid_conductor
4.710108625e-07,-7.656650922e-06,liquid_conductor
7.388114821e-07,-7.656650922e-06,liquid_conductor
1.030777353e-06,-7.656650922e-06,liquid_conductor
1.349134956e-06,-7.656650922e-06,liquid_conductor
1.696071563e-06,-7.656650922e-06,liquid_conductor
2.065284294e-06,-7.656650922e-06,liquid_conductor
2.411371865e-06,-7.656650922e-06,liquid_conductor
2.728827367e-06,-7.656650922e-06,liquid_conductor
3.019944202e-06,-7.656650922e-06,liquid_conductor
3.287031469e-06,-7.656650922e-06,liquid_conductor
3.531983203e-06,-7.656650922e-06,liquid_conductor
3.756739224e-06,-7.656650922e-06,liquid_conductor
3.962851098e-06,-7.656650922e-06,liquid_conductor
4.151964219e-06,-7.656650922e-06,liquid_conductor
4.325432522e-06,-7.656650922e-06,liquid_conductor
4.484611324e-06,-7.656650922e-06,liquid_conductor
4.630594259e-06,-7.656650922e-06,liquid_conductor
4.764494569e-06,-7.656650922e-06,liquid_conductor
4.887303601e-06,-7.656650922e-06,liquid_conductor
5.000000000e-06,-7.656650922e-06,liquid_conductor
0.000000000e+00,-6.896081093e-06,liquid_conductor
2.253927972e-07,-6.896081093e-06,liquid_conductor
4.710108625e-07,-6.896081093e-06,liquid_conductor
7.388114821e-07,-6.896081093e-06,liquid_conductor
1.030777353e-06,-6.896081093e-06,liquid_conductor
1.349134956e-06,-6.896081093e-06,liquid_conductor
1.696071563e-06,-6.896081093e-06,liquid_conductor
2.065284294e-06,-6.896081093e-06,liquid_conductor
2.411371865e-06,-6.896081093e-06,liquid_conductor
2.728827367e-06,-6.896081093e-06,liquid_conductor
3.019944202e-06,-6.896081093e-06,liquid_conductor
3.287031469e-06,-6.896081093e-06,liquid_conductor
3.531983203e-06,-6.896081093e-06,liquid_conductor
3.756739224e-06,-6.896081093e-06,liquid_conductor
3.962851098e-06,-6.896081093e-06,liquid_conductor
4.151964219e-06,-6.896081093e-06,liquid_conductor
4.325432522e-06,-6.896081093e-06,liquid_conductor
4.484611324e-06,-6.896081093e-06,liquid_conductor
4.630594259e-06,-6.896081093e-06,liquid_conductor
4.764494569e-06,-6.896081093e-06,liquid_conductor
4.887303601e-06,-6.896081093e-06,liquid_conductor
5.000000000e-06,-6.896081093e-06,liquid_conductor
0.000000000e+00,-6.200474499e-06,liquid_conductor
2.253927972e-07,-6.200474499e-06,liquid_conductor
4.710108625e-07,-6.200474499e-06,liquid_conductor
7.388114821e-07,-6.200474499e-06,liquid_conductor
1.030777353e-06,-6.200474499e-06,liquid_conductor
1.349134956e-06,-6.200474499e-06,liquid_conductor
1.696071563e-06,-6.200474499e-06,liquid_conductor
2.065284294e-06,-6.200474499e-06,liquid_conductor
2.411371865e-06,-6.200474499e-06,liquid_conductor
2.728827367e-06,-6.200474499e-06,liquid_conductor
3.019944202e-06,-6.200474499e-06,liquid_conductor
3.287031469e-06,-6.200474499e-06,liquid_conductor
3.531983203e-06,-6.200474499e-06,liquid_conductor
3.756739224e-06,-6.200474499e-06,liquid_conductor
3.962851098e-06,-6.200474499e-06,liquid_conductor
4.151964219e-06,-6.200474499e-06,liquid_conductor
4.325432522e-06,-6.200474499e-06,liquid_conductor
4.484611324e-06,-6.200474499e-06,liquid_conductor
4.630594259e-06,-6.200474499e-06,liquid_conductor
4.764494569e-06,-6.200474499e-06,liquid_conductor
4.887303601e-06,-6.200474499e-06,liquid_conductor
5.000000000e-06,-6.200474499e-06,liquid_conductor
0.000000000e+00,-5.564470060e-06,liquid_conductor
2.253927972e-07,-5.564470060e-06,liquid_conductor
4.710108625e-07,-5.564470060e-06,liquid_conductor
7.388114821e-07,-5.564470060e-06,liquid_conductor
1.030777353e-06,-5.564470060e-06,liquid_conductor
1.349134956e-06,-5.564470060e-06,liquid_conductor
1.696071563e-06,-5.564470060e-06,liquid_conductor
2.065284294e-06,-5.564470060e-06,liquid_conductor
2.411371865e-06,-5.564470060e-06,liquid_conductor
2.728827367e-06,-5.564470060e-06,liquid_conductor
3.019944202e-06,-5.564470060e-06,liquid_conductor
3.287031469e-06,-5.564470060e-06,liquid_conductor
3.531983203e-06,-5.564470060e-06,liquid_conductor
3.756739224e-06,-5.564470060e-06,liquid_conductor
3.962851098e-06,-5.564470060e-06,liquid_conductor
4.151964219e-06,-5.564470060e-06,liquid_conductor
4.325432522e-06,-5.564470060e-06,liquid_conductor
4.484611324e-06,-5.564470060e-06,liquid_conductor
4.630594259e-06,-5.564470060e-06,liquid_conductor
4.764494569e-06,-5.564470060e-06,liquid_conductor
4.887303601e-06,-5.564470060e-06,liquid_conductor
5.000000000e-06,-5.564470060e-06,liquid_conductor
0.000000000e+00,-4.982633521e-06,liquid_conductor
2.253927972e-07,-4.982633521e-06,liquid_conductor
4.710108625e-07,-4.982633521e-06,liquid_conductor
7.388114821e-07,-4.982633521e-06,liquid_conductor
1.030777353e-06,-4.982633521e-06,liquid_conductor
1.349134956e-06,-4.982633521e-06,liquid_conductor
1.696071563e-06,-4.982633521e-06,liquid_conductor
2.065284294e-06,-4.982633521e-06,liquid_conductor
2.411371865e-06,-4.982633521e-06,liquid_conductor
2.728827367e-06,-4.982633521e-06,liquid_conductor
3.019944202e-06,-4.982633521e-06,liquid_conductor
3.287031469e-06,-4.982633521e-06,liquid_conductor
3.531983203e-06,-4.982633521e-06,liquid_conductor
3.756739224e-06,-4.982633521e-06,liquid_conductor
3.962851098e-06,-4.982633521e-06,liquid_conductor
4.151964219e-06,-4.982633521e-06,liquid_conductor
4.325432522e-06,-4.982633521e-06,liquid_conductor
4.484611324e-06,-4.982633521e-06,liquid_conductor
4.630594259e-06,-4.982633521e-06,liquid_conductor
4.764494569e-06,-4.982633521e-06,liquid_conductor
4.887303601e-06,-4.982633521e-06,liquid_conductor
5.000000000e-06,-4.982633521e-06,liquid_conductor
0.000000000e+00,-4.450209638e-06,liquid_conductor
2.253927972e-07,-4.450209638e-06,liquid_conductor
4.710108625e-07,-4.450209638e-06,liquid_conductor
7.388114821e-07,-4.450209638e-06,liquid_conductor
1.030777353e-06,-4.450209638e-06,liquid_conductor
1.349134956e-06,-4.450209638e-06,liquid_conductor
1.696071563e-06,-4.450209638e-06,liquid_conductor
2.065284294e-06,-4.450209638e-06,liquid_conductor
2.411371865e-06,-4.450209638e-06,liquid_conductor
2.728827367e-06,-4.450209638e-06,liquid_conductor
3.019944202e-06,-4.450209638e-06,liquid_conductor
3.287031469e-06,-4.450209638e-06,liquid_conductor
3.531983203e-06,-4.450209638e-06,liquid_conductor
3.756739224e-06,-4.450209638e-06,liquid_conductor
3.962851098e-06,-4.450209638e-06,liquid_conductor
4.151964219e-06,-4.450209638e-06,liquid_conductor
4.325432522e-06,-4.450209638e-06,liquid_conductor
4.484611324e-06,-4.450209638e-06,liquid_conductor
4.630594259e-06,-4.450209638e-06,liquid_conductor
4.764494569e-06,-4.450209638e-06,liquid_conductor
4.887303601e-06,-4.450209638e-06,liquid_conductor
5.000000000e-06,-4.450209638e-06,liquid_conductor
0.000000000e+00,-3.963521080e-06,liquid_conductor
2.253927972e-07,-3.963521080e-06,liquid_conductor
4.710108625e-07,-3.963521080e-06,liquid_conductor
7.388114821e-07,-3.963521080e-06,liquid_conductor
1.030777353e-06,-3.963521080e-06,liquid_conductor
1.349134956e-06,-3.963521080e-06,liquid_conductor
1.696071563e-06,-3.963521080e-06,liquid_conductor
2.065284294e-06,-3.963521080e-06,liquid_conductor
2.411371865e-06,-3.963521080e-06,liquid_conductor
2.728827367e-06,-3.963521080e-06,liquid_conductor
3.019944202e-06,-3.963521080e-06,liquid_conductor
3.287031469e-06,-3.963521080e-06,liquid_conductor
3.531983203e-06,-3.963521080e-06,liquid_conductor
3.756739224e-06,-3.963521080e-06,liquid_conductor
3.962851098e-06,-3.963521080e-06,liquid_conductor
4.151964219e-06,-3.963521080e-06,liquid_conductor
4.325432522e-06,-3.963521080e-06,liquid_conductor
4.484611324e-06,-3.963521080e-06,liquid_conductor
4.630594259e-06,-3.963521080e-06,liquid_conductor
4.764494569e-06,-3.963521080e-06,liquid_conductor
4.887303601e-06,-3.963521080e-06,liquid_conductor
5.000000000e-06,-3.963521080e-06,liquid_conductor
0.000000000e+00,-3.518296007e-06,liquid_conductor
2.253927972e-07,-3.518296007e-06,liquid_conductor
4.710108625e-07,-3.518296007e-06,liquid_conductor
7.388114821e-07,-3.518296007e-06,liquid_conductor
1.030777353e-06,-3.518296007e-06,liquid_conductor
1.349134956e-06,-3.518296007e-06,liquid_conductor
1.696071563e-06,-3.518296007e-06,liquid_conductor
2.065284294e-06,-3.518296007e-06,liquid_conductor
2.411371865e-06,-3.518296007e-06,liquid_conductor
2.728827367e-06,-3.518296007e-06,liquid_conductor
3.019944202e-06,-3.518296007e-06,liquid_conductor
3.287031469e-06,-3.518296007e-06,liquid_conductor
3.531983203e-06,-3.518296007e-06,liquid_conductor
3.756739224e-06,-3.518296007e-06,liquid_conductor
3.962851098e-06,-3.518296007e-06,liquid_conductor
4.151964219e-06,-3.518296007e-06,liquid_conductor
4.325432522e-06,-3.518296007e-06,liquid_conductor
4.484611324e-06,-3.518296007e-06,liquid_conductor
4.630594259e-06,-3.518296007e-06,liquid_conductor
4.764494569e-06,-3.518296007e-06,liquid_conductor
4.887303601e-06,-3.518296007e-06,liquid_conductor
5.000000000e-06,-3.518296007e-06,liquid_conductor
0.000000000e+00,-3.111160565e-06,liquid_conductor
2.253927972e-07,-3.111160565e-06,liquid_conductor
4.710108625e-07,-3.111160565e-06,liquid_conductor
7.388114821e-07,-3.111160565e-06,liquid_conductor
1.030777353e-06,-3.111160565e-06,liquid_conductor
1.349134956e-06,-3.111160565e-06,liquid_conductor
1.696071563e-06,-3.111160565e-06,liquid_conductor
2.065284294e-06,-3.111160565e-06,liquid_conductor
2.411371865e-06,-3.111160565e-06,liquid_conductor
2.728827367e-06,-3.111160565e-06,liquid_conductor
3.019944202e-06,-3.111160565e-06,liquid_conductor
3.287031469e-06,-3.111160565e-06,liquid_conductor
3.531983203e-06,-3.111160565e-06,liquid_conductor
3.756739224e-06,-3.111160565e-06,liquid_conductor
3.962851098e-06,-3.111160565e-06,liquid_conductor
4.151964219e-06,-3.111160565e-06,liquid_conductor
4.325432522e-06,-3.111160565e-06,liquid_conductor
4.484611324e-06,-3.111160565e-06,liquid_conductor
4.630594259e-06,-3.111160565e-06,liquid_conductor
4.764494569e-06,-3.111160565e-06,liquid_conductor
4.887303601e-06,-3.111160565e-06,liquid_conductor
5.000000000e-06,-3.111160565e-06,liquid_conductor
0.000000000e+00,-2.738819932e-06,liquid_conductor
2.253927972e-07,-2.738819932e-06,liquid_conductor
4.710108625e-07,-2.738819932e-06,liquid_conductor
7.388114821e-07,-2.738819932e-06,liquid_conductor
1.030777353e-06,-2.738819932e-06,liquid_conductor
1.349134956e-06,-2.738819932e-06,liquid_conductor
1.696071563e-06,-2.738819932e-06,liquid_conductor
2.065284294e-06,-2.738819932e-06,liquid_conductor
2.411371865e-06,-2.738819932e-06,liquid_conductor
2.728827367e-06,-2.738819932e-06,liquid_conductor
3.019944202e-06,-2.738819932e-06,liquid_conductor
3.287031469e-06,-2.738819932e-06,liquid_conductor
3.531983203e-06,-2.738819932e-06,liquid_conductor
3.756739224e-06,-2.738819932e-06,liquid_conductor
3.962851098e-06,-2.738819932e-06,liquid_conductor
4.151964219e-06,-2.738819932e-06,liquid_conductor
4.325432522e-06,-2.738819932e-06,liquid_conductor
4.484611324e-06,-2.738819932e-06,liquid_conductor
4.630594259e-06,-2.738819932e-06,liquid_conductor
4.764494569e-06,-2.738819932e-06,liquid_conductor
4.887303601e-06,-2.738819932e-06,liquid_conductor
5.000000000e-06,-2.738819932e-06,liquid_conductor
0.000000000e+00,-2.398176220e-06,liquid_conductor
2.253927972e-07,-2.398176220e-06,liquid_conductor
4.710108625e-07,-2.398176220e-06,liquid_conductor
7.388114821e-07,-2.398176220e-06,liquid_conductor
1.030777353e-06,-2.398176220e-06,liquid_conductor
1.349134956e-06,-2.398176220e-06,liquid_conductor
1.696071563e-06,-2.398176220e-06,liquid_conductor
2.065284294e-06,-2.398176220e-06,liquid_conductor
2.411371865e-06,-2.398176220e-06,liquid_conductor
2.728827367e-06,-2.398176220e-06,liquid_conductor
3.019944202e-06,-2.398176220e-06,liquid_conductor
3.287031469e-06,-2.398176220e-06,liquid_conductor
3.531983203e-06,-2.398176220e-06,liquid_conductor
3.756739224e-06,-2.398176220e-06,liquid_conductor
3.962851098e-06,-2.398176220e-06,liquid_conductor
4.151964219e-06,-2.398176220e-06,liquid_conductor
4.325432522e-06,-2.398176220e-06,liquid_conductor
4.484611324e-06,-2.398176220e-06,liquid_conductor
4.630594259e-06,-2.398176220e-06,liquid_conductor
4.764494569e-06,-2.398176220e-06,liquid_conductor
4.887303601e-06,-2.398176220e-06,liquid_conductor
5.000000000e-06,-2.398176220e-06,liquid_conductor
0.000000000e+00,-2.086756220e-06,liquid_conductor
2.253927972e-07,-2.086756220e-06,liquid_conductor
4.710108625e-07,-2.086756220e-06,liquid_conductor
7.388114821e-07,-2.086756220e-06,liquid_conductor
1.030777353e-06,-2.086756220e-06,liquid_conductor
1.349134956e-06,-2.086756220e-06,liquid_conductor
1.696071563e-06,-2.086756220e-06,liquid_conductor
2.065284294e-06,-2.086756220e-06,liquid_conductor
2.411371865e-06,-2.086756220e-06,liquid_conductor
2.728827367e-06,-2.086756220e-06,liquid_conductor
3.019944202e-06,-2.086756220e-06,liquid_conductor
3.287031469e-06,-2.086756220e-06,liquid_conductor
3.531983203e-06,-2.086756220e-06,liquid_conductor
3.756739224e-06,-2.086756220e-06,liquid_conductor
3.962851098e-06,-2.086756220e-06,liquid_conductor
4.151964219e-06,-2.086756220e-06,liquid_conductor
4.325432522e-06,-2.086756220e-06,liquid_conductor
4.484611324e-06,-2.086756220e-06,liquid_conductor
4.630594259e-06,-2.086756220e-06,liquid_conductor
4.764494569e-06,-2.086756220e-06,liquid_conductor
4.887303601e-06,-2.086756220e-06,liquid_conductor
5.000000000e-06,-2.086756220e-06,liquid_conductor
0.000000000e+00,-1.801827198e-06,liquid_conductor
2.253927972e-07,-1.801827198e-06,liquid_conductor
4.710108625e-07,-1.801827198e-06,liquid_conductor
7.388114821e-07,-1.801827198e-06,liquid_conductor
1.030777353e-06,-1.801827198e-06,liquid_conductor
1.349134956e-06,-1.801827198e-06,liquid_conductor
1.696071563e-06,-1.801827198e-06,liquid_conductor
2.065284294e-06,-1.801827198e-06,liquid_conductor
2.411371865e-06,-1.801827198e-06,liquid_conductor
2.728827367e-06,-1.801827198e-06,liquid_conductor
3.019944202e-06,-1.801827198e-06,liquid_conductor
3.287031469e-06,-1.801827198e-06,liquid_conductor
3.531983203e-06,-1.801827198e-06,liquid_conductor
3.756739224e-06,-1.801827198e-06,liquid_conductor
3.962851098e-06,-1.801827198e-06,liquid_conductor
4.151964219e-06,-1.801827198e-06,liquid_conductor
4.325432522e-06,-1.801827198e-06,liquid_conductor
4.484611324e-06,-1.801827198e-06,liquid_conductor
4.630594259e-06,-1.801827198e-06,liquid_conductor
4.764494569e-06,-1.801827198e-06,liquid_conductor
4.887303601e-06,-1.801827198e-06,liquid_conductor
5.000000000e-06,-1.801827198e-06,liquid_conductor
0.000000000e+00,-1.541265377e-06,liquid_conductor
2.253927972e-07,-1.541265377e-06,liquid_conductor
4.710108625e-07,-1.541265377e-06,liquid_conductor
7.388114821e-07,-1.541265377e-06,liquid_conductor
1.030777353e-06,-1.541265377e-06,liquid_conductor
1.349134956e-06,-1.541265377e-06,liquid_conductor
1.696071563e-06,-1.541265377e-06,liquid_conductor
2.065284294e-06,-1.541265377e-06,liquid_conductor
2.411371865e-06,-1.541265377e-06,liquid_conductor
2.728827367e-06,-1.541265377e-06,liquid_conductor
3.019944202e-06,-1.541265377e-06,liquid_conductor
3.287031469e-06,-1.541265377e-06,liquid_conductor
3.531983203e-06,-1.541265377e-06,liquid_conductor
3.756739224e-06,-1.541265377e-06,liquid_conductor
3.962851098e-06,-1.541265377e-06,liquid_conductor
4.151964219e-06,-1.541265377e-06,liquid_conductor
4.325432522e-06,-1.541265377e-06,liquid_conductor
4.484611324e-06,-1.541265377e-06,liquid_conductor
4.630594259e-06,-1.541265377e-06,liquid_conductor
4.764494569e-06,-1.541265377e-06,liquid_conductor
4.887303601e-06,-1.541265377e-06,liquid_conductor
5.000000000e-06,-1.541265377e-06,liquid_conductor
0.000000000e+00,-1.302845304e-06,liquid_conductor
2.253927972e-07,-1.302845304e-06,liquid_conductor
4.710108625e-07,-1.302845304e-06,liquid_conductor
7.388114821e-07,-1.302845304e-06,liquid_conductor
1.030777353e-06,-1.302845304e-06,liquid_conductor
1.349134956e-06,-1.302845304e-06,liquid_conductor
1.696071563e-06,-1.302845304e-06,liquid_conductor
2.065284294e-06,-1.302845304e-06,liquid_conductor
2.411371865e-06,-1.302845304e-06,liquid_conductor
2.728827367e-06,-1.302845304e-06,liquid_conductor
3.019944202e-06,-1.302845304e-06,liquid_conductor
3.287031469e-06,-1.302845304e-06,liquid_conductor
3.531983203e-06,-1.302845304e-06,liquid_conductor
3.756739224e-06,-1.302845304e-06,liquid_conductor
3.962851098e-06,-1.302845304e-06,liquid_conductor
4.151964219e-06,-1.302845304e-06,liquid_conductor
4.325432522e-06,-1.302845304e-06,liquid_conductor
4.484611324e-06,-1.302845304e-06,liquid_conductor
4.630594259e-06,-1.302845304e-06,liquid_conductor
4.764494569e-06,-1.302845304e-06,liquid_conductor
4.887303601e-06,-1.302845304e-06,liquid_conductor
5.000000000e-06,-1.302845304e-06,liquid_conductor
0.000000000e+00,-1.084830015e-06,liquid_conductor
2.253927972e-07,-1.084830015e-06,liquid_conductor
4.710108625e-07,-1.084830015e-06,liquid_conductor
7.388114821e-07,-1.084830015e-06,liquid_conductor
1.030777353e-06,-1.084830015e-06,liquid_conductor
1.349134956e-06,-1.084830015e-06,liquid_conductor
1.696071563e-06,-1.084830015e-06,liquid_conductor
2.065284294e-06,-1.084830015e-06,liquid_conductor
2.411371865e-06,-1.084830015e-06,liquid_conductor
2.728827367e-06,-1.084830015e-06,liquid_conductor
3.019944202e-06,-1.084830015e-06,liquid_conductor
3.287031469e-06,-1.084830015e-06,liquid_conductor
3.531983203e-06,-1.084830015e-06,liquid_conductor
3.756739224e-06,-1.084830015e-06,liquid_conductor
3.962851098e-06,-1.084830015e-06,liquid_conductor
4.151964219e-06,-1.084830015e-06,liquid_conductor
4.325432522e-06,-1.084830015e-06,liquid_conductor
4.484611324e-06,-1.084830015e-06,liquid_conductor
4.630594259e-06,-1.084830015e-06,liquid_conductor
4.764494569e-06,-1.084830015e-06,liquid_conductor
4.887303601e-06,-1.084830015e-06,liquid_conductor
5.000000000e-06,-1.084830015e-06,liquid_conductor
0.000000000e+00,-8.854934960e-07,liquid_conductor
2.253927972e-07,-8.854934960e-07,liquid_conductor
4.710108625e-07,-8.854934960e-07,liquid_conductor
7.388114821e-07,-8.854934960e-07,liquid_conductor
1.030777353e-06,-8.854934960e-07,liquid_conductor
1.349134956e-06,-8.854934960e-07,liquid_conductor
1.696071563e-06,-8.854934960e-07,liquid_conductor
2.065284294e-06,-8.854934960e-07,liquid_conductor
2.411371865e-06,-8.854934960e-07,liquid_conductor
2.728827367e-06,-8.854934960e-07,liquid_conductor
3.019944202e-06,-8.854934960e-07,liquid_conductor
3.287031469e-06,-8.854934960e-07,liquid_conductor
3.531983203e-06,-8.854934960e-07,liquid_conductor
3.756739224e-06,-8.854934960e-07,liquid_conductor
3.962851098e-06,-8.854934960e-07,liquid_conductor
4.151964219e-06,-8.854934960e-07,liquid_conductor
4.325432522e-06,-8.854934960e-07,liquid_conductor
4.484611324e-06,-8.854934960e-07,liquid_conductor
4.630594259e-06,-8.854934960e-07,liquid_conductor
4.764494569e-06,-8.854934960e-07,liquid_conductor
4.887303601e-06,-8.854934960e-07,liquid_conductor
5.000000000e-06,-8.854934960e-07,liquid_conductor
0.000000000e+00,-7.031154780e-07,liquid_conductor
2.253927972e-07,-7.031154780e-07,liquid_conductor
4.710108625e-07,-7.031154780e-07,liquid_conductor
7.388114821e-07,-7.031154780e-07,liquid_conductor
1.030777353e-06,-7.031154780e-07,liquid_conductor
1.349134956e-06,-7.031154780e-07,liquid_conductor
1.696071563e-06,-7.031154780e-07,liquid_conductor
2.065284294e-06,-7.031154780e-07,liquid_conductor
2.411371865e-06,-7.031154780e-07,liquid_conductor
2.728827367e-06,-7.031154780e-07,liquid_conductor
3.019944202e-06,-7.031154780e-07,liquid_conductor
3.287031469e-06,-7.031154780e-07,liquid_conductor
3.531983203e-06,-7.031154780e-07,liquid_conductor
3.756739224e-06,-7.031154780e-07,liquid_conductor
3.962851098e-06,-7.031154780e-07,liquid_conductor
4.151964219e-06,-7.031154780e-07,liquid_conductor
4.325432522e-06,-7.031154780e-07,liquid_conductor
4.484611324e-06,-7.031154780e-07,liquid_conductor
4.630594259e-06,-7.031154780e-07,liquid_conductor
4.764494569e-06,-7.031154780e-07,liquid_conductor
4.887303601e-06,-7.031154780e-07,liquid_conductor
5.000000000e-06,-7.031154780e-07,liquid_conductor
0.000000000e+00,-5.363926823e-07,liquid_conductor
2.253927972e-07,-5.363926823e-07,liquid_conductor
4.710108625e-07,-5.363926823e-07,liquid_conductor
7.388114821e-07,-5.363926823e-07,liquid_conductor
1.030777353e-06,-5.363926823e-07,liquid_conductor
1.349134956e-06,-5.363926823e-07,liquid_conductor
1.696071563e-06,-5.363926823e-07,liquid_conductor
2.065284294e-06,-5.363926823e-07,liquid_conductor
2.411371865e-06,-5.363926823e-07,liquid_conductor
2.728827367e-06,-5.363926823e-07,liquid_conductor
3.019944202e-06,-5.363926823e-07,liquid_conductor
3.287031469e-06,-5.363926823e-07,liquid_conductor
3.531983203e-06,-5.363926823e-07,liquid_conductor
3.756739224e-06,-5.363926823e-07,liquid_conductor
3.962851098e-06,-5.363926823e-07,liquid_conductor
4.151964219e-06,-5.363926823e-07,liquid_conductor
4.325432522e-06,-5.363926823e-07,liquid_conductor
4.484611324e-06,-5.363926823e-07,liquid_conductor
4.630594259e-06,-5.363926823e-07,liquid_conductor
4.764494569e-06,-5.363926823e-07,liquid_conductor
4.887303601e-06,-5.363926823e-07,liquid_conductor
5.000000000e-06,-5.363926823e-07,liquid_conductor
0.000000000e+00,-3.838315361e-07,liquid_conductor
2.253927972e-07,-3.838315361e-07,liquid_conductor
4.710108625e-07,-3.838315361e-07,liquid_conductor
7.388114821e-07,-3.838315361e-07,liquid_conductor
1.030777353e-06,-3.838315361e-07,liquid_conductor
1.349134956e-06,-3.838315361e-07,liquid_conductor
1.696071563e-06,-3.838315361e-07,liquid_conductor
2.065284294e-06,-3.838315361e-07,liquid_conductor
2.411371865e-06,-3.838315361e-07,liquid_conductor
2.728827367e-06,-3.838315361e-07,liquid_conductor
3.019944202e-06,-3.838315361e-07,liquid_conductor
3.287031469e-06,-3.838315361e-07,liquid_conductor
3.531983203e-06,-3.838315361e-07,liquid_conductor
3.756739224e-06,-3.838315361e-07,liquid_conductor
3.962851098e-06,-3.838315361e-07,liquid_conductor
4.151964219e-06,-3.838315361e-07,liquid_conductor
4.325432522e-06,-3.838315361e-07,liquid_conductor
4.484611324e-06,-3.838315361e-07,liquid_conductor
4.630594259e-06,-3.838315361e-07,liquid_conductor
4.764494569e-06,-3.838315361e-07,liquid_conductor
4.887303601e-06,-3.838315361e-07,liquid_conductor
5.000000000e-06,-3.838315361e-07,liquid_conductor
0.000000000e+00,-2.443623372e-07,liquid_conductor
2.253927972e-07,-2.443623372e-07,liquid_conductor
4.710108625e-07,-2.443623372e-07,liquid_conductor
7.388114821e-07,-2.443623372e-07,liquid_conductor
1.030777353e-06,-2.443623372e-07,liquid_conductor
1.349134956e-06,-2.443623372e-07,liquid_conductor
1.696071563e-06,-2.443623372e-07,liquid_conductor
2.065284294e-06,-2.443623372e-07,liquid_conductor
2.411371865e-06,-2.443623372e-07,liquid_conductor
2.728827367e-06,-2.443623372e-07,liquid_conductor
3.019944202e-06,-2.443623372e-07,liquid_conductor
3.287031469e-06,-2.443623372e-07,liquid_conductor
3.531983203e-06,-2.443623372e-07,liquid_conductor
3.756739224e-06,-2.443623372e-07,liquid_conductor
3.962851098e-06,-2.443623372e-07,liquid_conductor
4.151964219e-06,-2.443623372e-07,liquid_conductor
4.325432522e-06,-2.443623372e-07,liquid_conductor
4.484611324e-06,-2.443623372e-07,liquid_conductor
4.630594259e-06,-2.443623372e-07,liquid_conductor
4.764494569e-06,-2.443623372e-07,liquid_conductor
4.887303601e-06,-2.443623372e-07,liquid_conductor
5.000000000e-06,-2.443623372e-07,liquid_conductor
0.000000000e+00,-1.167054380e-07,liquid_conductor
2.253927972e-07,-1.167054380e-07,liquid_conductor
4.710108625e-07,-1.167054380e-07,liquid_conductor
7.388114821e-07,-1.167054380e-07,liquid_conductor
1.030777353e-06,-1.167054380e-07,liquid_conductor
1.349134956e-06,-1.167054380e-07,liquid_conductor
1.696071563e-06,-1.167054380e-07,liquid_conductor
2.065284294e-06,-1.167054380e-07,liquid_conductor
2.411371865e-06,-1.167054380e-07,liquid_conductor
2.728827367e-06,-1.167054380e-07,liquid_conductor
3.019944202e-06,-1.167054380e-07,liquid_conductor
3.287031469e-06,-1.167054380e-07,liquid_conductor
3.531983203e-06,-1.167054380e-07,liquid_conductor
3.756739224e-06,-1.167054380e-07,liquid_conductor
3.962851098e-06,-1.167054380e-07,liquid_conductor
4.151964219e-06,-1.167054380e-07,liquid_conductor
4.325432522e-06,-1.167054380e-07,liquid_conductor
4.484611324e-06,-1.167054380e-07,liquid_conductor
4.630594259e-06,-1.167054380e-07,liquid_conductor
4.764494569e-06,-1.167054380e-07,liquid_conductor
4.887303601e-06,-1.167054380e-07,liquid_conductor
5.000000000e-06,-1.167054380e-07,liquid_conductor
0.000000000e+00,0.000000000e+00,liquid_conductor
2.253927972e-07,0.000000000e+00,liquid_conductor
4.710108625e-07,0.000000000e+00,liquid_conductor
7.388114821e-07,0.000000000e+00,liquid_conductor
1.030777353e-06,0.000000000e+00,liquid_conductor
1.349134956e-06,0.000000000e+00,liquid_conductor
1.696071563e-06,0.000000000e+00,liquid_conductor
2.065284294e-06,0.000000000e+00,liquid_conductor
2.411371865e-06,0.000000000e+00,liquid_conductor
2.728827367e-06,0.000000000e+00,liquid_conductor
3.019944202e-06,0.000000000e+00,liquid_conductor
3.287031469e-06,0.000000000e+00,liquid_conductor
3.531983203e-06,0.000000000e+00,liquid_conductor
3.756739224e-06,0.000000000e+00,liquid_conductor
3.962851098e-06,0.000000000e+00,liquid_conductor
4.151964219e-06,0.000000000e+00,liquid_conductor
4.325432522e-06,0.000000000e+00,liquid_conductor
4.484611324e-06,0.000000000e+00,liquid_conductor
4.630594259e-06,0.000000000e+00,liquid_conductor
4.764494569e-06,0.000000000e+00,liquid_conductor
4.887303601e-06,0.000000000e+00,liquid_conductor
5.000000000e-06,0.000000000e+00,liquid_conductor
2.000000000e-04,5.000000000e-04,extractor_metallisation
2.023073590e-04,5.000000000e-04,extractor_metallisation
2.048262778e-04,5.000000000e-04,extractor_metallisation
2.075787525e-04,5.000000000e-04,extractor_metallisation
2.105843091e-04,5.000000000e-04,extractor_metallisation
2.138679432e-04,5.000000000e-04,extractor_metallisation
2.174546697e-04,5.000000000e-04,extractor_metallisation
2.213724959e-04,5.000000000e-04,extractor_metallisation
2.256503856e-04,5.000000000e-04,extractor_metallisation
2.303242912e-04,5.000000000e-04,extractor_metallisation
2.354283816e-04,5.000000000e-04,extractor_metallisation
2.410037832e-04,5.000000000e-04,extractor_metallisation
2.470936058e-04,5.000000000e-04,extractor_metallisation
2.537446444e-04,5.000000000e-04,extractor_metallisation
2.610133227e-04,5.000000000e-04,extractor_metallisation
2.689484386e-04,5.000000000e-04,extractor_metallisation
2.776157494e-04,5.000000000e-04,extractor_metallisation
2.870851727e-04,5.000000000e-04,extractor_metallisation
2.974263273e-04,5.000000000e-04,extractor_metallisation
3.087203809e-04,5.000000000e-04,extractor_metallisation
3.210579460e-04,5.000000000e-04,extractor_metallisation
3.345353188e-04,5.000000000e-04,extractor_metallisation
3.492615949e-04,5.000000000e-04,extractor_metallisation
3.653317449e-04,5.000000000e-04,extractor_metallisation
3.828930231e-04,5.000000000e-04,extractor_metallisation
4.020809215e-04,5.000000000e-04,extractor_metallisation
4.230318110e-04,5.000000000e-04,extractor_metallisation
4.459114310e-04,5.000000000e-04,extractor_metallisation
4.709074923e-04,5.000000000e-04,extractor_metallisation
4.982272631e-04,5.000000000e-04,extractor_metallisation
5.280468223e-04,5.000000000e-04,extractor_metallisation
5.606176878e-04,5.000000000e-04,extractor_metallisation
5.961968980e-04,5.000000000e-04,extractor_metallisation
6.350512450e-04,5.000000000e-04,extractor_metallisation
6.774964929e-04,5.000000000e-04,extractor_metallisation
7.238672441e-04,5.000000000e-04,extractor_metallisation
7.745057743e-04,5.000000000e-04,extractor_metallisation
8.298365598e-04,5.000000000e-04,extractor_metallisation
8.902404685e-04,5.000000000e-04,extractor_metallisation
9.562452265e-04,5.000000000e-04,extractor_metallisation
1.028315419e-03,5.000000000e-04,extractor_metallisation
1.107064121e-03,5.000000000e-04,extractor_metallisation
1.193057227e-03,5.000000000e-04,extractor_metallisation
1.286983765e-03,5.000000000e-04,extractor_metallisation
1.389582490e-03,5.000000000e-04,extractor_metallisation
1.501687528e-03,5.000000000e-04,extractor_metallisation
1.618967549e-03,5.000000000e-04,extractor_metallisation
1.727165678e-03,5.000000000e-04,extractor_metallisation
1.826235815e-03,5.000000000e-04,extractor_metallisation
1.916950625e-03,5.000000000e-04,extractor_metallisation
2.000000000e-03,5.000000000e-04,extractor_metallisation
2.000000000e-04,5.022969668e-04,extractor_metallisation
2.000000000e-04,5.048048560e-04,extractor_metallisation
2.000000000e-04,5.075428313e-04,extractor_metallisation
2.000000000e-04,5.105319471e-04,extractor_metallisation
2.000000000e-04,5.137978853e-04,extractor_metallisation
2.000000000e-04,5.173614754e-04,extractor_metallisation
2.000000000e-04,5.212528289e-04,extractor_metallisation
2.000000000e-04,5.255021734e-04,extractor_metallisation
2.000000000e-04,5.301414746e-04,extractor_metallisation
2.000000000e-04,5.352059545e-04,extractor_metallisation
2.000000000e-04,5.407370895e-04,extractor_metallisation
2.000000000e-04,5.467759499e-04,extractor_metallisation
2.000000000e-04,5.532240501e-04,extractor_metallisation
2.000000000e-04,5.592629105e-04,extractor_metallisation
2.000000000e-04,5.647940455e-04,extractor_metallisation
2.000000000e-04,5.698585254e-04,extractor_metallisation
2.000000000e-04,5.744978266e-04,extractor_metallisation
2.000000000e-04,5.787471711e-04,extractor_metallisation
2.000000000e-04,5.826385246e-04,extractor_metallisation
2.000000000e-04,5.862021147e-04,extractor_metallisation
2.000000000e-04,5.894680529e-04,extractor_metallisation
2.000000000e-04,5.924571687e-04,extractor_metallisation
2.000000000e-04,5.951951440e-04,extractor_metallisation
2.000000000e-04,5.977030332e-04,extractor_metallisation
2.000000000e-04,6.000000000e-04,extractor_metallisation
