# boundary elements; revolved_area = pi*(r_a+r_b)*L, exactly 0 on the axis
index,curve_name,boundary_id,kind,side_a,side_b,node_a,node_b,r_a_m,z_a_m,r_b_m,z_b_m,r_mid_m,z_mid_m,n_r,n_z,meridian_length_m,revolved_area_m2
0,symmetry_axis.liquid,symmetry_axis,axis_symmetry,liquid,liquid,0,1,0.00000000000000000e+00,0.00000000000000000e+00,0.00000000000000000e+00,-7.07432765486371983e-07,0.00000000000000000e+00,-3.53716382743185992e-07,-1.000000000e+00,0.000000000e+00,7.07432765486371983e-07,0.00000000000000000e+00
1,symmetry_axis.liquid,symmetry_axis,axis_symmetry,liquid,liquid,1,2,0.00000000000000000e+00,-7.07432765486371983e-07,0.00000000000000000e+00,-1.61513987249480764e-06,0.00000000000000000e+00,-1.16128631899058971e-06,-1.000000000e+00,0.000000000e+00,9.07707107008435661e-07,0.00000000000000000e+00
2,symmetry_axis.liquid,symmetry_axis,axis_symmetry,liquid,liquid,2,3,0.00000000000000000e+00,-1.61513987249480764e-06,0.00000000000000000e+00,-2.77957078502872568e-06,0.00000000000000000e+00,-2.19735532876176645e-06,-1.000000000e+00,0.000000000e+00,1.16443091253391804e-06,0.00000000000000000e+00
3,symmetry_axis.liquid,symmetry_axis,axis_symmetry,liquid,liquid,3,4,0.00000000000000000e+00,-2.77957078502872568e-06,0.00000000000000000e+00,-4.27352548181960881e-06,0.00000000000000000e+00,-3.52654813342416704e-06,-1.000000000e+00,0.000000000e+00,1.49395469679088313e-06,0.00000000000000000e+00
4,symmetry_axis.liquid,symmetry_axis,axis_symmetry,liquid,liquid,4,5,0.00000000000000000e+00,-4.27352548181960881e-06,0.00000000000000000e+00,-6.18725531530687648e-06,0.00000000000000000e+00,-5.23039039856324307e-06,-1.000000000e+00,0.000000000e+00,1.91372983348726767e-06,0.00000000000000000e+00
5,symmetry_axis.liquid,symmetry_axis,axis_symmetry,liquid,liquid,5,6,0.00000000000000000e+00,-6.18725531530687648e-06,0.00000000000000000e+00,-8.55645603900191814e-06,0.00000000000000000e+00,-7.37185567715439773e-06,-1.000000000e+00,0.000000000e+00,2.36920072369504166e-06,0.00000000000000000e+00
6,symmetry_axis.liquid,symmetry_axis,axis_symmetry,liquid,liquid,6,7,0.00000000000000000e+00,-8.55645603900191814e-06,0.00000000000000000e+00,-1.14932723005578547e-05,0.00000000000000000e+00,-1.00248641697798864e-05,-1.000000000e+00,0.000000000e+00,2.93681626155593652e-06,0.00000000000000000e+00
7,symmetry_axis.liquid,symmetry_axis,axis_symmetry,liquid,liquid,7,8,0.00000000000000000e+00,-1.14932723005578547e-05,0.00000000000000000e+00,-1.51832741623274401e-05,0.00000000000000000e+00,-1.33382732314426474e-05,-1.000000000e+00,0.000000000e+00,3.69000186176958545e-06,0.00000000000000000e+00
8,symmetry_axis.liquid,symmetry_axis,axis_symmetry,liquid,liquid,8,9,0.00000000000000000e+00,-1.51832741623274401e-05,0.00000000000000000e+00,-1.98580062995055867e-05,0.00000000000000000e+00,-1.75206402309165151e-05,-1.000000000e+00,0.000000000e+00,4.67473213717814660e-06,0.00000000000000000e+00
9,symmetry_axis.liquid,symmetry_axis,axis_symmetry,liquid,liquid,9,10,0.00000000000000000e+00,-1.98580062995055867e-05,0.00000000000000000e+00,-2.58101254027462640e-05,0.00000000000000000e+00,-2.28340658511259254e-05,-1.000000000e+00,0.000000000e+00,5.95211910324067731e-06,0.00000000000000000e+00
10,symmetry_axis.liquid,symmetry_axis,axis_symmetry,liquid,liquid,10,11,0.00000000000000000e+00,-2.58101254027462640e-05,0.00000000000000000e+00,-3.34116127720345053e-05,0.00000000000000000e+00,-2.96108690873903847e-05,-1.000000000e+00,0.000000000e+00,7.60148736928824130e-06,0.00000000000000000e+00
11,symmetry_axis.liquid,symmetry_axis,axis_symmetry,liquid,liquid,11,12,0.00000000000000000e+00,-3.34116127720345053e-05,0.00000000000000000e+00,-4.23958843233044068e-05,0.00000000000000000e+00,-3.79037485476694527e-05,-1.000000000e+00,0.000000000e+00,8.98427155126990147e-06,0.00000000000000000e+00
12,symmetry_axis.liquid,symmetry_axis,axis_symmetry,liquid,liquid,12,13,0.00000000000000000e+00,-4.23958843233044068e-05,0.00000000000000000e+00,-5.03044389256808200e-05,0.00000000000000000e+00,-4.63501616244926134e-05,-1.000000000e+00,0.000000000e+00,7.90855460237641322e-06,0.00000000000000000e+00
13,symmetry_axis.liquid,symmetry_axis,axis_symmetry,liquid,liquid,13,14,0.00000000000000000e+00,-5.03044389256808200e-05,0.00000000000000000e+00,-5.74069160991290769e-05,0.00000000000000000e+00,-5.38556775124049485e-05,-1.000000000e+00,0.000000000e+00,7.10247717344825689e-06,0.00000000000000000e+00
14,symmetry_axis.liquid,symmetry_axis,axis_symmetry,liquid,liquid,14,15,0.00000000000000000e+00,-5.74069160991290769e-05,0.00000000000000000e+00,-6.42885967554485284e-05,0.00000000000000000e+00,-6.08477564272888027e-05,-1.000000000e+00,0.000000000e+00,6.88168065631945152e-06,0.00000000000000000e+00
15,symmetry_axis.liquid,symmetry_axis,axis_symmetry,liquid,liquid,15,16,0.00000000000000000e+00,-6.42885967554485284e-05,0.00000000000000000e+00,-7.15341548551631399e-05,0.00000000000000000e+00,-6.79113758053058274e-05,-1.000000000e+00,0.000000000e+00,7.24555809971461149e-06,0.00000000000000000e+00
16,symmetry_axis.liquid,symmetry_axis,axis_symmetry,liquid,liquid,16,17,0.00000000000000000e+00,-7.15341548551631399e-05,0.00000000000000000e+00,-7.97300636943002518e-05,0.00000000000000000e+00,-7.56321092747316891e-05,-1.000000000e+00,0.000000000e+00,8.19590883913711191e-06,0.00000000000000000e+00
17,symmetry_axis.liquid,symmetry_axis,axis_symmetry,liquid,liquid,17,18,0.00000000000000000e+00,-7.97300636943002518e-05,0.00000000000000000e+00,-8.94832817127074799e-05,0.00000000000000000e+00,-8.46066727035038591e-05,-1.000000000e+00,0.000000000e+00,9.75321801840722802e-06,0.00000000000000000e+00
18,symmetry_axis.liquid,symmetry_axis,axis_symmetry,liquid,liquid,18,19,0.00000000000000000e+00,-8.94832817127074799e-05,0.00000000000000000e+00,-1.01462286839736762e-04,0.00000000000000000e+00,-9.54727842762221278e-05,-1.000000000e+00,0.000000000e+00,1.19790051270292824e-05,0.00000000000000000e+00
19,symmetry_axis.liquid,symmetry_axis,axis_symmetry,liquid,liquid,19,20,0.00000000000000000e+00,-1.01462286839736762e-04,0.00000000000000000e+00,-1.16449881084037919e-04,0.00000000000000000e+00,-1.08956083961887334e-04,-1.000000000e+00,0.000000000e+00,1.49875942443011568e-05,0.00000000000000000e+00
20,symmetry_axis.liquid,symmetry_axis,axis_symmetry,liquid,liquid,20,21,0.00000000000000000e+00,-1.16449881084037919e-04,0.00000000000000000e+00,-1.35401724946396452e-04,0.00000000000000000e+00,-1.25925803015217185e-04,-1.000000000e+00,0.000000000e+00,1.89518438623585326e-05,0.00000000000000000e+00
21,symmetry_axis.liquid,symmetry_axis,axis_symmetry,liquid,liquid,21,22,0.00000000000000000e+00,-1.35401724946396452e-04,0.00000000000000000e+00,-1.59512353739791528e-04,0.00000000000000000e+00,-1.47457039343093976e-04,-1.000000000e+00,0.000000000e+00,2.41106287933950763e-05,0.00000000000000000e+00
22,symmetry_axis.liquid,symmetry_axis,axis_symmetry,liquid,liquid,22,23,0.00000000000000000e+00,-1.59512353739791528e-04,0.00000000000000000e+00,-1.90293407045028504e-04,0.00000000000000000e+00,-1.74902880392410016e-04,-1.000000000e+00,0.000000000e+00,3.07810533052369764e-05,0.00000000000000000e+00
23,symmetry_axis.liquid,symmetry_axis,axis_symmetry,liquid,liquid,23,24,0.00000000000000000e+00,-1.90293407045028504e-04,0.00000000000000000e+00,-2.29627330343832328e-04,0.00000000000000000e+00,-2.09960368694430430e-04,-1.000000000e+00,0.000000000e+00,3.93339232988038242e-05,0.00000000000000000e+00
24,symmetry_axis.liquid,symmetry_axis,axis_symmetry,liquid,liquid,24,25,0.00000000000000000e+00,-2.29627330343832328e-04,0.00000000000000000e+00,-2.67758447161168547e-04,0.00000000000000000e+00,-2.48692888752500424e-04,-1.000000000e+00,0.000000000e+00,3.81311168173362181e-05,0.00000000000000000e+00
25,symmetry_axis.liquid,symmetry_axis,axis_symmetry,liquid,liquid,25,26,0.00000000000000000e+00,-2.67758447161168547e-04,0.00000000000000000e+00,-2.97478852094701276e-04,0.00000000000000000e+00,-2.82618649627934884e-04,-1.000000000e+00,0.000000000e+00,2.97204049335327296e-05,0.00000000000000000e+00
26,symmetry_axis.liquid,symmetry_axis,axis_symmetry,liquid,liquid,26,27,0.00000000000000000e+00,-2.97478852094701276e-04,0.00000000000000000e+00,-3.20643723964338795e-04,0.00000000000000000e+00,-3.09061288029520063e-04,-1.000000000e+00,0.000000000e+00,2.31648718696375188e-05,0.00000000000000000e+00
27,symmetry_axis.liquid,symmetry_axis,axis_symmetry,liquid,liquid,27,28,0.00000000000000000e+00,-3.20643723964338795e-04,0.00000000000000000e+00,-3.38699036270847359e-04,0.00000000000000000e+00,-3.29671380117593077e-04,-1.000000000e+00,0.000000000e+00,1.80553123065085646e-05,0.00000000000000000e+00
28,symmetry_axis.liquid,symmetry_axis,axis_symmetry,liquid,liquid,28,29,0.00000000000000000e+00,-3.38699036270847359e-04,0.00000000000000000e+00,-3.52771823908665997e-04,0.00000000000000000e+00,-3.45735430089756678e-04,-1.000000000e+00,0.000000000e+00,1.40727876378186380e-05,0.00000000000000000e+00
29,symmetry_axis.liquid,symmetry_axis,axis_symmetry,liquid,liquid,29,30,0.00000000000000000e+00,-3.52771823908665997e-04,0.00000000000000000e+00,-3.63740537552495176e-04,0.00000000000000000e+00,-3.58256180730580614e-04,-1.000000000e+00,0.000000000e+00,1.09687136438291785e-05,0.00000000000000000e+00
30,symmetry_axis.liquid,symmetry_axis,axis_symmetry,liquid,liquid,30,31,0.00000000000000000e+00,-3.63740537552495176e-04,0.00000000000000000e+00,-3.72289824106192073e-04,0.00000000000000000e+00,-3.68015180829343652e-04,-1.000000000e+00,0.000000000e+00,8.54928655369689748e-06,0.00000000000000000e+00
31,symmetry_axis.liquid,symmetry_axis,axis_symmetry,liquid,liquid,31,32,0.00000000000000000e+00,-3.72289824106192073e-04,0.00000000000000000e+00,-3.78953364103355771e-04,0.00000000000000000e+00,-3.75621594104773922e-04,-1.000000000e+00,0.000000000e+00,6.66353999716369754e-06,0.00000000000000000e+00
32,symmetry_axis.liquid,symmetry_axis,axis_symmetry,liquid,liquid,32,33,0.00000000000000000e+00,-3.78953364103355771e-04,0.00000000000000000e+00,-3.84147127330800356e-04,0.00000000000000000e+00,-3.81550245717078064e-04,-1.000000000e+00,0.000000000e+00,5.19376322744458541e-06,0.00000000000000000e+00
33,symmetry_axis.liquid,symmetry_axis,axis_symmetry,liquid,liquid,33,34,0.00000000000000000e+00,-3.84147127330800356e-04,0.00000000000000000e+00,-3.88195260422216973e-04,0.00000000000000000e+00,-3.86171193876508638e-04,-1.000000000e+00,0.000000000e+00,4.04813309141661666e-06,0.00000000000000000e+00
34,symmetry_axis.liquid,symmetry_axis,axis_symmetry,liquid,liquid,34,35,0.00000000000000000e+00,-3.88195260422216973e-04,0.00000000000000000e+00,-3.91350447275594815e-04,0.00000000000000000e+00,-3.89772853848905894e-04,-1.000000000e+00,0.000000000e+00,3.15518685337784228e-06,0.00000000000000000e+00
35,symmetry_axis.liquid,symmetry_axis,axis_symmetry,liquid,liquid,35,36,0.00000000000000000e+00,-3.91350447275594815e-04,0.00000000000000000e+00,-3.93809700122614028e-04,0.00000000000000000e+00,-3.92580073699104449e-04,-1.000000000e+00,0.000000000e+00,2.45925284701921246e-06,0.00000000000000000e+00
36,symmetry_axis.liquid,symmetry_axis,axis_symmetry,liquid,liquid,36,37,0.00000000000000000e+00,-3.93809700122614028e-04,0.00000000000000000e+00,-3.95726474518180282e-04,0.00000000000000000e+00,-3.94768087320397155e-04,-1.000000000e+00,0.000000000e+00,1.91677439556625379e-06,0.00000000000000000e+00
37,symmetry_axis.liquid,symmetry_axis,axis_symmetry,liquid,liquid,37,38,0.00000000000000000e+00,-3.95726474518180282e-04,0.00000000000000000e+00,-3.97220429214971231e-04,0.00000000000000000e+00,-3.96473451866575784e-04,-1.000000000e+00,0.000000000e+00,1.49395469679094962e-06,0.00000000000000000e+00
38,symmetry_axis.liquid,symmetry_axis,axis_symmetry,liquid,liquid,38,39,0.00000000000000000e+00,-3.97220429214971231e-04,0.00000000000000000e+00,-3.98384860127505135e-04,0.00000000000000000e+00,-3.97802644671238210e-04,-1.000000000e+00,0.000000000e+00,1.16443091253390406e-06,0.00000000000000000e+00
39,symmetry_axis.liquid,symmetry_axis,axis_symmetry,liquid,liquid,39,40,0.00000000000000000e+00,-3.98384860127505135e-04,0.00000000000000000e+00,-3.99292567234513576e-04,0.00000000000000000e+00,-3.98838713681009356e-04,-1.000000000e+00,0.000000000e+00,9.07707107008440955e-07,0.00000000000000000e+00
40,symmetry_axis.liquid,symmetry_axis,axis_symmetry,liquid,liquid,40,41,0.00000000000000000e+00,-3.99292567234513576e-04,0.00000000000000000e+00,-3.99999999999999965e-04,0.00000000000000000e+00,-3.99646283617256771e-04,-1.000000000e+00,0.000000000e+00,7.07432765486388712e-07,0.00000000000000000e+00
41,symmetry_axis.vacuum,symmetry_axis,axis_symmetry,vacuum,vacuum,42,43,0.00000000000000000e+00,1.50000000000000003e-03,0.00000000000000000e+00,1.41321132017072928e-03,0.00000000000000000e+00,1.45660566008536455e-03,-1.000000000e+00,0.000000000e+00,8.67886798292707550e-05,0.00000000000000000e+00
42,symmetry_axis.vacuum,symmetry_axis,axis_symmetry,vacuum,vacuum,43,44,0.00000000000000000e+00,1.41321132017072928e-03,0.00000000000000000e+00,1.32642264034145787e-03,0.00000000000000000e+00,1.36981698025609357e-03,-1.000000000e+00,0.000000000e+00,8.67886798292714055e-05,0.00000000000000000e+00
43,symmetry_axis.vacuum,symmetry_axis,axis_symmetry,vacuum,vacuum,44,45,0.00000000000000000e+00,1.32642264034145787e-03,0.00000000000000000e+00,1.23963396051220728e-03,0.00000000000000000e+00,1.28302830042683258e-03,-1.000000000e+00,0.000000000e+00,8.67886798292505889e-05,0.00000000000000000e+00
44,symmetry_axis.vacuum,symmetry_axis,axis_symmetry,vacuum,vacuum,45,46,0.00000000000000000e+00,1.23963396051220728e-03,0.00000000000000000e+00,1.15284528068295778e-03,0.00000000000000000e+00,1.19623962059758242e-03,-1.000000000e+00,0.000000000e+00,8.67886798292495047e-05,0.00000000000000000e+00
45,symmetry_axis.vacuum,symmetry_axis,axis_symmetry,vacuum,vacuum,46,47,0.00000000000000000e+00,1.15284528068295778e-03,0.00000000000000000e+00,1.06605660085370849e-03,0.00000000000000000e+00,1.10945094076833313e-03,-1.000000000e+00,0.000000000e+00,8.67886798292492878e-05,0.00000000000000000e+00
46,symmetry_axis.vacuum,symmetry_axis,axis_symmetry,vacuum,vacuum,47,48,0.00000000000000000e+00,1.06605660085370849e-03,0.00000000000000000e+00,9.79267921024458768e-04,0.00000000000000000e+00,1.02266226093908363e-03,-1.000000000e+00,0.000000000e+00,8.67886798292497215e-05,0.00000000000000000e+00
47,symmetry_axis.vacuum,symmetry_axis,axis_symmetry,vacuum,vacuum,48,49,0.00000000000000000e+00,9.79267921024458768e-04,0.00000000000000000e+00,8.92479241195209263e-04,0.00000000000000000e+00,9.35873581109834016e-04,-1.000000000e+00,0.000000000e+00,8.67886798292495047e-05,0.00000000000000000e+00
48,symmetry_axis.vacuum,symmetry_axis,axis_symmetry,vacuum,vacuum,49,50,0.00000000000000000e+00,8.92479241195209263e-04,0.00000000000000000e+00,8.11205940157694273e-04,0.00000000000000000e+00,8.51842590676451768e-04,-1.000000000e+00,0.000000000e+00,8.12733010375149903e-05,0.00000000000000000e+00
49,symmetry_axis.vacuum,symmetry_axis,axis_symmetry,vacuum,vacuum,50,51,0.00000000000000000e+00,8.11205940157694273e-04,0.00000000000000000e+00,7.42915433113697926e-04,0.00000000000000000e+00,7.77060686635696100e-04,-1.000000000e+00,0.000000000e+00,6.82905070439963468e-05,0.00000000000000000e+00
50,symmetry_axis.vacuum,symmetry_axis,axis_symmetry,vacuum,vacuum,51,52,0.00000000000000000e+00,7.42915433113697926e-04,0.00000000000000000e+00,6.83637259504241840e-04,0.00000000000000000e+00,7.13276346308969883e-04,-1.000000000e+00,0.000000000e+00,5.92781736094560863e-05,0.00000000000000000e+00
51,symmetry_axis.vacuum,symmetry_axis,axis_symmetry,vacuum,vacuum,52,53,0.00000000000000000e+00,6.83637259504241840e-04,0.00000000000000000e+00,6.29666605001353457e-04,0.00000000000000000e+00,6.56651932252797594e-04,-1.000000000e+00,0.000000000e+00,5.39706545028883827e-05,0.00000000000000000e+00
52,symmetry_axis.vacuum,symmetry_axis,axis_symmetry,vacuum,vacuum,53,54,0.00000000000000000e+00,6.29666605001353457e-04,0.00000000000000000e+00,5.77585733173914843e-04,0.00000000000000000e+00,6.03626169087634204e-04,-1.000000000e+00,0.000000000e+00,5.20808718274386141e-05,0.00000000000000000e+00
53,symmetry_axis.vacuum,symmetry_axis,axis_symmetry,vacuum,vacuum,54,55,0.00000000000000000e+00,5.77585733173914843e-04,0.00000000000000000e+00,5.24798734055200019e-04,0.00000000000000000e+00,5.51192233614557431e-04,-1.000000000e+00,0.000000000e+00,5.27869991187148238e-05,0.00000000000000000e+00
54,symmetry_axis.vacuum,symmetry_axis,axis_symmetry,vacuum,vacuum,55,56,0.00000000000000000e+00,5.24798734055200019e-04,0.00000000000000000e+00,4.72724862713252503e-04,0.00000000000000000e+00,4.98761798384226261e-04,-1.000000000e+00,0.000000000e+00,5.20738713419475162e-05,0.00000000000000000e+00
55,symmetry_axis.vacuum,symmetry_axis,axis_symmetry,vacuum,vacuum,56,57,0.00000000000000000e+00,4.72724862713252503e-04,0.00000000000000000e+00,4.18913382493889567e-04,0.00000000000000000e+00,4.45819122603571035e-04,-1.000000000e+00,0.000000000e+00,5.38114802193629359e-05,0.00000000000000000e+00
56,symmetry_axis.vacuum,symmetry_axis,axis_symmetry,vacuum,vacuum,57,58,0.00000000000000000e+00,4.18913382493889567e-04,0.00000000000000000e+00,3.59955019869688704e-04,0.00000000000000000e+00,3.89434201181789136e-04,-1.000000000e+00,0.000000000e+00,5.89583626242008631e-05,0.00000000000000000e+00
57,symmetry_axis.vacuum,symmetry_axis,axis_symmetry,vacuum,vacuum,58,59,0.00000000000000000e+00,3.59955019869688704e-04,0.00000000000000000e+00,2.92225991898613282e-04,0.00000000000000000e+00,3.26090505884150993e-04,-1.000000000e+00,0.000000000e+00,6.77290279710754221e-05,0.00000000000000000e+00
58,symmetry_axis.vacuum,symmetry_axis,axis_symmetry,vacuum,vacuum,59,60,0.00000000000000000e+00,2.92225991898613282e-04,0.00000000000000000e+00,2.28717251806652162e-04,0.00000000000000000e+00,2.60471621852632722e-04,-1.000000000e+00,0.000000000e+00,6.35087400919611203e-05,0.00000000000000000e+00
59,symmetry_axis.vacuum,symmetry_axis,axis_symmetry,vacuum,vacuum,60,61,0.00000000000000000e+00,2.28717251806652162e-04,0.00000000000000000e+00,1.78976024487103279e-04,0.00000000000000000e+00,2.03846638146877720e-04,-1.000000000e+00,0.000000000e+00,4.97412273195488829e-05,0.00000000000000000e+00
60,symmetry_axis.vacuum,symmetry_axis,axis_symmetry,vacuum,vacuum,61,62,0.00000000000000000e+00,1.78976024487103279e-04,0.00000000000000000e+00,1.40016324193394754e-04,0.00000000000000000e+00,1.59496174340249017e-04,-1.000000000e+00,0.000000000e+00,3.89597002937085244e-05,0.00000000000000000e+00
61,symmetry_axis.vacuum,symmetry_axis,axis_symmetry,vacuum,vacuum,62,63,0.00000000000000000e+00,1.40016324193394754e-04,0.00000000000000000e+00,1.09499362283653695e-04,0.00000000000000000e+00,1.24757843238524225e-04,-1.000000000e+00,0.000000000e+00,3.05169619097410590e-05,0.00000000000000000e+00
62,symmetry_axis.vacuum,symmetry_axis,axis_symmetry,vacuum,vacuum,63,64,0.00000000000000000e+00,1.09499362283653695e-04,0.00000000000000000e+00,8.55931784520471035e-05,0.00000000000000000e+00,9.75462703678503995e-05,-1.000000000e+00,0.000000000e+00,2.39061838316065919e-05,0.00000000000000000e+00
63,symmetry_axis.vacuum,symmetry_axis,axis_symmetry,vacuum,vacuum,64,65,0.00000000000000000e+00,8.55931784520471035e-05,0.00000000000000000e+00,6.68626420162554778e-05,0.00000000000000000e+00,7.62279102341512907e-05,-1.000000000e+00,0.000000000e+00,1.87305364357916258e-05,0.00000000000000000e+00
64,symmetry_axis.vacuum,symmetry_axis,axis_symmetry,vacuum,vacuum,65,66,0.00000000000000000e+00,6.68626420162554778e-05,0.00000000000000000e+00,5.21833140768865941e-05,0.00000000000000000e+00,5.95229780465710359e-05,-1.000000000e+00,0.000000000e+00,1.46793279393688837e-05,0.00000000000000000e+00
65,symmetry_axis.vacuum,symmetry_axis,axis_symmetry,vacuum,vacuum,66,67,0.00000000000000000e+00,5.21833140768865941e-05,0.00000000000000000e+00,4.06739386917642602e-05,0.00000000000000000e+00,4.64286263843254271e-05,-1.000000000e+00,0.000000000e+00,1.15093753851223338e-05,0.00000000000000000e+00
66,symmetry_axis.vacuum,symmetry_axis,axis_symmetry,vacuum,vacuum,67,68,0.00000000000000000e+00,4.06739386917642602e-05,0.00000000000000000e+00,3.16434442198887736e-05,0.00000000000000000e+00,3.61586914558265169e-05,-1.000000000e+00,0.000000000e+00,9.03049447187548662e-06,0.00000000000000000e+00
67,symmetry_axis.vacuum,symmetry_axis,axis_symmetry,vacuum,vacuum,68,69,0.00000000000000000e+00,3.16434442198887736e-05,0.00000000000000000e+00,2.45495985825466053e-05,0.00000000000000000e+00,2.80965214012176894e-05,-1.000000000e+00,0.000000000e+00,7.09384563734216829e-06,0.00000000000000000e+00
68,symmetry_axis.vacuum,symmetry_axis,axis_symmetry,vacuum,vacuum,69,70,0.00000000000000000e+00,2.45495985825466053e-05,0.00000000000000000e+00,1.89662103933440577e-05,0.00000000000000000e+00,2.17579044879453315e-05,-1.000000000e+00,0.000000000e+00,5.58338818920254762e-06,0.00000000000000000e+00
69,symmetry_axis.vacuum,symmetry_axis,axis_symmetry,vacuum,vacuum,70,71,0.00000000000000000e+00,1.89662103933440577e-05,0.00000000000000000e+00,1.45576373896609112e-05,0.00000000000000000e+00,1.67619238915024844e-05,-1.000000000e+00,0.000000000e+00,4.40857300368314650e-06,0.00000000000000000e+00
70,symmetry_axis.vacuum,symmetry_axis,axis_symmetry,vacuum,vacuum,71,72,0.00000000000000000e+00,1.45576373896609112e-05,0.00000000000000000e+00,1.10584029126359687e-05,0.00000000000000000e+00,1.28080201511484399e-05,-1.000000000e+00,0.000000000e+00,3.49923447702494249e-06,0.00000000000000000e+00
71,symmetry_axis.vacuum,symmetry_axis,axis_symmetry,vacuum,vacuum,72,73,0.00000000000000000e+00,1.10584029126359687e-05,0.00000000000000000e+00,8.25711215038361056e-06,0.00000000000000000e+00,9.65775753150978963e-06,-1.000000000e+00,0.000000000e+00,2.80129076225235814e-06,0.00000000000000000e+00
72,symmetry_axis.vacuum,symmetry_axis,axis_symmetry,vacuum,vacuum,73,74,0.00000000000000000e+00,8.25711215038361056e-06,0.00000000000000000e+00,5.98349887591343929e-06,0.00000000000000000e+00,7.12030551314852492e-06,-1.000000000e+00,0.000000000e+00,2.27361327447017127e-06,0.00000000000000000e+00
73,symmetry_axis.vacuum,symmetry_axis,axis_symmetry,vacuum,vacuum,74,75,0.00000000000000000e+00,5.98349887591343929e-06,0.00000000000000000e+00,4.14479797429859707e-06,0.00000000000000000e+00,5.06414842510601818e-06,-1.000000000e+00,0.000000000e+00,1.83870090161484222e-06,0.00000000000000000e+00
74,symmetry_axis.vacuum,symmetry_axis,axis_symmetry,vacuum,vacuum,75,76,0.00000000000000000e+00,4.14479797429859707e-06,0.00000000000000000e+00,2.70418027978878463e-06,0.00000000000000000e+00,3.42448912704369085e-06,-1.000000000e+00,0.000000000e+00,1.44061769450981245e-06,0.00000000000000000e+00
75,symmetry_axis.vacuum,symmetry_axis,axis_symmetry,vacuum,vacuum,76,77,0.00000000000000000e+00,2.70418027978878463e-06,0.00000000000000000e+00,1.57581509053236583e-06,0.00000000000000000e+00,2.13999768516057523e-06,-1.000000000e+00,0.000000000e+00,1.12836518925641879e-06,0.00000000000000000e+00
76,symmetry_axis.vacuum,symmetry_axis,axis_symmetry,vacuum,vacuum,77,78,0.00000000000000000e+00,1.57581509053236583e-06,0.00000000000000000e+00,6.92161216384263103e-07,0.00000000000000000e+00,1.13398815345831447e-06,-1.000000000e+00,0.000000000e+00,8.83653874148102730e-07,0.00000000000000000e+00
77,symmetry_axis.vacuum,symmetry_axis,axis_symmetry,vacuum,vacuum,78,0,0.00000000000000000e+00,6.92161216384263103e-07,0.00000000000000000e+00,0.00000000000000000e+00,0.00000000000000000e+00,3.46080608192131552e-07,-1.000000000e+00,0.000000000e+00,6.92161216384263103e-07,0.00000000000000000e+00
78,free_surface_reference,free_surface_reference,ring,liquid,vacuum,79,80,4.99999999999999956e-06,0.00000000000000000e+00,4.83385755349557957e-06,0.00000000000000000e+00,4.91692877674778999e-06,0.00000000000000000e+00,0.000000000e+00,1.000000000e+00,1.66142446504419988e-07,5.13280053001673046e-12
79,free_surface_reference,free_surface_reference,ring,liquid,vacuum,80,81,4.83385755349557957e-06,0.00000000000000000e+00,4.62353707509285238e-06,0.00000000000000000e+00,4.72869731429421555e-06,0.00000000000000000e+00,0.000000000e+00,1.000000000e+00,2.10320478402727195e-07,6.24889093636134649e-12
80,free_surface_reference,free_surface_reference,ring,liquid,vacuum,81,82,4.62353707509285238e-06,0.00000000000000000e+00,4.35732470393480686e-06,0.00000000000000000e+00,4.49043088951382962e-06,0.00000000000000000e+00,0.000000000e+00,1.000000000e+00,2.66212371158045519e-07,7.51097158150208830e-12
81,free_surface_reference,free_surface_reference,ring,liquid,vacuum,82,83,4.35732470393480686e-06,0.00000000000000000e+00,4.02033441028774764e-06,0.00000000000000000e+00,4.18882955711127725e-06,0.00000000000000000e+00,0.000000000e+00,1.000000000e+00,3.36990293647059221e-07,8.86931235100478013e-12
82,free_surface_reference,free_surface_reference,ring,liquid,vacuum,83,84,4.02033441028774764e-06,0.00000000000000000e+00,3.59376639702673721e-06,0.00000000000000000e+00,3.80705040365724264e-06,0.00000000000000000e+00,0.000000000e+00,1.000000000e+00,4.26568013261010429e-07,1.02036788523428212e-11
83,free_surface_reference,free_surface_reference,ring,liquid,vacuum,84,85,3.59376639702673721e-06,0.00000000000000000e+00,3.05378871394347815e-06,0.00000000000000000e+00,3.32377755548510789e-06,0.00000000000000000e+00,0.000000000e+00,1.000000000e+00,5.39977683083259058e-07,1.12768454980295364e-11
84,free_surface_reference,free_surface_reference,ring,liquid,vacuum,85,86,3.05378871394347815e-06,0.00000000000000000e+00,2.37027058385068038e-06,0.00000000000000000e+00,2.71202964889707948e-06,0.00000000000000000e+00,0.000000000e+00,1.000000000e+00,6.83518130092797768e-07,1.16472752800397058e-11
85,free_surface_reference,free_surface_reference,ring,liquid,vacuum,86,87,2.37027058385068038e-06,0.00000000000000000e+00,1.50585306780934502e-06,0.00000000000000000e+00,1.93806182583001270e-06,0.00000000000000000e+00,0.000000000e+00,1.000000000e+00,8.64417516041335363e-07,1.05261863494318694e-11
86,free_surface_reference,free_surface_reference,ring,liquid,vacuum,87,88,1.50585306780934502e-06,0.00000000000000000e+00,6.64590177346823362e-07,0.00000000000000000e+00,1.08522162257808419e-06,0.00000000000000000e+00,0.000000000e+00,1.000000000e+00,8.41262890462521658e-07,5.73627599159976922e-12
87,free_surface_reference,free_surface_reference,ring,liquid,vacuum,88,0,6.64590177346823362e-07,0.00000000000000000e+00,0.00000000000000000e+00,0.00000000000000000e+00,3.32295088673411681e-07,0.00000000000000000e+00,0.000000000e+00,1.000000000e+00,6.64590177346823362e-07,1.38757896941616841e-12
88,bore_wall,bore_wall,ring,liquid,emitter_solid,89,90,4.99999999999999956e-06,-3.99999999999999965e-04,4.99999999999999956e-06,-3.99306071018672756e-04,4.99999999999999956e-06,-3.99653035509336388e-04,1.000000000e+00,-0.000000000e+00,6.93928981327209069e-07,2.18004218985060856e-11
89,bore_wall,bore_wall,ring,liquid,emitter_solid,90,91,4.99999999999999956e-06,-3.99306071018672756e-04,4.99999999999999956e-06,-3.98419558473820312e-04,4.99999999999999956e-06,-3.98862814746246534e-04,1.000000000e+00,-0.000000000e+00,8.86512544852444302e-07,2.78506129822363072e-11
90,bore_wall,bore_wall,ring,liquid,emitter_solid,91,92,4.99999999999999956e-06,-3.98419558473820312e-04,4.99999999999999956e-06,-3.97286963096463099e-04,4.99999999999999956e-06,-3.97853260785141732e-04,1.000000000e+00,-0.000000000e+00,1.13259537735721288e-06,3.55815331699517930e-11
91,bore_wall,bore_wall,ring,liquid,emitter_solid,92,93,4.99999999999999956e-06,-3.97286963096463099e-04,4.99999999999999956e-06,-3.95839996780858526e-04,4.99999999999999956e-06,-3.96563479938660812e-04,1.000000000e+00,-0.000000000e+00,1.44696631560457291e-06,4.54577874709521598e-11
92,bore_wall,bore_wall,ring,liquid,emitter_solid,93,94,4.99999999999999956e-06,-3.95839996780858526e-04,4.99999999999999956e-06,-3.93991389451296356e-04,4.99999999999999956e-06,-3.94915693116077468e-04,1.000000000e+00,-0.000000000e+00,1.84860732956217003e-06,5.80757120592475815e-11
93,bore_wall,bore_wall,ring,liquid,emitter_solid,94,95,4.99999999999999956e-06,-3.93991389451296356e-04,4.99999999999999956e-06,-3.91629674228660912e-04,4.99999999999999956e-06,-3.92810531839978634e-04,1.000000000e+00,-0.000000000e+00,2.36171522263544341e-06,7.41954719330269047e-11
94,bore_wall,bore_wall,ring,liquid,emitter_solid,95,96,4.99999999999999956e-06,-3.91629674228660912e-04,4.99999999999999956e-06,-3.88612424339294319e-04,4.99999999999999956e-06,-3.90121049283977616e-04,1.000000000e+00,-0.000000000e+00,3.01724988936659302e-06,9.47897008647870328e-11
95,bore_wall,bore_wall,ring,liquid,emitter_solid,96,97,4.99999999999999956e-06,-3.88612424339294319e-04,4.99999999999999956e-06,-3.84757674840787312e-04,4.99999999999999956e-06,-3.86685049590040843e-04,1.000000000e+00,-0.000000000e+00,3.85474949850700714e-06,1.21100527059385520e-10
96,bore_wall,bore_wall,ring,liquid,emitter_solid,97,98,4.99999999999999956e-06,-3.84757674840787312e-04,4.99999999999999956e-06,-3.79832972476855857e-04,4.99999999999999956e-06,-3.82295323658821584e-04,1.000000000e+00,-0.000000000e+00,4.92470236393145570e-06,1.54714087676433475e-10
97,bore_wall,bore_wall,ring,liquid,emitter_solid,98,99,4.99999999999999956e-06,-3.79832972476855857e-04,4.99999999999999956e-06,-3.73541329366203494e-04,4.99999999999999956e-06,-3.76687150921529675e-04,1.000000000e+00,-0.000000000e+00,6.29164311065236268e-06,1.97657797754342946e-10
98,bore_wall,bore_wall,ring,liquid,emitter_solid,99,100,4.99999999999999956e-06,-3.73541329366203494e-04,4.99999999999999956e-06,-3.65503325998518911e-04,4.99999999999999956e-06,-3.69522327682361229e-04,1.000000000e+00,-0.000000000e+00,8.03800336768458303e-06,2.52521323294478979e-10
99,bore_wall,bore_wall,ring,liquid,emitter_solid,100,101,4.99999999999999956e-06,-3.65503325998518911e-04,4.99999999999999956e-06,-3.55234228965372603e-04,4.99999999999999956e-06,-3.60368777481945757e-04,1.000000000e+00,-0.000000000e+00,1.02690970331463082e-05,3.22613197983331777e-10
100,bore_wall,bore_wall,ring,liquid,emitter_solid,101,102,4.99999999999999956e-06,-3.55234228965372603e-04,4.99999999999999956e-06,-3.42114755781469605e-04,4.99999999999999956e-06,-3.48674492373421104e-04,1.000000000e+00,-0.000000000e+00,1.31194731839029974e-05,4.12160405735179461e-10
101,bore_wall,bore_wall,ring,liquid,emitter_solid,102,103,4.99999999999999956e-06,-3.42114755781469605e-04,4.99999999999999956e-06,-3.25353735694630555e-04,4.99999999999999956e-06,-3.33734245738050053e-04,1.000000000e+00,-0.000000000e+00,1.67610200868390500e-05,5.26562975714845149e-10
102,bore_wall,bore_wall,ring,liquid,emitter_solid,103,104,4.99999999999999956e-06,-3.25353735694630555e-04,4.99999999999999956e-06,-3.03940389493746982e-04,4.99999999999999956e-06,-3.14647062594188768e-04,1.000000000e+00,-0.000000000e+00,2.14133462008835734e-05,6.72720111134707342e-10
103,bore_wall,bore_wall,ring,liquid,emitter_solid,104,105,4.99999999999999956e-06,-3.03940389493746982e-04,4.99999999999999956e-06,-2.76583380643413332e-04,4.99999999999999956e-06,-2.90261885068580157e-04,1.000000000e+00,-0.000000000e+00,2.73570088503336493e-05,8.59445780283991353e-10
104,bore_wall,bore_wall,ring,liquid,emitter_solid,105,106,4.99999999999999956e-06,-2.76583380643413332e-04,4.99999999999999956e-06,-2.41632936721464426e-04,4.99999999999999956e-06,-2.59108158682438906e-04,1.000000000e+00,-0.000000000e+00,3.49504439219489060e-05,1.09800057864896718e-09
105,bore_wall,bore_wall,ring,liquid,emitter_solid,106,107,4.99999999999999956e-06,-2.41632936721464426e-04,4.99999999999999956e-06,-2.01405148037030483e-04,4.99999999999999956e-06,-2.21519042379247455e-04,1.000000000e+00,-0.000000000e+00,4.02277886844339431e-05,1.26379325401180264e-09
106,bore_wall,bore_wall,ring,liquid,emitter_solid,107,108,4.99999999999999956e-06,-2.01405148037030483e-04,4.99999999999999956e-06,-1.68855785839157780e-04,4.99999999999999956e-06,-1.85130466938094131e-04,1.000000000e+00,-0.000000000e+00,3.25493621978727036e-05,1.02256837159870199e-09
107,bore_wall,bore_wall,ring,liquid,emitter_solid,108,109,4.99999999999999956e-06,-1.68855785839157780e-04,4.99999999999999956e-06,-1.43318956166274655e-04,4.99999999999999956e-06,-1.56087371002716218e-04,1.000000000e+00,-0.000000000e+00,2.55368296728831243e-05,8.02263164963034554e-10
108,bore_wall,bore_wall,ring,liquid,emitter_solid,109,110,4.99999999999999956e-06,-1.43318956166274655e-04,4.99999999999999956e-06,-1.23251658212854775e-04,4.99999999999999956e-06,-1.33285307189564715e-04,1.000000000e+00,-0.000000000e+00,2.00672979534198808e-05,6.30432758278613834e-10
109,bore_wall,bore_wall,ring,liquid,emitter_solid,110,111,4.99999999999999956e-06,-1.23251658212854775e-04,4.99999999999999956e-06,-1.07438541659801603e-04,4.99999999999999956e-06,-1.15345099936328189e-04,1.000000000e+00,-0.000000000e+00,1.58131165530531713e-05,4.96783707934309876e-10
110,bore_wall,bore_wall,ring,liquid,emitter_solid,111,112,4.99999999999999956e-06,-1.07438541659801603e-04,4.99999999999999956e-06,-9.49169058423713382e-05,4.99999999999999956e-06,-1.01177723751086471e-04,1.000000000e+00,-0.000000000e+00,1.25216358174302651e-05,3.93378790949657397e-10
111,bore_wall,bore_wall,ring,liquid,emitter_solid,112,113,4.99999999999999956e-06,-9.49169058423713382e-05,4.99999999999999956e-06,-8.49154957946758994e-05,4.99999999999999956e-06,-8.99162008185236188e-05,1.000000000e+00,-0.000000000e+00,1.00014100476954388e-05,3.14203563313791308e-10
112,bore_wall,bore_wall,ring,liquid,emitter_solid,113,114,4.99999999999999956e-06,-8.49154957946758994e-05,4.99999999999999956e-06,-7.68023000435392230e-05,4.99999999999999956e-06,-8.08588979191075612e-05,1.000000000e+00,-0.000000000e+00,8.11319575113667642e-06,2.54883561689069041e-10
113,bore_wall,bore_wall,ring,liquid,emitter_solid,114,115,4.99999999999999956e-06,-7.68023000435392230e-05,4.99999999999999956e-06,-7.00367911287087591e-05,4.99999999999999956e-06,-7.34195455861239910e-05,1.000000000e+00,-0.000000000e+00,6.76550891483046393e-06,2.12544731046276355e-10
114,bore_wall,bore_wall,ring,liquid,emitter_solid,115,116,4.99999999999999956e-06,-7.00367911287087591e-05,4.99999999999999956e-06,-6.41241681270399979e-05,4.99999999999999956e-06,-6.70804796278743785e-05,1.000000000e+00,-0.000000000e+00,5.91262300166876115e-06,1.85750529854886090e-10
115,bore_wall,bore_wall,ring,liquid,emitter_solid,116,117,4.99999999999999956e-06,-6.41241681270399979e-05,4.99999999999999956e-06,-5.85774294924481490e-05,4.99999999999999956e-06,-6.13507988097440735e-05,1.000000000e+00,-0.000000000e+00,5.54673863459184896e-06,1.74255933458164303e-10
116,bore_wall,bore_wall,ring,liquid,emitter_solid,117,118,4.99999999999999956e-06,-5.85774294924481490e-05,4.99999999999999956e-06,-5.29032546111622638e-05,4.99999999999999956e-06,-5.57403420518052064e-05,1.000000000e+00,-0.000000000e+00,5.67417488128588512e-06,1.78259461222314721e-10
117,bore_wall,bore_wall,ring,liquid,emitter_solid,118,119,4.99999999999999956e-06,-5.29032546111622638e-05,4.99999999999999956e-06,-4.66114096249751662e-05,4.99999999999999956e-06,-4.97573321180687150e-05,1.000000000e+00,-0.000000000e+00,6.29184498618709769e-06,1.97664139861311568e-10
118,bore_wall,bore_wall,ring,liquid,emitter_solid,119,120,4.99999999999999956e-06,-4.66114096249751662e-05,4.99999999999999956e-06,-3.92145344868402384e-05,4.99999999999999956e-06,-4.29129720559077023e-05,1.000000000e+00,-0.000000000e+00,7.39687513813492778e-06,2.32379685934856725e-10
119,bore_wall,bore_wall,ring,liquid,emitter_solid,120,121,4.99999999999999956e-06,-3.92145344868402384e-05,4.99999999999999956e-06,-3.08517558751908688e-05,4.99999999999999956e-06,-3.50331451810155536e-05,1.000000000e+00,-0.000000000e+00,8.36277861164936957e-06,2.62724438499555040e-10
120,bore_wall,bore_wall,ring,liquid,emitter_solid,121,122,4.99999999999999956e-06,-3.08517558751908688e-05,4.99999999999999956e-06,-2.40130260631014132e-05,4.99999999999999956e-06,-2.74323909691461410e-05,1.000000000e+00,-0.000000000e+00,6.83872981208945557e-06,2.14845033375457392e-10
121,bore_wall,bore_wall,ring,liquid,emitter_solid,122,123,4.99999999999999956e-06,-2.40130260631014132e-05,4.99999999999999956e-06,-1.86600986885158970e-05,4.99999999999999956e-06,-2.13365623758086551e-05,1.000000000e+00,-0.000000000e+00,5.35292737458551620e-06,1.68167173151975557e-10
122,bore_wall,bore_wall,ring,liquid,emitter_solid,123,124,4.99999999999999956e-06,-1.86600986885158970e-05,4.99999999999999956e-06,-1.44701626857071794e-05,4.99999999999999956e-06,-1.65651306871115382e-05,1.000000000e+00,-0.000000000e+00,4.18993600280871768e-06,1.31630721654352479e-10
123,bore_wall,bore_wall,ring,liquid,emitter_solid,124,125,4.99999999999999956e-06,-1.44701626857071794e-05,4.99999999999999956e-06,-1.11905445597953752e-05,4.99999999999999956e-06,-1.28303536227512773e-05,1.000000000e+00,-0.000000000e+00,3.27961812591180419e-06,1.03032242109444480e-10
124,bore_wall,bore_wall,ring,liquid,emitter_solid,125,126,4.99999999999999956e-06,-1.11905445597953752e-05,4.99999999999999956e-06,-8.62347108579789544e-06,4.99999999999999956e-06,-9.90700782279663530e-06,1.000000000e+00,-0.000000000e+00,2.56707347399747973e-06,8.06469916713571063e-11
125,bore_wall,bore_wall,ring,liquid,emitter_solid,126,127,4.99999999999999956e-06,-8.62347108579789544e-06,4.99999999999999956e-06,-6.61412520460097440e-06,4.99999999999999956e-06,-7.61879814519943492e-06,1.000000000e+00,-0.000000000e+00,2.00934588119692104e-06,6.31254625888915627e-11
126,bore_wall,bore_wall,ring,liquid,emitter_solid,127,128,4.99999999999999956e-06,-6.61412520460097440e-06,4.99999999999999956e-06,-5.04133279405143912e-06,4.99999999999999956e-06,-5.82772899932620676e-06,1.000000000e+00,-0.000000000e+00,1.57279241054953528e-06,4.94107308260420132e-11
127,bore_wall,bore_wall,ring,liquid,emitter_solid,128,129,4.99999999999999956e-06,-5.04133279405143912e-06,4.99999999999999956e-06,-3.81025233443506393e-06,4.99999999999999956e-06,-4.42579256424325152e-06,1.000000000e+00,-0.000000000e+00,1.23108045961637519e-06,3.86755332790874968e-11
128,bore_wall,bore_wall,ring,liquid,emitter_solid,129,130,4.99999999999999956e-06,-3.81025233443506393e-06,4.99999999999999956e-06,-2.84664787435185643e-06,4.99999999999999956e-06,-3.32845010439346018e-06,1.000000000e+00,-0.000000000e+00,9.63604460083207492e-07,3.02725269276376333e-11
129,bore_wall,bore_wall,ring,liquid,emitter_solid,130,131,4.99999999999999956e-06,-2.84664787435185643e-06,4.99999999999999956e-06,-2.09239195887321507e-06,4.99999999999999956e-06,-2.46951991661253575e-06,1.000000000e+00,-0.000000000e+00,7.54255915478641362e-07,2.36956484299434355e-11
130,bore_wall,bore_wall,ring,liquid,emitter_solid,131,132,4.99999999999999956e-06,-2.09239195887321507e-06,4.99999999999999956e-06,-1.50201098883810842e-06,4.99999999999999956e-06,-1.79720147385566175e-06,1.000000000e+00,-0.000000000e+00,5.90380970035106652e-07,1.85473651828150651e-11
131,bore_wall,bore_wall,ring,liquid,emitter_solid,132,133,4.99999999999999956e-06,-1.50201098883810842e-06,4.99999999999999956e-06,-1.03991265939411878e-06,4.99999999999999956e-06,-1.27096182411611360e-06,1.000000000e+00,-0.000000000e+00,4.62098329443989646e-07,1.45172471701735370e-11
132,bore_wall,bore_wall,ring,liquid,emitter_solid,133,134,4.99999999999999956e-06,-1.03991265939411878e-06,4.99999999999999956e-06,-6.78211260755684150e-07,4.99999999999999956e-06,-8.59061960074901463e-07,1.000000000e+00,-0.000000000e+00,3.61701398638434625e-07,1.13631845675565933e-11
133,bore_wall,bore_wall,ring,liquid,emitter_solid,134,135,4.99999999999999956e-06,-6.78211260755684150e-07,4.99999999999999956e-06,-3.95093672929099169e-07,4.99999999999999956e-06,-5.36652466842391660e-07,1.000000000e+00,-0.000000000e+00,2.83117587826584981e-07,8.89440134018062348e-12
134,bore_wall,bore_wall,ring,liquid,emitter_solid,135,136,4.99999999999999956e-06,-3.95093672929099169e-07,4.99999999999999956e-06,-1.73480083533487581e-07,4.99999999999999956e-06,-2.84286878231293375e-07,1.000000000e+00,-0.000000000e+00,2.21613589395611588e-07,6.96219624380918220e-12
135,bore_wall,bore_wall,ring,liquid,emitter_solid,136,79,4.99999999999999956e-06,-1.73480083533487581e-07,4.99999999999999956e-06,0.00000000000000000e+00,4.99999999999999956e-06,-8.67400417667437904e-08,1.000000000e+00,-0.000000000e+00,1.73480083533487581e-07,5.45003755972948201e-12
136,liquid_inlet,liquid_inlet,ring,liquid,outside,41,137,0.00000000000000000e+00,-3.99999999999999965e-04,6.49805904880143609e-07,-3.99999999999999965e-04,3.24902952440071804e-07,-3.99999999999999965e-04,0.000000000e+00,-1.000000000e+00,6.49805904880143609e-07,1.32653031635121216e-12
137,liquid_inlet,liquid_inlet,ring,liquid,outside,137,138,6.49805904880143609e-07,-3.99999999999999965e-04,1.46850492411232024e-06,-3.99999999999999965e-04,1.05915541449623193e-06,-3.99999999999999965e-04,0.000000000e+00,-1.000000000e+00,8.18699019232176635e-07,5.44833532793158697e-12
138,liquid_inlet,liquid_inlet,ring,liquid,outside,138,139,1.46850492411232024e-06,-3.99999999999999965e-04,2.50000000000000020e-06,-3.99999999999999965e-04,1.98425246205616033e-06,-3.99999999999999965e-04,0.000000000e+00,-1.000000000e+00,1.03149507588767996e-06,1.28600884406534123e-11
139,liquid_inlet,liquid_inlet,ring,liquid,outside,139,140,2.50000000000000020e-06,-3.99999999999999965e-04,3.53149507588767995e-06,-3.99999999999999965e-04,3.01574753794384008e-06,-3.99999999999999965e-04,0.000000000e+00,-1.000000000e+00,1.03149507588767975e-06,1.95452850855744017e-11
140,liquid_inlet,liquid_inlet,ring,liquid,outside,140,141,3.53149507588767995e-06,-3.99999999999999965e-04,4.35019409511985659e-06,-3.99999999999999965e-04,3.94084458550376848e-06,-3.99999999999999965e-04,0.000000000e+00,-1.000000000e+00,8.18699019232176635e-07,2.02718529152781632e-11
141,liquid_inlet,liquid_inlet,ring,liquid,outside,141,89,4.35019409511985659e-06,-3.99999999999999965e-04,4.99999999999999956e-06,-3.99999999999999965e-04,4.67509704755992808e-06,-3.99999999999999965e-04,0.000000000e+00,-1.000000000e+00,6.49805904880142973e-07,1.90877242539560383e-11
142,emitter_tip_land,emitter_tip_land,ring,emitter_solid,vacuum,142,143,9.99999999999999912e-06,0.00000000000000000e+00,9.82440600019668112e-06,0.00000000000000000e+00,9.91220300009834012e-06,0.00000000000000000e+00,0.000000000e+00,1.000000000e+00,1.75593999803318001e-07,1.09360308755521708e-11
143,emitter_tip_land,emitter_tip_land,ring,emitter_solid,vacuum,143,144,9.82440600019668112e-06,0.00000000000000000e+00,9.59947789241287352e-06,0.00000000000000000e+00,9.71194194630477817e-06,0.00000000000000000e+00,0.000000000e+00,1.000000000e+00,2.24928107783807607e-07,1.37255474599190385e-11
144,emitter_tip_land,emitter_tip_land,ring,emitter_solid,vacuum,144,145,9.59947789241287352e-06,0.00000000000000000e+00,9.31134406039093054e-06,0.00000000000000000e+00,9.45541097640190203e-06,0.00000000000000000e+00,0.000000000e+00,1.000000000e+00,2.88133832021942975e-07,1.71180595779544953e-11
145,emitter_tip_land,emitter_tip_land,ring,emitter_solid,vacuum,145,146,9.31134406039093054e-06,0.00000000000000000e+00,8.94226946978841405e-06,0.00000000000000000e+00,9.12680676508967230e-06,0.00000000000000000e+00,0.000000000e+00,1.000000000e+00,3.69074590602516488e-07,2.11647367332399349e-11
146,emitter_tip_land,emitter_tip_land,ring,emitter_solid,vacuum,146,147,8.94226946978841405e-06,0.00000000000000000e+00,8.46949727429674532e-06,0.00000000000000000e+00,8.70588337204258053e-06,0.00000000000000000e+00,0.000000000e+00,1.000000000e+00,4.72772195491668730e-07,2.58609598642404781e-11
147,emitter_tip_land,emitter_tip_land,ring,emitter_solid,vacuum,147,148,8.46949727429674532e-06,0.00000000000000000e+00,7.86389404970175336e-06,0.00000000000000000e+00,8.16669566199924934e-06,0.00000000000000000e+00,0.000000000e+00,1.000000000e+00,6.05603224594991959e-07,3.10752348064804300e-11
148,emitter_tip_land,emitter_tip_land,ring,emitter_solid,vacuum,148,149,7.86389404970175336e-06,0.00000000000000000e+00,7.13610595029823770e-06,0.00000000000000000e+00,7.49999999999999595e-06,0.00000000000000000e+00,0.000000000e+00,1.000000000e+00,7.27788099403515664e-07,3.42962061968424266e-11
149,emitter_tip_land,emitter_tip_land,ring,emitter_solid,vacuum,149,150,7.13610595029823770e-06,0.00000000000000000e+00,6.53050272570324828e-06,0.00000000000000000e+00,6.83330433800074257e-06,0.00000000000000000e+00,0.000000000e+00,1.000000000e+00,6.05603224594989418e-07,2.60015244348569178e-11
150,emitter_tip_land,emitter_tip_land,ring,emitter_solid,vacuum,150,151,6.53050272570324828e-06,0.00000000000000000e+00,6.05773053021158124e-06,0.00000000000000000e+00,6.29411662795741476e-06,0.00000000000000000e+00,0.000000000e+00,1.000000000e+00,4.72772195491667036e-07,1.86967698211037592e-11
151,emitter_tip_land,emitter_tip_land,ring,emitter_solid,vacuum,151,152,6.05773053021158124e-06,0.00000000000000000e+00,5.68865593960906730e-06,0.00000000000000000e+00,5.87319323491032469e-06,0.00000000000000000e+00,0.000000000e+00,1.000000000e+00,3.69074590602513947e-07,1.36197239406657542e-11
152,emitter_tip_land,emitter_tip_land,ring,emitter_solid,vacuum,152,153,5.68865593960906730e-06,0.00000000000000000e+00,5.40052210758712432e-06,0.00000000000000000e+00,5.54458902359809581e-06,0.00000000000000000e+00,0.000000000e+00,1.000000000e+00,2.88133832021942975e-07,1.00379143199698473e-11
153,emitter_tip_land,emitter_tip_land,ring,emitter_solid,vacuum,153,154,5.40052210758712432e-06,0.00000000000000000e+00,5.17559399980331756e-06,0.00000000000000000e+00,5.28805805369522052e-06,0.00000000000000000e+00,0.000000000e+00,1.000000000e+00,2.24928107783806760e-07,7.47342727006482522e-12
154,emitter_tip_land,emitter_tip_land,ring,emitter_solid,vacuum,154,79,5.17559399980331756e-06,0.00000000000000000e+00,4.99999999999999956e-06,0.00000000000000000e+00,5.08779699990165856e-06,0.00000000000000000e+00,0.000000000e+00,1.000000000e+00,1.75593999803318001e-07,5.61331371834437046e-12
155,emitter_outer_surface,emitter_outer_surface,ring,emitter_solid,vacuum,155,156,1.99999999999999982e-05,-3.99999999999999965e-04,1.99999999999999982e-05,-3.97906750100880126e-04,1.99999999999999982e-05,-3.98953375050440046e-04,1.000000000e+00,-0.000000000e+00,2.09324989911983863e-06,2.63045540208098398e-10
156,emitter_outer_surface,emitter_outer_surface,ring,emitter_solid,vacuum,156,157,1.99999999999999982e-05,-3.97906750100880126e-04,1.99999999999999982e-05,-3.95229071936032577e-04,1.99999999999999982e-05,-3.96567911018456325e-04,1.000000000e+00,-0.000000000e+00,2.67767816484754942e-06,3.36486962054514392e-10
157,emitter_outer_surface,emitter_outer_surface,ring,emitter_solid,vacuum,157,158,1.99999999999999982e-05,-3.95229071936032577e-04,1.99999999999999982e-05,-3.91804854015809288e-04,1.99999999999999982e-05,-3.93516962975920905e-04,1.000000000e+00,-0.000000000e+00,3.42421792022328886e-06,4.30299914498560152e-10
158,emitter_outer_surface,emitter_outer_surface,ring,emitter_solid,vacuum,158,159,1.99999999999999982e-05,-3.91804854015809288e-04,1.99999999999999982e-05,-3.87423981744350061e-04,1.99999999999999982e-05,-3.89614417880079647e-04,1.000000000e+00,-0.000000000e+00,4.38087227145922712e-06,5.50516645773261489e-10
159,emitter_outer_surface,emitter_outer_surface,ring,emitter_solid,vacuum,159,160,1.99999999999999982e-05,-3.87423981744350061e-04,1.99999999999999982e-05,-3.81820678443703669e-04,1.99999999999999982e-05,-3.84622330094026865e-04,1.000000000e+00,-0.000000000e+00,5.60330330064639191e-06,7.04131859405845721e-10
160,emitter_outer_surface,emitter_outer_surface,ring,emitter_solid,vacuum,160,161,1.99999999999999982e-05,-3.81820678443703669e-04,1.99999999999999982e-05,-3.74739659379122502e-04,1.99999999999999982e-05,-3.78280168911413112e-04,1.000000000e+00,-0.000000000e+00,7.08101906458116727e-06,8.89827098928698457e-10
161,emitter_outer_surface,emitter_outer_surface,ring,emitter_solid,vacuum,161,162,1.99999999999999982e-05,-3.74739659379122502e-04,1.99999999999999982e-05,-3.65976503524391677e-04,1.99999999999999982e-05,-3.70358081451757117e-04,1.000000000e+00,-0.000000000e+00,8.76315585473082465e-06,1.10121064221938961e-09
162,emitter_outer_surface,emitter_outer_surface,ring,emitter_solid,vacuum,162,163,1.99999999999999982e-05,-3.65976503524391677e-04,1.99999999999999982e-05,-3.55002135667329788e-04,1.99999999999999982e-05,-3.60489319595860705e-04,1.000000000e+00,-0.000000000e+00,1.09743678570618894e-05,1.37907973750150348e-09
163,emitter_outer_surface,emitter_outer_surface,ring,emitter_solid,vacuum,163,164,1.99999999999999982e-05,-3.55002135667329788e-04,1.99999999999999982e-05,-3.41142717662287027e-04,1.99999999999999982e-05,-3.48072426664808407e-04,1.000000000e+00,-0.000000000e+00,1.38594180050427606e-05,1.74162583150689761e-09
164,emitter_outer_surface,emitter_outer_surface,ring,emitter_solid,vacuum,164,165,1.99999999999999982e-05,-3.41142717662287027e-04,1.99999999999999982e-05,-3.23551136724910412e-04,1.99999999999999982e-05,-3.32346927193598719e-04,1.000000000e+00,-0.000000000e+00,1.75915809373766155e-05,2.21062325751570449e-09
165,emitter_outer_surface,emitter_outer_surface,ring,emitter_solid,vacuum,165,166,1.99999999999999982e-05,-3.23551136724910412e-04,1.99999999999999982e-05,-3.01154036730244101e-04,1.99999999999999982e-05,-3.12352586727577229e-04,1.000000000e+00,-0.000000000e+00,2.23970999946663109e-05,2.81450259219838665e-09
166,emitter_outer_surface,emitter_outer_surface,ring,emitter_solid,vacuum,166,167,1.99999999999999982e-05,-3.01154036730244101e-04,1.99999999999999982e-05,-2.72586086696139751e-04,1.99999999999999982e-05,-2.86870061713191899e-04,1.000000000e+00,-0.000000000e+00,2.85679500341043499e-05,3.58995447821049990e-09
167,emitter_outer_surface,emitter_outer_surface,ring,emitter_solid,vacuum,167,168,1.99999999999999982e-05,-2.72586086696139751e-04,1.99999999999999982e-05,-2.36106663363244793e-04,1.99999999999999982e-05,-2.54346375029692272e-04,1.000000000e+00,-0.000000000e+00,3.64794233328949577e-05,4.58413953399259488e-09
168,emitter_outer_surface,emitter_outer_surface,ring,emitter_solid,vacuum,168,169,1.99999999999999982e-05,-2.36106663363244793e-04,1.99999999999999982e-05,-1.96362143116816874e-04,1.99999999999999982e-05,-2.16234403240030820e-04,1.000000000e+00,-0.000000000e+00,3.97445202464279188e-05,4.99444371306514894e-09
169,emitter_outer_surface,emitter_outer_surface,ring,emitter_solid,vacuum,169,170,1.99999999999999982e-05,-1.96362143116816874e-04,1.99999999999999982e-05,-1.64969960335916826e-04,1.99999999999999982e-05,-1.80666051726366850e-04,1.000000000e+00,-0.000000000e+00,3.13921827809000484e-05,3.94485803218494349e-09
170,emitter_outer_surface,emitter_outer_surface,ring,emitter_solid,vacuum,170,171,1.99999999999999982e-05,-1.64969960335916826e-04,1.99999999999999982e-05,-1.40427932162170467e-04,1.99999999999999982e-05,-1.52698946249043633e-04,1.000000000e+00,-0.000000000e+00,2.45420281737463591e-05,3.08404221659341133e-09
171,emitter_outer_surface,emitter_outer_surface,ring,emitter_solid,vacuum,171,172,1.99999999999999982e-05,-1.40427932162170467e-04,1.99999999999999982e-05,-1.21241227594007456e-04,1.99999999999999982e-05,-1.30834579878088961e-04,1.000000000e+00,-0.000000000e+00,1.91867045681630107e-05,2.41107240471754542e-09
172,emitter_outer_surface,emitter_outer_surface,ring,emitter_solid,vacuum,172,173,1.99999999999999982e-05,-1.21241227594007456e-04,1.99999999999999982e-05,-1.06241262168542329e-04,1.99999999999999982e-05,-1.13741244881274893e-04,1.000000000e+00,-0.000000000e+00,1.49999654254651268e-05,1.88495124738968535e-09
173,emitter_outer_surface,emitter_outer_surface,ring,emitter_solid,vacuum,173,174,1.99999999999999982e-05,-1.06241262168542329e-04,1.99999999999999982e-05,-9.45144553621673762e-05,1.99999999999999982e-05,-1.00377858765354853e-04,1.000000000e+00,-0.000000000e+00,1.17268068063749531e-05,1.47363400451897334e-09
174,emitter_outer_surface,emitter_outer_surface,ring,emitter_solid,vacuum,174,175,1.99999999999999982e-05,-9.45144553621673762e-05,1.99999999999999982e-05,-8.53465353367050656e-05,1.99999999999999982e-05,-8.99304953494362209e-05,1.000000000e+00,-0.000000000e+00,9.16792002546231062e-06,1.15207480802764558e-09
175,emitter_outer_surface,emitter_outer_surface,ring,emitter_solid,vacuum,175,176,1.99999999999999982e-05,-8.53465353367050656e-05,1.99999999999999982e-05,-7.81793215562962907e-05,1.99999999999999982e-05,-8.17629284465006781e-05,1.000000000e+00,-0.000000000e+00,7.16721378040877490e-06,9.00658646369589340e-10
176,emitter_outer_surface,emitter_outer_surface,ring,emitter_solid,vacuum,176,177,1.99999999999999982e-05,-7.81793215562962907e-05,1.99999999999999982e-05,-7.25760182556498988e-05,1.99999999999999982e-05,-7.53776699059730947e-05,1.000000000e+00,-0.000000000e+00,5.60330330064639191e-06,7.04131859405845721e-10
177,emitter_outer_surface,emitter_outer_surface,ring,emitter_solid,vacuum,177,178,1.99999999999999982e-05,-7.25760182556498988e-05,1.99999999999999982e-05,-6.81951459841906717e-05,1.99999999999999982e-05,-7.03855821199202852e-05,1.000000000e+00,-0.000000000e+00,4.38087227145922712e-06,5.50516645773261489e-10
178,emitter_outer_surface,emitter_outer_surface,ring,emitter_solid,vacuum,178,179,1.99999999999999982e-05,-6.81951459841906717e-05,1.99999999999999982e-05,-6.47709280639674370e-05,1.99999999999999982e-05,-6.64830370240790543e-05,1.000000000e+00,-0.000000000e+00,3.42421792022323465e-06,4.30299914498553328e-10
179,emitter_outer_surface,emitter_outer_surface,ring,emitter_solid,vacuum,179,180,1.99999999999999982e-05,-6.47709280639674370e-05,1.99999999999999982e-05,-6.20932498991198334e-05,1.99999999999999982e-05,-6.34320889815436352e-05,1.000000000e+00,-0.000000000e+00,2.67767816484760363e-06,3.36486962054521216e-10
180,emitter_outer_surface,emitter_outer_surface,ring,emitter_solid,vacuum,180,181,1.99999999999999982e-05,-6.20932498991198334e-05,1.99999999999999982e-05,-5.99999999999999947e-05,1.99999999999999982e-05,-6.10466249495599141e-05,1.000000000e+00,-0.000000000e+00,2.09324989911983863e-06,2.63045540208098398e-10
181,emitter_outer_surface,emitter_outer_surface,ring,emitter_solid,vacuum,181,182,1.99999999999999982e-05,-5.99999999999999947e-05,1.96644791840710917e-05,-5.79868751044265555e-05,1.98322395920355450e-05,-5.89934375522132751e-05,9.863939238e-01,1.643989873e-01,2.04089344726743865e-06,2.54314990421961552e-10
182,emitter_outer_surface,emitter_outer_surface,ring,emitter_solid,vacuum,182,183,1.96644791840710917e-05,-5.79868751044265555e-05,1.92376580170096334e-05,-5.54259481020577991e-05,1.94510686005403626e-05,-5.67064116032421807e-05,9.863939238e-01,1.643989873e-01,2.59625180213960193e-06,3.17300053184873759e-10
183,emitter_outer_surface,emitter_outer_surface,ring,emitter_solid,vacuum,183,184,1.92376580170096334e-05,-5.54259481020577991e-05,1.86946906885813213e-05,-5.21681441314879329e-05,1.89661743527954774e-05,-5.37970461167728626e-05,9.863939238e-01,1.643989873e-01,3.30274132053985827e-06,3.93581038142011496e-10
184,emitter_outer_surface,emitter_outer_surface,ring,emitter_solid,vacuum,184,185,1.86946906885813213e-05,-5.21681441314879329e-05,1.80039717292254092e-05,-4.80238303753524604e-05,1.83493312089033652e-05,-5.00959872534201966e-05,9.863939238e-01,1.643989873e-01,4.20147940493672078e-06,4.84398006564308768e-10
185,emitter_outer_surface,emitter_outer_surface,ring,emitter_solid,vacuum,185,186,1.80039717292254092e-05,-4.80238303753524604e-05,1.71252948908890001e-05,-4.27517693453340059e-05,1.75646333100572046e-05,-4.53877998603432331e-05,9.863939238e-01,1.643989873e-01,5.34478254847361494e-06,5.89860068196101859e-10
186,emitter_outer_surface,emitter_outer_surface,ring,emitter_solid,vacuum,186,187,1.71252948908890001e-05,-4.27517693453340059e-05,1.60075137160866217e-05,-3.60450822965197487e-05,1.65664043034878109e-05,-3.93984258209268773e-05,9.863939238e-01,1.643989873e-01,6.79919744716061842e-06,7.07727021609804373e-10
187,emitter_outer_surface,emitter_outer_surface,ring,emitter_solid,vacuum,187,188,1.60075137160866217e-05,-3.60450822965197487e-05,1.47299107152543735e-05,-2.83794642915262464e-05,1.53687122156704993e-05,-3.22122732940230010e-05,9.863939238e-01,1.643989873e-01,7.77135566205897820e-06,7.50436815693775016e-10
188,emitter_outer_surface,emitter_outer_surface,ring,emitter_solid,vacuum,188,189,1.47299107152543735e-05,-2.83794642915262464e-05,1.36961572949982196e-05,-2.21769437699893295e-05,1.42130340051262966e-05,-2.52782040307577879e-05,9.863939238e-01,1.643989873e-01,6.28807657030175497e-06,5.61544896968317312e-10
189,emitter_outer_surface,emitter_outer_surface,ring,emitter_solid,vacuum,189,190,1.36961572949982196e-05,-2.21769437699893295e-05,1.28835338816371771e-05,-1.73012032898230611e-05,1.32898455883176983e-05,-1.97390735299061953e-05,9.863939238e-01,1.643989873e-01,4.94299525003560447e-06,4.12752769977310467e-10
190,emitter_outer_surface,emitter_outer_surface,ring,emitter_solid,vacuum,190,191,1.28835338816371771e-05,-1.73012032898230611e-05,1.22447387645817205e-05,-1.34684325874903247e-05,1.25641363231094479e-05,-1.53848179386566929e-05,9.863939238e-01,1.643989873e-01,3.88563900256239381e-06,3.06743209995033967e-10
191,emitter_outer_surface,emitter_outer_surface,ring,emitter_solid,vacuum,191,192,1.22447387645817205e-05,-1.34684325874903247e-05,1.17425882026063056e-05,-1.04555292156378318e-05,1.19936634835940122e-05,-1.19619809015640783e-05,9.863939238e-01,1.643989873e-01,3.05446262295225125e-06,2.30179447218003009e-10
192,emitter_outer_surface,emitter_outer_surface,ring,emitter_solid,vacuum,192,193,1.17425882026063056e-05,-1.04555292156378318e-05,1.13478526438316124e-05,-8.08711586298967942e-06,1.15452204232189590e-05,-9.27132253931375560e-06,9.863939238e-01,1.643989873e-01,2.40108266629102759e-06,1.74176359830019275e-10
193,emitter_outer_surface,emitter_outer_surface,ring,emitter_solid,vacuum,193,194,1.13478526438316124e-05,-8.08711586298967942e-06,1.10375552381687235e-05,-6.22533142901234287e-06,1.11927039410001671e-05,-7.15622364600101114e-06,9.863939238e-01,1.643989873e-01,1.88746543241497044e-06,1.32737578698354712e-10
194,emitter_outer_surface,emitter_outer_surface,ring,emitter_solid,vacuum,194,195,1.10375552381687235e-05,-6.22533142901234287e-06,1.07936336210692002e-05,-4.76180172641520665e-06,1.09155944296189610e-05,-5.49356657771377476e-06,9.863939238e-01,1.643989873e-01,1.48371727282272634e-06,1.01760307808987675e-10
195,emitter_outer_surface,emitter_outer_surface,ring,emitter_solid,vacuum,195,196,1.07936336210692002e-05,-4.76180172641520665e-06,1.06018899916628718e-05,-3.61133994997722913e-06,1.06977618063660360e-05,-4.18657083819621789e-06,9.863939238e-01,1.643989873e-01,1.16633096437620930e-06,7.83961251965742520e-11
196,emitter_outer_surface,emitter_outer_surface,ring,emitter_solid,vacuum,196,197,1.06018899916628718e-05,-3.61133994997722913e-06,1.04511621576978940e-05,-2.70697294618737257e-06,1.05265260746803837e-05,-3.15915644808230085e-06,9.863939238e-01,1.643989873e-01,9.16841620715168178e-07,6.06400092847754426e-11
197,emitter_outer_surface,emitter_outer_surface,ring,emitter_solid,vacuum,197,198,1.04511621576978940e-05,-2.70697294618737257e-06,1.03326767238952526e-05,-1.99606034337152058e-06,1.03919194407965724e-05,-2.35151664477944658e-06,9.863939238e-01,1.643989873e-01,7.20718757120840793e-07,4.70588667745388076e-11
198,emitter_outer_surface,emitter_outer_surface,ring,emitter_solid,vacuum,198,199,1.03326767238952526e-05,-1.99606034337152058e-06,1.02395371429361139e-05,-1.43722285761669228e-06,1.02861069334156841e-05,-1.71664160049410643e-06,9.863939238e-01,1.643989873e-01,5.66545953145922533e-07,3.66155907164508803e-11
199,emitter_outer_surface,emitter_outer_surface,ring,emitter_solid,vacuum,199,200,1.02395371429361139e-05,-1.43722285761669228e-06,1.01663200778789291e-05,-9.97920467273573039e-07,1.02029286104075207e-05,-1.21757166244513266e-06,9.863939238e-01,1.643989873e-01,4.45362019908261072e-07,2.85507745259737092e-11
200,emitter_outer_surface,emitter_outer_surface,ring,emitter_solid,vacuum,200,201,1.01663200778789291e-05,-9.97920467273573039e-07,1.01087652680678637e-05,-6.52591608407180972e-07,1.01375426729733964e-05,-8.25256037840377005e-07,9.863939238e-01,1.643989873e-01,3.50092240557188655e-07,2.22994960707952865e-11
201,emitter_outer_surface,emitter_outer_surface,ring,emitter_solid,vacuum,201,202,1.01087652680678637e-05,-6.52591608407180972e-07,1.00635253575103042e-05,-3.81152145061823446e-07,1.00861453127890840e-05,-5.16871876734502209e-07,9.863939238e-01,1.643989873e-01,2.75183632813566304e-07,1.74392453940700947e-11
202,emitter_outer_surface,emitter_outer_surface,ring,emitter_solid,vacuum,202,203,1.00635253575103042e-05,-3.81152145061823446e-07,1.00279641279937589e-05,-1.67784767962548566e-07,1.00457447427520324e-05,-2.74468456512186006e-07,9.863939238e-01,1.643989873e-01,2.16310514434579857e-07,1.36533630119705931e-11
203,emitter_outer_surface,emitter_outer_surface,ring,emitter_solid,vacuum,203,142,1.00279641279937589e-05,-1.67784767962548566e-07,9.99999999999999912e-06,0.00000000000000000e+00,1.00139820639968799e-05,-8.38923839812742830e-08,9.863939238e-01,1.643989873e-01,1.70099149952895527e-07,1.07025883308311287e-11
204,extractor_surface.aperture,extractor_surface,ring,extractor_solid,vacuum,204,205,1.99999999999999982e-04,6.00000000000000056e-04,1.99999999999999982e-04,5.96488120003933709e-04,1.99999999999999982e-04,5.98244060001966883e-04,-1.000000000e+00,-0.000000000e+00,3.51187999606634646e-06,4.41315855837239423e-09
205,extractor_surface.aperture,extractor_surface,ring,extractor_solid,vacuum,205,206,1.99999999999999982e-04,5.96488120003933709e-04,1.99999999999999982e-04,5.91989557848257510e-04,1.99999999999999982e-04,5.94238838926095664e-04,-1.000000000e+00,-0.000000000e+00,4.49856215567619958e-06,5.65305992799576435e-09
206,extractor_surface.aperture,extractor_surface,ring,extractor_solid,vacuum,206,207,1.99999999999999982e-04,5.91989557848257510e-04,1.99999999999999982e-04,5.86226881207818650e-04,1.99999999999999982e-04,5.89108219528038080e-04,-1.000000000e+00,-0.000000000e+00,5.76267664043885949e-06,7.24159303944649200e-09
207,extractor_surface.aperture,extractor_surface,ring,extractor_solid,vacuum,207,208,1.99999999999999982e-04,5.86226881207818650e-04,1.99999999999999982e-04,5.78845389395768375e-04,1.99999999999999982e-04,5.82536135301793458e-04,-1.000000000e+00,-0.000000000e+00,7.38149181205027555e-06,9.27585617970814152e-09
208,extractor_surface.aperture,extractor_surface,ring,extractor_solid,vacuum,208,209,1.99999999999999982e-04,5.78845389395768375e-04,1.99999999999999982e-04,5.69389945485934993e-04,1.99999999999999982e-04,5.74117667440851684e-04,-1.000000000e+00,-0.000000000e+00,9.45544390983338139e-06,1.18820612494251597e-08
209,extractor_surface.aperture,extractor_surface,ring,extractor_solid,vacuum,209,210,1.99999999999999982e-04,5.69389945485934993e-04,1.99999999999999982e-04,5.57277880994035222e-04,1.99999999999999982e-04,5.63333913239985108e-04,-1.000000000e+00,-0.000000000e+00,1.21120644918997714e-05,1.52204691310232457e-08
210,extractor_surface.aperture,extractor_surface,ring,extractor_solid,vacuum,210,211,1.99999999999999982e-04,5.57277880994035222e-04,1.99999999999999982e-04,5.42722119005964844e-04,1.99999999999999982e-04,5.50000000000000033e-04,-1.000000000e+00,-0.000000000e+00,1.45557619880703776e-05,1.82913099716493848e-08
211,extractor_surface.aperture,extractor_surface,ring,extractor_solid,vacuum,211,212,1.99999999999999982e-04,5.42722119005964844e-04,1.99999999999999982e-04,5.30610054514065073e-04,1.99999999999999982e-04,5.36666086760014959e-04,-1.000000000e+00,-0.000000000e+00,1.21120644918997714e-05,1.52204691310232457e-08
212,extractor_surface.aperture,extractor_surface,ring,extractor_solid,vacuum,212,213,1.99999999999999982e-04,5.30610054514065073e-04,1.99999999999999982e-04,5.21154610604231691e-04,1.99999999999999982e-04,5.25882332559148382e-04,-1.000000000e+00,-0.000000000e+00,9.45544390983338139e-06,1.18820612494251597e-08
213,extractor_surface.aperture,extractor_surface,ring,extractor_solid,vacuum,213,214,1.99999999999999982e-04,5.21154610604231691e-04,1.99999999999999982e-04,5.13773118792181416e-04,1.99999999999999982e-04,5.17463864698206608e-04,-1.000000000e+00,-0.000000000e+00,7.38149181205027555e-06,9.27585617970814152e-09
214,extractor_surface.aperture,extractor_surface,ring,extractor_solid,vacuum,214,215,1.99999999999999982e-04,5.13773118792181416e-04,1.99999999999999982e-04,5.08010442151742556e-04,1.99999999999999982e-04,5.10891780471961986e-04,-1.000000000e+00,-0.000000000e+00,5.76267664043885949e-06,7.24159303944649200e-09
215,extractor_surface.aperture,extractor_surface,ring,extractor_solid,vacuum,215,216,1.99999999999999982e-04,5.08010442151742556e-04,1.99999999999999982e-04,5.03511879996066357e-04,1.99999999999999982e-04,5.05761161073904402e-04,-1.000000000e+00,-0.000000000e+00,4.49856215567619958e-06,5.65305992799576435e-09
216,extractor_surface.aperture,extractor_surface,ring,extractor_solid,vacuum,216,217,1.99999999999999982e-04,5.03511879996066357e-04,1.99999999999999982e-04,5.00000000000000010e-04,1.99999999999999982e-04,5.01755939998033184e-04,-1.000000000e+00,-0.000000000e+00,3.51187999606634646e-06,4.41315855837239423e-09
217,extractor_surface.front,extractor_surface,ring,extractor_solid,vacuum,217,218,1.99999999999999982e-04,5.00000000000000010e-04,2.03459902983208082e-04,5.00000000000000010e-04,2.01729951491604032e-04,5.00000000000000010e-04,0.000000000e+00,-1.000000000e+00,3.45990298320809908e-06,4.38545009918556833e-09
218,extractor_surface.front,extractor_surface,ring,extractor_solid,vacuum,218,219,2.03459902983208082e-04,5.00000000000000010e-04,2.07876727161323979e-04,5.00000000000000010e-04,2.05668315072266017e-04,5.00000000000000010e-04,0.000000000e+00,-1.000000000e+00,4.41682417811589787e-06,5.70765047592041336e-09
219,extractor_surface.front,extractor_surface,ring,extractor_solid,vacuum,219,220,2.07876727161323979e-04,5.00000000000000010e-04,2.13516445617572620e-04,5.00000000000000010e-04,2.10696586389448300e-04,5.00000000000000010e-04,0.000000000e+00,-1.000000000e+00,5.63971845624864103e-06,7.46611700425199097e-09
220,extractor_surface.front,extractor_surface,ring,extractor_solid,vacuum,220,221,2.13516445617572620e-04,5.00000000000000010e-04,2.20716343476966764e-04,5.00000000000000010e-04,2.17116394547269692e-04,5.00000000000000010e-04,0.000000000e+00,-1.000000000e+00,7.19989785939414333e-06,9.82197495077276668e-09
221,extractor_surface.front,extractor_surface,ring,extractor_solid,vacuum,221,222,2.20716343476966764e-04,5.00000000000000010e-04,2.29910288214837493e-04,5.00000000000000010e-04,2.25313315845902129e-04,5.00000000000000010e-04,0.000000000e+00,-1.000000000e+00,9.19394473787072970e-06,1.30157325581622201e-08
222,extractor_surface.front,extractor_surface,ring,extractor_solid,vacuum,222,223,2.29910288214837493e-04,5.00000000000000010e-04,2.41648443393371838e-04,5.00000000000000010e-04,2.35779365804104652e-04,5.00000000000000010e-04,0.000000000e+00,-1.000000000e+00,1.17381551785343443e-05,1.73894365449082306e-08
223,extractor_surface.front,extractor_surface,ring,extractor_solid,vacuum,223,224,2.41648443393371838e-04,5.00000000000000010e-04,2.56635397953890176e-04,5.00000000000000010e-04,2.49141920673631007e-04,5.00000000000000010e-04,0.000000000e+00,-1.000000000e+00,1.49869545605183386e-05,2.34606514363807588e-08
224,extractor_surface.front,extractor_surface,ring,extractor_solid,vacuum,224,225,2.56635397953890176e-04,5.00000000000000010e-04,2.75770956033992854e-04,5.00000000000000010e-04,2.66203176993941542e-04,5.00000000000000010e-04,0.000000000e+00,-1.000000000e+00,1.91355580801026780e-05,3.20062088900009854e-08
225,extractor_surface.front,extractor_surface,ring,extractor_solid,vacuum,225,226,2.75770956033992854e-04,5.00000000000000010e-04,3.00203107409825905e-04,5.00000000000000010e-04,2.87987031721909353e-04,5.00000000000000010e-04,0.000000000e+00,-1.000000000e+00,2.44321513758330509e-05,4.42093887667936753e-08
226,extractor_surface.front,extractor_surface,ring,extractor_solid,vacuum,226,227,3.00203107409825905e-04,5.00000000000000010e-04,3.31397496895354492e-04,5.00000000000000010e-04,3.15800302152590198e-04,5.00000000000000010e-04,0.000000000e+00,-1.000000000e+00,3.11943894855285864e-05,6.18969001754942247e-08
227,extractor_surface.front,extractor_surface,ring,extractor_solid,vacuum,227,228,3.31397496895354492e-04,5.00000000000000010e-04,3.71226064580274179e-04,5.00000000000000010e-04,3.51311780737814335e-04,5.00000000000000010e-04,0.000000000e+00,-1.000000000e+00,3.98285676849196874e-05,8.79158684348662805e-08
228,extractor_surface.front,extractor_surface,ring,extractor_solid,vacuum,228,229,3.71226064580274179e-04,5.00000000000000010e-04,4.22078622740421397e-04,5.00000000000000010e-04,3.96652343660347788e-04,5.00000000000000010e-04,0.000000000e+00,-1.000000000e+00,5.08525581601472184e-05,1.26736788587835549e-07
229,extractor_surface.front,extractor_surface,ring,extractor_solid,vacuum,229,230,4.22078622740421397e-04,5.00000000000000010e-04,4.87006400057611718e-04,5.00000000000000010e-04,4.54542511399016558e-04,5.00000000000000010e-04,0.000000000e+00,-1.000000000e+00,6.49277773171903208e-05,1.85432097728007371e-07
230,extractor_surface.front,extractor_surface,ring,extractor_solid,vacuum,230,231,4.87006400057611718e-04,5.00000000000000010e-04,5.68906702681319697e-04,5.00000000000000010e-04,5.27956551369465708e-04,5.00000000000000010e-04,0.000000000e+00,-1.000000000e+00,8.19003026237079788e-05,2.71683684397800955e-07
231,extractor_surface.front,extractor_surface,ring,extractor_solid,vacuum,231,232,5.68906702681319697e-04,5.00000000000000010e-04,6.55675072549396706e-04,5.00000000000000010e-04,6.12290887615358202e-04,5.00000000000000010e-04,0.000000000e+00,-1.000000000e+00,8.67683698680770093e-05,3.33809815588240996e-07
232,extractor_surface.front,extractor_surface,ring,extractor_solid,vacuum,232,233,6.55675072549396706e-04,5.00000000000000010e-04,7.42443442417473932e-04,5.00000000000000010e-04,6.99059257483435319e-04,5.00000000000000010e-04,0.000000000e+00,-1.000000000e+00,8.67683698680772261e-05,3.81114347029759016e-07
233,extractor_surface.front,extractor_surface,ring,extractor_solid,vacuum,233,234,7.42443442417473932e-04,5.00000000000000010e-04,8.29211812285551159e-04,5.00000000000000010e-04,7.85827627351512546e-04,5.00000000000000010e-04,0.000000000e+00,-1.000000000e+00,8.67683698680772261e-05,4.28418878471276294e-07
234,extractor_surface.front,extractor_surface,ring,extractor_solid,vacuum,234,235,8.29211812285551159e-04,5.00000000000000010e-04,9.15980182153628385e-04,5.00000000000000010e-04,8.72595997219589772e-04,5.00000000000000010e-04,0.000000000e+00,-1.000000000e+00,8.67683698680772261e-05,4.75723409912793520e-07
235,extractor_surface.front,extractor_surface,ring,extractor_solid,vacuum,235,236,9.15980182153628385e-04,5.00000000000000010e-04,1.00274855202170539e-03,5.00000000000000010e-04,9.59364367087666889e-04,5.00000000000000010e-04,0.000000000e+00,-1.000000000e+00,8.67683698680770093e-05,5.23027941354309370e-07
236,extractor_surface.front,extractor_surface,ring,extractor_solid,vacuum,236,237,1.00274855202170539e-03,5.00000000000000010e-04,1.08951692188978262e-03,5.00000000000000010e-04,1.04613273695574401e-03,5.00000000000000010e-04,0.000000000e+00,-1.000000000e+00,8.67683698680772261e-05,5.70332472795827919e-07
237,extractor_surface.front,extractor_surface,ring,extractor_solid,vacuum,237,238,1.08951692188978262e-03,5.00000000000000010e-04,1.17628529175785963e-03,5.00000000000000010e-04,1.13290110682382102e-03,5.00000000000000010e-04,0.000000000e+00,-1.000000000e+00,8.67683698680770093e-05,6.17637004237343504e-07
238,extractor_surface.front,extractor_surface,ring,extractor_solid,vacuum,238,239,1.17628529175785963e-03,5.00000000000000010e-04,1.26305366162593686e-03,5.00000000000000010e-04,1.21966947669189824e-03,5.00000000000000010e-04,0.000000000e+00,-1.000000000e+00,8.67683698680772261e-05,6.64941535678862265e-07
239,extractor_surface.front,extractor_surface,ring,extractor_solid,vacuum,239,240,1.26305366162593686e-03,5.00000000000000010e-04,1.34982203149401408e-03,5.00000000000000010e-04,1.30643784655997547e-03,5.00000000000000010e-04,0.000000000e+00,-1.000000000e+00,8.67683698680772261e-05,7.12246067120379544e-07
240,extractor_surface.front,extractor_surface,ring,extractor_solid,vacuum,240,241,1.34982203149401408e-03,5.00000000000000010e-04,1.43659040136209131e-03,5.00000000000000010e-04,1.39320621642805269e-03,5.00000000000000010e-04,0.000000000e+00,-1.000000000e+00,8.67683698680772261e-05,7.59550598561896717e-07
241,extractor_surface.front,extractor_surface,ring,extractor_solid,vacuum,241,242,1.43659040136209131e-03,5.00000000000000010e-04,1.52335877123016810e-03,5.00000000000000010e-04,1.47997458629612970e-03,5.00000000000000010e-04,0.000000000e+00,-1.000000000e+00,8.67683698680767924e-05,8.06855130003409972e-07
242,extractor_surface.front,extractor_surface,ring,extractor_solid,vacuum,242,243,1.52335877123016810e-03,5.00000000000000010e-04,1.61012714109824533e-03,5.00000000000000010e-04,1.56674295616420671e-03,5.00000000000000010e-04,0.000000000e+00,-1.000000000e+00,8.67683698680772261e-05,8.54159661444931063e-07
243,extractor_surface.front,extractor_surface,ring,extractor_solid,vacuum,243,244,1.61012714109824533e-03,5.00000000000000010e-04,1.69688986076507948e-03,5.00000000000000010e-04,1.65350850093166240e-03,5.00000000000000010e-04,0.000000000e+00,-1.000000000e+00,8.67627196668341490e-05,9.01403951055583464e-07
244,extractor_surface.front,extractor_surface,ring,extractor_solid,vacuum,244,245,1.69688986076507948e-03,5.00000000000000010e-04,1.77343805899187173e-03,5.00000000000000010e-04,1.73516395987847560e-03,5.00000000000000010e-04,0.000000000e+00,-1.000000000e+00,7.65481982267922530e-05,8.34555761677295544e-07
245,extractor_surface.front,extractor_surface,ring,extractor_solid,vacuum,245,246,1.77343805899187173e-03,5.00000000000000010e-04,1.83339182490745156e-03,5.00000000000000010e-04,1.80341494194966164e-03,5.00000000000000010e-04,0.000000000e+00,-1.000000000e+00,5.99537659155798333e-05,6.79347528753034986e-07
246,extractor_surface.front,extractor_surface,ring,extractor_solid,vacuum,246,247,1.83339182490745156e-03,5.00000000000000010e-04,1.88034869922339924e-03,5.00000000000000010e-04,1.85687026206542540e-03,5.00000000000000010e-04,0.000000000e+00,-1.000000000e+00,4.69568743159476734e-05,5.47848667612430133e-07
247,extractor_surface.front,extractor_surface,ring,extractor_solid,vacuum,247,248,1.88034869922339924e-03,5.00000000000000010e-04,1.91712614790096308e-03,5.00000000000000010e-04,1.89873742356218116e-03,5.00000000000000010e-04,0.000000000e+00,-1.000000000e+00,3.67774486775638426e-05,4.38759342252461387e-07
248,extractor_surface.front,extractor_surface,ring,extractor_solid,vacuum,248,249,1.91712614790096308e-03,5.00000000000000010e-04,1.94593074971576583e-03,5.00000000000000010e-04,1.93152844880836445e-03,5.00000000000000010e-04,0.000000000e+00,-1.000000000e+00,2.88046018148027487e-05,3.49577002014722559e-07
249,extractor_surface.front,extractor_surface,ring,extractor_solid,vacuum,249,250,1.94593074971576583e-03,5.00000000000000010e-04,1.96849104468446636e-03,5.00000000000000010e-04,1.95721089720011631e-03,5.00000000000000010e-04,0.000000000e+00,-1.000000000e+00,2.25602949687005346e-05,2.77435650435906367e-07
250,extractor_surface.front,extractor_surface,ring,extractor_solid,vacuum,250,251,1.96849104468446636e-03,5.00000000000000010e-04,1.98616057993631322e-03,5.00000000000000010e-04,1.97732581231038979e-03,5.00000000000000010e-04,0.000000000e+00,-1.000000000e+00,1.76695352518468560e-05,2.19524618376646110e-07
251,extractor_surface.front,extractor_surface,ring,extractor_solid,vacuum,251,252,1.98616057993631322e-03,5.00000000000000010e-04,2.00000000000000004e-03,5.00000000000000010e-04,1.99308028996815663e-03,5.00000000000000010e-04,0.000000000e+00,-1.000000000e+00,1.38394200636868248e-05,1.73309573788089745e-07
252,extractor_surface.back,extractor_surface,ring,extractor_solid,vacuum,253,254,2.00000000000000004e-03,6.00000000000000056e-04,1.98616057993631278e-03,6.00000000000000056e-04,1.99308028996815663e-03,6.00000000000000056e-04,0.000000000e+00,1.000000000e+00,1.38394200636872584e-05,1.73309573788095172e-07
253,extractor_surface.back,extractor_surface,ring,extractor_solid,vacuum,254,255,1.98616057993631278e-03,6.00000000000000056e-04,1.96849104468446679e-03,6.00000000000000056e-04,1.97732581231038979e-03,6.00000000000000056e-04,0.000000000e+00,1.000000000e+00,1.76695352518459886e-05,2.19524618376635310e-07
254,extractor_surface.back,extractor_surface,ring,extractor_solid,vacuum,255,256,1.96849104468446679e-03,6.00000000000000056e-04,1.94593074971576669e-03,6.00000000000000056e-04,1.95721089720011674e-03,6.00000000000000056e-04,0.000000000e+00,1.000000000e+00,2.25602949687001009e-05,2.77435650435901073e-07
255,extractor_surface.back,extractor_surface,ring,extractor_solid,vacuum,256,257,1.94593074971576669e-03,6.00000000000000056e-04,1.91712614790096373e-03,6.00000000000000056e-04,1.93152844880836510e-03,6.00000000000000056e-04,0.000000000e+00,1.000000000e+00,2.88046018148029655e-05,3.49577002014725312e-07
256,extractor_surface.back,extractor_surface,ring,extractor_solid,vacuum,257,258,1.91712614790096373e-03,6.00000000000000056e-04,1.88034869922339989e-03,6.00000000000000056e-04,1.89873742356218181e-03,6.00000000000000056e-04,0.000000000e+00,1.000000000e+00,3.67774486775638426e-05,4.38759342252461493e-07
257,extractor_surface.back,extractor_surface,ring,extractor_solid,vacuum,258,259,1.88034869922339989e-03,6.00000000000000056e-04,1.83339182490745178e-03,6.00000000000000056e-04,1.85687026206542583e-03,6.00000000000000056e-04,0.000000000e+00,1.000000000e+00,4.69568743159481071e-05,5.47848667612435216e-07
258,extractor_surface.back,extractor_surface,ring,extractor_solid,vacuum,259,260,1.83339182490745178e-03,6.00000000000000056e-04,1.77343805899187129e-03,6.00000000000000056e-04,1.80341494194966164e-03,6.00000000000000056e-04,0.000000000e+00,1.000000000e+00,5.99537659155804838e-05,6.79347528753042292e-07
259,extractor_surface.back,extractor_surface,ring,extractor_solid,vacuum,260,261,1.77343805899187129e-03,6.00000000000000056e-04,1.69688986076507948e-03,6.00000000000000056e-04,1.73516395987847538e-03,6.00000000000000056e-04,0.000000000e+00,1.000000000e+00,7.65481982267918193e-05,8.34555761677290779e-07
260,extractor_surface.back,extractor_surface,ring,extractor_solid,vacuum,261,262,1.69688986076507948e-03,6.00000000000000056e-04,1.61012714109824858e-03,6.00000000000000056e-04,1.65350850093166392e-03,6.00000000000000056e-04,0.000000000e+00,1.000000000e+00,8.67627196668308964e-05,9.01403951055550535e-07
261,extractor_surface.back,extractor_surface,ring,extractor_solid,vacuum,262,263,1.61012714109824858e-03,6.00000000000000056e-04,1.52335877123017135e-03,6.00000000000000056e-04,1.56674295616420997e-03,6.00000000000000056e-04,0.000000000e+00,1.000000000e+00,8.67683698680772261e-05,8.54159661444932863e-07
262,extractor_surface.back,extractor_surface,ring,extractor_solid,vacuum,263,264,1.52335877123017135e-03,6.00000000000000056e-04,1.43659040136209391e-03,6.00000000000000056e-04,1.47997458629613252e-03,6.00000000000000056e-04,0.000000000e+00,1.000000000e+00,8.67683698680774430e-05,8.06855130003417490e-07
263,extractor_surface.back,extractor_surface,ring,extractor_solid,vacuum,264,265,1.43659040136209391e-03,6.00000000000000056e-04,1.34982203149401668e-03,6.00000000000000056e-04,1.39320621642805530e-03,6.00000000000000056e-04,0.000000000e+00,1.000000000e+00,8.67683698680772261e-05,7.59550598561898199e-07
264,extractor_surface.back,extractor_surface,ring,extractor_solid,vacuum,265,266,1.34982203149401668e-03,6.00000000000000056e-04,1.26305366162593946e-03,6.00000000000000056e-04,1.30643784655997807e-03,6.00000000000000056e-04,0.000000000e+00,1.000000000e+00,8.67683698680772261e-05,7.12246067120381026e-07
265,extractor_surface.back,extractor_surface,ring,extractor_solid,vacuum,266,267,1.26305366162593946e-03,6.00000000000000056e-04,1.17628529175786223e-03,6.00000000000000056e-04,1.21966947669190084e-03,6.00000000000000056e-04,0.000000000e+00,1.000000000e+00,8.67683698680772261e-05,6.64941535678863641e-07
266,extractor_surface.back,extractor_surface,ring,extractor_solid,vacuum,267,268,1.17628529175786223e-03,6.00000000000000056e-04,1.08951692188978501e-03,6.00000000000000056e-04,1.13290110682382362e-03,6.00000000000000056e-04,0.000000000e+00,1.000000000e+00,8.67683698680772261e-05,6.17637004237346468e-07
267,extractor_surface.back,extractor_surface,ring,extractor_solid,vacuum,268,269,1.08951692188978501e-03,6.00000000000000056e-04,1.00274855202170778e-03,6.00000000000000056e-04,1.04613273695574639e-03,6.00000000000000056e-04,0.000000000e+00,1.000000000e+00,8.67683698680772261e-05,5.70332472795829190e-07
268,extractor_surface.back,extractor_surface,ring,extractor_solid,vacuum,269,270,1.00274855202170778e-03,6.00000000000000056e-04,9.15980182153630770e-04,6.00000000000000056e-04,9.59364367087669275e-04,6.00000000000000056e-04,0.000000000e+00,1.000000000e+00,8.67683698680770093e-05,5.23027941354310746e-07
269,extractor_surface.back,extractor_surface,ring,extractor_solid,vacuum,270,271,9.15980182153630770e-04,6.00000000000000056e-04,8.29211812285553544e-04,6.00000000000000056e-04,8.72595997219592157e-04,6.00000000000000056e-04,0.000000000e+00,1.000000000e+00,8.67683698680772261e-05,4.75723409912794791e-07
270,extractor_surface.back,extractor_surface,ring,extractor_solid,vacuum,271,272,8.29211812285553544e-04,6.00000000000000056e-04,7.42443442417476318e-04,6.00000000000000056e-04,7.85827627351514931e-04,6.00000000000000056e-04,0.000000000e+00,1.000000000e+00,8.67683698680772261e-05,4.28418878471277565e-07
271,extractor_surface.back,extractor_surface,ring,extractor_solid,vacuum,272,273,7.42443442417476318e-04,6.00000000000000056e-04,6.55675072549399092e-04,6.00000000000000056e-04,6.99059257483437705e-04,6.00000000000000056e-04,0.000000000e+00,1.000000000e+00,8.67683698680772261e-05,3.81114347029760286e-07
272,extractor_surface.back,extractor_surface,ring,extractor_solid,vacuum,273,274,6.55675072549399092e-04,6.00000000000000056e-04,5.68906702681321432e-04,6.00000000000000056e-04,6.12290887615360262e-04,6.00000000000000056e-04,0.000000000e+00,1.000000000e+00,8.67683698680776598e-05,3.33809815588244596e-07
273,extractor_surface.back,extractor_surface,ring,extractor_solid,vacuum,274,275,5.68906702681321432e-04,6.00000000000000056e-04,4.87006400057612802e-04,6.00000000000000056e-04,5.27956551369467117e-04,6.00000000000000056e-04,0.000000000e+00,1.000000000e+00,8.19003026237086294e-05,2.71683684397803867e-07
274,extractor_surface.back,extractor_surface,ring,extractor_solid,vacuum,275,276,4.87006400057612802e-04,6.00000000000000056e-04,4.22078622740423241e-04,6.00000000000000056e-04,4.54542511399018022e-04,6.00000000000000056e-04,0.000000000e+00,1.000000000e+00,6.49277773171895618e-05,1.85432097728005810e-07
275,extractor_surface.back,extractor_surface,ring,extractor_solid,vacuum,276,277,4.22078622740423241e-04,6.00000000000000056e-04,3.71226064580275914e-04,6.00000000000000056e-04,3.96652343660349577e-04,6.00000000000000056e-04,0.000000000e+00,1.000000000e+00,5.08525581601473268e-05,1.26736788587836396e-07
276,extractor_surface.back,extractor_surface,ring,extractor_solid,vacuum,277,278,3.71226064580275914e-04,6.00000000000000056e-04,3.31397496895355359e-04,6.00000000000000056e-04,3.51311780737815636e-04,6.00000000000000056e-04,0.000000000e+00,1.000000000e+00,3.98285676849205548e-05,8.79158684348685305e-08
277,extractor_surface.back,extractor_surface,ring,extractor_solid,vacuum,278,279,3.31397496895355359e-04,6.00000000000000056e-04,3.00203107409826664e-04,6.00000000000000056e-04,3.15800302152591012e-04,6.00000000000000056e-04,0.000000000e+00,1.000000000e+00,3.11943894855286948e-05,6.18969001754946085e-08
278,extractor_surface.back,extractor_surface,ring,extractor_solid,vacuum,279,280,3.00203107409826664e-04,6.00000000000000056e-04,2.75770956033993776e-04,6.00000000000000056e-04,2.87987031721910220e-04,6.00000000000000056e-04,0.000000000e+00,1.000000000e+00,2.44321513758328883e-05,4.42093887667935098e-08
279,extractor_surface.back,extractor_surface,ring,extractor_solid,vacuum,280,281,2.75770956033993776e-04,6.00000000000000056e-04,2.56635397953891044e-04,6.00000000000000056e-04,2.66203176993942410e-04,6.00000000000000056e-04,0.000000000e+00,1.000000000e+00,1.91355580801027322e-05,3.20062088900011774e-08
280,extractor_surface.back,extractor_surface,ring,extractor_solid,vacuum,281,282,2.56635397953891044e-04,6.00000000000000056e-04,2.41648443393372488e-04,6.00000000000000056e-04,2.49141920673631766e-04,6.00000000000000056e-04,0.000000000e+00,1.000000000e+00,1.49869545605185554e-05,2.34606514363811690e-08
281,extractor_surface.back,extractor_surface,ring,extractor_solid,vacuum,282,283,2.41648443393372488e-04,6.00000000000000056e-04,2.29910288214837900e-04,6.00000000000000056e-04,2.35779365804105194e-04,6.00000000000000056e-04,0.000000000e+00,1.000000000e+00,1.17381551785345883e-05,1.73894365449086310e-08
282,extractor_surface.back,extractor_surface,ring,extractor_solid,vacuum,283,284,2.29910288214837900e-04,6.00000000000000056e-04,2.20716343476967062e-04,6.00000000000000056e-04,2.25313315845902481e-04,6.00000000000000056e-04,0.000000000e+00,1.000000000e+00,9.19394473787083812e-06,1.30157325581623938e-08
283,extractor_surface.back,extractor_surface,ring,extractor_solid,vacuum,284,285,2.20716343476967062e-04,6.00000000000000056e-04,2.13516445617573190e-04,6.00000000000000056e-04,2.17116394547270126e-04,6.00000000000000056e-04,0.000000000e+00,1.000000000e+00,7.19989785939387228e-06,9.82197495077241761e-09
284,extractor_surface.back,extractor_surface,ring,extractor_solid,vacuum,285,286,2.13516445617573190e-04,6.00000000000000056e-04,2.07876727161324278e-04,6.00000000000000056e-04,2.10696586389448734e-04,6.00000000000000056e-04,0.000000000e+00,1.000000000e+00,5.63971845624891208e-06,7.46611700425236486e-09
285,extractor_surface.back,extractor_surface,ring,extractor_solid,vacuum,286,287,2.07876727161324278e-04,6.00000000000000056e-04,2.03459902983207973e-04,6.00000000000000056e-04,2.05668315072266125e-04,6.00000000000000056e-04,0.000000000e+00,1.000000000e+00,4.41682417811630444e-06,5.70765047592094275e-09
286,extractor_surface.back,extractor_surface,ring,extractor_solid,vacuum,287,204,2.03459902983207973e-04,6.00000000000000056e-04,1.99999999999999982e-04,6.00000000000000056e-04,2.01729951491603978e-04,6.00000000000000056e-04,0.000000000e+00,1.000000000e+00,3.45990298320799066e-06,4.38545009918542936e-09
287,extractor_surface.rim,extractor_surface,ring,extractor_solid,vacuum,252,288,2.00000000000000004e-03,5.00000000000000010e-04,2.00000000000000004e-03,5.12996118097602924e-04,2.00000000000000004e-03,5.06498059048801413e-04,1.000000000e+00,-0.000000000e+00,1.29961180976029137e-05,1.63314036562458703e-07
288,extractor_surface.rim,extractor_surface,ring,extractor_solid,vacuum,288,289,2.00000000000000004e-03,5.12996118097602924e-04,2.00000000000000004e-03,5.29370098482246374e-04,2.00000000000000004e-03,5.21183108289924703e-04,1.000000000e+00,-0.000000000e+00,1.63739803846434497e-05,2.05761505945676966e-07
289,extractor_surface.rim,extractor_surface,ring,extractor_solid,vacuum,289,290,2.00000000000000004e-03,5.29370098482246374e-04,2.00000000000000004e-03,5.50000000000000033e-04,2.00000000000000004e-03,5.39685049241123149e-04,1.000000000e+00,-0.000000000e+00,2.06299015177536594e-05,2.59242988209823266e-07
290,extractor_surface.rim,extractor_surface,ring,extractor_solid,vacuum,290,291,2.00000000000000004e-03,5.50000000000000033e-04,2.00000000000000004e-03,5.70629901517753692e-04,2.00000000000000004e-03,5.60314950758876917e-04,1.000000000e+00,-0.000000000e+00,2.06299015177536594e-05,2.59242988209823266e-07
291,extractor_surface.rim,extractor_surface,ring,extractor_solid,vacuum,291,292,2.00000000000000004e-03,5.70629901517753692e-04,2.00000000000000004e-03,5.87003881902397142e-04,2.00000000000000004e-03,5.78816891710075363e-04,1.000000000e+00,-0.000000000e+00,1.63739803846434497e-05,2.05761505945676966e-07
292,extractor_surface.rim,extractor_surface,ring,extractor_solid,vacuum,292,253,2.00000000000000004e-03,5.87003881902397142e-04,2.00000000000000004e-03,6.00000000000000056e-04,2.00000000000000004e-03,5.93501940951198653e-04,1.000000000e+00,-0.000000000e+00,1.29961180976029137e-05,1.63314036562458703e-07
293,open_boundary.z_min.emitter,open_boundary,ring,emitter_solid,outside,89,293,4.99999999999999956e-06,-3.99999999999999965e-04,5.66414292913126373e-06,-3.99999999999999965e-04,5.33207146456563165e-06,-3.99999999999999965e-04,0.000000000e+00,-1.000000000e+00,6.64142929131264167e-07,2.22503774750441925e-11
294,open_boundary.z_min.emitter,open_boundary,ring,emitter_solid,outside,293,294,5.66414292913126373e-06,-3.99999999999999965e-04,6.50467516566580873e-06,-3.99999999999999965e-04,6.08440904739853581e-06,-3.99999999999999965e-04,0.000000000e+00,-1.000000000e+00,8.40532236534545004e-07,3.21331015251472860e-11
295,open_boundary.z_min.emitter,open_boundary,ring,emitter_solid,outside,294,295,6.50467516566580873e-06,-3.99999999999999965e-04,7.56849847447470925e-06,-3.99999999999999965e-04,7.03658682007025857e-06,-3.99999999999999965e-04,0.000000000e+00,-1.000000000e+00,1.06382330880890052e-06,4.70339464689201731e-11
296,open_boundary.z_min.emitter,open_boundary,ring,emitter_solid,outside,295,296,7.56849847447470925e-06,-3.99999999999999965e-04,8.91493327146239790e-06,-3.99999999999999965e-04,8.24171587296855442e-06,-3.99999999999999965e-04,0.000000000e+00,-1.000000000e+00,1.34643479698768864e-06,6.97240866206920713e-11
297,open_boundary.z_min.emitter,open_boundary,ring,emitter_solid,outside,296,297,8.91493327146239790e-06,-3.99999999999999965e-04,1.06190475377750397e-05,-3.99999999999999965e-04,9.76699040461871878e-06,-3.99999999999999965e-04,0.000000000e+00,-1.000000000e+00,1.70411426631264176e-06,1.04577761545484832e-10
298,open_boundary.z_min.emitter,open_boundary,ring,emitter_solid,outside,297,298,1.06190475377750397e-05,-3.99999999999999965e-04,1.27758723523952108e-05,-3.99999999999999965e-04,1.16974599450851244e-05,-3.99999999999999965e-04,0.000000000e+00,-1.000000000e+00,2.15682481462017111e-06,1.58520818690612557e-10
299,open_boundary.z_min.emitter,open_boundary,ring,emitter_solid,outside,298,299,1.27758723523952108e-05,-3.99999999999999965e-04,1.54859712631168203e-05,-3.99999999999999965e-04,1.41309218077560156e-05,-3.99999999999999965e-04,0.000000000e+00,-1.000000000e+00,2.71009891072160957e-06,2.40622094763213003e-10
300,open_boundary.z_min.emitter,open_boundary,ring,emitter_solid,outside,299,300,1.54859712631168203e-05,-3.99999999999999965e-04,1.80076248825436169e-05,-3.99999999999999965e-04,1.67467980728302186e-05,-3.99999999999999965e-04,0.000000000e+00,-1.000000000e+00,2.52165361942679653e-06,2.65336552882173607e-10
301,open_boundary.z_min.emitter,open_boundary,ring,emitter_solid,outside,300,155,1.80076248825436169e-05,-3.99999999999999965e-04,1.99999999999999982e-05,-3.99999999999999965e-04,1.90038124412718076e-05,-3.99999999999999965e-04,0.000000000e+00,-1.000000000e+00,1.99237511745638138e-06,2.37898505124884456e-10
302,open_boundary.z_min.vacuum,open_boundary,ring,vacuum,outside,155,301,1.99999999999999982e-05,-3.99999999999999965e-04,2.20822757714538053e-05,-3.99999999999999965e-04,2.10411378857269018e-05,-3.99999999999999965e-04,0.000000000e+00,-1.000000000e+00,2.08227577145380705e-06,2.75288035496140524e-10
303,open_boundary.z_min.vacuum,open_boundary,ring,vacuum,outside,301,302,2.20822757714538053e-05,-3.99999999999999965e-04,2.47424607207188909e-05,-3.99999999999999965e-04,2.34123682460863464e-05,-3.99999999999999965e-04,0.000000000e+00,-1.000000000e+00,2.66018494926508563e-06,3.91324506955023085e-10
304,open_boundary.z_min.vacuum,open_boundary,ring,vacuum,outside,302,303,2.47424607207188909e-05,-3.99999999999999965e-04,2.81410728968555411e-05,-3.99999999999999965e-04,2.64417668087872160e-05,-3.99999999999999965e-04,0.000000000e+00,-1.000000000e+00,3.39861217613665021e-06,5.64640399406396942e-10
305,open_boundary.z_min.vacuum,open_boundary,ring,vacuum,outside,303,304,2.81410728968555411e-05,-3.99999999999999965e-04,3.24833046701412348e-05,-3.99999999999999965e-04,3.03121887834983863e-05,-3.99999999999999965e-04,0.000000000e+00,-1.000000000e+00,4.34223177328569370e-06,8.27008867563369678e-10
306,open_boundary.z_min.vacuum,open_boundary,ring,vacuum,outside,304,305,3.24833046701412348e-05,-3.99999999999999965e-04,3.80310332161805408e-05,-3.99999999999999965e-04,3.52571689431608844e-05,-3.99999999999999965e-04,0.000000000e+00,-1.000000000e+00,5.54772854603930598e-06,1.22897346949234985e-09
307,open_boundary.z_min.vacuum,open_boundary,ring,vacuum,outside,305,306,3.80310332161805408e-05,-3.99999999999999965e-04,4.51193558034357724e-05,-3.99999999999999965e-04,4.15751945098081566e-05,-3.99999999999999965e-04,0.000000000e+00,-1.000000000e+00,7.08832258725523162e-06,1.85164459606664767e-09
308,open_boundary.z_min.vacuum,open_boundary,ring,vacuum,outside,306,307,4.51193558034357724e-05,-3.99999999999999965e-04,5.41755836786949309e-05,-3.99999999999999965e-04,4.96474697410653483e-05,-3.99999999999999965e-04,0.000000000e+00,-1.000000000e+00,9.05622787525915842e-06,2.82503823425398575e-09
309,open_boundary.z_min.vacuum,open_boundary,ring,vacuum,outside,307,308,5.41755836786949309e-05,-3.99999999999999965e-04,6.57461891781530321e-05,-3.99999999999999965e-04,5.99608864284239781e-05,-3.99999999999999965e-04,0.000000000e+00,-1.000000000e+00,1.15706054994581012e-05,4.35917194139875074e-09
310,open_boundary.z_min.vacuum,open_boundary,ring,vacuum,outside,308,309,6.57461891781530321e-05,-3.99999999999999965e-04,8.05292643877547729e-05,-3.99999999999999965e-04,7.31377267829539025e-05,-3.99999999999999965e-04,0.000000000e+00,-1.000000000e+00,1.47830752096017408e-05,6.79338319430915099e-09
311,open_boundary.z_min.vacuum,open_boundary,ring,vacuum,outside,309,310,8.05292643877547729e-05,-3.99999999999999965e-04,9.94166466994816835e-05,-3.99999999999999965e-04,8.99729555436182282e-05,-3.99999999999999965e-04,0.000000000e+00,-1.000000000e+00,1.88873823117269106e-05,1.06773536282007118e-08
312,open_boundary.z_min.vacuum,open_boundary,ring,vacuum,outside,310,311,9.94166466994816835e-05,-3.99999999999999965e-04,1.23547929525323196e-04,-3.99999999999999965e-04,1.11482288112402440e-04,-3.99999999999999965e-04,0.000000000e+00,-1.000000000e+00,2.41312828258415124e-05,1.69030918691543063e-08
313,open_boundary.z_min.vacuum,open_boundary,ring,vacuum,outside,311,312,1.23547929525323196e-04,-3.99999999999999965e-04,1.54378978431318081e-04,-3.99999999999999965e-04,1.38963453978320625e-04,-3.99999999999999965e-04,0.000000000e+00,-1.000000000e+00,3.08310489059948850e-05,2.69196103025074512e-08
314,open_boundary.z_min.vacuum,open_boundary,ring,vacuum,outside,312,313,1.54378978431318081e-04,-3.99999999999999965e-04,1.93769870323349868e-04,-3.99999999999999965e-04,1.74074424377333975e-04,-3.99999999999999965e-04,0.000000000e+00,-1.000000000e+00,3.93908918920317873e-05,4.30834675857730423e-08
315,open_boundary.z_min.vacuum,open_boundary,ring,vacuum,outside,313,314,1.93769870323349868e-04,-3.99999999999999965e-04,2.44097144635917884e-04,-3.99999999999999965e-04,2.18933507479633876e-04,-3.99999999999999965e-04,0.000000000e+00,-1.000000000e+00,5.03272743125680161e-05,6.92301883503439961e-08
316,open_boundary.z_min.vacuum,open_boundary,ring,vacuum,outside,314,315,2.44097144635917884e-04,-3.99999999999999965e-04,3.08397193527602115e-04,-3.99999999999999965e-04,2.76247169081760013e-04,-3.99999999999999965e-04,0.000000000e+00,-1.000000000e+00,6.43000488916842304e-05,1.11606376359233927e-07
317,open_boundary.z_min.vacuum,open_boundary,ring,vacuum,outside,315,316,3.08397193527602115e-04,-3.99999999999999965e-04,3.89838559645013373e-04,-3.99999999999999965e-04,3.49117876586307744e-04,-3.99999999999999965e-04,0.000000000e+00,-1.000000000e+00,8.14413661174112581e-05,1.78647525818797948e-07
318,open_boundary.z_min.vacuum,open_boundary,ring,vacuum,outside,316,317,3.89838559645013373e-04,-3.99999999999999965e-04,4.76843940990179563e-04,-3.99999999999999965e-04,4.33341250317596468e-04,-3.99999999999999965e-04,0.000000000e+00,-1.000000000e+00,8.70053813451661905e-05,2.36895065927698200e-07
319,open_boundary.z_min.vacuum,open_boundary,ring,vacuum,outside,317,318,4.76843940990179563e-04,-3.99999999999999965e-04,5.63849322335345645e-04,-3.99999999999999965e-04,5.20346631662762550e-04,-3.99999999999999965e-04,0.000000000e+00,-1.000000000e+00,8.70053813451660820e-05,2.84458378985759355e-07
320,open_boundary.z_min.vacuum,open_boundary,ring,vacuum,outside,318,319,5.63849322335345645e-04,-3.99999999999999965e-04,6.50854703680512053e-04,-3.99999999999999965e-04,6.07352013007928849e-04,-3.99999999999999965e-04,0.000000000e+00,-1.000000000e+00,8.70053813451664073e-05,3.32021692043822177e-07
321,open_boundary.z_min.vacuum,open_boundary,ring,vacuum,outside,319,320,6.50854703680512053e-04,-3.99999999999999965e-04,7.37860085025678243e-04,-3.99999999999999965e-04,6.94357394353095148e-04,-3.99999999999999965e-04,0.000000000e+00,-1.000000000e+00,8.70053813451661905e-05,3.79585005101882988e-07
322,open_boundary.z_min.vacuum,open_boundary,ring,vacuum,outside,320,321,7.37860085025678243e-04,-3.99999999999999965e-04,8.24865466370844650e-04,-3.99999999999999965e-04,7.81362775698261447e-04,-3.99999999999999965e-04,0.000000000e+00,-1.000000000e+00,8.70053813451664073e-05,4.27148318159945651e-07
323,open_boundary.z_min.vacuum,open_boundary,ring,vacuum,outside,321,322,8.24865466370844650e-04,-3.99999999999999965e-04,9.11870847716010841e-04,-3.99999999999999965e-04,8.68368157043427746e-04,-3.99999999999999965e-04,0.000000000e+00,-1.000000000e+00,8.70053813451661905e-05,4.74711631218006250e-07
324,open_boundary.z_min.vacuum,open_boundary,ring,vacuum,outside,322,323,9.11870847716010841e-04,-3.99999999999999965e-04,9.98876229061176598e-04,-3.99999999999999965e-04,9.55373538388593719e-04,-3.99999999999999965e-04,0.000000000e+00,-1.000000000e+00,8.70053813451657568e-05,5.22274944276065102e-07
325,open_boundary.z_min.vacuum,open_boundary,ring,vacuum,outside,323,324,9.98876229061176598e-04,-3.99999999999999965e-04,1.08588161040634322e-03,-3.99999999999999965e-04,1.04237891973375991e-03,-3.99999999999999965e-04,0.000000000e+00,-1.000000000e+00,8.70053813451666241e-05,5.69838257334132160e-07
326,open_boundary.z_min.vacuum,open_boundary,ring,vacuum,outside,324,325,1.08588161040634322e-03,-3.99999999999999965e-04,1.17288699175150963e-03,-3.99999999999999965e-04,1.12938430107892632e-03,-3.99999999999999965e-04,0.000000000e+00,-1.000000000e+00,8.70053813451664073e-05,6.17401570392192547e-07
327,open_boundary.z_min.vacuum,open_boundary,ring,vacuum,outside,325,326,1.17288699175150963e-03,-3.99999999999999965e-04,1.25989237309667560e-03,-3.99999999999999965e-04,1.21638968242409251e-03,-3.99999999999999965e-04,0.000000000e+00,-1.000000000e+00,8.70053813451659736e-05,6.64964883450250923e-07
328,open_boundary.z_min.vacuum,open_boundary,ring,vacuum,outside,326,327,1.25989237309667560e-03,-3.99999999999999965e-04,1.34689775444184201e-03,-3.99999999999999965e-04,1.30339506376925870e-03,-3.99999999999999965e-04,0.000000000e+00,-1.000000000e+00,8.70053813451664073e-05,7.12528196508315863e-07
329,open_boundary.z_min.vacuum,open_boundary,ring,vacuum,outside,327,328,1.34689775444184201e-03,-3.99999999999999965e-04,1.43390313578700820e-03,-3.99999999999999965e-04,1.39040044511442511e-03,-3.99999999999999965e-04,0.000000000e+00,-1.000000000e+00,8.70053813451661905e-05,7.60091509566375826e-07
330,open_boundary.z_min.vacuum,open_boundary,ring,vacuum,outside,328,329,1.43390313578700820e-03,-3.99999999999999965e-04,1.52090851713217439e-03,-3.99999999999999965e-04,1.47740582645959130e-03,-3.99999999999999965e-04,0.000000000e+00,-1.000000000e+00,8.70053813451661905e-05,8.07654822624437378e-07
331,open_boundary.z_min.vacuum,open_boundary,ring,vacuum,outside,329,330,1.52090851713217439e-03,-3.99999999999999965e-04,1.60791389847734058e-03,-3.99999999999999965e-04,1.56441120780475749e-03,-3.99999999999999965e-04,0.000000000e+00,-1.000000000e+00,8.70053813451661905e-05,8.55218135682498930e-07
332,open_boundary.z_min.vacuum,open_boundary,ring,vacuum,outside,330,331,1.60791389847734058e-03,-3.99999999999999965e-04,1.69491927982250656e-03,-3.99999999999999965e-04,1.65141658914992346e-03,-3.99999999999999965e-04,0.000000000e+00,-1.000000000e+00,8.70053813451659736e-05,9.02781448740558153e-07
333,open_boundary.z_min.vacuum,open_boundary,ring,vacuum,outside,331,332,1.69491927982250656e-03,-3.99999999999999965e-04,1.78192466116767296e-03,-3.99999999999999965e-04,1.73842197049508965e-03,-3.99999999999999965e-04,0.000000000e+00,-1.000000000e+00,8.70053813451664073e-05,9.50344761798624363e-07
334,open_boundary.z_min.vacuum,open_boundary,ring,vacuum,outside,332,333,1.78192466116767296e-03,-3.99999999999999965e-04,1.86893004251283959e-03,-3.99999999999999965e-04,1.82542735184025627e-03,-3.99999999999999965e-04,0.000000000e+00,-1.000000000e+00,8.70053813451666241e-05,9.97908074856688774e-07
335,open_boundary.z_min.vacuum,open_boundary,ring,vacuum,outside,333,334,1.86893004251283959e-03,-3.99999999999999965e-04,1.95593542385800491e-03,-3.99999999999999965e-04,1.91243273318542225e-03,-3.99999999999999965e-04,0.000000000e+00,-1.000000000e+00,8.70053813451653231e-05,1.04547138791473487e-06
336,open_boundary.z_min.vacuum,open_boundary,ring,vacuum,outside,334,335,1.95593542385800491e-03,-3.99999999999999965e-04,2.04294080520317197e-03,-3.99999999999999965e-04,1.99943811453058822e-03,-3.99999999999999965e-04,0.000000000e+00,-1.000000000e+00,8.70053813451670578e-05,1.09303470097281760e-06
337,open_boundary.z_min.vacuum,open_boundary,ring,vacuum,outside,335,336,2.04294080520317197e-03,-3.99999999999999965e-04,2.12994618654833772e-03,-3.99999999999999965e-04,2.08644349587575485e-03,-3.99999999999999965e-04,0.000000000e+00,-1.000000000e+00,8.70053813451657568e-05,1.14059801403086284e-06
338,open_boundary.z_min.vacuum,open_boundary,ring,vacuum,outside,336,337,2.12994618654833772e-03,-3.99999999999999965e-04,2.21695156789350391e-03,-3.99999999999999965e-04,2.17344887722092060e-03,-3.99999999999999965e-04,0.000000000e+00,-1.000000000e+00,8.70053813451661905e-05,1.18816132708892990e-06
339,open_boundary.z_min.vacuum,open_boundary,ring,vacuum,outside,337,338,2.21695156789350391e-03,-3.99999999999999965e-04,2.30395694923867054e-03,-3.99999999999999965e-04,2.26045425856608723e-03,-3.99999999999999965e-04,0.000000000e+00,-1.000000000e+00,8.70053813451666241e-05,1.23572464014699802e-06
340,open_boundary.z_min.vacuum,open_boundary,ring,vacuum,outside,338,339,2.30395694923867054e-03,-3.99999999999999965e-04,2.39096233058383630e-03,-3.99999999999999965e-04,2.34745963991125342e-03,-3.99999999999999965e-04,0.000000000e+00,-1.000000000e+00,8.70053813451657568e-05,1.28328795320504686e-06
341,open_boundary.z_min.vacuum,open_boundary,ring,vacuum,outside,339,340,2.39096233058383630e-03,-3.99999999999999965e-04,2.47796771192900292e-03,-3.99999999999999965e-04,2.43446502125641961e-03,-3.99999999999999965e-04,0.000000000e+00,-1.000000000e+00,8.70053813451666241e-05,1.33085126626312154e-06
342,open_boundary.z_min.vacuum,open_boundary,ring,vacuum,outside,340,341,2.47796771192900292e-03,-3.99999999999999965e-04,2.56497309327416911e-03,-3.99999999999999965e-04,2.52147040260158623e-03,-3.99999999999999965e-04,0.000000000e+00,-1.000000000e+00,8.70053813451661905e-05,1.37841457932117674e-06
343,open_boundary.z_min.vacuum,open_boundary,ring,vacuum,outside,341,342,2.56497309327416911e-03,-3.99999999999999965e-04,2.65197847461933530e-03,-3.99999999999999965e-04,2.60847578394675199e-03,-3.99999999999999965e-04,0.000000000e+00,-1.000000000e+00,8.70053813451661905e-05,1.42597789237923808e-06
344,open_boundary.z_min.vacuum,open_boundary,ring,vacuum,outside,342,343,2.65197847461933530e-03,-3.99999999999999965e-04,2.73898385596450149e-03,-3.99999999999999965e-04,2.69548116529191861e-03,-3.99999999999999965e-04,0.000000000e+00,-1.000000000e+00,8.70053813451661905e-05,1.47354120543729985e-06
345,open_boundary.z_min.vacuum,open_boundary,ring,vacuum,outside,343,344,2.73898385596450149e-03,-3.99999999999999965e-04,2.82598923730966768e-03,-3.99999999999999965e-04,2.78248654663708437e-03,-3.99999999999999965e-04,0.000000000e+00,-1.000000000e+00,8.70053813451661905e-05,1.52110451849536119e-06
346,open_boundary.z_min.vacuum,open_boundary,ring,vacuum,outside,344,345,2.82598923730966768e-03,-3.99999999999999965e-04,2.91299461865483387e-03,-3.99999999999999965e-04,2.86949192798225099e-03,-3.99999999999999965e-04,0.000000000e+00,-1.000000000e+00,8.70053813451661905e-05,1.56866783155342295e-06
347,open_boundary.z_min.vacuum,open_boundary,ring,vacuum,outside,345,346,2.91299461865483387e-03,-3.99999999999999965e-04,3.00000000000000006e-03,-3.99999999999999965e-04,2.95649730932741675e-03,-3.99999999999999965e-04,0.000000000e+00,-1.000000000e+00,8.70053813451661905e-05,1.61623114461148429e-06
348,open_boundary.r_max,open_boundary,ring,vacuum,outside,346,347,3.00000000000000006e-03,-3.99999999999999965e-04,3.00000000000000006e-03,-3.13636363636363592e-04,3.00000000000000006e-03,-3.56818181818181778e-04,1.000000000e+00,-0.000000000e+00,8.63636363636363733e-05,1.62791619322380208e-06
349,open_boundary.r_max,open_boundary,ring,vacuum,outside,347,348,3.00000000000000006e-03,-3.13636363636363592e-04,3.00000000000000006e-03,-2.27272727272727029e-04,3.00000000000000006e-03,-2.70454545454545297e-04,1.000000000e+00,-0.000000000e+00,8.63636363636365631e-05,1.62791619322380568e-06
350,open_boundary.r_max,open_boundary,ring,vacuum,outside,348,349,3.00000000000000006e-03,-2.27272727272727029e-04,3.00000000000000006e-03,-1.40909090909090953e-04,3.00000000000000006e-03,-1.84090909090908977e-04,1.000000000e+00,-0.000000000e+00,8.63636363636360752e-05,1.62791619322379658e-06
351,open_boundary.r_max,open_boundary,ring,vacuum,outside,349,350,3.00000000000000006e-03,-1.40909090909090953e-04,3.00000000000000006e-03,-5.45454545454547969e-05,3.00000000000000006e-03,-9.77272727272728752e-05,1.000000000e+00,-0.000000000e+00,8.63636363636361565e-05,1.62791619322379806e-06
352,open_boundary.r_max,open_boundary,ring,vacuum,outside,350,351,3.00000000000000006e-03,-5.45454545454547969e-05,3.00000000000000006e-03,3.18181818181813595e-05,3.00000000000000006e-03,-1.13636363636367187e-05,1.000000000e+00,-0.000000000e+00,8.63636363636361565e-05,1.62791619322379806e-06
353,open_boundary.r_max,open_boundary,ring,vacuum,outside,351,352,3.00000000000000006e-03,3.18181818181813595e-05,3.00000000000000006e-03,1.18181818181817299e-04,3.00000000000000006e-03,7.49999999999993294e-05,1.000000000e+00,-0.000000000e+00,8.63636363636359396e-05,1.62791619322379382e-06
354,open_boundary.r_max,open_boundary,ring,vacuum,outside,352,353,3.00000000000000006e-03,1.18181818181817299e-04,3.00000000000000006e-03,2.04545454545453564e-04,3.00000000000000006e-03,1.61363636363635432e-04,1.000000000e+00,-0.000000000e+00,8.63636363636362649e-05,1.62791619322379996e-06
355,open_boundary.r_max,open_boundary,ring,vacuum,outside,353,354,3.00000000000000006e-03,2.04545454545453564e-04,3.00000000000000006e-03,2.90909090909089612e-04,3.00000000000000006e-03,2.47727272727271588e-04,1.000000000e+00,-0.000000000e+00,8.63636363636360481e-05,1.62791619322379594e-06
356,open_boundary.r_max,open_boundary,ring,vacuum,outside,354,355,3.00000000000000006e-03,2.90909090909089612e-04,3.00000000000000006e-03,3.77272727272727178e-04,3.00000000000000006e-03,3.34090909090908395e-04,1.000000000e+00,-0.000000000e+00,8.63636363636375659e-05,1.62791619322382453e-06
357,open_boundary.r_max,open_boundary,ring,vacuum,outside,355,356,3.00000000000000006e-03,3.77272727272727178e-04,3.00000000000000006e-03,4.63636363636365069e-04,3.00000000000000006e-03,4.20454545454546124e-04,1.000000000e+00,-0.000000000e+00,8.63636363636378912e-05,1.62791619322383067e-06
358,open_boundary.r_max,open_boundary,ring,vacuum,outside,356,357,3.00000000000000006e-03,4.63636363636365069e-04,3.00000000000000006e-03,5.50000000000002960e-04,3.00000000000000006e-03,5.06818181818184015e-04,1.000000000e+00,-0.000000000e+00,8.63636363636378912e-05,1.62791619322383067e-06
359,open_boundary.r_max,open_boundary,ring,vacuum,outside,357,358,3.00000000000000006e-03,5.50000000000002960e-04,3.00000000000000006e-03,6.36363636363640852e-04,3.00000000000000006e-03,5.93181818181821906e-04,1.000000000e+00,-0.000000000e+00,8.63636363636378912e-05,1.62791619322383067e-06
360,open_boundary.r_max,open_boundary,ring,vacuum,outside,358,359,3.00000000000000006e-03,6.36363636363640852e-04,3.00000000000000006e-03,7.22727272727278960e-04,3.00000000000000006e-03,6.79545454545459906e-04,1.000000000e+00,-0.000000000e+00,8.63636363636381080e-05,1.62791619322383469e-06
361,open_boundary.r_max,open_boundary,ring,vacuum,outside,359,360,3.00000000000000006e-03,7.22727272727278960e-04,3.00000000000000006e-03,8.09090909090916851e-04,3.00000000000000006e-03,7.65909090909097905e-04,1.000000000e+00,-0.000000000e+00,8.63636363636378912e-05,1.62791619322383067e-06
362,open_boundary.r_max,open_boundary,ring,vacuum,outside,360,361,3.00000000000000006e-03,8.09090909090916851e-04,3.00000000000000006e-03,8.95454545454554742e-04,3.00000000000000006e-03,8.52272727272735797e-04,1.000000000e+00,-0.000000000e+00,8.63636363636378912e-05,1.62791619322383067e-06
363,open_boundary.r_max,open_boundary,ring,vacuum,outside,361,362,3.00000000000000006e-03,8.95454545454554742e-04,3.00000000000000006e-03,9.81818181818192633e-04,3.00000000000000006e-03,9.38636363636373688e-04,1.000000000e+00,-0.000000000e+00,8.63636363636378912e-05,1.62791619322383067e-06
364,open_boundary.r_max,open_boundary,ring,vacuum,outside,362,363,3.00000000000000006e-03,9.81818181818192633e-04,3.00000000000000006e-03,1.06818181818182857e-03,3.00000000000000006e-03,1.02500000000001071e-03,1.000000000e+00,-0.000000000e+00,8.63636363636359396e-05,1.62791619322379382e-06
365,open_boundary.r_max,open_boundary,ring,vacuum,outside,363,364,3.00000000000000006e-03,1.06818181818182857e-03,3.00000000000000006e-03,1.15454545454546321e-03,3.00000000000000006e-03,1.11136363636364600e-03,1.000000000e+00,-0.000000000e+00,8.63636363636346386e-05,1.62791619322376947e-06
366,open_boundary.r_max,open_boundary,ring,vacuum,outside,364,365,3.00000000000000006e-03,1.15454545454546321e-03,3.00000000000000006e-03,1.24090909090909742e-03,3.00000000000000006e-03,1.19772727272728042e-03,1.000000000e+00,-0.000000000e+00,8.63636363636342049e-05,1.62791619322376121e-06
367,open_boundary.r_max,open_boundary,ring,vacuum,outside,365,366,3.00000000000000006e-03,1.24090909090909742e-03,3.00000000000000006e-03,1.32727272727273140e-03,3.00000000000000006e-03,1.28409090909091441e-03,1.000000000e+00,-0.000000000e+00,8.63636363636339881e-05,1.62791619322375719e-06
368,open_boundary.r_max,open_boundary,ring,vacuum,outside,366,367,3.00000000000000006e-03,1.32727272727273140e-03,3.00000000000000006e-03,1.41363636363636561e-03,3.00000000000000006e-03,1.37045454545454840e-03,1.000000000e+00,-0.000000000e+00,8.63636363636342049e-05,1.62791619322376121e-06
369,open_boundary.r_max,open_boundary,ring,vacuum,outside,367,368,3.00000000000000006e-03,1.41363636363636561e-03,3.00000000000000006e-03,1.50000000000000003e-03,3.00000000000000006e-03,1.45681818181818282e-03,1.000000000e+00,-0.000000000e+00,8.63636363636344218e-05,1.62791619322376524e-06
370,open_boundary.z_max,open_boundary,ring,vacuum,outside,368,369,3.00000000000000006e-03,1.50000000000000003e-03,2.91176470588235285e-03,1.50000000000000003e-03,2.95588235294117624e-03,1.50000000000000003e-03,0.000000000e+00,1.000000000e+00,8.82352941176472137e-05,1.63873734438983423e-06
371,open_boundary.z_max,open_boundary,ring,vacuum,outside,369,370,2.91176470588235285e-03,1.50000000000000003e-03,2.82352941176470564e-03,1.50000000000000003e-03,2.86764705882352946e-03,1.50000000000000003e-03,0.000000000e+00,1.000000000e+00,8.82352941176472137e-05,1.58981981172148126e-06
372,open_boundary.z_max,open_boundary,ring,vacuum,outside,370,371,2.82352941176470564e-03,1.50000000000000003e-03,2.73529411764705842e-03,1.50000000000000003e-03,2.77941176470588181e-03,1.50000000000000003e-03,0.000000000e+00,1.000000000e+00,8.82352941176472137e-05,1.54090227905312744e-06
373,open_boundary.z_max,open_boundary,ring,vacuum,outside,371,372,2.73529411764705842e-03,1.50000000000000003e-03,2.64705882352941121e-03,1.50000000000000003e-03,2.69117647058823503e-03,1.50000000000000003e-03,0.000000000e+00,1.000000000e+00,8.82352941176472137e-05,1.49198474638477425e-06
374,open_boundary.z_max,open_boundary,ring,vacuum,outside,372,373,2.64705882352941121e-03,1.50000000000000003e-03,2.55882352941176443e-03,1.50000000000000003e-03,2.60294117647058782e-03,1.50000000000000003e-03,0.000000000e+00,1.000000000e+00,8.82352941176467800e-05,1.44306721371641408e-06
375,open_boundary.z_max,open_boundary,ring,vacuum,outside,373,374,2.55882352941176443e-03,1.50000000000000003e-03,2.47058823529411765e-03,1.50000000000000003e-03,2.51470588235294104e-03,1.50000000000000003e-03,0.000000000e+00,1.000000000e+00,8.82352941176467800e-05,1.39414968104806111e-06
376,open_boundary.z_max,open_boundary,ring,vacuum,outside,374,375,2.47058823529411765e-03,1.50000000000000003e-03,2.38235294117647087e-03,1.50000000000000003e-03,2.42647058823529426e-03,1.50000000000000003e-03,0.000000000e+00,1.000000000e+00,8.82352941176467800e-05,1.34523214837970835e-06
377,open_boundary.z_max,open_boundary,ring,vacuum,outside,375,376,2.38235294117647087e-03,1.50000000000000003e-03,2.29411764705882409e-03,1.50000000000000003e-03,2.33823529411764748e-03,1.50000000000000003e-03,0.000000000e+00,1.000000000e+00,8.82352941176467800e-05,1.29631461571135537e-06
378,open_boundary.z_max,open_boundary,ring,vacuum,outside,376,377,2.29411764705882409e-03,1.50000000000000003e-03,2.20588235294117731e-03,1.50000000000000003e-03,2.25000000000000070e-03,1.50000000000000003e-03,0.000000000e+00,1.000000000e+00,8.82352941176467800e-05,1.24739708304300240e-06
379,open_boundary.z_max,open_boundary,ring,vacuum,outside,377,378,2.20588235294117731e-03,1.50000000000000003e-03,2.11764705882353053e-03,1.50000000000000003e-03,2.16176470588235392e-03,1.50000000000000003e-03,0.000000000e+00,1.000000000e+00,8.82352941176467800e-05,1.19847955037464964e-06
380,open_boundary.z_max,open_boundary,ring,vacuum,outside,378,379,2.11764705882353053e-03,1.50000000000000003e-03,2.02941176470588375e-03,1.50000000000000003e-03,2.07352941176470714e-03,1.50000000000000003e-03,0.000000000e+00,1.000000000e+00,8.82352941176467800e-05,1.14956201770629667e-06
381,open_boundary.z_max,open_boundary,ring,vacuum,outside,379,380,2.02941176470588375e-03,1.50000000000000003e-03,1.94117647058823718e-03,1.50000000000000003e-03,1.98529411764706036e-03,1.50000000000000003e-03,0.000000000e+00,1.000000000e+00,8.82352941176465632e-05,1.10064448503794136e-06
382,open_boundary.z_max,open_boundary,ring,vacuum,outside,380,381,1.94117647058823718e-03,1.50000000000000003e-03,1.85294117647059062e-03,1.50000000000000003e-03,1.89705882352941401e-03,1.50000000000000003e-03,0.000000000e+00,1.000000000e+00,8.82352941176465632e-05,1.05172695236958881e-06
383,open_boundary.z_max,open_boundary,ring,vacuum,outside,381,382,1.85294117647059062e-03,1.50000000000000003e-03,1.76470588235294384e-03,1.50000000000000003e-03,1.80882352941176723e-03,1.50000000000000003e-03,0.000000000e+00,1.000000000e+00,8.82352941176467800e-05,1.00280941970123838e-06
384,open_boundary.z_max,open_boundary,ring,vacuum,outside,382,383,1.76470588235294384e-03,1.50000000000000003e-03,1.67647058823529684e-03,1.50000000000000003e-03,1.72058823529412045e-03,1.50000000000000003e-03,0.000000000e+00,1.000000000e+00,8.82352941176469969e-05,9.53891887032887950e-07
385,open_boundary.z_max,open_boundary,ring,vacuum,outside,383,384,1.67647058823529684e-03,1.50000000000000003e-03,1.58823529411765028e-03,1.50000000000000003e-03,1.63235294117647367e-03,1.50000000000000003e-03,0.000000000e+00,1.000000000e+00,8.82352941176465632e-05,9.04974354364530424e-07
386,open_boundary.z_max,open_boundary,ring,vacuum,outside,384,385,1.58823529411765028e-03,1.50000000000000003e-03,1.50000000000000350e-03,1.50000000000000003e-03,1.54411764705882689e-03,1.50000000000000003e-03,0.000000000e+00,1.000000000e+00,8.82352941176467800e-05,8.56056821696179780e-07
387,open_boundary.z_max,open_boundary,ring,vacuum,outside,385,386,1.50000000000000350e-03,1.50000000000000003e-03,1.41176470588235672e-03,1.50000000000000003e-03,1.45588235294118011e-03,1.50000000000000003e-03,0.000000000e+00,1.000000000e+00,8.82352941176467800e-05,8.07139289027827019e-07
388,open_boundary.z_max,open_boundary,ring,vacuum,outside,386,387,1.41176470588235672e-03,1.50000000000000003e-03,1.32352941176471016e-03,1.50000000000000003e-03,1.36764705882353333e-03,1.50000000000000003e-03,0.000000000e+00,1.000000000e+00,8.82352941176465632e-05,7.58221756359472140e-07
389,open_boundary.z_max,open_boundary,ring,vacuum,outside,387,388,1.32352941176471016e-03,1.50000000000000003e-03,1.23529411764706316e-03,1.50000000000000003e-03,1.27941176470588655e-03,1.50000000000000003e-03,0.000000000e+00,1.000000000e+00,8.82352941176469969e-05,7.09304223691122979e-07
390,open_boundary.z_max,open_boundary,ring,vacuum,outside,388,389,1.23529411764706316e-03,1.50000000000000003e-03,1.14705882352941638e-03,1.50000000000000003e-03,1.19117647058823977e-03,1.50000000000000003e-03,0.000000000e+00,1.000000000e+00,8.82352941176467800e-05,6.60386691022768312e-07
391,open_boundary.z_max,open_boundary,ring,vacuum,outside,389,390,1.14705882352941638e-03,1.50000000000000003e-03,1.05882352941176960e-03,1.50000000000000003e-03,1.10294117647059299e-03,1.50000000000000003e-03,0.000000000e+00,1.000000000e+00,8.82352941176467800e-05,6.11469158354415445e-07
392,open_boundary.z_max,open_boundary,ring,vacuum,outside,390,391,1.05882352941176960e-03,1.50000000000000003e-03,9.70588235294122820e-04,1.50000000000000003e-03,1.01470588235294621e-03,1.50000000000000003e-03,0.000000000e+00,1.000000000e+00,8.82352941176467800e-05,5.62551625686062578e-07
393,open_boundary.z_max,open_boundary,ring,vacuum,outside,391,392,9.70588235294122820e-04,1.50000000000000003e-03,8.82352941176476474e-04,1.50000000000000003e-03,9.26470588235299647e-04,1.50000000000000003e-03,0.000000000e+00,1.000000000e+00,8.82352941176463464e-05,5.13634093017707275e-07
394,open_boundary.z_max,open_boundary,ring,vacuum,outside,392,393,8.82352941176476474e-04,1.50000000000000003e-03,7.94117647058829694e-04,1.50000000000000003e-03,8.38235294117653084e-04,1.50000000000000003e-03,0.000000000e+00,1.000000000e+00,8.82352941176467800e-05,4.64716560349357108e-07
395,open_boundary.z_max,open_boundary,ring,vacuum,outside,393,394,7.94117647058829694e-04,1.50000000000000003e-03,7.05882352941182914e-04,1.50000000000000003e-03,7.50000000000006304e-04,1.50000000000000003e-03,0.000000000e+00,1.000000000e+00,8.82352941176467800e-05,4.15799027681004241e-07
396,open_boundary.z_max,open_boundary,ring,vacuum,outside,394,395,7.05882352941182914e-04,1.50000000000000003e-03,6.17647058823535700e-04,1.50000000000000003e-03,6.61764705882359307e-04,1.50000000000000003e-03,0.000000000e+00,1.000000000e+00,8.82352941176472137e-05,3.66881495012653015e-07
397,open_boundary.z_max,open_boundary,ring,vacuum,outside,395,396,6.17647058823535700e-04,1.50000000000000003e-03,5.29411764705889354e-04,1.50000000000000003e-03,5.73529411764712527e-04,1.50000000000000003e-03,0.000000000e+00,1.000000000e+00,8.82352941176463464e-05,3.17963962344296760e-07
398,open_boundary.z_max,open_boundary,ring,vacuum,outside,396,397,5.29411764705889354e-04,1.50000000000000003e-03,4.41176470588242574e-04,1.50000000000000003e-03,4.85294117647065964e-04,1.50000000000000003e-03,0.000000000e+00,1.000000000e+00,8.82352941176467800e-05,2.69046429675945587e-07
399,open_boundary.z_max,open_boundary,ring,vacuum,outside,397,398,4.41176470588242574e-04,1.50000000000000003e-03,3.52941176470595794e-04,1.50000000000000003e-03,3.97058823529419184e-04,1.50000000000000003e-03,0.000000000e+00,1.000000000e+00,8.82352941176467800e-05,2.20128897007592720e-07
400,open_boundary.z_max,open_boundary,ring,vacuum,outside,398,399,3.52941176470595794e-04,1.50000000000000003e-03,2.64705882352949014e-04,1.50000000000000003e-03,3.08823529411772404e-04,1.50000000000000003e-03,0.000000000e+00,1.000000000e+00,8.82352941176467800e-05,1.71211364339239852e-07
401,open_boundary.z_max,open_boundary,ring,vacuum,outside,399,400,2.64705882352949014e-04,1.50000000000000003e-03,1.76470588235302234e-04,1.50000000000000003e-03,2.20588235294125624e-04,1.50000000000000003e-03,0.000000000e+00,1.000000000e+00,8.82352941176467800e-05,1.22293831670886985e-07
402,open_boundary.z_max,open_boundary,ring,vacuum,outside,400,401,1.76470588235302234e-04,1.50000000000000003e-03,8.82352941176515505e-05,1.50000000000000003e-03,1.32352941176476892e-04,1.50000000000000003e-03,0.000000000e+00,1.000000000e+00,8.82352941176506832e-05,7.33762990025362755e-08
403,open_boundary.z_max,open_boundary,ring,vacuum,outside,401,42,8.82352941176515505e-05,1.50000000000000003e-03,0.00000000000000000e+00,1.50000000000000003e-03,4.41176470588257753e-05,1.50000000000000003e-03,0.000000000e+00,1.000000000e+00,8.82352941176515505e-05,2.44587663341790805e-08
