# Jeder einzelne Messpunkt.  uncertainty = 0 heisst 'nicht angegeben',
# nicht 'null'.  pressure_Pa = 0 heisst 'nicht angegeben', was in
# diesen Zusammenstellungen Umgebungsdruck bedeutet.
property,database_id,selected,T_K,value,uncertainty,pressure_Pa,frequency_Hz,ambient
surface_tension,zvbtf,no,2.931500000e+02,5.130000000e-02,5.000000000e-04,0.000000000e+00,0.000000000e+00,yes
surface_tension,zvbtf,no,2.981500000e+02,5.060000000e-02,5.000000000e-04,0.000000000e+00,0.000000000e+00,yes
surface_tension,zvbtf,no,3.031500000e+02,5.030000000e-02,5.000000000e-04,0.000000000e+00,0.000000000e+00,yes
surface_tension,zvbtf,no,3.081500000e+02,4.990000000e-02,5.000000000e-04,0.000000000e+00,0.000000000e+00,yes
surface_tension,zvbtf,no,3.131500000e+02,4.970000000e-02,5.000000000e-04,0.000000000e+00,0.000000000e+00,yes
surface_tension,zvbtf,no,3.181500000e+02,4.950000000e-02,5.000000000e-04,0.000000000e+00,0.000000000e+00,yes
surface_tension,zvbtf,no,3.231500000e+02,4.920000000e-02,5.000000000e-04,0.000000000e+00,0.000000000e+00,yes
surface_tension,zvbtf,no,3.281500000e+02,4.890000000e-02,5.000000000e-04,0.000000000e+00,0.000000000e+00,yes
surface_tension,zvbtf,no,3.331500000e+02,4.870000000e-02,5.000000000e-04,0.000000000e+00,0.000000000e+00,yes
surface_tension,zvbtf,no,3.381500000e+02,4.830000000e-02,5.000000000e-04,0.000000000e+00,0.000000000e+00,yes
surface_tension,zvbtf,no,3.431500000e+02,4.820000000e-02,5.000000000e-04,0.000000000e+00,0.000000000e+00,yes
surface_tension,Rzffs,no,2.930000000e+02,5.300000000e-02,7.000000000e-03,0.000000000e+00,0.000000000e+00,yes
surface_tension,AEipV,no,2.981500000e+02,5.460000000e-02,2.300000000e-03,0.000000000e+00,0.000000000e+00,yes
surface_tension,TeYkx,no,3.030000000e+02,5.440000000e-02,8.000000000e-04,0.000000000e+00,0.000000000e+00,yes
surface_tension,TeYkx,no,3.130000000e+02,5.370000000e-02,8.000000000e-04,0.000000000e+00,0.000000000e+00,yes
surface_tension,TeYkx,no,3.230000000e+02,5.300000000e-02,7.000000000e-04,0.000000000e+00,0.000000000e+00,yes
surface_tension,TeYkx,no,3.330000000e+02,5.250000000e-02,7.000000000e-04,0.000000000e+00,0.000000000e+00,yes
surface_tension,TeYkx,no,3.430000000e+02,5.030000000e-02,7.000000000e-04,0.000000000e+00,0.000000000e+00,yes
surface_tension,TeYkx,no,3.530000000e+02,5.020000000e-02,7.000000000e-04,0.000000000e+00,0.000000000e+00,yes
surface_tension,ypemE,no,2.966000000e+02,4.430000000e-02,4.500000000e-03,0.000000000e+00,0.000000000e+00,yes
surface_tension,wdWle,no,2.981500000e+02,5.160000000e-02,1.000000000e-03,0.000000000e+00,0.000000000e+00,yes
surface_tension,ONcoi,no,2.981500000e+02,5.281000000e-02,5.700000000e-04,0.000000000e+00,0.000000000e+00,yes
surface_tension,VbfoL,no,2.831000000e+02,4.830000000e-02,3.400000000e-03,0.000000000e+00,0.000000000e+00,yes
surface_tension,VbfoL,no,2.931500000e+02,4.820000000e-02,3.400000000e-03,0.000000000e+00,0.000000000e+00,yes
surface_tension,VbfoL,no,3.031500000e+02,4.810000000e-02,3.400000000e-03,0.000000000e+00,0.000000000e+00,yes
surface_tension,VbfoL,no,3.131500000e+02,4.790000000e-02,3.400000000e-03,0.000000000e+00,0.000000000e+00,yes
surface_tension,VbfoL,no,3.231500000e+02,4.780000000e-02,3.400000000e-03,0.000000000e+00,0.000000000e+00,yes
surface_tension,VbfoL,no,3.331500000e+02,4.730000000e-02,3.400000000e-03,0.000000000e+00,0.000000000e+00,yes
surface_tension,VbfoL,no,3.431500000e+02,4.680000000e-02,3.300000000e-03,0.000000000e+00,0.000000000e+00,yes
surface_tension,VbfoL,no,3.531500000e+02,4.660000000e-02,3.300000000e-03,0.000000000e+00,0.000000000e+00,yes
surface_tension,VbfoL,no,3.631500000e+02,4.640000000e-02,3.300000000e-03,0.000000000e+00,0.000000000e+00,yes
surface_tension,FIYei,no,2.970000000e+02,5.440000000e-02,1.100000000e-03,0.000000000e+00,0.000000000e+00,yes
surface_tension,xpFVZ,no,2.981500000e+02,5.200000000e-02,1.000000000e-03,0.000000000e+00,0.000000000e+00,yes
surface_tension,xpFVZ,no,3.081500000e+02,5.170000000e-02,1.000000000e-03,0.000000000e+00,0.000000000e+00,yes
surface_tension,xpFVZ,no,3.181500000e+02,5.120000000e-02,1.000000000e-03,0.000000000e+00,0.000000000e+00,yes
surface_tension,xpFVZ,no,3.281500000e+02,5.080000000e-02,1.000000000e-03,0.000000000e+00,0.000000000e+00,yes
surface_tension,xpFVZ,no,3.381500000e+02,5.045000000e-02,9.900000000e-04,0.000000000e+00,0.000000000e+00,yes
surface_tension,PEjfA,yes,2.880500000e+02,5.461000000e-02,6.000000000e-05,0.000000000e+00,0.000000000e+00,yes
surface_tension,PEjfA,yes,2.929300000e+02,5.455000000e-02,6.000000000e-05,0.000000000e+00,0.000000000e+00,yes
surface_tension,PEjfA,yes,2.981200000e+02,5.401000000e-02,5.000000000e-05,0.000000000e+00,0.000000000e+00,yes
surface_tension,PEjfA,yes,3.031300000e+02,5.396000000e-02,6.000000000e-05,0.000000000e+00,0.000000000e+00,yes
surface_tension,PEjfA,yes,3.082700000e+02,5.377000000e-02,5.000000000e-05,0.000000000e+00,0.000000000e+00,yes
surface_tension,PEjfA,yes,3.134300000e+02,5.305000000e-02,5.000000000e-05,0.000000000e+00,0.000000000e+00,yes
surface_tension,PEjfA,yes,3.183500000e+02,5.286000000e-02,5.000000000e-05,0.000000000e+00,0.000000000e+00,yes
surface_tension,PEjfA,yes,3.235300000e+02,5.254000000e-02,5.000000000e-05,0.000000000e+00,0.000000000e+00,yes
surface_tension,PEjfA,yes,3.285400000e+02,5.218000000e-02,5.000000000e-05,0.000000000e+00,0.000000000e+00,yes
surface_tension,PEjfA,yes,3.334800000e+02,5.187000000e-02,5.000000000e-05,0.000000000e+00,0.000000000e+00,yes
surface_tension,PEjfA,yes,3.383800000e+02,5.148000000e-02,5.000000000e-05,0.000000000e+00,0.000000000e+00,yes
surface_tension,PEjfA,yes,3.433200000e+02,5.111000000e-02,5.000000000e-05,0.000000000e+00,0.000000000e+00,yes
surface_tension,PEjfA,yes,3.487800000e+02,5.074000000e-02,6.000000000e-05,0.000000000e+00,0.000000000e+00,yes
surface_tension,PEjfA,yes,3.559100000e+02,5.026000000e-02,5.000000000e-05,0.000000000e+00,0.000000000e+00,yes
surface_tension,xddBh,no,2.880600000e+02,5.461000000e-02,6.000000000e-05,0.000000000e+00,0.000000000e+00,yes
surface_tension,xddBh,no,2.929200000e+02,5.428000000e-02,6.000000000e-05,0.000000000e+00,0.000000000e+00,yes
surface_tension,xddBh,no,2.981000000e+02,5.397000000e-02,6.000000000e-05,0.000000000e+00,0.000000000e+00,yes
surface_tension,xddBh,no,3.031200000e+02,5.365000000e-02,5.000000000e-05,0.000000000e+00,0.000000000e+00,yes
surface_tension,xddBh,no,3.082700000e+02,5.334000000e-02,5.000000000e-05,0.000000000e+00,0.000000000e+00,yes
surface_tension,xddBh,no,3.133300000e+02,5.298000000e-02,5.000000000e-05,0.000000000e+00,0.000000000e+00,yes
surface_tension,xddBh,no,3.183000000e+02,5.270000000e-02,5.000000000e-05,0.000000000e+00,0.000000000e+00,yes
surface_tension,xddBh,no,3.235000000e+02,5.239000000e-02,5.000000000e-05,0.000000000e+00,0.000000000e+00,yes
surface_tension,xddBh,no,3.284000000e+02,5.205000000e-02,5.000000000e-05,0.000000000e+00,0.000000000e+00,yes
surface_tension,xddBh,no,3.333200000e+02,5.174000000e-02,5.000000000e-05,0.000000000e+00,0.000000000e+00,yes
surface_tension,xddBh,no,3.383900000e+02,5.140000000e-02,5.000000000e-05,0.000000000e+00,0.000000000e+00,yes
surface_tension,xddBh,no,3.431800000e+02,5.111000000e-02,5.000000000e-05,0.000000000e+00,0.000000000e+00,yes
surface_tension,xddBh,no,3.487000000e+02,5.076000000e-02,5.000000000e-05,0.000000000e+00,0.000000000e+00,yes
surface_tension,xddBh,no,3.559900000e+02,5.027000000e-02,5.000000000e-05,0.000000000e+00,0.000000000e+00,yes
surface_tension,ePzeY,no,2.981500000e+02,5.010000000e-02,5.000000000e-04,0.000000000e+00,0.000000000e+00,yes
surface_tension,ePzeY,no,3.031500000e+02,4.970000000e-02,5.000000000e-04,0.000000000e+00,0.000000000e+00,yes
surface_tension,ePzeY,no,3.081500000e+02,4.930000000e-02,5.000000000e-04,0.000000000e+00,0.000000000e+00,yes
surface_tension,ePzeY,no,3.131500000e+02,4.900000000e-02,5.000000000e-04,0.000000000e+00,0.000000000e+00,yes
surface_tension,ePzeY,no,3.181500000e+02,4.870000000e-02,5.000000000e-04,0.000000000e+00,0.000000000e+00,yes
surface_tension,ePzeY,no,3.231500000e+02,4.840000000e-02,5.000000000e-04,0.000000000e+00,0.000000000e+00,yes
surface_tension,ePzeY,no,3.281500000e+02,4.800000000e-02,5.000000000e-04,0.000000000e+00,0.000000000e+00,yes
surface_tension,ePzeY,no,3.331500000e+02,4.760000000e-02,5.000000000e-04,0.000000000e+00,0.000000000e+00,yes
surface_tension,ePzeY,no,3.381500000e+02,4.730000000e-02,5.000000000e-04,0.000000000e+00,0.000000000e+00,yes
surface_tension,DXmnf,no,2.781500000e+02,5.130000000e-02,5.000000000e-04,0.000000000e+00,0.000000000e+00,yes
surface_tension,DXmnf,no,2.831500000e+02,5.120000000e-02,5.000000000e-04,0.000000000e+00,0.000000000e+00,yes
surface_tension,DXmnf,no,2.881500000e+02,5.090000000e-02,5.000000000e-04,0.000000000e+00,0.000000000e+00,yes
surface_tension,DXmnf,no,2.931500000e+02,5.060000000e-02,5.000000000e-04,0.000000000e+00,0.000000000e+00,yes
surface_tension,DXmnf,no,2.981500000e+02,5.040000000e-02,5.000000000e-04,0.000000000e+00,0.000000000e+00,yes
surface_tension,DXmnf,no,3.031500000e+02,5.030000000e-02,5.000000000e-04,0.000000000e+00,0.000000000e+00,yes
surface_tension,DXmnf,no,3.081500000e+02,5.010000000e-02,5.000000000e-04,0.000000000e+00,0.000000000e+00,yes
surface_tension,DXmnf,no,3.131500000e+02,4.990000000e-02,5.000000000e-04,0.000000000e+00,0.000000000e+00,yes
surface_tension,DXmnf,no,3.181500000e+02,4.970000000e-02,5.000000000e-04,0.000000000e+00,0.000000000e+00,yes
surface_tension,DXmnf,no,3.231500000e+02,4.930000000e-02,5.000000000e-04,0.000000000e+00,0.000000000e+00,yes
surface_tension,DXmnf,no,3.281500000e+02,4.910000000e-02,5.000000000e-04,0.000000000e+00,0.000000000e+00,yes
surface_tension,DXmnf,no,3.331500000e+02,4.890000000e-02,5.000000000e-04,0.000000000e+00,0.000000000e+00,yes
surface_tension,DXmnf,no,3.381500000e+02,4.860000000e-02,5.000000000e-04,0.000000000e+00,0.000000000e+00,yes
density,cDlka,no,2.931500000e+02,1.283000000e+03,1.000000000e+01,1.013250000e+05,0.000000000e+00,yes
density,cDlka,no,2.981500000e+02,1.279000000e+03,1.000000000e+01,1.013250000e+05,0.000000000e+00,yes
density,cDlka,no,3.031500000e+02,1.275000000e+03,1.000000000e+01,1.013250000e+05,0.000000000e+00,yes
density,cDlka,no,3.081500000e+02,1.271000000e+03,1.000000000e+01,1.013250000e+05,0.000000000e+00,yes
density,cDlka,no,3.131500000e+02,1.267000000e+03,1.000000000e+01,1.013250000e+05,0.000000000e+00,yes
density,cDlka,no,3.181500000e+02,1.264000000e+03,1.000000000e+01,1.013250000e+05,0.000000000e+00,yes
density,cDlka,no,3.231500000e+02,1.260000000e+03,1.000000000e+01,1.013250000e+05,0.000000000e+00,yes
density,cDlka,no,3.281500000e+02,1.256000000e+03,1.000000000e+01,1.013250000e+05,0.000000000e+00,yes
density,cDlka,no,3.331500000e+02,1.252000000e+03,1.000000000e+01,1.013250000e+05,0.000000000e+00,yes
density,cDlka,no,3.381500000e+02,1.249000000e+03,1.000000000e+01,1.013250000e+05,0.000000000e+00,yes
density,cDlka,no,3.431500000e+02,1.245000000e+03,1.000000000e+01,1.013250000e+05,0.000000000e+00,yes
density,cvZAB,no,2.931500000e+02,1.283000000e+03,5.300000000e+00,1.013250000e+05,0.000000000e+00,yes
density,SjhLy,no,2.981500000e+02,1.284900000e+03,9.000000000e+00,1.013250000e+05,0.000000000e+00,yes
density,SjhLy,no,3.031500000e+02,1.281200000e+03,8.900000000e+00,1.013250000e+05,0.000000000e+00,yes
density,SjhLy,no,3.081500000e+02,1.277400000e+03,8.900000000e+00,1.013250000e+05,0.000000000e+00,yes
density,SjhLy,no,3.131500000e+02,1.273600000e+03,8.800000000e+00,1.013250000e+05,0.000000000e+00,yes
density,SjhLy,no,3.181500000e+02,1.269900000e+03,8.800000000e+00,1.013250000e+05,0.000000000e+00,yes
density,SjhLy,no,3.231500000e+02,1.266100000e+03,8.700000000e+00,1.013250000e+05,0.000000000e+00,yes
density,ROJMm,no,2.881500000e+02,1.286700000e+03,1.100000000e+00,1.013250000e+05,0.000000000e+00,yes
density,ROJMm,no,2.931500000e+02,1.283000000e+03,1.100000000e+00,1.013250000e+05,0.000000000e+00,yes
density,ROJMm,no,2.981500000e+02,1.279200000e+03,1.100000000e+00,1.013250000e+05,0.000000000e+00,yes
density,ROJMm,no,3.031500000e+02,1.275400000e+03,1.100000000e+00,1.013250000e+05,0.000000000e+00,yes
density,ROJMm,no,3.081500000e+02,1.271600000e+03,1.100000000e+00,1.013250000e+05,0.000000000e+00,yes
density,drafa,no,2.931500000e+02,1.282600000e+03,5.300000000e+00,1.000000000e+05,0.000000000e+00,yes
density,drafa,no,3.031500000e+02,1.275000000e+03,5.300000000e+00,1.000000000e+05,0.000000000e+00,yes
density,drafa,no,3.131500000e+02,1.267400000e+03,5.200000000e+00,1.000000000e+05,0.000000000e+00,yes
density,drafa,no,3.231500000e+02,1.260000000e+03,5.200000000e+00,1.000000000e+05,0.000000000e+00,yes
density,drafa,no,3.331500000e+02,1.252500000e+03,5.200000000e+00,1.000000000e+05,0.000000000e+00,yes
density,BxxAT,no,2.831500000e+02,1.293000000e+03,2.000000000e+00,1.000000000e+05,0.000000000e+00,yes
density,BxxAT,no,2.931500000e+02,1.286000000e+03,2.000000000e+00,1.000000000e+05,0.000000000e+00,yes
density,BxxAT,no,3.031500000e+02,1.278000000e+03,2.000000000e+00,1.000000000e+05,0.000000000e+00,yes
density,BxxAT,no,3.131500000e+02,1.271000000e+03,2.000000000e+00,1.000000000e+05,0.000000000e+00,yes
density,BxxAT,no,3.231500000e+02,1.263000000e+03,2.000000000e+00,1.000000000e+05,0.000000000e+00,yes
density,BxxAT,no,3.331500000e+02,1.256000000e+03,2.000000000e+00,1.000000000e+05,0.000000000e+00,yes
density,RoDdc,no,2.931500000e+02,1.283900000e+03,1.500000000e+00,1.013250000e+05,0.000000000e+00,yes
density,RoDdc,no,2.981500000e+02,1.279900000e+03,1.500000000e+00,1.013250000e+05,0.000000000e+00,yes
density,RoDdc,no,3.031500000e+02,1.276300000e+03,1.500000000e+00,1.013250000e+05,0.000000000e+00,yes
density,RoDdc,no,3.081500000e+02,1.272100000e+03,1.400000000e+00,1.013250000e+05,0.000000000e+00,yes
density,LLQuo,no,2.931500000e+02,1.290600000e+03,1.500000000e+00,1.010000000e+05,0.000000000e+00,yes
density,LLQuo,no,2.981500000e+02,1.286800000e+03,1.500000000e+00,1.010000000e+05,0.000000000e+00,yes
density,LLQuo,no,3.031500000e+02,1.283000000e+03,1.500000000e+00,1.010000000e+05,0.000000000e+00,yes
density,LLQuo,no,3.131500000e+02,1.275500000e+03,1.400000000e+00,1.010000000e+05,0.000000000e+00,yes
density,LLQuo,no,3.231500000e+02,1.268000000e+03,1.400000000e+00,1.010000000e+05,0.000000000e+00,yes
density,LLQuo,no,3.331500000e+02,1.260500000e+03,1.400000000e+00,1.010000000e+05,0.000000000e+00,yes
density,LLQuo,no,3.431500000e+02,1.253200000e+03,1.400000000e+00,1.010000000e+05,0.000000000e+00,yes
density,LLQuo,no,3.531500000e+02,1.245900000e+03,1.400000000e+00,1.010000000e+05,0.000000000e+00,yes
density,UGdQs,no,2.931000000e+02,1.284300000e+03,3.200000000e+00,1.010000000e+05,0.000000000e+00,yes
density,UGdQs,no,3.031100000e+02,1.276500000e+03,3.200000000e+00,1.010000000e+05,0.000000000e+00,yes
density,UGdQs,no,3.131500000e+02,1.269200000e+03,3.100000000e+00,1.010000000e+05,0.000000000e+00,yes
density,UGdQs,no,3.231400000e+02,1.261800000e+03,3.100000000e+00,1.010000000e+05,0.000000000e+00,yes
density,UGdQs,no,3.332300000e+02,1.254600000e+03,3.000000000e+00,1.010000000e+05,0.000000000e+00,yes
density,UjUCv,no,2.931500000e+02,1.284700000e+03,3.200000000e+00,1.000000000e+05,0.000000000e+00,yes
density,UjUCv,no,2.931500000e+02,1.285100000e+03,3.300000000e+00,1.000000000e+06,0.000000000e+00,no
density,UjUCv,no,2.931500000e+02,1.286800000e+03,3.300000000e+00,5.000000000e+06,0.000000000e+00,no
density,UjUCv,no,2.931500000e+02,1.288900000e+03,3.400000000e+00,1.000000000e+07,0.000000000e+00,no
density,UjUCv,no,2.931500000e+02,1.291000000e+03,3.400000000e+00,1.500000000e+07,0.000000000e+00,no
density,UjUCv,no,2.931500000e+02,1.293100000e+03,3.500000000e+00,2.000000000e+07,0.000000000e+00,no
density,UjUCv,no,2.931500000e+02,1.295200000e+03,3.600000000e+00,2.500000000e+07,0.000000000e+00,no
density,UjUCv,no,2.931500000e+02,1.297200000e+03,3.600000000e+00,3.000000000e+07,0.000000000e+00,no
density,UjUCv,no,2.931500000e+02,1.299200000e+03,3.700000000e+00,3.500000000e+07,0.000000000e+00,no
density,UjUCv,no,2.931500000e+02,1.301200000e+03,3.800000000e+00,4.000000000e+07,0.000000000e+00,no
density,UjUCv,no,3.031500000e+02,1.277000000e+03,3.200000000e+00,1.000000000e+05,0.000000000e+00,yes
density,UjUCv,no,3.031500000e+02,1.277400000e+03,3.200000000e+00,1.000000000e+06,0.000000000e+00,no
density,UjUCv,no,3.031500000e+02,1.279100000e+03,3.300000000e+00,5.000000000e+06,0.000000000e+00,no
density,UjUCv,no,3.031500000e+02,1.281300000e+03,3.300000000e+00,1.000000000e+07,0.000000000e+00,no
density,UjUCv,no,3.031500000e+02,1.283400000e+03,3.400000000e+00,1.500000000e+07,0.000000000e+00,no
density,UjUCv,no,3.031500000e+02,1.285500000e+03,3.500000000e+00,2.000000000e+07,0.000000000e+00,no
density,UjUCv,no,3.031500000e+02,1.287600000e+03,3.500000000e+00,2.500000000e+07,0.000000000e+00,no
density,UjUCv,no,3.031500000e+02,1.289700000e+03,3.600000000e+00,3.000000000e+07,0.000000000e+00,no
density,UjUCv,no,3.031500000e+02,1.291700000e+03,3.700000000e+00,3.500000000e+07,0.000000000e+00,no
density,UjUCv,no,3.031500000e+02,1.293800000e+03,3.700000000e+00,4.000000000e+07,0.000000000e+00,no
density,UjUCv,no,3.131500000e+02,1.269400000e+03,3.200000000e+00,1.000000000e+05,0.000000000e+00,yes
density,UjUCv,no,3.131500000e+02,1.269800000e+03,3.200000000e+00,1.000000000e+06,0.000000000e+00,no
density,UjUCv,no,3.131500000e+02,1.271600000e+03,3.200000000e+00,5.000000000e+06,0.000000000e+00,no
density,UjUCv,no,3.131500000e+02,1.273800000e+03,3.300000000e+00,1.000000000e+07,0.000000000e+00,no
density,UjUCv,no,3.131500000e+02,1.275900000e+03,3.400000000e+00,1.500000000e+07,0.000000000e+00,no
density,UjUCv,no,3.131500000e+02,1.278100000e+03,3.400000000e+00,2.000000000e+07,0.000000000e+00,no
density,UjUCv,no,3.131500000e+02,1.280200000e+03,3.500000000e+00,2.500000000e+07,0.000000000e+00,no
density,UjUCv,no,3.131500000e+02,1.282300000e+03,3.600000000e+00,3.000000000e+07,0.000000000e+00,no
density,UjUCv,no,3.131500000e+02,1.284400000e+03,3.600000000e+00,3.500000000e+07,0.000000000e+00,no
density,UjUCv,no,3.131500000e+02,1.286500000e+03,3.700000000e+00,4.000000000e+07,0.000000000e+00,no
density,UjUCv,no,3.231500000e+02,1.261900000e+03,3.100000000e+00,1.000000000e+05,0.000000000e+00,yes
density,UjUCv,no,3.231500000e+02,1.262300000e+03,3.100000000e+00,1.000000000e+06,0.000000000e+00,no
density,UjUCv,no,3.231500000e+02,1.264100000e+03,3.200000000e+00,5.000000000e+06,0.000000000e+00,no
density,UjUCv,no,3.231500000e+02,1.266400000e+03,3.300000000e+00,1.000000000e+07,0.000000000e+00,no
density,UjUCv,no,3.231500000e+02,1.268600000e+03,3.300000000e+00,1.500000000e+07,0.000000000e+00,no
density,UjUCv,no,3.231500000e+02,1.270800000e+03,3.400000000e+00,2.000000000e+07,0.000000000e+00,no
density,UjUCv,no,3.231500000e+02,1.273000000e+03,3.400000000e+00,2.500000000e+07,0.000000000e+00,no
density,UjUCv,no,3.231500000e+02,1.275200000e+03,3.500000000e+00,3.000000000e+07,0.000000000e+00,no
density,UjUCv,no,3.231500000e+02,1.277300000e+03,3.600000000e+00,3.500000000e+07,0.000000000e+00,no
density,UjUCv,no,3.231500000e+02,1.279400000e+03,3.600000000e+00,4.000000000e+07,0.000000000e+00,no
density,UjUCv,no,3.331500000e+02,1.254500000e+03,3.100000000e+00,1.000000000e+05,0.000000000e+00,yes
density,UjUCv,no,3.331500000e+02,1.254900000e+03,3.100000000e+00,1.000000000e+06,0.000000000e+00,no
density,UjUCv,no,3.331500000e+02,1.256800000e+03,3.200000000e+00,5.000000000e+06,0.000000000e+00,no
density,UjUCv,no,3.331500000e+02,1.259100000e+03,3.200000000e+00,1.000000000e+07,0.000000000e+00,no
density,UjUCv,no,3.331500000e+02,1.261400000e+03,3.300000000e+00,1.500000000e+07,0.000000000e+00,no
density,UjUCv,no,3.331500000e+02,1.263700000e+03,3.300000000e+00,2.000000000e+07,0.000000000e+00,no
density,UjUCv,no,3.331500000e+02,1.266000000e+03,3.400000000e+00,2.500000000e+07,0.000000000e+00,no
density,UjUCv,no,3.331500000e+02,1.268200000e+03,3.500000000e+00,3.000000000e+07,0.000000000e+00,no
density,UjUCv,no,3.331500000e+02,1.270400000e+03,3.500000000e+00,3.500000000e+07,0.000000000e+00,no
density,UjUCv,no,3.331500000e+02,1.272600000e+03,3.600000000e+00,4.000000000e+07,0.000000000e+00,no
density,xQTye,no,2.931500000e+02,1.283500000e+03,5.000000000e-01,1.013250000e+05,0.000000000e+00,yes
density,xQTye,no,2.981500000e+02,1.279200000e+03,5.000000000e-01,1.013250000e+05,0.000000000e+00,yes
density,xQTye,no,3.031500000e+02,1.276900000e+03,5.000000000e-01,1.013250000e+05,0.000000000e+00,yes
density,xQTye,no,3.081500000e+02,1.272600000e+03,5.000000000e-01,1.013250000e+05,0.000000000e+00,yes
density,WiNWI,no,2.931500000e+02,1.283500000e+03,5.000000000e-01,1.000000000e+05,0.000000000e+00,yes
density,WiNWI,no,2.981500000e+02,1.279200000e+03,5.000000000e-01,1.000000000e+05,0.000000000e+00,yes
density,WiNWI,no,3.031500000e+02,1.276900000e+03,5.000000000e-01,1.000000000e+05,0.000000000e+00,yes
density,WiNWI,no,3.081500000e+02,1.272600000e+03,5.000000000e-01,1.000000000e+05,0.000000000e+00,yes
density,PGSyT,no,3.031500000e+02,1.272800000e+03,5.300000000e+00,1.010000000e+05,0.000000000e+00,yes
density,PGSyT,no,3.131500000e+02,1.265200000e+03,5.200000000e+00,1.010000000e+05,0.000000000e+00,yes
density,PGSyT,no,3.231500000e+02,1.257700000e+03,5.200000000e+00,1.010000000e+05,0.000000000e+00,yes
density,PGSyT,no,3.331500000e+02,1.250300000e+03,5.200000000e+00,1.010000000e+05,0.000000000e+00,yes
density,TYEaC,no,2.931500000e+02,1.283900000e+03,2.000000000e+00,1.000000000e+05,0.000000000e+00,yes
density,TYEaC,no,2.981500000e+02,1.279900000e+03,2.000000000e+00,1.000000000e+05,0.000000000e+00,yes
density,TYEaC,no,3.031500000e+02,1.276300000e+03,2.000000000e+00,1.000000000e+05,0.000000000e+00,yes
density,TYEaC,no,3.081500000e+02,1.272100000e+03,2.000000000e+00,1.000000000e+05,0.000000000e+00,yes
density,gajHB,no,2.931500000e+02,1.283900000e+03,1.200000000e+00,1.000000000e+05,0.000000000e+00,yes
density,gajHB,no,2.981500000e+02,1.279900000e+03,1.200000000e+00,1.000000000e+05,0.000000000e+00,yes
density,gajHB,no,3.031500000e+02,1.276300000e+03,1.200000000e+00,1.000000000e+05,0.000000000e+00,yes
density,gajHB,no,3.081500000e+02,1.272100000e+03,1.200000000e+00,1.000000000e+05,0.000000000e+00,yes
density,KqAqL,no,2.931500000e+02,1.283900000e+03,1.100000000e+00,1.013250000e+05,0.000000000e+00,yes
density,KqAqL,no,2.981500000e+02,1.279900000e+03,1.100000000e+00,1.013250000e+05,0.000000000e+00,yes
density,KqAqL,no,3.031500000e+02,1.276300000e+03,1.100000000e+00,1.013250000e+05,0.000000000e+00,yes
density,KqAqL,no,3.081500000e+02,1.272100000e+03,1.100000000e+00,1.013250000e+05,0.000000000e+00,yes
density,KdTCn,no,2.981500000e+02,1.279900000e+03,2.400000000e+00,1.013250000e+05,0.000000000e+00,yes
density,wJUFR,no,2.831500000e+02,1.290900000e+03,3.900000000e+00,1.000000000e+05,0.000000000e+00,yes
density,wJUFR,no,2.931500000e+02,1.283200000e+03,3.900000000e+00,1.000000000e+05,0.000000000e+00,yes
density,wJUFR,no,3.031500000e+02,1.275600000e+03,3.900000000e+00,1.000000000e+05,0.000000000e+00,yes
density,wJUFR,no,3.131500000e+02,1.268000000e+03,3.800000000e+00,1.000000000e+05,0.000000000e+00,yes
density,IoLiTec-IL-0006,no,2.971500000e+02,1.282000000e+03,0.000000000e+00,0.000000000e+00,0.000000000e+00,yes
density,CzKbC,no,2.931500000e+02,1.290600000e+03,1.500000000e+00,1.010000000e+05,0.000000000e+00,yes
density,CzKbC,no,2.981500000e+02,1.286800000e+03,1.500000000e+00,1.010000000e+05,0.000000000e+00,yes
density,CzKbC,no,3.031500000e+02,1.283000000e+03,1.500000000e+00,1.010000000e+05,0.000000000e+00,yes
density,CzKbC,no,3.131500000e+02,1.275500000e+03,1.400000000e+00,1.010000000e+05,0.000000000e+00,yes
density,CzKbC,no,3.231500000e+02,1.268000000e+03,1.400000000e+00,1.010000000e+05,0.000000000e+00,yes
density,CzKbC,no,3.331500000e+02,1.260500000e+03,1.400000000e+00,1.010000000e+05,0.000000000e+00,yes
density,CzKbC,no,3.431500000e+02,1.253200000e+03,1.400000000e+00,1.010000000e+05,0.000000000e+00,yes
density,CzKbC,no,3.531500000e+02,1.245900000e+03,1.400000000e+00,1.010000000e+05,0.000000000e+00,yes
density,zGuGj,no,2.934100000e+02,1.287000000e+03,1.000000000e+01,1.013250000e+05,0.000000000e+00,yes
density,zGuGj,no,2.981400000e+02,1.283000000e+03,1.000000000e+01,1.013250000e+05,0.000000000e+00,yes
density,zGuGj,no,3.030800000e+02,1.280000000e+03,1.000000000e+01,1.013250000e+05,0.000000000e+00,yes
density,zGuGj,no,3.079400000e+02,1.275000000e+03,1.000000000e+01,1.013250000e+05,0.000000000e+00,yes
density,zGuGj,no,3.130000000e+02,1.272000000e+03,1.000000000e+01,1.013250000e+05,0.000000000e+00,yes
density,zGuGj,no,3.187000000e+02,1.267000000e+03,1.000000000e+01,1.013250000e+05,0.000000000e+00,yes
density,zGuGj,no,3.225000000e+02,1.265000000e+03,1.000000000e+01,1.013250000e+05,0.000000000e+00,yes
density,zGuGj,no,3.284000000e+02,1.261000000e+03,1.000000000e+01,1.013250000e+05,0.000000000e+00,yes
density,zGuGj,no,3.327800000e+02,1.257000000e+03,1.000000000e+01,1.013250000e+05,0.000000000e+00,yes
density,zGuGj,no,3.382200000e+02,1.254000000e+03,1.000000000e+01,1.013250000e+05,0.000000000e+00,yes
density,zGuGj,no,3.430500000e+02,1.251000000e+03,1.000000000e+01,1.013250000e+05,0.000000000e+00,yes
density,zGuGj,no,3.479700000e+02,1.247000000e+03,1.000000000e+01,1.013250000e+05,0.000000000e+00,yes
density,zGuGj,no,3.530700000e+02,1.244000000e+03,1.000000000e+01,1.013250000e+05,0.000000000e+00,yes
density,oKHnt,no,2.847270000e+02,1.309700000e+03,1.300000000e+00,4.008200000e+07,0.000000000e+00,no
density,oKHnt,no,2.847430000e+02,1.305800000e+03,1.300000000e+00,2.933100000e+07,0.000000000e+00,no
density,oKHnt,no,2.851190000e+02,1.296400000e+03,1.300000000e+00,9.993500000e+06,0.000000000e+00,no
density,oKHnt,no,2.852040000e+02,1.300900000e+03,1.300000000e+00,1.938900000e+07,0.000000000e+00,no
density,oKHnt,no,2.858040000e+02,1.293000000e+03,1.300000000e+00,1.326900000e+06,0.000000000e+00,no
density,oKHnt,no,2.909500000e+02,1.309100000e+03,1.300000000e+00,5.001800000e+07,0.000000000e+00,no
density,oKHnt,no,2.913020000e+02,1.305100000e+03,1.300000000e+00,3.998700000e+07,0.000000000e+00,no
density,oKHnt,no,2.915770000e+02,1.295800000e+03,1.300000000e+00,2.009400000e+07,0.000000000e+00,no
density,oKHnt,no,2.915900000e+02,1.292400000e+03,1.300000000e+00,1.026700000e+07,0.000000000e+00,no
density,oKHnt,no,2.920010000e+02,1.300200000e+03,1.300000000e+00,3.019700000e+07,0.000000000e+00,no
density,oKHnt,no,2.920290000e+02,1.288300000e+03,1.300000000e+00,1.055400000e+06,0.000000000e+00,no
density,oKHnt,no,2.981430000e+02,1.287700000e+03,1.300000000e+00,1.021900000e+07,0.000000000e+00,no
density,oKHnt,no,2.981450000e+02,1.291800000e+03,1.300000000e+00,1.983400000e+07,0.000000000e+00,no
density,oKHnt,no,2.981460000e+02,1.291800000e+03,1.300000000e+00,2.020300000e+07,0.000000000e+00,no
density,oKHnt,no,2.981460000e+02,1.295200000e+03,1.300000000e+00,2.928400000e+07,0.000000000e+00,no
density,oKHnt,no,2.981460000e+02,1.308400000e+03,1.300000000e+00,6.119100000e+07,0.000000000e+00,no
density,oKHnt,no,2.981470000e+02,1.299600000e+03,1.300000000e+00,3.993500000e+07,0.000000000e+00,no
density,oKHnt,no,2.981530000e+02,1.299600000e+03,1.300000000e+00,3.977400000e+07,0.000000000e+00,no
density,oKHnt,no,2.981530000e+02,1.304400000e+03,1.300000000e+00,5.071000000e+07,0.000000000e+00,no
density,oKHnt,no,2.981620000e+02,1.295200000e+03,1.300000000e+00,3.029900000e+07,0.000000000e+00,no
density,oKHnt,no,2.986340000e+02,1.283300000e+03,1.300000000e+00,1.139700000e+06,0.000000000e+00,no
density,oKHnt,no,3.040880000e+02,1.303900000e+03,1.300000000e+00,5.959500000e+07,0.000000000e+00,no
density,oKHnt,no,3.043880000e+02,1.294600000e+03,1.300000000e+00,3.952700000e+07,0.000000000e+00,no
density,oKHnt,no,3.046100000e+02,1.299000000e+03,1.300000000e+00,4.973400000e+07,0.000000000e+00,no
density,oKHnt,no,3.046200000e+02,1.291200000e+03,1.300000000e+00,2.998300000e+07,0.000000000e+00,no
density,oKHnt,no,3.046930000e+02,1.287100000e+03,1.300000000e+00,1.972100000e+07,0.000000000e+00,no
density,oKHnt,no,3.046950000e+02,1.282700000e+03,1.300000000e+00,1.003700000e+07,0.000000000e+00,no
density,oKHnt,no,3.052300000e+02,1.278500000e+03,1.300000000e+00,1.194100000e+06,0.000000000e+00,no
density,oKHnt,no,3.114050000e+02,1.290600000e+03,1.300000000e+00,3.993800000e+07,0.000000000e+00,no
density,oKHnt,no,3.114930000e+02,1.286500000e+03,1.300000000e+00,3.005400000e+07,0.000000000e+00,no
density,oKHnt,no,3.115080000e+02,1.298300000e+03,1.300000000e+00,6.002100000e+07,0.000000000e+00,no
density,oKHnt,no,3.115540000e+02,1.282100000e+03,1.300000000e+00,1.954200000e+07,0.000000000e+00,no
density,oKHnt,no,3.115560000e+02,1.278000000e+03,1.300000000e+00,1.029300000e+07,0.000000000e+00,no
density,oKHnt,no,3.117200000e+02,1.293900000e+03,1.300000000e+00,5.038200000e+07,0.000000000e+00,no
density,oKHnt,no,3.120510000e+02,1.273300000e+03,1.300000000e+00,1.111500000e+06,0.000000000e+00,no
density,oKHnt,no,3.183600000e+02,1.277300000e+03,1.300000000e+00,1.991800000e+07,0.000000000e+00,no
density,oKHnt,no,3.183670000e+02,1.289900000e+03,1.300000000e+00,5.009400000e+07,0.000000000e+00,no
density,oKHnt,no,3.183720000e+02,1.272700000e+03,1.300000000e+00,9.976000000e+06,0.000000000e+00,no
density,oKHnt,no,3.184040000e+02,1.285800000e+03,1.300000000e+00,3.995800000e+07,0.000000000e+00,no
density,oKHnt,no,3.184940000e+02,1.281500000e+03,1.300000000e+00,3.000400000e+07,0.000000000e+00,no
density,oKHnt,no,3.185730000e+02,1.293200000e+03,1.300000000e+00,6.024200000e+07,0.000000000e+00,no
density,oKHnt,no,3.192390000e+02,1.268000000e+03,1.300000000e+00,1.155600000e+06,0.000000000e+00,no
density,oKHnt,no,3.253900000e+02,1.289200000e+03,1.300000000e+00,6.009400000e+07,0.000000000e+00,no
density,oKHnt,no,3.255020000e+02,1.285200000e+03,1.300000000e+00,5.005000000e+07,0.000000000e+00,no
density,oKHnt,no,3.255890000e+02,1.276700000e+03,1.300000000e+00,3.010600000e+07,0.000000000e+00,no
density,oKHnt,no,3.255890000e+02,1.280800000e+03,1.300000000e+00,3.996600000e+07,0.000000000e+00,no
density,oKHnt,no,3.256510000e+02,1.267400000e+03,1.300000000e+00,9.902100000e+06,0.000000000e+00,no
density,oKHnt,no,3.256590000e+02,1.272100000e+03,1.300000000e+00,1.872000000e+07,0.000000000e+00,no
density,oKHnt,no,3.262570000e+02,1.262300000e+03,1.300000000e+00,1.166500000e+06,0.000000000e+00,no
density,oKHnt,no,3.325670000e+02,1.284500000e+03,1.300000000e+00,5.978800000e+07,0.000000000e+00,no
density,oKHnt,no,3.327920000e+02,1.276000000e+03,1.300000000e+00,3.991500000e+07,0.000000000e+00,no
density,oKHnt,no,3.328520000e+02,1.280100000e+03,1.300000000e+00,5.007400000e+07,0.000000000e+00,no
density,oKHnt,no,3.328650000e+02,1.271400000e+03,1.300000000e+00,2.985900000e+07,0.000000000e+00,no
density,oKHnt,no,3.329850000e+02,1.261700000e+03,1.300000000e+00,1.015900000e+07,0.000000000e+00,no
density,oKHnt,no,3.330660000e+02,1.266800000e+03,1.300000000e+00,1.996000000e+07,0.000000000e+00,no
density,oKHnt,no,3.330660000e+02,1.266800000e+03,1.300000000e+00,1.996000000e+07,0.000000000e+00,no
density,oKHnt,no,3.336200000e+02,1.257300000e+03,1.300000000e+00,1.252900000e+06,0.000000000e+00,no
density,oKHnt,no,3.402780000e+02,1.279500000e+03,1.300000000e+00,5.974500000e+07,0.000000000e+00,no
density,oKHnt,no,3.403480000e+02,1.256700000e+03,1.300000000e+00,9.969200000e+06,0.000000000e+00,no
density,oKHnt,no,3.403650000e+02,1.261000000e+03,1.300000000e+00,1.969800000e+07,0.000000000e+00,no
density,oKHnt,no,3.403900000e+02,1.275300000e+03,1.300000000e+00,5.022700000e+07,0.000000000e+00,no
density,oKHnt,no,3.404150000e+02,1.270700000e+03,1.300000000e+00,3.983500000e+07,0.000000000e+00,no
density,oKHnt,no,3.405480000e+02,1.266100000e+03,1.300000000e+00,2.989900000e+07,0.000000000e+00,no
density,oKHnt,no,3.410400000e+02,1.251700000e+03,1.300000000e+00,1.357100000e+06,0.000000000e+00,no
density,oKHnt,no,3.477690000e+02,1.274600000e+03,1.300000000e+00,5.985400000e+07,0.000000000e+00,no
density,oKHnt,no,3.479710000e+02,1.251100000e+03,1.300000000e+00,1.002400000e+07,0.000000000e+00,no
density,oKHnt,no,3.480210000e+02,1.260300000e+03,1.300000000e+00,2.983000000e+07,0.000000000e+00,no
density,oKHnt,no,3.480430000e+02,1.256000000e+03,1.300000000e+00,1.982000000e+07,0.000000000e+00,no
density,oKHnt,no,3.481530000e+02,1.270000000e+03,1.300000000e+00,4.979000000e+07,0.000000000e+00,no
density,oKHnt,no,3.482370000e+02,1.265400000e+03,1.300000000e+00,3.993800000e+07,0.000000000e+00,no
density,oKHnt,no,3.558470000e+02,1.250400000e+03,1.300000000e+00,2.003500000e+07,0.000000000e+00,no
density,oKHnt,no,3.558610000e+02,1.255300000e+03,1.300000000e+00,2.967500000e+07,0.000000000e+00,no
density,oKHnt,no,3.560150000e+02,1.259600000e+03,1.300000000e+00,4.014700000e+07,0.000000000e+00,no
density,oKHnt,no,3.560150000e+02,1.259600000e+03,1.300000000e+00,4.014700000e+07,0.000000000e+00,no
density,oKHnt,no,3.560190000e+02,1.264700000e+03,1.300000000e+00,4.991800000e+07,0.000000000e+00,no
density,oKHnt,no,3.564010000e+02,1.269200000e+03,1.300000000e+00,5.986000000e+07,0.000000000e+00,no
density,pcgJV,no,2.781500000e+02,1.295000000e+03,1.500000000e+00,1.013250000e+05,0.000000000e+00,yes
density,pcgJV,no,2.831500000e+02,1.291200000e+03,1.500000000e+00,1.013250000e+05,0.000000000e+00,yes
density,pcgJV,no,2.881500000e+02,1.287300000e+03,1.500000000e+00,1.013250000e+05,0.000000000e+00,yes
density,pcgJV,no,2.931500000e+02,1.283500000e+03,1.500000000e+00,1.013250000e+05,0.000000000e+00,yes
density,pcgJV,no,2.981500000e+02,1.279700000e+03,1.500000000e+00,1.013250000e+05,0.000000000e+00,yes
density,pcgJV,no,3.031500000e+02,1.275800000e+03,1.400000000e+00,1.013250000e+05,0.000000000e+00,yes
density,pcgJV,no,3.081500000e+02,1.272100000e+03,1.400000000e+00,1.013250000e+05,0.000000000e+00,yes
density,mKYZn,no,2.931500000e+02,1.283000000e+03,1.000000000e+01,1.000000000e+05,0.000000000e+00,yes
density,mKYZn,no,3.031500000e+02,1.275000000e+03,1.000000000e+01,1.000000000e+05,0.000000000e+00,yes
density,mKYZn,no,3.131500000e+02,1.267000000e+03,1.000000000e+01,1.000000000e+05,0.000000000e+00,yes
density,mKYZn,no,3.231500000e+02,1.260000000e+03,1.000000000e+01,1.000000000e+05,0.000000000e+00,yes
density,mKYZn,no,3.331500000e+02,1.253000000e+03,1.000000000e+01,1.000000000e+05,0.000000000e+00,yes
density,ihmDn,no,2.931500000e+02,1.283000000e+03,1.100000000e+01,1.000000000e+05,0.000000000e+00,yes
density,ihmDn,no,3.031500000e+02,1.275000000e+03,1.100000000e+01,1.000000000e+05,0.000000000e+00,yes
density,ihmDn,no,3.131500000e+02,1.267000000e+03,1.100000000e+01,1.000000000e+05,0.000000000e+00,yes
density,ihmDn,no,3.231500000e+02,1.260000000e+03,1.100000000e+01,1.000000000e+05,0.000000000e+00,yes
density,ihmDn,no,3.331500000e+02,1.253000000e+03,1.100000000e+01,1.000000000e+05,0.000000000e+00,yes
density,kacCo,yes,2.831500000e+02,1.292500000e+03,1.100000000e+00,1.000000000e+05,0.000000000e+00,yes
density,kacCo,yes,2.881500000e+02,1.288600000e+03,1.100000000e+00,1.000000000e+05,0.000000000e+00,yes
density,kacCo,yes,2.931500000e+02,1.284700000e+03,1.100000000e+00,1.000000000e+05,0.000000000e+00,yes
density,kacCo,yes,2.981500000e+02,1.280900000e+03,1.100000000e+00,1.000000000e+05,0.000000000e+00,yes
density,kacCo,yes,3.031500000e+02,1.277100000e+03,1.100000000e+00,1.000000000e+05,0.000000000e+00,yes
density,kacCo,yes,3.081500000e+02,1.273400000e+03,1.100000000e+00,1.000000000e+05,0.000000000e+00,yes
density,kacCo,yes,3.131500000e+02,1.269600000e+03,1.100000000e+00,1.000000000e+05,0.000000000e+00,yes
density,kacCo,yes,3.181500000e+02,1.265900000e+03,1.100000000e+00,1.000000000e+05,0.000000000e+00,yes
density,kacCo,yes,3.231500000e+02,1.262100000e+03,1.100000000e+00,1.000000000e+05,0.000000000e+00,yes
density,kacCo,yes,3.281500000e+02,1.258500000e+03,1.100000000e+00,1.000000000e+05,0.000000000e+00,yes
density,kacCo,yes,3.331500000e+02,1.254800000e+03,1.100000000e+00,1.000000000e+05,0.000000000e+00,yes
density,kacCo,yes,3.381500000e+02,1.251100000e+03,1.100000000e+00,1.000000000e+05,0.000000000e+00,yes
density,kacCo,yes,3.431500000e+02,1.247500000e+03,1.100000000e+00,1.000000000e+05,0.000000000e+00,yes
density,kacCo,yes,3.481500000e+02,1.243900000e+03,1.100000000e+00,1.000000000e+05,0.000000000e+00,yes
density,kacCo,yes,3.531500000e+02,1.240200000e+03,1.100000000e+00,1.000000000e+05,0.000000000e+00,yes
density,kacCo,yes,3.581500000e+02,1.236600000e+03,1.100000000e+00,1.000000000e+05,0.000000000e+00,yes
density,kacCo,yes,3.631500000e+02,1.233100000e+03,1.100000000e+00,1.000000000e+05,0.000000000e+00,yes
density,kacCo,yes,3.681500000e+02,1.229500000e+03,1.100000000e+00,1.000000000e+05,0.000000000e+00,yes
density,kacCo,yes,3.731500000e+02,1.225900000e+03,1.100000000e+00,1.000000000e+05,0.000000000e+00,yes
density,iUwNL,no,2.931500000e+02,1.283300000e+03,1.800000000e+00,1.013250000e+05,0.000000000e+00,yes
density,iUwNL,no,3.031500000e+02,1.275700000e+03,1.800000000e+00,1.013250000e+05,0.000000000e+00,yes
density,iUwNL,no,3.131500000e+02,1.268100000e+03,1.800000000e+00,1.013250000e+05,0.000000000e+00,yes
density,iUwNL,no,3.231500000e+02,1.260600000e+03,1.700000000e+00,1.013250000e+05,0.000000000e+00,yes
density,iUwNL,no,3.331500000e+02,1.253200000e+03,1.700000000e+00,1.013250000e+05,0.000000000e+00,yes
density,iUwNL,no,3.431500000e+02,1.245800000e+03,1.700000000e+00,1.013250000e+05,0.000000000e+00,yes
density,eRrEv,no,2.981000000e+02,1.279700000e+03,2.600000000e+00,1.013250000e+05,0.000000000e+00,yes
density,AksJg,no,2.981500000e+02,1.279600000e+03,1.100000000e+00,1.010000000e+05,0.000000000e+00,yes
density,AksJg,no,2.991500000e+02,1.278800000e+03,1.100000000e+00,1.010000000e+05,0.000000000e+00,yes
density,AksJg,no,3.011500000e+02,1.277200000e+03,1.100000000e+00,1.010000000e+05,0.000000000e+00,yes
density,AksJg,no,3.021500000e+02,1.276500000e+03,1.100000000e+00,1.010000000e+05,0.000000000e+00,yes
density,AksJg,no,3.031500000e+02,1.275700000e+03,1.100000000e+00,1.010000000e+05,0.000000000e+00,yes
density,AksJg,no,3.041500000e+02,1.274900000e+03,1.100000000e+00,1.010000000e+05,0.000000000e+00,yes
density,AksJg,no,3.051500000e+02,1.274200000e+03,1.100000000e+00,1.010000000e+05,0.000000000e+00,yes
density,AksJg,no,3.071500000e+02,1.272700000e+03,1.100000000e+00,1.010000000e+05,0.000000000e+00,yes
density,AksJg,no,3.081500000e+02,1.271900000e+03,1.100000000e+00,1.010000000e+05,0.000000000e+00,yes
density,CjFTf,no,2.781500000e+02,1.299100000e+03,1.100000000e+00,1.013250000e+05,0.000000000e+00,yes
density,CjFTf,no,2.831500000e+02,1.295100000e+03,1.100000000e+00,1.013250000e+05,0.000000000e+00,yes
density,CjFTf,no,2.881500000e+02,1.291200000e+03,1.100000000e+00,1.013250000e+05,0.000000000e+00,yes
density,CjFTf,no,2.931500000e+02,1.287200000e+03,1.100000000e+00,1.013250000e+05,0.000000000e+00,yes
density,CjFTf,no,2.981500000e+02,1.283300000e+03,1.100000000e+00,1.013250000e+05,0.000000000e+00,yes
density,CjFTf,no,3.031500000e+02,1.279500000e+03,1.100000000e+00,1.013250000e+05,0.000000000e+00,yes
density,CjFTf,no,3.081500000e+02,1.275700000e+03,1.100000000e+00,1.013250000e+05,0.000000000e+00,yes
density,CjFTf,no,3.131500000e+02,1.271900000e+03,1.100000000e+00,1.013250000e+05,0.000000000e+00,yes
density,CjFTf,no,3.181500000e+02,1.268100000e+03,1.100000000e+00,1.013250000e+05,0.000000000e+00,yes
density,CjFTf,no,3.231500000e+02,1.264400000e+03,1.100000000e+00,1.013250000e+05,0.000000000e+00,yes
density,CjFTf,no,3.281500000e+02,1.260600000e+03,1.100000000e+00,1.013250000e+05,0.000000000e+00,yes
density,CjFTf,no,3.331500000e+02,1.257000000e+03,1.100000000e+00,1.013250000e+05,0.000000000e+00,yes
density,CjFTf,no,3.381500000e+02,1.253300000e+03,1.100000000e+00,1.013250000e+05,0.000000000e+00,yes
density,CjFTf,no,3.431500000e+02,1.249700000e+03,1.100000000e+00,1.013250000e+05,0.000000000e+00,yes
density,CjFTf,no,3.481500000e+02,1.246100000e+03,1.100000000e+00,1.013250000e+05,0.000000000e+00,yes
density,CjFTf,no,3.531500000e+02,1.242600000e+03,1.100000000e+00,1.013250000e+05,0.000000000e+00,yes
density,CjFTf,no,3.581500000e+02,1.239000000e+03,1.100000000e+00,1.013250000e+05,0.000000000e+00,yes
density,CjFTf,no,3.631500000e+02,1.235500000e+03,1.100000000e+00,1.013250000e+05,0.000000000e+00,yes
density,npUsj,no,2.981000000e+02,1.280000000e+03,2.000000000e+01,1.013250000e+05,0.000000000e+00,yes
density,Pssni,no,2.930000000e+02,1.283000000e+03,5.000000000e+00,1.013250000e+05,0.000000000e+00,yes
density,Pssni,no,2.980000000e+02,1.279000000e+03,5.000000000e+00,1.013250000e+05,0.000000000e+00,yes
density,Pssni,no,3.030000000e+02,1.275000000e+03,5.000000000e+00,1.013250000e+05,0.000000000e+00,yes
density,Pssni,no,3.080000000e+02,1.271000000e+03,5.000000000e+00,1.013250000e+05,0.000000000e+00,yes
density,Pssni,no,3.130000000e+02,1.266000000e+03,5.000000000e+00,1.013250000e+05,0.000000000e+00,yes
density,GUiuf,no,2.931500000e+02,1.283600000e+03,1.700000000e+00,1.000000000e+05,0.000000000e+00,yes
density,GUiuf,no,3.031500000e+02,1.276100000e+03,1.700000000e+00,1.000000000e+05,0.000000000e+00,yes
density,GUiuf,no,3.131500000e+02,1.268600000e+03,1.600000000e+00,1.000000000e+05,0.000000000e+00,yes
density,GUiuf,no,3.231500000e+02,1.261000000e+03,1.600000000e+00,1.000000000e+05,0.000000000e+00,yes
density,GNvNR,no,2.931500000e+02,1.283600000e+03,1.500000000e+00,1.000000000e+05,0.000000000e+00,yes
density,GNvNR,no,3.031500000e+02,1.276100000e+03,1.500000000e+00,1.000000000e+05,0.000000000e+00,yes
density,GNvNR,no,3.131500000e+02,1.268600000e+03,1.400000000e+00,1.000000000e+05,0.000000000e+00,yes
density,GNvNR,no,3.231500000e+02,1.261000000e+03,1.400000000e+00,1.000000000e+05,0.000000000e+00,yes
density,xSfIW,no,2.981500000e+02,1.277600000e+03,2.100000000e+00,1.000000000e+05,0.000000000e+00,yes
density,xSfIW,no,3.081500000e+02,1.269900000e+03,2.100000000e+00,1.000000000e+05,0.000000000e+00,yes
density,xSfIW,no,3.181500000e+02,1.262100000e+03,2.000000000e+00,1.000000000e+05,0.000000000e+00,yes
density,xSfIW,no,3.281500000e+02,1.254600000e+03,2.000000000e+00,1.000000000e+05,0.000000000e+00,yes
density,JIOMy,no,2.981000000e+02,1.279900000e+03,1.500000000e+00,1.013250000e+05,0.000000000e+00,yes
density,NnkaN,no,2.831500000e+02,1.297000000e+03,1.600000000e+00,1.000000000e+05,0.000000000e+00,yes
density,NnkaN,no,2.831500000e+02,1.297800000e+03,1.600000000e+00,2.000000000e+06,0.000000000e+00,no
density,NnkaN,no,2.831500000e+02,1.298700000e+03,1.600000000e+00,4.000000000e+06,0.000000000e+00,no
density,NnkaN,no,2.831500000e+02,1.299500000e+03,1.600000000e+00,6.000000000e+06,0.000000000e+00,no
density,NnkaN,no,2.831500000e+02,1.300400000e+03,1.600000000e+00,8.000000000e+06,0.000000000e+00,no
density,NnkaN,no,2.831500000e+02,1.301200000e+03,1.600000000e+00,1.000000000e+07,0.000000000e+00,no
density,NnkaN,no,2.831500000e+02,1.302000000e+03,1.600000000e+00,1.200000000e+07,0.000000000e+00,no
density,NnkaN,no,2.831500000e+02,1.302800000e+03,1.600000000e+00,1.400000000e+07,0.000000000e+00,no
density,NnkaN,no,2.831500000e+02,1.305300000e+03,1.600000000e+00,2.000000000e+07,0.000000000e+00,no
density,NnkaN,no,2.831500000e+02,1.309300000e+03,1.700000000e+00,3.000000000e+07,0.000000000e+00,no
density,NnkaN,no,2.831500000e+02,1.313300000e+03,1.700000000e+00,4.000000000e+07,0.000000000e+00,no
density,NnkaN,no,2.831500000e+02,1.317100000e+03,1.700000000e+00,5.000000000e+07,0.000000000e+00,no
density,NnkaN,no,2.831500000e+02,1.320800000e+03,1.700000000e+00,6.000000000e+07,0.000000000e+00,no
density,NnkaN,no,2.881500000e+02,1.293200000e+03,1.600000000e+00,1.000000000e+05,0.000000000e+00,yes
density,NnkaN,no,2.881500000e+02,1.294000000e+03,1.600000000e+00,2.000000000e+06,0.000000000e+00,no
density,NnkaN,no,2.881500000e+02,1.294900000e+03,1.600000000e+00,4.000000000e+06,0.000000000e+00,no
density,NnkaN,no,2.881500000e+02,1.295700000e+03,1.600000000e+00,6.000000000e+06,0.000000000e+00,no
density,NnkaN,no,2.881500000e+02,1.296600000e+03,1.600000000e+00,8.000000000e+06,0.000000000e+00,no
density,NnkaN,no,2.881500000e+02,1.297500000e+03,1.600000000e+00,1.000000000e+07,0.000000000e+00,no
density,NnkaN,no,2.881500000e+02,1.298300000e+03,1.600000000e+00,1.200000000e+07,0.000000000e+00,no
density,NnkaN,no,2.881500000e+02,1.299100000e+03,1.600000000e+00,1.400000000e+07,0.000000000e+00,no
density,NnkaN,no,2.881500000e+02,1.301600000e+03,1.600000000e+00,2.000000000e+07,0.000000000e+00,no
density,NnkaN,no,2.881500000e+02,1.305600000e+03,1.700000000e+00,3.000000000e+07,0.000000000e+00,no
density,NnkaN,no,2.881500000e+02,1.309500000e+03,1.700000000e+00,4.000000000e+07,0.000000000e+00,no
density,NnkaN,no,2.881500000e+02,1.313400000e+03,1.700000000e+00,5.000000000e+07,0.000000000e+00,no
density,NnkaN,no,2.881500000e+02,1.317200000e+03,1.700000000e+00,6.000000000e+07,0.000000000e+00,no
density,NnkaN,no,2.931500000e+02,1.289400000e+03,1.600000000e+00,1.000000000e+05,0.000000000e+00,yes
density,NnkaN,no,2.931500000e+02,1.290200000e+03,1.600000000e+00,2.000000000e+06,0.000000000e+00,no
density,NnkaN,no,2.931500000e+02,1.291000000e+03,1.600000000e+00,4.000000000e+06,0.000000000e+00,no
density,NnkaN,no,2.931500000e+02,1.291900000e+03,1.600000000e+00,6.000000000e+06,0.000000000e+00,no
density,NnkaN,no,2.931500000e+02,1.292800000e+03,1.600000000e+00,8.000000000e+06,0.000000000e+00,no
density,NnkaN,no,2.931500000e+02,1.293600000e+03,1.600000000e+00,1.000000000e+07,0.000000000e+00,no
density,NnkaN,no,2.931500000e+02,1.294500000e+03,1.600000000e+00,1.200000000e+07,0.000000000e+00,no
density,NnkaN,no,2.931500000e+02,1.295300000e+03,1.600000000e+00,1.400000000e+07,0.000000000e+00,no
density,NnkaN,no,2.931500000e+02,1.297800000e+03,1.600000000e+00,2.000000000e+07,0.000000000e+00,no
density,NnkaN,no,2.931500000e+02,1.301900000e+03,1.600000000e+00,3.000000000e+07,0.000000000e+00,no
density,NnkaN,no,2.931500000e+02,1.305800000e+03,1.700000000e+00,4.000000000e+07,0.000000000e+00,no
density,NnkaN,no,2.931500000e+02,1.309700000e+03,1.700000000e+00,5.000000000e+07,0.000000000e+00,no
density,NnkaN,no,2.931500000e+02,1.313500000e+03,1.700000000e+00,6.000000000e+07,0.000000000e+00,no
density,NnkaN,no,2.981500000e+02,1.285500000e+03,1.600000000e+00,1.000000000e+05,0.000000000e+00,yes
density,NnkaN,no,2.981500000e+02,1.286300000e+03,1.600000000e+00,2.000000000e+06,0.000000000e+00,no
density,NnkaN,no,2.981500000e+02,1.287200000e+03,1.600000000e+00,4.000000000e+06,0.000000000e+00,no
density,NnkaN,no,2.981500000e+02,1.288100000e+03,1.600000000e+00,6.000000000e+06,0.000000000e+00,no
density,NnkaN,no,2.981500000e+02,1.289000000e+03,1.600000000e+00,8.000000000e+06,0.000000000e+00,no
density,NnkaN,no,2.981500000e+02,1.289800000e+03,1.600000000e+00,1.000000000e+07,0.000000000e+00,no
density,NnkaN,no,2.981500000e+02,1.290700000e+03,1.600000000e+00,1.200000000e+07,0.000000000e+00,no
density,NnkaN,no,2.981500000e+02,1.291500000e+03,1.600000000e+00,1.400000000e+07,0.000000000e+00,no
density,NnkaN,no,2.981500000e+02,1.294000000e+03,1.600000000e+00,2.000000000e+07,0.000000000e+00,no
density,NnkaN,no,2.981500000e+02,1.298200000e+03,1.600000000e+00,3.000000000e+07,0.000000000e+00,no
density,NnkaN,no,2.981500000e+02,1.302200000e+03,1.700000000e+00,4.000000000e+07,0.000000000e+00,no
density,NnkaN,no,2.981500000e+02,1.306100000e+03,1.700000000e+00,5.000000000e+07,0.000000000e+00,no
density,NnkaN,no,2.981500000e+02,1.310000000e+03,1.700000000e+00,6.000000000e+07,0.000000000e+00,no
density,NnkaN,no,3.031500000e+02,1.281700000e+03,1.600000000e+00,1.000000000e+05,0.000000000e+00,yes
density,NnkaN,no,3.031500000e+02,1.282600000e+03,1.600000000e+00,2.000000000e+06,0.000000000e+00,no
density,NnkaN,no,3.031500000e+02,1.283400000e+03,1.600000000e+00,4.000000000e+06,0.000000000e+00,no
density,NnkaN,no,3.031500000e+02,1.284300000e+03,1.600000000e+00,6.000000000e+06,0.000000000e+00,no
density,NnkaN,no,3.031500000e+02,1.285300000e+03,1.600000000e+00,8.000000000e+06,0.000000000e+00,no
density,NnkaN,no,3.031500000e+02,1.286100000e+03,1.600000000e+00,1.000000000e+07,0.000000000e+00,no
density,NnkaN,no,3.031500000e+02,1.287000000e+03,2.000000000e+00,1.200000000e+07,0.000000000e+00,no
density,NnkaN,no,3.031500000e+02,1.287800000e+03,1.600000000e+00,1.400000000e+07,0.000000000e+00,no
density,NnkaN,no,3.031500000e+02,1.290400000e+03,1.600000000e+00,2.000000000e+07,0.000000000e+00,no
density,NnkaN,no,3.031500000e+02,1.294500000e+03,1.600000000e+00,3.000000000e+07,0.000000000e+00,no
density,NnkaN,no,3.031500000e+02,1.298600000e+03,1.600000000e+00,4.000000000e+07,0.000000000e+00,no
density,NnkaN,no,3.031500000e+02,1.302600000e+03,1.700000000e+00,5.000000000e+07,0.000000000e+00,no
density,NnkaN,no,3.031500000e+02,1.306400000e+03,1.700000000e+00,6.000000000e+07,0.000000000e+00,no
density,NnkaN,no,3.081500000e+02,1.277900000e+03,1.600000000e+00,1.000000000e+05,0.000000000e+00,yes
density,NnkaN,no,3.081500000e+02,1.278800000e+03,1.600000000e+00,2.000000000e+06,0.000000000e+00,no
density,NnkaN,no,3.081500000e+02,1.279700000e+03,1.600000000e+00,4.000000000e+06,0.000000000e+00,no
density,NnkaN,no,3.081500000e+02,1.280600000e+03,1.600000000e+00,6.000000000e+06,0.000000000e+00,no
density,NnkaN,no,3.081500000e+02,1.281500000e+03,1.600000000e+00,8.000000000e+06,0.000000000e+00,no
density,NnkaN,no,3.081500000e+02,1.282300000e+03,1.600000000e+00,1.000000000e+07,0.000000000e+00,no
density,NnkaN,no,3.081500000e+02,1.283200000e+03,1.600000000e+00,1.200000000e+07,0.000000000e+00,no
density,NnkaN,no,3.081500000e+02,1.284100000e+03,1.600000000e+00,1.400000000e+07,0.000000000e+00,no
density,NnkaN,no,3.081500000e+02,1.286700000e+03,1.600000000e+00,2.000000000e+07,0.000000000e+00,no
density,NnkaN,no,3.081500000e+02,1.290800000e+03,1.600000000e+00,3.000000000e+07,0.000000000e+00,no
density,NnkaN,no,3.081500000e+02,1.295000000e+03,1.600000000e+00,4.000000000e+07,0.000000000e+00,no
density,NnkaN,no,3.081500000e+02,1.298900000e+03,1.700000000e+00,5.000000000e+07,0.000000000e+00,no
density,NnkaN,no,3.081500000e+02,1.302800000e+03,1.700000000e+00,6.000000000e+07,0.000000000e+00,no
density,NnkaN,no,3.131500000e+02,1.274200000e+03,1.600000000e+00,1.000000000e+05,0.000000000e+00,yes
density,NnkaN,no,3.131500000e+02,1.275000000e+03,1.600000000e+00,2.000000000e+06,0.000000000e+00,no
density,NnkaN,no,3.131500000e+02,1.275900000e+03,1.600000000e+00,4.000000000e+06,0.000000000e+00,no
density,NnkaN,no,3.131500000e+02,1.276800000e+03,1.600000000e+00,6.000000000e+06,0.000000000e+00,no
density,NnkaN,no,3.131500000e+02,1.277700000e+03,1.600000000e+00,8.000000000e+06,0.000000000e+00,no
density,NnkaN,no,3.131500000e+02,1.278600000e+03,1.600000000e+00,1.000000000e+07,0.000000000e+00,no
density,NnkaN,no,3.131500000e+02,1.279500000e+03,1.600000000e+00,1.200000000e+07,0.000000000e+00,no
density,NnkaN,no,3.131500000e+02,1.280400000e+03,1.600000000e+00,1.400000000e+07,0.000000000e+00,no
density,NnkaN,no,3.131500000e+02,1.283000000e+03,1.600000000e+00,2.000000000e+07,0.000000000e+00,no
density,NnkaN,no,3.131500000e+02,1.287300000e+03,1.600000000e+00,3.000000000e+07,0.000000000e+00,no
density,NnkaN,no,3.131500000e+02,1.291400000e+03,1.600000000e+00,4.000000000e+07,0.000000000e+00,no
density,NnkaN,no,3.131500000e+02,1.295400000e+03,1.700000000e+00,5.000000000e+07,0.000000000e+00,no
density,NnkaN,no,3.131500000e+02,1.299400000e+03,1.700000000e+00,6.000000000e+07,0.000000000e+00,no
density,NnkaN,no,3.181500000e+02,1.270400000e+03,1.600000000e+00,1.000000000e+05,0.000000000e+00,yes
density,NnkaN,no,3.181500000e+02,1.271300000e+03,1.600000000e+00,2.000000000e+06,0.000000000e+00,no
density,NnkaN,no,3.181500000e+02,1.272200000e+03,1.600000000e+00,4.000000000e+06,0.000000000e+00,no
density,NnkaN,no,3.181500000e+02,1.273100000e+03,1.600000000e+00,6.000000000e+06,0.000000000e+00,no
density,NnkaN,no,3.181500000e+02,1.274000000e+03,1.600000000e+00,8.000000000e+06,0.000000000e+00,no
density,NnkaN,no,3.181500000e+02,1.275000000e+03,1.600000000e+00,1.000000000e+07,0.000000000e+00,no
density,NnkaN,no,3.181500000e+02,1.275900000e+03,1.600000000e+00,1.200000000e+07,0.000000000e+00,no
density,NnkaN,no,3.181500000e+02,1.276700000e+03,1.600000000e+00,1.400000000e+07,0.000000000e+00,no
density,NnkaN,no,3.181500000e+02,1.279400000e+03,1.600000000e+00,2.000000000e+07,0.000000000e+00,no
density,NnkaN,no,3.181500000e+02,1.283700000e+03,1.600000000e+00,3.000000000e+07,0.000000000e+00,no
density,NnkaN,no,3.181500000e+02,1.287800000e+03,1.600000000e+00,4.000000000e+07,0.000000000e+00,no
density,NnkaN,no,3.181500000e+02,1.291900000e+03,1.600000000e+00,5.000000000e+07,0.000000000e+00,no
density,NnkaN,no,3.181500000e+02,1.295900000e+03,1.700000000e+00,6.000000000e+07,0.000000000e+00,no
density,NnkaN,no,3.231500000e+02,1.266700000e+03,1.600000000e+00,1.000000000e+05,0.000000000e+00,yes
density,NnkaN,no,3.231500000e+02,1.267600000e+03,1.600000000e+00,2.000000000e+06,0.000000000e+00,no
density,NnkaN,no,3.231500000e+02,1.268500000e+03,1.600000000e+00,4.000000000e+06,0.000000000e+00,no
density,NnkaN,no,3.231500000e+02,1.269500000e+03,1.600000000e+00,6.000000000e+06,0.000000000e+00,no
density,NnkaN,no,3.231500000e+02,1.270400000e+03,1.600000000e+00,8.000000000e+06,0.000000000e+00,no
density,NnkaN,no,3.231500000e+02,1.271300000e+03,1.600000000e+00,1.000000000e+07,0.000000000e+00,no
density,NnkaN,no,3.231500000e+02,1.272200000e+03,1.600000000e+00,1.200000000e+07,0.000000000e+00,no
density,NnkaN,no,3.231500000e+02,1.273100000e+03,1.600000000e+00,1.400000000e+07,0.000000000e+00,no
density,NnkaN,no,3.231500000e+02,1.275800000e+03,1.600000000e+00,2.000000000e+07,0.000000000e+00,no
density,NnkaN,no,3.231500000e+02,1.280100000e+03,1.600000000e+00,3.000000000e+07,0.000000000e+00,no
density,NnkaN,no,3.231500000e+02,1.284300000e+03,1.600000000e+00,4.000000000e+07,0.000000000e+00,no
density,NnkaN,no,3.231500000e+02,1.288400000e+03,1.600000000e+00,5.000000000e+07,0.000000000e+00,no
density,NnkaN,no,3.231500000e+02,1.292400000e+03,1.700000000e+00,6.000000000e+07,0.000000000e+00,no
density,OonLB,no,2.981500000e+02,1.288800000e+03,3.200000000e+00,1.013250000e+05,0.000000000e+00,yes
density,OonLB,no,3.031500000e+02,1.285000000e+03,3.200000000e+00,1.013250000e+05,0.000000000e+00,yes
density,OonLB,no,3.131500000e+02,1.277500000e+03,3.200000000e+00,1.013250000e+05,0.000000000e+00,yes
density,OonLB,no,3.231500000e+02,1.269900000e+03,3.100000000e+00,1.013250000e+05,0.000000000e+00,yes
density,OonLB,no,3.331500000e+02,1.262400000e+03,3.100000000e+00,1.013250000e+05,0.000000000e+00,yes
density,vuHBU,no,2.830000000e+02,1.291000000e+03,6.000000000e-01,1.013250000e+05,0.000000000e+00,yes
density,vuHBU,no,2.880000000e+02,1.287600000e+03,6.000000000e-01,1.013250000e+05,0.000000000e+00,yes
density,vuHBU,no,2.930000000e+02,1.283500000e+03,6.000000000e-01,1.013250000e+05,0.000000000e+00,yes
density,vuHBU,no,2.979000000e+02,1.280100000e+03,6.000000000e-01,1.013250000e+05,0.000000000e+00,yes
density,vuHBU,no,3.030000000e+02,1.276000000e+03,6.000000000e-01,1.013250000e+05,0.000000000e+00,yes
density,vuHBU,no,3.080000000e+02,1.272000000e+03,6.000000000e-01,1.013250000e+05,0.000000000e+00,yes
density,vuHBU,no,3.130000000e+02,1.268500000e+03,6.000000000e-01,1.013250000e+05,0.000000000e+00,yes
density,vuHBU,no,3.179000000e+02,1.265000000e+03,6.000000000e-01,1.013250000e+05,0.000000000e+00,yes
density,vuHBU,no,3.230000000e+02,1.261000000e+03,6.000000000e-01,1.013250000e+05,0.000000000e+00,yes
density,vuHBU,no,3.280000000e+02,1.257500000e+03,6.000000000e-01,1.013250000e+05,0.000000000e+00,yes
density,vuHBU,no,3.329000000e+02,1.253500000e+03,6.000000000e-01,1.013250000e+05,0.000000000e+00,yes
density,vuHBU,no,3.381000000e+02,1.249400000e+03,6.000000000e-01,1.013250000e+05,0.000000000e+00,yes
density,vuHBU,no,3.430000000e+02,1.246000000e+03,6.000000000e-01,1.013250000e+05,0.000000000e+00,yes
density,vuHBU,no,3.480000000e+02,1.241900000e+03,6.000000000e-01,1.013250000e+05,0.000000000e+00,yes
density,vuHBU,no,3.530000000e+02,1.239000000e+03,6.000000000e-01,1.013250000e+05,0.000000000e+00,yes
density,DSUyF,no,2.831500000e+02,1.292000000e+03,1.900000000e+00,1.013250000e+05,0.000000000e+00,yes
density,DSUyF,no,2.881500000e+02,1.288200000e+03,1.900000000e+00,1.013250000e+05,0.000000000e+00,yes
density,DSUyF,no,2.931500000e+02,1.284300000e+03,1.900000000e+00,1.013250000e+05,0.000000000e+00,yes
density,DSUyF,no,2.981500000e+02,1.280500000e+03,1.900000000e+00,1.013250000e+05,0.000000000e+00,yes
density,DSUyF,no,3.031500000e+02,1.276700000e+03,1.900000000e+00,1.013250000e+05,0.000000000e+00,yes
density,DSUyF,no,3.081500000e+02,1.272900000e+03,1.900000000e+00,1.013250000e+05,0.000000000e+00,yes
density,DSUyF,no,3.131500000e+02,1.269100000e+03,1.900000000e+00,1.013250000e+05,0.000000000e+00,yes
density,DSUyF,no,3.181500000e+02,1.265300000e+03,1.800000000e+00,1.013250000e+05,0.000000000e+00,yes
density,DSUyF,no,3.231500000e+02,1.261600000e+03,1.800000000e+00,1.013250000e+05,0.000000000e+00,yes
density,DSUyF,no,3.281500000e+02,1.257800000e+03,1.800000000e+00,1.013250000e+05,0.000000000e+00,yes
density,DSUyF,no,3.331500000e+02,1.254000000e+03,1.800000000e+00,1.013250000e+05,0.000000000e+00,yes
density,DSUyF,no,3.381500000e+02,1.250200000e+03,1.800000000e+00,1.013250000e+05,0.000000000e+00,yes
density,DSUyF,no,3.431500000e+02,1.246500000e+03,1.800000000e+00,1.013250000e+05,0.000000000e+00,yes
density,DSUyF,no,3.481500000e+02,1.242800000e+03,1.800000000e+00,1.013250000e+05,0.000000000e+00,yes
density,DSUyF,no,3.531500000e+02,1.239200000e+03,1.800000000e+00,1.013250000e+05,0.000000000e+00,yes
density,oqzhk,no,2.981000000e+02,1.290000000e+03,2.000000000e+01,1.013250000e+05,0.000000000e+00,yes
density,XlgSE,no,2.831000000e+02,1.304100000e+03,8.900000000e+00,1.013250000e+05,0.000000000e+00,yes
density,XlgSE,no,2.931500000e+02,1.297000000e+03,8.800000000e+00,1.013250000e+05,0.000000000e+00,yes
density,XlgSE,no,3.031500000e+02,1.289300000e+03,8.700000000e+00,1.013250000e+05,0.000000000e+00,yes
density,XlgSE,no,3.131500000e+02,1.281900000e+03,8.600000000e+00,1.013250000e+05,0.000000000e+00,yes
density,XlgSE,no,3.231500000e+02,1.274500000e+03,8.500000000e+00,1.013250000e+05,0.000000000e+00,yes
density,XlgSE,no,3.331500000e+02,1.267000000e+03,8.400000000e+00,1.013250000e+05,0.000000000e+00,yes
density,XlgSE,no,3.431500000e+02,1.259700000e+03,8.300000000e+00,1.013250000e+05,0.000000000e+00,yes
density,XlgSE,no,3.531500000e+02,1.252600000e+03,8.200000000e+00,1.013250000e+05,0.000000000e+00,yes
density,XlgSE,no,3.631500000e+02,1.245600000e+03,8.100000000e+00,1.013250000e+05,0.000000000e+00,yes
density,oMjaO,no,2.931500000e+02,1.283900000e+03,2.400000000e+00,1.013250000e+05,0.000000000e+00,yes
density,oMjaO,no,2.981500000e+02,1.279900000e+03,2.400000000e+00,1.013250000e+05,0.000000000e+00,yes
density,oMjaO,no,3.031500000e+02,1.276300000e+03,2.400000000e+00,1.013250000e+05,0.000000000e+00,yes
density,oMjaO,no,3.081500000e+02,1.272100000e+03,2.400000000e+00,1.013250000e+05,0.000000000e+00,yes
density,Mdqnp,no,2.931500000e+02,1.283900000e+03,1.500000000e+00,1.010000000e+05,0.000000000e+00,yes
density,Mdqnp,no,2.981500000e+02,1.279900000e+03,1.500000000e+00,1.010000000e+05,0.000000000e+00,yes
density,Mdqnp,no,3.031500000e+02,1.276300000e+03,1.400000000e+00,1.010000000e+05,0.000000000e+00,yes
density,Mdqnp,no,3.081500000e+02,1.272100000e+03,1.400000000e+00,1.010000000e+05,0.000000000e+00,yes
density,vGhYJ,no,2.931500000e+02,1.283900000e+03,1.900000000e+00,1.013250000e+05,0.000000000e+00,yes
density,vGhYJ,no,2.981500000e+02,1.279900000e+03,1.900000000e+00,1.013250000e+05,0.000000000e+00,yes
density,vGhYJ,no,3.031500000e+02,1.276300000e+03,1.900000000e+00,1.013250000e+05,0.000000000e+00,yes
density,vGhYJ,no,3.081500000e+02,1.272100000e+03,1.900000000e+00,1.013250000e+05,0.000000000e+00,yes
density,yxCzq,no,2.931500000e+02,1.283900000e+03,1.700000000e+00,1.013250000e+05,0.000000000e+00,yes
density,yxCzq,no,2.981500000e+02,1.279900000e+03,1.700000000e+00,1.013250000e+05,0.000000000e+00,yes
density,yxCzq,no,3.031500000e+02,1.276300000e+03,1.700000000e+00,1.013250000e+05,0.000000000e+00,yes
density,yxCzq,no,3.081500000e+02,1.272100000e+03,1.700000000e+00,1.013250000e+05,0.000000000e+00,yes
density,kxQSU,no,2.981500000e+02,1.279900000e+03,1.500000000e+00,1.013250000e+05,0.000000000e+00,yes
density,VpNJa,no,2.931500000e+02,1.283900000e+03,1.500000000e+00,1.013250000e+05,0.000000000e+00,yes
density,VpNJa,no,2.981500000e+02,1.280000000e+03,1.500000000e+00,1.013250000e+05,0.000000000e+00,yes
density,VpNJa,no,3.031500000e+02,1.276300000e+03,1.500000000e+00,1.013250000e+05,0.000000000e+00,yes
density,VpNJa,no,3.081500000e+02,1.272100000e+03,1.400000000e+00,1.013250000e+05,0.000000000e+00,yes
density,PcTrX,no,2.931500000e+02,1.283900000e+03,1.700000000e+00,1.013250000e+05,0.000000000e+00,yes
density,PcTrX,no,2.981500000e+02,1.280000000e+03,1.700000000e+00,1.013250000e+05,0.000000000e+00,yes
density,PcTrX,no,3.031500000e+02,1.276300000e+03,1.700000000e+00,1.013250000e+05,0.000000000e+00,yes
density,PcTrX,no,3.081500000e+02,1.272100000e+03,1.700000000e+00,1.013250000e+05,0.000000000e+00,yes
density,RFZyQ,no,2.931500000e+02,1.283900000e+03,1.700000000e+00,1.013250000e+05,0.000000000e+00,yes
density,RFZyQ,no,2.981500000e+02,1.280000000e+03,1.700000000e+00,1.013250000e+05,0.000000000e+00,yes
density,RFZyQ,no,3.031500000e+02,1.276300000e+03,1.700000000e+00,1.013250000e+05,0.000000000e+00,yes
density,RFZyQ,no,3.081500000e+02,1.272100000e+03,1.700000000e+00,1.013250000e+05,0.000000000e+00,yes
density,uQrEG,no,2.931500000e+02,1.283900000e+03,1.500000000e+00,1.013250000e+05,0.000000000e+00,yes
density,uQrEG,no,2.981500000e+02,1.279900000e+03,1.500000000e+00,1.013250000e+05,0.000000000e+00,yes
density,uQrEG,no,3.031500000e+02,1.276300000e+03,1.500000000e+00,1.013250000e+05,0.000000000e+00,yes
density,uQrEG,no,3.081500000e+02,1.272100000e+03,1.400000000e+00,1.013250000e+05,0.000000000e+00,yes
density,Kcvdy,no,2.931500000e+02,1.283900000e+03,1.700000000e+00,1.013250000e+05,0.000000000e+00,yes
density,Kcvdy,no,2.981500000e+02,1.279900000e+03,1.700000000e+00,1.013250000e+05,0.000000000e+00,yes
density,Kcvdy,no,3.031500000e+02,1.276300000e+03,1.700000000e+00,1.013250000e+05,0.000000000e+00,yes
density,Kcvdy,no,3.081500000e+02,1.272100000e+03,1.700000000e+00,1.013250000e+05,0.000000000e+00,yes
density,oWVmD,no,2.981500000e+02,1.279900000e+03,2.000000000e+00,1.013250000e+05,0.000000000e+00,yes
density,yywPN,no,2.931500000e+02,1.283900000e+03,1.500000000e+00,1.013250000e+05,0.000000000e+00,yes
density,yywPN,no,2.981500000e+02,1.279900000e+03,1.500000000e+00,1.013250000e+05,0.000000000e+00,yes
density,yywPN,no,3.031500000e+02,1.276300000e+03,1.500000000e+00,1.013250000e+05,0.000000000e+00,yes
density,yywPN,no,3.081500000e+02,1.272100000e+03,1.400000000e+00,1.013250000e+05,0.000000000e+00,yes
density,GbsRj,no,2.931500000e+02,1.283900000e+03,1.700000000e+00,1.013250000e+05,0.000000000e+00,yes
density,GbsRj,no,2.981500000e+02,1.279900000e+03,1.700000000e+00,1.013250000e+05,0.000000000e+00,yes
density,GbsRj,no,3.031500000e+02,1.276300000e+03,1.700000000e+00,1.013250000e+05,0.000000000e+00,yes
density,GbsRj,no,3.081500000e+02,1.272100000e+03,1.700000000e+00,1.013250000e+05,0.000000000e+00,yes
density,HvNKE,no,2.850000000e+02,1.290000000e+03,7.000000000e+00,1.013250000e+05,0.000000000e+00,yes
density,HvNKE,no,2.900000000e+02,1.286000000e+03,7.000000000e+00,1.013250000e+05,0.000000000e+00,yes
density,HvNKE,no,2.950000000e+02,1.282000000e+03,7.000000000e+00,1.013250000e+05,0.000000000e+00,yes
density,HvNKE,no,3.000000000e+02,1.279000000e+03,7.000000000e+00,1.013250000e+05,0.000000000e+00,yes
density,HvNKE,no,3.050000000e+02,1.275000000e+03,7.000000000e+00,1.013250000e+05,0.000000000e+00,yes
density,AYIJU,no,2.970000000e+02,1.279000000e+03,8.000000000e+00,1.013250000e+05,0.000000000e+00,yes
density,Kstuc,no,2.931500000e+02,1.283900000e+03,1.500000000e+00,1.013250000e+05,0.000000000e+00,yes
density,Kstuc,no,2.981500000e+02,1.279900000e+03,1.500000000e+00,1.013250000e+05,0.000000000e+00,yes
density,Kstuc,no,3.031500000e+02,1.276300000e+03,1.500000000e+00,1.013250000e+05,0.000000000e+00,yes
density,Kstuc,no,3.081500000e+02,1.272100000e+03,1.400000000e+00,1.013250000e+05,0.000000000e+00,yes
density,AWnwi,no,2.931500000e+02,1.283900000e+03,1.100000000e+00,1.013250000e+05,0.000000000e+00,yes
density,AWnwi,no,2.981500000e+02,1.280000000e+03,1.100000000e+00,1.013250000e+05,0.000000000e+00,yes
density,AWnwi,no,3.031500000e+02,1.276200000e+03,1.100000000e+00,1.013250000e+05,0.000000000e+00,yes
density,AWnwi,no,3.081500000e+02,1.272400000e+03,1.100000000e+00,1.013250000e+05,0.000000000e+00,yes
density,AWnwi,no,3.131500000e+02,1.268600000e+03,1.100000000e+00,1.013250000e+05,0.000000000e+00,yes
density,AWnwi,no,3.181500000e+02,1.264900000e+03,1.100000000e+00,1.013250000e+05,0.000000000e+00,yes
density,AWnwi,no,3.231500000e+02,1.261200000e+03,1.100000000e+00,1.013250000e+05,0.000000000e+00,yes
density,AWnwi,no,3.281500000e+02,1.257400000e+03,1.100000000e+00,1.013250000e+05,0.000000000e+00,yes
density,AWnwi,no,3.331500000e+02,1.253800000e+03,1.100000000e+00,1.013250000e+05,0.000000000e+00,yes
density,AWnwi,no,3.381500000e+02,1.250100000e+03,1.100000000e+00,1.013250000e+05,0.000000000e+00,yes
density,AWnwi,no,3.431500000e+02,1.246500000e+03,1.100000000e+00,1.013250000e+05,0.000000000e+00,yes
density,qVBzT,no,2.932000000e+02,1.288400000e+03,3.200000000e+00,1.013250000e+05,0.000000000e+00,yes
density,qVBzT,no,2.982000000e+02,1.282300000e+03,3.200000000e+00,1.013250000e+05,0.000000000e+00,yes
density,qVBzT,no,2.992000000e+02,1.281600000e+03,3.200000000e+00,1.013250000e+05,0.000000000e+00,yes
density,qVBzT,no,3.002000000e+02,1.280800000e+03,3.200000000e+00,1.013250000e+05,0.000000000e+00,yes
density,qVBzT,no,3.012000000e+02,1.280100000e+03,3.200000000e+00,1.013250000e+05,0.000000000e+00,yes
density,qVBzT,no,3.022000000e+02,1.279400000e+03,3.200000000e+00,1.013250000e+05,0.000000000e+00,yes
density,qVBzT,no,3.032000000e+02,1.278700000e+03,3.200000000e+00,1.013250000e+05,0.000000000e+00,yes
density,qVBzT,no,3.042000000e+02,1.277900000e+03,3.200000000e+00,1.013250000e+05,0.000000000e+00,yes
density,qVBzT,no,3.052000000e+02,1.277200000e+03,3.200000000e+00,1.013250000e+05,0.000000000e+00,yes
density,qVBzT,no,3.062000000e+02,1.276500000e+03,3.200000000e+00,1.013250000e+05,0.000000000e+00,yes
density,qVBzT,no,3.072000000e+02,1.275800000e+03,3.200000000e+00,1.013250000e+05,0.000000000e+00,yes
density,qVBzT,no,3.082000000e+02,1.275000000e+03,3.200000000e+00,1.013250000e+05,0.000000000e+00,yes
density,qVBzT,no,3.132000000e+02,1.271400000e+03,3.100000000e+00,1.013250000e+05,0.000000000e+00,yes
density,qVBzT,no,3.182000000e+02,1.267800000e+03,3.100000000e+00,1.013250000e+05,0.000000000e+00,yes
density,qVBzT,no,3.232000000e+02,1.264200000e+03,3.100000000e+00,1.013250000e+05,0.000000000e+00,yes
density,qVBzT,no,3.332000000e+02,1.256900000e+03,3.100000000e+00,1.013250000e+05,0.000000000e+00,yes
density,qVBzT,no,3.432000000e+02,1.249700000e+03,3.000000000e+00,1.013250000e+05,0.000000000e+00,yes
density,qVBzT,no,3.532000000e+02,1.242400000e+03,3.000000000e+00,1.013250000e+05,0.000000000e+00,yes
density,lKXxf,no,2.981500000e+02,1.277600000e+03,2.000000000e+00,1.013000000e+05,0.000000000e+00,yes
density,lKXxf,no,3.081500000e+02,1.269900000e+03,2.000000000e+00,1.013000000e+05,0.000000000e+00,yes
density,lKXxf,no,3.181500000e+02,1.262100000e+03,2.000000000e+00,1.013000000e+05,0.000000000e+00,yes
density,lKXxf,no,3.281500000e+02,1.254600000e+03,2.000000000e+00,1.013000000e+05,0.000000000e+00,yes
density,auiwj,no,2.981500000e+02,1.280400000e+03,1.500000000e+00,1.010000000e+05,0.000000000e+00,yes
density,gfvGD,no,2.981500000e+02,1.283700000e+03,1.500000000e+00,1.010000000e+05,0.000000000e+00,yes
density,ticPQ,no,2.981500000e+02,1.280400000e+03,8.900000000e+00,1.010000000e+05,0.000000000e+00,yes
density,ticPQ,no,2.981500000e+02,1.283700000e+03,9.000000000e+00,1.010000000e+05,0.000000000e+00,yes
density,clMTw,no,2.781000000e+02,1.293800000e+03,3.200000000e+00,1.013250000e+05,0.000000000e+00,yes
density,clMTw,no,2.881500000e+02,1.288000000e+03,3.200000000e+00,1.013250000e+05,0.000000000e+00,yes
density,clMTw,no,2.981500000e+02,1.280100000e+03,3.200000000e+00,1.013250000e+05,0.000000000e+00,yes
density,clMTw,no,3.081500000e+02,1.272500000e+03,3.100000000e+00,1.013250000e+05,0.000000000e+00,yes
density,clMTw,no,3.181500000e+02,1.265100000e+03,3.100000000e+00,1.013250000e+05,0.000000000e+00,yes
density,clMTw,no,3.281500000e+02,1.256900000e+03,3.100000000e+00,1.013250000e+05,0.000000000e+00,yes
density,clMTw,no,3.381500000e+02,1.250200000e+03,3.000000000e+00,1.013250000e+05,0.000000000e+00,yes
density,MuiAI,no,3.132000000e+02,1.274000000e+03,5.000000000e+00,1.000000000e+07,0.000000000e+00,no
density,MuiAI,no,3.326000000e+02,1.259000000e+03,5.000000000e+00,1.000000000e+07,0.000000000e+00,no
density,MuiAI,no,3.527000000e+02,1.244000000e+03,5.000000000e+00,1.000000000e+07,0.000000000e+00,no
density,MuiAI,no,3.728000000e+02,1.230000000e+03,4.000000000e+00,1.000000000e+07,0.000000000e+00,no
density,MuiAI,no,3.929000000e+02,1.216000000e+03,4.000000000e+00,1.000000000e+07,0.000000000e+00,no
density,MuiAI,no,4.130000000e+02,1.202000000e+03,4.000000000e+00,1.000000000e+07,0.000000000e+00,no
density,MuiAI,no,4.329000000e+02,1.189000000e+03,4.000000000e+00,1.000000000e+07,0.000000000e+00,no
density,MuiAI,no,4.526000000e+02,1.176000000e+03,4.000000000e+00,1.000000000e+07,0.000000000e+00,no
density,MuiAI,no,4.724000000e+02,1.163000000e+03,4.000000000e+00,1.000000000e+07,0.000000000e+00,no
density,MuiAI,no,3.132000000e+02,1.278000000e+03,5.000000000e+00,2.000000000e+07,0.000000000e+00,no
density,MuiAI,no,3.326000000e+02,1.264000000e+03,5.000000000e+00,2.000000000e+07,0.000000000e+00,no
density,MuiAI,no,3.527000000e+02,1.249000000e+03,5.000000000e+00,2.000000000e+07,0.000000000e+00,no
density,MuiAI,no,3.728000000e+02,1.235000000e+03,4.000000000e+00,2.000000000e+07,0.000000000e+00,no
density,MuiAI,no,3.929000000e+02,1.221000000e+03,4.000000000e+00,2.000000000e+07,0.000000000e+00,no
density,MuiAI,no,4.130000000e+02,1.208000000e+03,4.000000000e+00,2.000000000e+07,0.000000000e+00,no
density,MuiAI,no,4.329000000e+02,1.195000000e+03,4.000000000e+00,2.000000000e+07,0.000000000e+00,no
density,MuiAI,no,4.526000000e+02,1.182000000e+03,4.000000000e+00,2.000000000e+07,0.000000000e+00,no
density,MuiAI,no,4.724000000e+02,1.169000000e+03,4.000000000e+00,2.000000000e+07,0.000000000e+00,no
density,MuiAI,no,3.132000000e+02,1.282000000e+03,5.000000000e+00,3.000000000e+07,0.000000000e+00,no
density,MuiAI,no,3.326000000e+02,1.268000000e+03,5.000000000e+00,3.000000000e+07,0.000000000e+00,no
density,MuiAI,no,3.527000000e+02,1.254000000e+03,5.000000000e+00,3.000000000e+07,0.000000000e+00,no
density,MuiAI,no,3.728000000e+02,1.240000000e+03,4.000000000e+00,3.000000000e+07,0.000000000e+00,no
density,MuiAI,no,3.929000000e+02,1.227000000e+03,4.000000000e+00,3.000000000e+07,0.000000000e+00,no
density,MuiAI,no,4.130000000e+02,1.213000000e+03,4.000000000e+00,3.000000000e+07,0.000000000e+00,no
density,MuiAI,no,4.329000000e+02,1.200000000e+03,4.000000000e+00,3.000000000e+07,0.000000000e+00,no
density,MuiAI,no,4.526000000e+02,1.188000000e+03,4.000000000e+00,3.000000000e+07,0.000000000e+00,no
density,MuiAI,no,4.724000000e+02,1.175000000e+03,4.000000000e+00,3.000000000e+07,0.000000000e+00,no
density,MuiAI,no,3.132000000e+02,1.287000000e+03,5.000000000e+00,4.000000000e+07,0.000000000e+00,no
density,MuiAI,no,3.326000000e+02,1.273000000e+03,5.000000000e+00,4.000000000e+07,0.000000000e+00,no
density,MuiAI,no,3.527000000e+02,1.259000000e+03,5.000000000e+00,4.000000000e+07,0.000000000e+00,no
density,MuiAI,no,3.728000000e+02,1.245000000e+03,5.000000000e+00,4.000000000e+07,0.000000000e+00,no
density,MuiAI,no,3.929000000e+02,1.232000000e+03,4.000000000e+00,4.000000000e+07,0.000000000e+00,no
density,MuiAI,no,4.130000000e+02,1.219000000e+03,4.000000000e+00,4.000000000e+07,0.000000000e+00,no
density,MuiAI,no,4.329000000e+02,1.206000000e+03,4.000000000e+00,4.000000000e+07,0.000000000e+00,no
density,MuiAI,no,4.526000000e+02,1.193000000e+03,4.000000000e+00,4.000000000e+07,0.000000000e+00,no
density,MuiAI,no,4.724000000e+02,1.181000000e+03,4.000000000e+00,4.000000000e+07,0.000000000e+00,no
density,MuiAI,no,3.132000000e+02,1.291000000e+03,5.000000000e+00,5.000000000e+07,0.000000000e+00,no
density,MuiAI,no,3.326000000e+02,1.277000000e+03,5.000000000e+00,5.000000000e+07,0.000000000e+00,no
density,MuiAI,no,3.527000000e+02,1.263000000e+03,5.000000000e+00,5.000000000e+07,0.000000000e+00,no
density,MuiAI,no,3.728000000e+02,1.250000000e+03,5.000000000e+00,5.000000000e+07,0.000000000e+00,no
density,MuiAI,no,3.929000000e+02,1.237000000e+03,4.000000000e+00,5.000000000e+07,0.000000000e+00,no
density,MuiAI,no,4.130000000e+02,1.224000000e+03,4.000000000e+00,5.000000000e+07,0.000000000e+00,no
density,MuiAI,no,4.329000000e+02,1.211000000e+03,4.000000000e+00,5.000000000e+07,0.000000000e+00,no
density,MuiAI,no,4.526000000e+02,1.199000000e+03,4.000000000e+00,5.000000000e+07,0.000000000e+00,no
density,MuiAI,no,4.724000000e+02,1.187000000e+03,4.000000000e+00,5.000000000e+07,0.000000000e+00,no
density,MuiAI,no,3.132000000e+02,1.295000000e+03,5.000000000e+00,6.000000000e+07,0.000000000e+00,no
density,MuiAI,no,3.326000000e+02,1.281000000e+03,5.000000000e+00,6.000000000e+07,0.000000000e+00,no
density,MuiAI,no,3.527000000e+02,1.267000000e+03,5.000000000e+00,6.000000000e+07,0.000000000e+00,no
density,MuiAI,no,3.728000000e+02,1.254000000e+03,5.000000000e+00,6.000000000e+07,0.000000000e+00,no
density,MuiAI,no,3.929000000e+02,1.241000000e+03,4.000000000e+00,6.000000000e+07,0.000000000e+00,no
density,MuiAI,no,4.130000000e+02,1.229000000e+03,4.000000000e+00,6.000000000e+07,0.000000000e+00,no
density,MuiAI,no,4.329000000e+02,1.216000000e+03,4.000000000e+00,6.000000000e+07,0.000000000e+00,no
density,MuiAI,no,4.526000000e+02,1.204000000e+03,4.000000000e+00,6.000000000e+07,0.000000000e+00,no
density,MuiAI,no,4.724000000e+02,1.192000000e+03,4.000000000e+00,6.000000000e+07,0.000000000e+00,no
density,MuiAI,no,3.132000000e+02,1.299000000e+03,5.000000000e+00,7.000000000e+07,0.000000000e+00,no
density,MuiAI,no,3.326000000e+02,1.285000000e+03,5.000000000e+00,7.000000000e+07,0.000000000e+00,no
density,MuiAI,no,3.527000000e+02,1.272000000e+03,5.000000000e+00,7.000000000e+07,0.000000000e+00,no
density,MuiAI,no,3.728000000e+02,1.258000000e+03,5.000000000e+00,7.000000000e+07,0.000000000e+00,no
density,MuiAI,no,3.929000000e+02,1.246000000e+03,5.000000000e+00,7.000000000e+07,0.000000000e+00,no
density,MuiAI,no,4.130000000e+02,1.233000000e+03,4.000000000e+00,7.000000000e+07,0.000000000e+00,no
density,MuiAI,no,4.329000000e+02,1.221000000e+03,4.000000000e+00,7.000000000e+07,0.000000000e+00,no
density,MuiAI,no,4.526000000e+02,1.209000000e+03,4.000000000e+00,7.000000000e+07,0.000000000e+00,no
density,MuiAI,no,4.724000000e+02,1.197000000e+03,4.000000000e+00,7.000000000e+07,0.000000000e+00,no
density,MuiAI,no,3.132000000e+02,1.302000000e+03,5.000000000e+00,8.000000000e+07,0.000000000e+00,no
density,MuiAI,no,3.326000000e+02,1.289000000e+03,5.000000000e+00,8.000000000e+07,0.000000000e+00,no
density,MuiAI,no,3.527000000e+02,1.276000000e+03,5.000000000e+00,8.000000000e+07,0.000000000e+00,no
density,MuiAI,no,3.728000000e+02,1.263000000e+03,5.000000000e+00,8.000000000e+07,0.000000000e+00,no
density,MuiAI,no,3.929000000e+02,1.250000000e+03,5.000000000e+00,8.000000000e+07,0.000000000e+00,no
density,MuiAI,no,4.130000000e+02,1.238000000e+03,4.000000000e+00,8.000000000e+07,0.000000000e+00,no
density,MuiAI,no,4.329000000e+02,1.226000000e+03,4.000000000e+00,8.000000000e+07,0.000000000e+00,no
density,MuiAI,no,4.526000000e+02,1.214000000e+03,4.000000000e+00,8.000000000e+07,0.000000000e+00,no
density,MuiAI,no,4.724000000e+02,1.202000000e+03,4.000000000e+00,8.000000000e+07,0.000000000e+00,no
density,MuiAI,no,3.132000000e+02,1.306000000e+03,5.000000000e+00,9.000000000e+07,0.000000000e+00,no
density,MuiAI,no,3.326000000e+02,1.293000000e+03,5.000000000e+00,9.000000000e+07,0.000000000e+00,no
density,MuiAI,no,3.527000000e+02,1.280000000e+03,5.000000000e+00,9.000000000e+07,0.000000000e+00,no
density,MuiAI,no,3.728000000e+02,1.267000000e+03,5.000000000e+00,9.000000000e+07,0.000000000e+00,no
density,MuiAI,no,3.929000000e+02,1.254000000e+03,5.000000000e+00,9.000000000e+07,0.000000000e+00,no
density,MuiAI,no,4.130000000e+02,1.242000000e+03,5.000000000e+00,9.000000000e+07,0.000000000e+00,no
density,MuiAI,no,4.329000000e+02,1.230000000e+03,4.000000000e+00,9.000000000e+07,0.000000000e+00,no
density,MuiAI,no,4.526000000e+02,1.219000000e+03,4.000000000e+00,9.000000000e+07,0.000000000e+00,no
density,MuiAI,no,4.724000000e+02,1.207000000e+03,4.000000000e+00,9.000000000e+07,0.000000000e+00,no
density,MuiAI,no,3.132000000e+02,1.310000000e+03,5.000000000e+00,1.000000000e+08,0.000000000e+00,no
density,MuiAI,no,3.326000000e+02,1.297000000e+03,5.000000000e+00,1.000000000e+08,0.000000000e+00,no
density,MuiAI,no,3.527000000e+02,1.284000000e+03,5.000000000e+00,1.000000000e+08,0.000000000e+00,no
density,MuiAI,no,3.728000000e+02,1.271000000e+03,5.000000000e+00,1.000000000e+08,0.000000000e+00,no
density,MuiAI,no,3.929000000e+02,1.259000000e+03,5.000000000e+00,1.000000000e+08,0.000000000e+00,no
density,MuiAI,no,4.130000000e+02,1.247000000e+03,5.000000000e+00,1.000000000e+08,0.000000000e+00,no
density,MuiAI,no,4.329000000e+02,1.235000000e+03,4.000000000e+00,1.000000000e+08,0.000000000e+00,no
density,MuiAI,no,4.526000000e+02,1.223000000e+03,4.000000000e+00,1.000000000e+08,0.000000000e+00,no
density,MuiAI,no,4.724000000e+02,1.212000000e+03,4.000000000e+00,1.000000000e+08,0.000000000e+00,no
density,MuiAI,no,3.132000000e+02,1.313000000e+03,5.000000000e+00,1.100000000e+08,0.000000000e+00,no
density,MuiAI,no,3.326000000e+02,1.300000000e+03,5.000000000e+00,1.100000000e+08,0.000000000e+00,no
density,MuiAI,no,3.527000000e+02,1.287000000e+03,5.000000000e+00,1.100000000e+08,0.000000000e+00,no
density,MuiAI,no,3.728000000e+02,1.275000000e+03,5.000000000e+00,1.100000000e+08,0.000000000e+00,no
density,MuiAI,no,3.929000000e+02,1.263000000e+03,5.000000000e+00,1.100000000e+08,0.000000000e+00,no
density,MuiAI,no,4.130000000e+02,1.251000000e+03,5.000000000e+00,1.100000000e+08,0.000000000e+00,no
density,MuiAI,no,4.329000000e+02,1.239000000e+03,4.000000000e+00,1.100000000e+08,0.000000000e+00,no
density,MuiAI,no,4.526000000e+02,1.228000000e+03,4.000000000e+00,1.100000000e+08,0.000000000e+00,no
density,MuiAI,no,4.724000000e+02,1.217000000e+03,4.000000000e+00,1.100000000e+08,0.000000000e+00,no
density,MuiAI,no,3.132000000e+02,1.317000000e+03,5.000000000e+00,1.200000000e+08,0.000000000e+00,no
density,MuiAI,no,3.326000000e+02,1.304000000e+03,5.000000000e+00,1.200000000e+08,0.000000000e+00,no
density,MuiAI,no,3.527000000e+02,1.291000000e+03,5.000000000e+00,1.200000000e+08,0.000000000e+00,no
density,MuiAI,no,3.728000000e+02,1.279000000e+03,5.000000000e+00,1.200000000e+08,0.000000000e+00,no
density,MuiAI,no,3.929000000e+02,1.267000000e+03,5.000000000e+00,1.200000000e+08,0.000000000e+00,no
density,MuiAI,no,4.130000000e+02,1.255000000e+03,5.000000000e+00,1.200000000e+08,0.000000000e+00,no
density,MuiAI,no,4.329000000e+02,1.243000000e+03,5.000000000e+00,1.200000000e+08,0.000000000e+00,no
density,MuiAI,no,4.526000000e+02,1.232000000e+03,4.000000000e+00,1.200000000e+08,0.000000000e+00,no
density,MuiAI,no,4.724000000e+02,1.221000000e+03,4.000000000e+00,1.200000000e+08,0.000000000e+00,no
density,MuiAI,no,3.132000000e+02,1.320000000e+03,5.000000000e+00,1.300000000e+08,0.000000000e+00,no
density,MuiAI,no,3.326000000e+02,1.307000000e+03,5.000000000e+00,1.300000000e+08,0.000000000e+00,no
density,MuiAI,no,3.527000000e+02,1.295000000e+03,5.000000000e+00,1.300000000e+08,0.000000000e+00,no
density,MuiAI,no,3.728000000e+02,1.282000000e+03,5.000000000e+00,1.300000000e+08,0.000000000e+00,no
density,MuiAI,no,3.929000000e+02,1.270000000e+03,5.000000000e+00,1.300000000e+08,0.000000000e+00,no
density,MuiAI,no,4.130000000e+02,1.259000000e+03,5.000000000e+00,1.300000000e+08,0.000000000e+00,no
density,MuiAI,no,4.329000000e+02,1.247000000e+03,5.000000000e+00,1.300000000e+08,0.000000000e+00,no
density,MuiAI,no,4.526000000e+02,1.236000000e+03,4.000000000e+00,1.300000000e+08,0.000000000e+00,no
density,MuiAI,no,4.724000000e+02,1.226000000e+03,4.000000000e+00,1.300000000e+08,0.000000000e+00,no
density,MuiAI,no,3.132000000e+02,1.323000000e+03,5.000000000e+00,1.400000000e+08,0.000000000e+00,no
density,MuiAI,no,3.326000000e+02,1.311000000e+03,5.000000000e+00,1.400000000e+08,0.000000000e+00,no
density,MuiAI,no,3.527000000e+02,1.298000000e+03,5.000000000e+00,1.400000000e+08,0.000000000e+00,no
density,MuiAI,no,3.728000000e+02,1.286000000e+03,5.000000000e+00,1.400000000e+08,0.000000000e+00,no
density,MuiAI,no,3.929000000e+02,1.274000000e+03,5.000000000e+00,1.400000000e+08,0.000000000e+00,no
density,MuiAI,no,4.130000000e+02,1.263000000e+03,5.000000000e+00,1.400000000e+08,0.000000000e+00,no
density,MuiAI,no,4.329000000e+02,1.252000000e+03,5.000000000e+00,1.400000000e+08,0.000000000e+00,no
density,MuiAI,no,4.526000000e+02,1.240000000e+03,4.000000000e+00,1.400000000e+08,0.000000000e+00,no
density,MuiAI,no,4.724000000e+02,1.230000000e+03,4.000000000e+00,1.400000000e+08,0.000000000e+00,no
density,MuiAI,no,3.132000000e+02,1.327000000e+03,5.000000000e+00,1.500000000e+08,0.000000000e+00,no
density,MuiAI,no,3.326000000e+02,1.314000000e+03,5.000000000e+00,1.500000000e+08,0.000000000e+00,no
density,MuiAI,no,3.527000000e+02,1.302000000e+03,5.000000000e+00,1.500000000e+08,0.000000000e+00,no
density,MuiAI,no,3.728000000e+02,1.290000000e+03,5.000000000e+00,1.500000000e+08,0.000000000e+00,no
density,MuiAI,no,3.929000000e+02,1.278000000e+03,5.000000000e+00,1.500000000e+08,0.000000000e+00,no
density,MuiAI,no,4.130000000e+02,1.267000000e+03,5.000000000e+00,1.500000000e+08,0.000000000e+00,no
density,MuiAI,no,4.329000000e+02,1.255000000e+03,5.000000000e+00,1.500000000e+08,0.000000000e+00,no
density,MuiAI,no,4.526000000e+02,1.245000000e+03,5.000000000e+00,1.500000000e+08,0.000000000e+00,no
density,MuiAI,no,4.724000000e+02,1.234000000e+03,4.000000000e+00,1.500000000e+08,0.000000000e+00,no
density,MuiAI,no,3.132000000e+02,1.330000000e+03,5.000000000e+00,1.600000000e+08,0.000000000e+00,no
density,MuiAI,no,3.326000000e+02,1.317000000e+03,5.000000000e+00,1.600000000e+08,0.000000000e+00,no
density,MuiAI,no,3.527000000e+02,1.305000000e+03,5.000000000e+00,1.600000000e+08,0.000000000e+00,no
density,MuiAI,no,3.728000000e+02,1.293000000e+03,5.000000000e+00,1.600000000e+08,0.000000000e+00,no
density,MuiAI,no,3.929000000e+02,1.282000000e+03,5.000000000e+00,1.600000000e+08,0.000000000e+00,no
density,MuiAI,no,4.130000000e+02,1.270000000e+03,5.000000000e+00,1.600000000e+08,0.000000000e+00,no
density,MuiAI,no,4.329000000e+02,1.259000000e+03,5.000000000e+00,1.600000000e+08,0.000000000e+00,no
density,MuiAI,no,4.526000000e+02,1.248000000e+03,5.000000000e+00,1.600000000e+08,0.000000000e+00,no
density,MuiAI,no,4.724000000e+02,1.238000000e+03,4.000000000e+00,1.600000000e+08,0.000000000e+00,no
density,MuiAI,no,3.132000000e+02,1.333000000e+03,5.000000000e+00,1.700000000e+08,0.000000000e+00,no
density,MuiAI,no,3.326000000e+02,1.321000000e+03,5.000000000e+00,1.700000000e+08,0.000000000e+00,no
density,MuiAI,no,3.527000000e+02,1.309000000e+03,5.000000000e+00,1.700000000e+08,0.000000000e+00,no
density,MuiAI,no,3.728000000e+02,1.297000000e+03,5.000000000e+00,1.700000000e+08,0.000000000e+00,no
density,MuiAI,no,3.929000000e+02,1.285000000e+03,5.000000000e+00,1.700000000e+08,0.000000000e+00,no
density,MuiAI,no,4.130000000e+02,1.274000000e+03,5.000000000e+00,1.700000000e+08,0.000000000e+00,no
density,MuiAI,no,4.329000000e+02,1.263000000e+03,5.000000000e+00,1.700000000e+08,0.000000000e+00,no
density,MuiAI,no,4.526000000e+02,1.252000000e+03,5.000000000e+00,1.700000000e+08,0.000000000e+00,no
density,MuiAI,no,4.724000000e+02,1.242000000e+03,5.000000000e+00,1.700000000e+08,0.000000000e+00,no
density,MuiAI,no,3.132000000e+02,1.336000000e+03,5.000000000e+00,1.800000000e+08,0.000000000e+00,no
density,MuiAI,no,3.326000000e+02,1.324000000e+03,5.000000000e+00,1.800000000e+08,0.000000000e+00,no
density,MuiAI,no,3.527000000e+02,1.312000000e+03,5.000000000e+00,1.800000000e+08,0.000000000e+00,no
density,MuiAI,no,3.728000000e+02,1.300000000e+03,5.000000000e+00,1.800000000e+08,0.000000000e+00,no
density,MuiAI,no,3.929000000e+02,1.289000000e+03,5.000000000e+00,1.800000000e+08,0.000000000e+00,no
density,MuiAI,no,4.130000000e+02,1.278000000e+03,5.000000000e+00,1.800000000e+08,0.000000000e+00,no
density,MuiAI,no,4.329000000e+02,1.267000000e+03,5.000000000e+00,1.800000000e+08,0.000000000e+00,no
density,MuiAI,no,4.526000000e+02,1.256000000e+03,5.000000000e+00,1.800000000e+08,0.000000000e+00,no
density,MuiAI,no,4.724000000e+02,1.246000000e+03,5.000000000e+00,1.800000000e+08,0.000000000e+00,no
density,MuiAI,no,3.132000000e+02,1.339000000e+03,5.000000000e+00,1.900000000e+08,0.000000000e+00,no
density,MuiAI,no,3.326000000e+02,1.327000000e+03,5.000000000e+00,1.900000000e+08,0.000000000e+00,no
density,MuiAI,no,3.527000000e+02,1.315000000e+03,5.000000000e+00,1.900000000e+08,0.000000000e+00,no
density,MuiAI,no,3.728000000e+02,1.303000000e+03,5.000000000e+00,1.900000000e+08,0.000000000e+00,no
density,MuiAI,no,3.929000000e+02,1.292000000e+03,5.000000000e+00,1.900000000e+08,0.000000000e+00,no
density,MuiAI,no,4.130000000e+02,1.281000000e+03,5.000000000e+00,1.900000000e+08,0.000000000e+00,no
density,MuiAI,no,4.329000000e+02,1.270000000e+03,5.000000000e+00,1.900000000e+08,0.000000000e+00,no
density,MuiAI,no,4.526000000e+02,1.260000000e+03,5.000000000e+00,1.900000000e+08,0.000000000e+00,no
density,MuiAI,no,4.724000000e+02,1.250000000e+03,5.000000000e+00,1.900000000e+08,0.000000000e+00,no
density,MuiAI,no,3.132000000e+02,1.342000000e+03,5.000000000e+00,2.000000000e+08,0.000000000e+00,no
density,MuiAI,no,3.326000000e+02,1.330000000e+03,5.000000000e+00,2.000000000e+08,0.000000000e+00,no
density,MuiAI,no,3.527000000e+02,1.318000000e+03,5.000000000e+00,2.000000000e+08,0.000000000e+00,no
density,MuiAI,no,3.728000000e+02,1.307000000e+03,5.000000000e+00,2.000000000e+08,0.000000000e+00,no
density,MuiAI,no,3.929000000e+02,1.295000000e+03,5.000000000e+00,2.000000000e+08,0.000000000e+00,no
density,MuiAI,no,4.130000000e+02,1.285000000e+03,5.000000000e+00,2.000000000e+08,0.000000000e+00,no
density,MuiAI,no,4.329000000e+02,1.274000000e+03,5.000000000e+00,2.000000000e+08,0.000000000e+00,no
density,MuiAI,no,4.526000000e+02,1.264000000e+03,5.000000000e+00,2.000000000e+08,0.000000000e+00,no
density,MuiAI,no,4.724000000e+02,1.253000000e+03,5.000000000e+00,2.000000000e+08,0.000000000e+00,no
density,YASzG,no,2.931500000e+02,1.284400000e+03,4.800000000e+00,1.013250000e+05,0.000000000e+00,yes
density,YASzG,no,3.131500000e+02,1.269100000e+03,4.700000000e+00,1.013250000e+05,0.000000000e+00,yes
density,YASzG,no,3.331500000e+02,1.254000000e+03,4.600000000e+00,1.013250000e+05,0.000000000e+00,yes
density,YASzG,no,3.531500000e+02,1.239300000e+03,4.500000000e+00,1.013250000e+05,0.000000000e+00,yes
density,GjsOU,no,2.831500000e+02,1.291500000e+03,9.100000000e+00,1.013250000e+05,0.000000000e+00,yes
density,GjsOU,no,2.881500000e+02,1.287700000e+03,9.000000000e+00,1.013250000e+05,0.000000000e+00,yes
density,GjsOU,no,2.931500000e+02,1.283800000e+03,9.000000000e+00,1.013250000e+05,0.000000000e+00,yes
density,GjsOU,no,2.981500000e+02,1.280000000e+03,8.900000000e+00,1.013250000e+05,0.000000000e+00,yes
density,GjsOU,no,3.031500000e+02,1.276300000e+03,8.900000000e+00,1.013250000e+05,0.000000000e+00,yes
density,GjsOU,no,3.081500000e+02,1.272500000e+03,8.800000000e+00,1.013250000e+05,0.000000000e+00,yes
density,GjsOU,no,3.131500000e+02,1.268700000e+03,8.800000000e+00,1.013250000e+05,0.000000000e+00,yes
density,rbUqN,no,3.331000000e+02,1.252600000e+03,8.000000000e-01,1.013250000e+05,0.000000000e+00,yes
density,WNUXf,no,2.781500000e+02,1.305300000e+03,1.500000000e+00,1.010000000e+05,0.000000000e+00,yes
density,WNUXf,no,2.881500000e+02,1.297600000e+03,1.500000000e+00,1.010000000e+05,0.000000000e+00,yes
density,WNUXf,no,2.981500000e+02,1.290000000e+03,1.500000000e+00,1.010000000e+05,0.000000000e+00,yes
density,WNUXf,no,3.081500000e+02,1.282400000e+03,1.500000000e+00,1.010000000e+05,0.000000000e+00,yes
density,WNUXf,no,3.181500000e+02,1.274900000e+03,1.500000000e+00,1.010000000e+05,0.000000000e+00,yes
density,VAnXf,no,2.981500000e+02,1.279000000e+03,5.000000000e+00,1.013000000e+05,0.000000000e+00,yes
density,bWbQt,no,3.131500000e+02,1.268800000e+03,1.400000000e+00,5.030000000e+05,0.000000000e+00,no
density,bWbQt,no,3.131500000e+02,1.269100000e+03,1.400000000e+00,9.990000000e+05,0.000000000e+00,no
density,bWbQt,no,3.131500000e+02,1.269700000e+03,1.500000000e+00,2.001000000e+06,0.000000000e+00,no
density,bWbQt,no,3.131500000e+02,1.270300000e+03,1.500000000e+00,2.998000000e+06,0.000000000e+00,no
density,bWbQt,no,3.131500000e+02,1.270900000e+03,1.500000000e+00,4.000000000e+06,0.000000000e+00,no
density,bWbQt,no,3.131500000e+02,1.271600000e+03,1.500000000e+00,5.002000000e+06,0.000000000e+00,no
density,bWbQt,no,3.131500000e+02,1.272200000e+03,1.500000000e+00,6.000000000e+06,0.000000000e+00,no
density,boJKZ,no,2.931500000e+02,1.283500000e+03,1.500000000e+00,1.013250000e+05,0.000000000e+00,yes
density,boJKZ,no,2.981500000e+02,1.279700000e+03,1.500000000e+00,1.013250000e+05,0.000000000e+00,yes
density,boJKZ,no,3.031500000e+02,1.275900000e+03,1.500000000e+00,1.013250000e+05,0.000000000e+00,yes
density,boJKZ,no,3.131500000e+02,1.268300000e+03,1.400000000e+00,1.013250000e+05,0.000000000e+00,yes
density,boJKZ,no,3.231500000e+02,1.260900000e+03,1.400000000e+00,1.013250000e+05,0.000000000e+00,yes
density,boJKZ,no,3.331500000e+02,1.253400000e+03,1.400000000e+00,1.013250000e+05,0.000000000e+00,yes
density,boJKZ,no,3.431500000e+02,1.246100000e+03,1.400000000e+00,1.013250000e+05,0.000000000e+00,yes
density,boJKZ,no,3.531500000e+02,1.238800000e+03,1.400000000e+00,1.013250000e+05,0.000000000e+00,yes
density,boJKZ,no,3.631500000e+02,1.231600000e+03,1.300000000e+00,1.013250000e+05,0.000000000e+00,yes
density,YKqMi,no,3.032000000e+02,1.278700000e+03,6.400000000e+00,1.013250000e+05,0.000000000e+00,yes
density,YKqMi,no,3.082000000e+02,1.275000000e+03,6.400000000e+00,1.013250000e+05,0.000000000e+00,yes
density,YKqMi,no,3.132000000e+02,1.271400000e+03,6.300000000e+00,1.013250000e+05,0.000000000e+00,yes
density,YKqMi,no,3.182000000e+02,1.267800000e+03,6.300000000e+00,1.013250000e+05,0.000000000e+00,yes
density,YKqMi,no,3.232000000e+02,1.264200000e+03,6.200000000e+00,1.013250000e+05,0.000000000e+00,yes
density,nqiNA,no,2.981500000e+02,1.280000000e+03,1.000000000e+01,1.013250000e+05,0.000000000e+00,yes
density,nqiNA,no,3.031500000e+02,1.278000000e+03,1.000000000e+01,1.013250000e+05,0.000000000e+00,yes
density,nqiNA,no,3.081500000e+02,1.275000000e+03,1.000000000e+01,1.013250000e+05,0.000000000e+00,yes
density,nqiNA,no,3.131500000e+02,1.272000000e+03,1.000000000e+01,1.013250000e+05,0.000000000e+00,yes
density,nqiNA,no,3.181500000e+02,1.270000000e+03,1.000000000e+01,1.013250000e+05,0.000000000e+00,yes
density,nqiNA,no,3.231500000e+02,1.268000000e+03,1.000000000e+01,1.013250000e+05,0.000000000e+00,yes
density,nqiNA,no,3.281500000e+02,1.265000000e+03,1.000000000e+01,1.013250000e+05,0.000000000e+00,yes
density,nqiNA,no,3.331500000e+02,1.262000000e+03,1.000000000e+01,1.013250000e+05,0.000000000e+00,yes
density,nqiNA,no,3.381500000e+02,1.259000000e+03,1.000000000e+01,1.013250000e+05,0.000000000e+00,yes
density,VRqDQ,no,2.931500000e+02,1.284400000e+03,1.100000000e+00,1.000000000e+05,0.000000000e+00,yes
density,VRqDQ,no,2.981500000e+02,1.280600000e+03,1.100000000e+00,1.000000000e+05,0.000000000e+00,yes
density,VRqDQ,no,3.031500000e+02,1.276900000e+03,1.100000000e+00,1.000000000e+05,0.000000000e+00,yes
density,VRqDQ,no,3.081500000e+02,1.273100000e+03,1.100000000e+00,1.000000000e+05,0.000000000e+00,yes
density,VRqDQ,no,3.131500000e+02,1.269300000e+03,1.100000000e+00,1.000000000e+05,0.000000000e+00,yes
density,VRqDQ,no,3.181500000e+02,1.265600000e+03,1.100000000e+00,1.000000000e+05,0.000000000e+00,yes
density,VRqDQ,no,3.231500000e+02,1.261800000e+03,1.100000000e+00,1.000000000e+05,0.000000000e+00,yes
density,VRqDQ,no,3.281500000e+02,1.258000000e+03,1.100000000e+00,1.000000000e+05,0.000000000e+00,yes
density,VRqDQ,no,3.331500000e+02,1.254300000e+03,1.100000000e+00,1.000000000e+05,0.000000000e+00,yes
density,XlyPn,no,2.931500000e+02,1.286300000e+03,4.200000000e+00,9.670000000e+04,0.000000000e+00,yes
density,XlyPn,no,2.981500000e+02,1.282500000e+03,4.200000000e+00,9.670000000e+04,0.000000000e+00,yes
density,XlyPn,no,3.031500000e+02,1.278700000e+03,4.200000000e+00,9.670000000e+04,0.000000000e+00,yes
density,XlyPn,no,3.081500000e+02,1.275000000e+03,4.200000000e+00,9.670000000e+04,0.000000000e+00,yes
density,XlyPn,no,3.131500000e+02,1.271200000e+03,4.100000000e+00,9.670000000e+04,0.000000000e+00,yes
density,XlyPn,no,3.181500000e+02,1.267500000e+03,4.100000000e+00,9.670000000e+04,0.000000000e+00,yes
density,XlyPn,no,3.231500000e+02,1.263800000e+03,4.100000000e+00,9.670000000e+04,0.000000000e+00,yes
density,XlyPn,no,3.281500000e+02,1.260100000e+03,4.100000000e+00,9.670000000e+04,0.000000000e+00,yes
density,XlyPn,no,3.331500000e+02,1.256400000e+03,4.100000000e+00,9.670000000e+04,0.000000000e+00,yes
density,BfqYd,no,2.781500000e+02,1.299100000e+03,2.300000000e+00,1.010000000e+05,0.000000000e+00,yes
density,BfqYd,no,2.831500000e+02,1.295300000e+03,2.300000000e+00,1.010000000e+05,0.000000000e+00,yes
density,BfqYd,no,2.881500000e+02,1.291400000e+03,2.200000000e+00,1.010000000e+05,0.000000000e+00,yes
density,BfqYd,no,2.931500000e+02,1.287600000e+03,2.200000000e+00,1.010000000e+05,0.000000000e+00,yes
density,BfqYd,no,2.981500000e+02,1.283800000e+03,2.200000000e+00,1.010000000e+05,0.000000000e+00,yes
density,BfqYd,no,3.031500000e+02,1.280100000e+03,2.200000000e+00,1.010000000e+05,0.000000000e+00,yes
density,BfqYd,no,3.081500000e+02,1.276300000e+03,2.200000000e+00,1.010000000e+05,0.000000000e+00,yes
density,BfqYd,no,3.131500000e+02,1.272600000e+03,2.200000000e+00,1.010000000e+05,0.000000000e+00,yes
density,BfqYd,no,3.181500000e+02,1.268400000e+03,2.200000000e+00,1.010000000e+05,0.000000000e+00,yes
density,BfqYd,no,3.231500000e+02,1.265200000e+03,2.200000000e+00,1.010000000e+05,0.000000000e+00,yes
density,BfqYd,no,3.281500000e+02,1.261600000e+03,2.200000000e+00,1.010000000e+05,0.000000000e+00,yes
density,BfqYd,no,3.331500000e+02,1.257900000e+03,2.200000000e+00,1.010000000e+05,0.000000000e+00,yes
density,BfqYd,no,3.381500000e+02,1.254300000e+03,2.200000000e+00,1.010000000e+05,0.000000000e+00,yes
density,CZZni,no,2.931500000e+02,1.285900000e+03,5.300000000e+00,1.013250000e+05,0.000000000e+00,yes
density,CZZni,no,2.981500000e+02,1.282100000e+03,5.300000000e+00,1.013250000e+05,0.000000000e+00,yes
density,CZZni,no,3.031500000e+02,1.278300000e+03,5.300000000e+00,1.013250000e+05,0.000000000e+00,yes
density,CZZni,no,3.081500000e+02,1.274600000e+03,5.300000000e+00,1.013250000e+05,0.000000000e+00,yes
density,CZZni,no,3.131500000e+02,1.270800000e+03,5.300000000e+00,1.013250000e+05,0.000000000e+00,yes
density,CZZni,no,3.181500000e+02,1.267000000e+03,5.200000000e+00,1.013250000e+05,0.000000000e+00,yes
density,CZZni,no,3.231500000e+02,1.263300000e+03,5.200000000e+00,1.013250000e+05,0.000000000e+00,yes
density,CZZni,no,3.281500000e+02,1.259600000e+03,5.200000000e+00,1.013250000e+05,0.000000000e+00,yes
density,CZZni,no,3.331500000e+02,1.255900000e+03,5.200000000e+00,1.013250000e+05,0.000000000e+00,yes
density,CZZni,no,3.381500000e+02,1.252200000e+03,5.200000000e+00,1.013250000e+05,0.000000000e+00,yes
density,CZZni,no,3.431500000e+02,1.248500000e+03,5.200000000e+00,1.013250000e+05,0.000000000e+00,yes
density,iEFEO,no,2.931000000e+02,1.296000000e+03,4.000000000e+00,1.013250000e+05,0.000000000e+00,yes
dynamic_viscosity,AsVxP,no,2.931500000e+02,3.830000000e-02,3.800000000e-03,1.013250000e+05,0.000000000e+00,yes
dynamic_viscosity,AsVxP,no,2.981500000e+02,3.170000000e-02,3.200000000e-03,1.013250000e+05,0.000000000e+00,yes
dynamic_viscosity,AsVxP,no,3.031500000e+02,2.660000000e-02,2.700000000e-03,1.013250000e+05,0.000000000e+00,yes
dynamic_viscosity,AsVxP,no,3.081500000e+02,2.260000000e-02,2.300000000e-03,1.013250000e+05,0.000000000e+00,yes
dynamic_viscosity,AsVxP,no,3.131500000e+02,1.940000000e-02,1.900000000e-03,1.013250000e+05,0.000000000e+00,yes
dynamic_viscosity,AsVxP,no,3.181500000e+02,1.680000000e-02,1.700000000e-03,1.013250000e+05,0.000000000e+00,yes
dynamic_viscosity,AsVxP,no,3.231500000e+02,1.470000000e-02,1.500000000e-03,1.013250000e+05,0.000000000e+00,yes
dynamic_viscosity,AsVxP,no,3.281500000e+02,1.290000000e-02,1.300000000e-03,1.013250000e+05,0.000000000e+00,yes
dynamic_viscosity,AsVxP,no,3.331500000e+02,1.150000000e-02,1.100000000e-03,1.013250000e+05,0.000000000e+00,yes
dynamic_viscosity,AsVxP,no,3.381500000e+02,1.020000000e-02,1.000000000e-03,1.013250000e+05,0.000000000e+00,yes
dynamic_viscosity,AsVxP,no,3.431500000e+02,9.190000000e-03,9.200000000e-04,1.013250000e+05,0.000000000e+00,yes
dynamic_viscosity,digkO,no,2.931500000e+02,4.270000000e-02,8.500000000e-03,1.000000000e+05,0.000000000e+00,yes
dynamic_viscosity,digkO,no,3.031500000e+02,2.820000000e-02,5.600000000e-03,1.000000000e+05,0.000000000e+00,yes
dynamic_viscosity,digkO,no,3.131500000e+02,2.000000000e-02,4.000000000e-03,1.000000000e+05,0.000000000e+00,yes
dynamic_viscosity,digkO,no,3.231500000e+02,1.490000000e-02,3.000000000e-03,1.000000000e+05,0.000000000e+00,yes
dynamic_viscosity,digkO,no,3.331500000e+02,1.150000000e-02,2.300000000e-03,1.000000000e+05,0.000000000e+00,yes
dynamic_viscosity,betzi,no,2.831500000e+02,6.840000000e-02,1.200000000e-03,1.000000000e+05,0.000000000e+00,yes
dynamic_viscosity,betzi,no,2.931500000e+02,4.370000000e-02,7.000000000e-04,1.000000000e+05,0.000000000e+00,yes
dynamic_viscosity,betzi,no,3.031500000e+02,3.010000000e-02,5.000000000e-04,1.000000000e+05,0.000000000e+00,yes
dynamic_viscosity,betzi,no,3.131500000e+02,2.150000000e-02,3.000000000e-04,1.000000000e+05,0.000000000e+00,yes
dynamic_viscosity,betzi,no,3.231500000e+02,1.630000000e-02,3.000000000e-04,1.000000000e+05,0.000000000e+00,yes
dynamic_viscosity,betzi,no,3.331500000e+02,1.290000000e-02,2.000000000e-04,1.000000000e+05,0.000000000e+00,yes
dynamic_viscosity,QtVYt,no,2.931500000e+02,5.050000000e-02,5.100000000e-03,1.000000000e+05,0.000000000e+00,yes
dynamic_viscosity,QtVYt,no,2.981500000e+02,4.150000000e-02,4.200000000e-03,1.000000000e+05,0.000000000e+00,yes
dynamic_viscosity,QtVYt,no,3.031500000e+02,3.450000000e-02,3.500000000e-03,1.000000000e+05,0.000000000e+00,yes
dynamic_viscosity,QtVYt,no,3.131500000e+02,2.480000000e-02,2.500000000e-03,1.000000000e+05,0.000000000e+00,yes
dynamic_viscosity,QtVYt,no,3.231500000e+02,1.860000000e-02,1.900000000e-03,1.000000000e+05,0.000000000e+00,yes
dynamic_viscosity,QtVYt,no,3.331500000e+02,1.450000000e-02,1.500000000e-03,1.000000000e+05,0.000000000e+00,yes
dynamic_viscosity,QtVYt,no,3.431500000e+02,1.170000000e-02,1.200000000e-03,1.000000000e+05,0.000000000e+00,yes
dynamic_viscosity,QtVYt,no,3.531500000e+02,9.580000000e-03,9.700000000e-04,1.000000000e+05,0.000000000e+00,yes
dynamic_viscosity,OUeyu,no,3.031500000e+02,2.800000000e-02,4.500000000e-04,1.010000000e+05,0.000000000e+00,yes
dynamic_viscosity,OUeyu,no,3.131500000e+02,2.041000000e-02,3.300000000e-04,1.010000000e+05,0.000000000e+00,yes
dynamic_viscosity,OUeyu,no,3.231500000e+02,1.535000000e-02,2.500000000e-04,1.010000000e+05,0.000000000e+00,yes
dynamic_viscosity,OUeyu,no,3.331500000e+02,1.208000000e-02,1.900000000e-04,1.010000000e+05,0.000000000e+00,yes
dynamic_viscosity,zQTSF,no,2.900000000e+02,4.600000000e-02,1.000000000e-02,1.013250000e+05,0.000000000e+00,yes
dynamic_viscosity,zQTSF,no,2.950000000e+02,4.100000000e-02,1.000000000e-02,1.013250000e+05,0.000000000e+00,yes
dynamic_viscosity,zQTSF,no,3.000000000e+02,3.200000000e-02,1.000000000e-02,1.013250000e+05,0.000000000e+00,yes
dynamic_viscosity,zQTSF,no,3.050000000e+02,3.100000000e-02,1.000000000e-02,1.013250000e+05,0.000000000e+00,yes
dynamic_viscosity,zQTSF,no,3.100000000e+02,2.700000000e-02,1.000000000e-02,1.013250000e+05,0.000000000e+00,yes
dynamic_viscosity,zQTSF,no,3.150000000e+02,2.400000000e-02,1.000000000e-02,1.013250000e+05,0.000000000e+00,yes
dynamic_viscosity,zQTSF,no,3.200000000e+02,2.200000000e-02,1.000000000e-02,1.013250000e+05,0.000000000e+00,yes
dynamic_viscosity,zQTSF,no,3.250000000e+02,2.100000000e-02,1.000000000e-02,1.013250000e+05,0.000000000e+00,yes
dynamic_viscosity,zQTSF,no,3.300000000e+02,1.900000000e-02,1.000000000e-02,1.013250000e+05,0.000000000e+00,yes
dynamic_viscosity,zQTSF,no,3.350000000e+02,1.800000000e-02,1.000000000e-02,1.013250000e+05,0.000000000e+00,yes
dynamic_viscosity,zQTSF,no,3.400000000e+02,1.800000000e-02,1.000000000e-02,1.013250000e+05,0.000000000e+00,yes
dynamic_viscosity,zQTSF,no,3.450000000e+02,1.600000000e-02,1.000000000e-02,1.013250000e+05,0.000000000e+00,yes
dynamic_viscosity,zQTSF,no,3.500000000e+02,1.500000000e-02,1.000000000e-02,1.013250000e+05,0.000000000e+00,yes
dynamic_viscosity,zQTSF,no,3.550000000e+02,1.500000000e-02,1.000000000e-02,1.013250000e+05,0.000000000e+00,yes
dynamic_viscosity,zQTSF,no,3.600000000e+02,1.500000000e-02,1.000000000e-02,1.013250000e+05,0.000000000e+00,yes
dynamic_viscosity,zQTSF,no,3.650000000e+02,1.300000000e-02,1.000000000e-02,1.013250000e+05,0.000000000e+00,yes
dynamic_viscosity,bSEGW,no,2.982000000e+02,4.500000000e-02,1.000000000e-03,1.013250000e+05,0.000000000e+00,yes
dynamic_viscosity,bSEGW,no,3.082000000e+02,2.700000000e-02,1.000000000e-03,1.013250000e+05,0.000000000e+00,yes
dynamic_viscosity,bSEGW,no,3.182000000e+02,1.900000000e-02,1.000000000e-03,1.013250000e+05,0.000000000e+00,yes
dynamic_viscosity,bSEGW,no,3.282000000e+02,1.400000000e-02,1.000000000e-03,1.013250000e+05,0.000000000e+00,yes
dynamic_viscosity,bSEGW,no,3.382000000e+02,1.100000000e-02,1.000000000e-03,1.013250000e+05,0.000000000e+00,yes
dynamic_viscosity,IoLiTec-IL-0006,no,2.981500000e+02,2.520000000e-02,0.000000000e+00,0.000000000e+00,0.000000000e+00,yes
dynamic_viscosity,msChq,no,2.991000000e+02,4.300000000e-02,8.000000000e-03,1.013250000e+05,0.000000000e+00,yes
dynamic_viscosity,Ggcjo,yes,2.831500000e+02,6.810000000e-02,1.400000000e-03,1.000000000e+05,0.000000000e+00,yes
dynamic_viscosity,Ggcjo,yes,2.881500000e+02,5.430000000e-02,1.100000000e-03,1.000000000e+05,0.000000000e+00,yes
dynamic_viscosity,Ggcjo,yes,2.931500000e+02,4.412000000e-02,9.200000000e-04,1.000000000e+05,0.000000000e+00,yes
dynamic_viscosity,Ggcjo,yes,2.981500000e+02,3.637000000e-02,7.600000000e-04,1.000000000e+05,0.000000000e+00,yes
dynamic_viscosity,Ggcjo,yes,3.031500000e+02,3.039000000e-02,6.300000000e-04,1.000000000e+05,0.000000000e+00,yes
dynamic_viscosity,Ggcjo,yes,3.081500000e+02,2.570000000e-02,5.400000000e-04,1.000000000e+05,0.000000000e+00,yes
dynamic_viscosity,Ggcjo,yes,3.131500000e+02,2.197000000e-02,4.600000000e-04,1.000000000e+05,0.000000000e+00,yes
dynamic_viscosity,Ggcjo,yes,3.181500000e+02,1.896000000e-02,4.000000000e-04,1.000000000e+05,0.000000000e+00,yes
dynamic_viscosity,Ggcjo,yes,3.231500000e+02,1.651000000e-02,3.400000000e-04,1.000000000e+05,0.000000000e+00,yes
dynamic_viscosity,Ggcjo,yes,3.281500000e+02,1.449000000e-02,3.000000000e-04,1.000000000e+05,0.000000000e+00,yes
dynamic_viscosity,Ggcjo,yes,3.331500000e+02,1.281000000e-02,2.700000000e-04,1.000000000e+05,0.000000000e+00,yes
dynamic_viscosity,Ggcjo,yes,3.381500000e+02,1.141000000e-02,2.400000000e-04,1.000000000e+05,0.000000000e+00,yes
dynamic_viscosity,Ggcjo,yes,3.431500000e+02,1.022000000e-02,2.100000000e-04,1.000000000e+05,0.000000000e+00,yes
dynamic_viscosity,Ggcjo,yes,3.481500000e+02,9.210000000e-03,1.900000000e-04,1.000000000e+05,0.000000000e+00,yes
dynamic_viscosity,Ggcjo,yes,3.531500000e+02,8.340000000e-03,1.700000000e-04,1.000000000e+05,0.000000000e+00,yes
dynamic_viscosity,Ggcjo,yes,3.581500000e+02,7.600000000e-03,1.600000000e-04,1.000000000e+05,0.000000000e+00,yes
dynamic_viscosity,Ggcjo,yes,3.631500000e+02,6.950000000e-03,1.500000000e-04,1.000000000e+05,0.000000000e+00,yes
dynamic_viscosity,Ggcjo,yes,3.681500000e+02,6.380000000e-03,1.300000000e-04,1.000000000e+05,0.000000000e+00,yes
dynamic_viscosity,Ggcjo,yes,3.731500000e+02,5.890000000e-03,1.200000000e-04,1.000000000e+05,0.000000000e+00,yes
dynamic_viscosity,yElBS,no,2.981000000e+02,3.600000000e-02,1.000000000e-03,1.013250000e+05,0.000000000e+00,yes
dynamic_viscosity,Pmcvv,no,2.931500000e+02,4.570000000e-02,2.800000000e-03,1.000000000e+05,0.000000000e+00,yes
dynamic_viscosity,Pmcvv,no,3.031500000e+02,3.050000000e-02,1.900000000e-03,1.000000000e+05,0.000000000e+00,yes
dynamic_viscosity,Pmcvv,no,3.131500000e+02,2.180000000e-02,1.300000000e-03,1.000000000e+05,0.000000000e+00,yes
dynamic_viscosity,Pmcvv,no,3.231500000e+02,1.640000000e-02,1.000000000e-03,1.000000000e+05,0.000000000e+00,yes
dynamic_viscosity,gYCnl,no,2.781500000e+02,9.520000000e-02,1.100000000e-03,1.013250000e+05,0.000000000e+00,yes
dynamic_viscosity,gYCnl,no,2.831500000e+02,7.394000000e-02,7.500000000e-04,1.013250000e+05,0.000000000e+00,yes
dynamic_viscosity,gYCnl,no,2.881500000e+02,5.865000000e-02,5.300000000e-04,1.013250000e+05,0.000000000e+00,yes
dynamic_viscosity,gYCnl,no,2.931500000e+02,4.734000000e-02,4.400000000e-04,1.013250000e+05,0.000000000e+00,yes
dynamic_viscosity,gYCnl,no,2.981500000e+02,3.884000000e-02,3.600000000e-04,1.013250000e+05,0.000000000e+00,yes
dynamic_viscosity,gYCnl,no,3.031500000e+02,3.231000000e-02,3.000000000e-04,1.013250000e+05,0.000000000e+00,yes
dynamic_viscosity,gYCnl,no,3.081500000e+02,2.722000000e-02,2.500000000e-04,1.013250000e+05,0.000000000e+00,yes
dynamic_viscosity,gYCnl,no,3.131500000e+02,2.319000000e-02,2.100000000e-04,1.013250000e+05,0.000000000e+00,yes
dynamic_viscosity,gYCnl,no,3.181500000e+02,1.997000000e-02,1.800000000e-04,1.013250000e+05,0.000000000e+00,yes
dynamic_viscosity,gYCnl,no,3.231500000e+02,1.735000000e-02,1.600000000e-04,1.013250000e+05,0.000000000e+00,yes
dynamic_viscosity,gYCnl,no,3.281500000e+02,1.521000000e-02,1.400000000e-04,1.013250000e+05,0.000000000e+00,yes
dynamic_viscosity,gYCnl,no,3.331500000e+02,1.342000000e-02,1.200000000e-04,1.013250000e+05,0.000000000e+00,yes
dynamic_viscosity,gYCnl,no,3.381500000e+02,1.194000000e-02,1.100000000e-04,1.013250000e+05,0.000000000e+00,yes
dynamic_viscosity,gYCnl,no,3.431500000e+02,1.068200000e-02,9.800000000e-05,1.013250000e+05,0.000000000e+00,yes
dynamic_viscosity,gYCnl,no,3.481500000e+02,9.611000000e-03,8.900000000e-05,1.013250000e+05,0.000000000e+00,yes
dynamic_viscosity,gYCnl,no,3.531500000e+02,8.695000000e-03,8.000000000e-05,1.013250000e+05,0.000000000e+00,yes
dynamic_viscosity,gYCnl,no,3.581500000e+02,7.908000000e-03,7.300000000e-05,1.013250000e+05,0.000000000e+00,yes
dynamic_viscosity,gYCnl,no,3.631500000e+02,7.225000000e-03,6.700000000e-05,1.013250000e+05,0.000000000e+00,yes
dynamic_viscosity,ORIXr,no,2.981500000e+02,3.700000000e-02,4.000000000e-03,1.013250000e+05,0.000000000e+00,yes
dynamic_viscosity,OhwlC,no,2.730000000e+02,8.900000000e-02,1.100000000e-02,1.013250000e+05,0.000000000e+00,yes
dynamic_viscosity,OhwlC,no,2.830000000e+02,5.620000000e-02,1.700000000e-03,1.013250000e+05,0.000000000e+00,yes
dynamic_viscosity,OhwlC,no,2.930000000e+02,3.790000000e-02,2.000000000e-03,1.013250000e+05,0.000000000e+00,yes
dynamic_viscosity,OhwlC,no,3.030000000e+02,2.690000000e-02,1.400000000e-03,1.013250000e+05,0.000000000e+00,yes
dynamic_viscosity,OhwlC,no,3.130000000e+02,1.990000000e-02,1.000000000e-03,1.013250000e+05,0.000000000e+00,yes
dynamic_viscosity,OhwlC,no,3.230000000e+02,1.527000000e-02,8.100000000e-04,1.013250000e+05,0.000000000e+00,yes
dynamic_viscosity,OhwlC,no,3.330000000e+02,1.205000000e-02,6.500000000e-04,1.013250000e+05,0.000000000e+00,yes
dynamic_viscosity,OhwlC,no,3.430000000e+02,9.740000000e-03,5.300000000e-04,1.013250000e+05,0.000000000e+00,yes
dynamic_viscosity,OhwlC,no,3.530000000e+02,8.050000000e-03,4.400000000e-04,1.013250000e+05,0.000000000e+00,yes
dynamic_viscosity,fvxjt,no,2.881500000e+02,5.550000000e-02,1.400000000e-03,1.010000000e+05,0.000000000e+00,yes
dynamic_viscosity,fvxjt,no,2.981500000e+02,3.690000000e-02,1.900000000e-03,1.010000000e+05,0.000000000e+00,yes
dynamic_viscosity,fvxjt,no,3.081500000e+02,2.600000000e-02,1.400000000e-03,1.010000000e+05,0.000000000e+00,yes
dynamic_viscosity,fvxjt,no,3.181500000e+02,1.920000000e-02,1.000000000e-03,1.010000000e+05,0.000000000e+00,yes
dynamic_viscosity,RsolW,no,2.881500000e+02,5.550000000e-02,1.400000000e-03,1.010000000e+05,0.000000000e+00,yes
dynamic_viscosity,RsolW,no,2.981500000e+02,3.690000000e-02,1.200000000e-03,1.010000000e+05,0.000000000e+00,yes
dynamic_viscosity,RsolW,no,3.081500000e+02,2.600000000e-02,8.500000000e-04,1.010000000e+05,0.000000000e+00,yes
dynamic_viscosity,RsolW,no,3.181500000e+02,1.917000000e-02,6.300000000e-04,1.010000000e+05,0.000000000e+00,yes
dynamic_viscosity,nfhke,no,2.825500000e+02,6.780000000e-02,7.200000000e-03,1.000000000e+05,0.000000000e+00,yes
dynamic_viscosity,nfhke,no,2.938500000e+02,4.340000000e-02,4.700000000e-03,1.000000000e+05,0.000000000e+00,yes
dynamic_viscosity,nfhke,no,3.138500000e+02,2.330000000e-02,2.400000000e-03,1.000000000e+05,0.000000000e+00,yes
dynamic_viscosity,nfhke,no,3.236500000e+02,1.840000000e-02,1.900000000e-03,1.000000000e+05,0.000000000e+00,yes
dynamic_viscosity,nfhke,no,3.040500000e+02,3.090000000e-02,3.300000000e-03,1.200000000e+05,0.000000000e+00,no
dynamic_viscosity,nfhke,no,3.040500000e+02,3.110000000e-02,3.300000000e-03,6.800000000e+05,0.000000000e+00,no
dynamic_viscosity,nfhke,no,2.825500000e+02,6.910000000e-02,7.300000000e-03,7.000000000e+05,0.000000000e+00,no
dynamic_viscosity,nfhke,no,2.938500000e+02,4.370000000e-02,4.700000000e-03,7.000000000e+05,0.000000000e+00,no
dynamic_viscosity,nfhke,no,3.138500000e+02,2.340000000e-02,2.400000000e-03,7.000000000e+05,0.000000000e+00,no
dynamic_viscosity,nfhke,no,3.236500000e+02,1.860000000e-02,1.900000000e-03,7.000000000e+05,0.000000000e+00,no
dynamic_viscosity,nfhke,no,3.237500000e+02,1.850000000e-02,1.900000000e-03,1.200000000e+06,0.000000000e+00,no
dynamic_viscosity,nfhke,no,2.825500000e+02,7.010000000e-02,7.400000000e-03,1.700000000e+06,0.000000000e+00,no
dynamic_viscosity,nfhke,no,2.938500000e+02,4.410000000e-02,4.800000000e-03,1.700000000e+06,0.000000000e+00,no
dynamic_viscosity,nfhke,no,3.236500000e+02,1.870000000e-02,2.000000000e-03,1.700000000e+06,0.000000000e+00,no
dynamic_viscosity,nfhke,no,3.040500000e+02,3.120000000e-02,3.300000000e-03,1.730000000e+06,0.000000000e+00,no
dynamic_viscosity,nfhke,no,3.137500000e+02,2.380000000e-02,2.500000000e-03,1.760000000e+06,0.000000000e+00,no
dynamic_viscosity,nfhke,no,3.237500000e+02,1.870000000e-02,2.000000000e-03,2.300000000e+06,0.000000000e+00,no
dynamic_viscosity,nfhke,no,2.825500000e+02,7.160000000e-02,7.600000000e-03,2.700000000e+06,0.000000000e+00,no
dynamic_viscosity,nfhke,no,2.938500000e+02,4.440000000e-02,4.800000000e-03,2.700000000e+06,0.000000000e+00,no
dynamic_viscosity,nfhke,no,3.040500000e+02,3.140000000e-02,3.300000000e-03,2.710000000e+06,0.000000000e+00,no
dynamic_viscosity,nfhke,no,3.137500000e+02,2.410000000e-02,2.500000000e-03,2.730000000e+06,0.000000000e+00,no
dynamic_viscosity,nfhke,no,2.938500000e+02,4.490000000e-02,4.900000000e-03,4.200000000e+06,0.000000000e+00,no
dynamic_viscosity,nfhke,no,3.237500000e+02,1.890000000e-02,2.000000000e-03,4.200000000e+06,0.000000000e+00,no
dynamic_viscosity,nfhke,no,3.040500000e+02,3.220000000e-02,3.400000000e-03,4.300000000e+06,0.000000000e+00,no
dynamic_viscosity,nfhke,no,3.137500000e+02,2.450000000e-02,2.600000000e-03,4.350000000e+06,0.000000000e+00,no
dynamic_viscosity,nfhke,no,2.825500000e+02,7.290000000e-02,7.700000000e-03,4.400000000e+06,0.000000000e+00,no
dynamic_viscosity,nfhke,no,3.237500000e+02,1.890000000e-02,2.000000000e-03,4.500000000e+06,0.000000000e+00,no
dynamic_viscosity,nfhke,no,2.825500000e+02,7.430000000e-02,7.900000000e-03,6.100000000e+06,0.000000000e+00,no
dynamic_viscosity,nfhke,no,3.237500000e+02,1.900000000e-02,2.000000000e-03,6.100000000e+06,0.000000000e+00,no
dynamic_viscosity,nfhke,no,3.137500000e+02,2.490000000e-02,2.600000000e-03,6.270000000e+06,0.000000000e+00,no
dynamic_viscosity,nfhke,no,2.937500000e+02,4.610000000e-02,5.000000000e-03,6.300000000e+06,0.000000000e+00,no
dynamic_viscosity,nfhke,no,3.040500000e+02,3.260000000e-02,3.400000000e-03,6.340000000e+06,0.000000000e+00,no
dynamic_viscosity,nfhke,no,3.237500000e+02,1.940000000e-02,2.000000000e-03,6.600000000e+06,0.000000000e+00,no
dynamic_viscosity,nfhke,no,2.825500000e+02,7.550000000e-02,8.000000000e-03,8.200000000e+06,0.000000000e+00,no
dynamic_viscosity,nfhke,no,2.937500000e+02,4.750000000e-02,5.200000000e-03,8.200000000e+06,0.000000000e+00,no
dynamic_viscosity,nfhke,no,3.237500000e+02,1.930000000e-02,2.000000000e-03,8.200000000e+06,0.000000000e+00,no
dynamic_viscosity,nfhke,no,3.137500000e+02,2.510000000e-02,2.600000000e-03,8.230000000e+06,0.000000000e+00,no
dynamic_viscosity,nfhke,no,3.040500000e+02,3.310000000e-02,3.500000000e-03,8.250000000e+06,0.000000000e+00,no
dynamic_viscosity,nfhke,no,2.937500000e+02,4.840000000e-02,5.200000000e-03,1.010000000e+07,0.000000000e+00,no
dynamic_viscosity,nfhke,no,3.136500000e+02,2.570000000e-02,2.700000000e-03,1.017000000e+07,0.000000000e+00,no
dynamic_viscosity,nfhke,no,3.237500000e+02,1.970000000e-02,2.100000000e-03,1.020000000e+07,0.000000000e+00,no
dynamic_viscosity,nfhke,no,2.825500000e+02,7.610000000e-02,8.000000000e-03,1.030000000e+07,0.000000000e+00,no
dynamic_viscosity,nfhke,no,3.039500000e+02,3.420000000e-02,3.600000000e-03,1.030000000e+07,0.000000000e+00,no
dynamic_viscosity,nfhke,no,3.138500000e+02,2.560000000e-02,2.700000000e-03,1.030000000e+07,0.000000000e+00,no
dynamic_viscosity,nfhke,no,3.040500000e+02,3.430000000e-02,3.600000000e-03,1.221000000e+07,0.000000000e+00,no
dynamic_viscosity,nfhke,no,3.136500000e+02,2.600000000e-02,2.700000000e-03,1.229000000e+07,0.000000000e+00,no
dynamic_viscosity,nfhke,no,2.937500000e+02,4.930000000e-02,5.400000000e-03,1.240000000e+07,0.000000000e+00,no
dynamic_viscosity,nfhke,no,3.237500000e+02,1.990000000e-02,2.100000000e-03,1.240000000e+07,0.000000000e+00,no
dynamic_viscosity,nfhke,no,2.825500000e+02,7.790000000e-02,8.200000000e-03,1.290000000e+07,0.000000000e+00,no
dynamic_viscosity,nfhke,no,2.825500000e+02,7.930000000e-02,8.400000000e-03,1.410000000e+07,0.000000000e+00,no
dynamic_viscosity,nfhke,no,3.136500000e+02,2.620000000e-02,2.700000000e-03,1.410000000e+07,0.000000000e+00,no
dynamic_viscosity,nfhke,no,3.040500000e+02,3.520000000e-02,3.700000000e-03,1.430000000e+07,0.000000000e+00,no
dynamic_viscosity,nfhke,no,3.237500000e+02,2.010000000e-02,2.100000000e-03,1.430000000e+07,0.000000000e+00,no
dynamic_viscosity,nfhke,no,2.938500000e+02,4.970000000e-02,5.400000000e-03,1.450000000e+07,0.000000000e+00,no
dynamic_viscosity,MNOJj,no,2.691500000e+02,1.450000000e-01,4.600000000e-03,1.013250000e+05,0.000000000e+00,yes
dynamic_viscosity,MNOJj,no,2.731500000e+02,1.141000000e-01,3.400000000e-03,1.013250000e+05,0.000000000e+00,yes
dynamic_viscosity,MNOJj,no,2.781500000e+02,8.690000000e-02,2.500000000e-03,1.013250000e+05,0.000000000e+00,yes
dynamic_viscosity,MNOJj,no,2.881500000e+02,5.410000000e-02,1.500000000e-03,1.013250000e+05,0.000000000e+00,yes
dynamic_viscosity,MNOJj,no,2.931500000e+02,4.420000000e-02,1.200000000e-03,1.013250000e+05,0.000000000e+00,yes
dynamic_viscosity,MNOJj,no,2.981500000e+02,3.617000000e-02,9.800000000e-04,1.013250000e+05,0.000000000e+00,yes
dynamic_viscosity,MNOJj,no,3.031500000e+02,3.013000000e-02,8.200000000e-04,1.013250000e+05,0.000000000e+00,yes
dynamic_viscosity,MNOJj,no,3.131500000e+02,2.177000000e-02,5.900000000e-04,1.013250000e+05,0.000000000e+00,yes
dynamic_viscosity,MNOJj,no,3.231500000e+02,1.635000000e-02,4.500000000e-04,1.013250000e+05,0.000000000e+00,yes
dynamic_viscosity,MNOJj,no,3.331500000e+02,1.270000000e-02,3.500000000e-04,1.013250000e+05,0.000000000e+00,yes
dynamic_viscosity,MNOJj,no,3.431500000e+02,1.012000000e-02,2.800000000e-04,1.013250000e+05,0.000000000e+00,yes
dynamic_viscosity,MNOJj,no,3.531500000e+02,8.230000000e-03,2.200000000e-04,1.013250000e+05,0.000000000e+00,yes
dynamic_viscosity,tvrlz,no,2.831500000e+02,1.100000000e-01,1.800000000e-02,1.013250000e+05,0.000000000e+00,yes
dynamic_viscosity,tvrlz,no,2.931500000e+02,6.650000000e-02,4.400000000e-03,1.013250000e+05,0.000000000e+00,yes
dynamic_viscosity,tvrlz,no,3.031500000e+02,4.290000000e-02,2.400000000e-03,1.013250000e+05,0.000000000e+00,yes
dynamic_viscosity,tvrlz,no,3.131500000e+02,2.940000000e-02,1.600000000e-03,1.013250000e+05,0.000000000e+00,yes
dynamic_viscosity,wHHbE,no,2.931500000e+02,6.650000000e-02,2.700000000e-03,1.013250000e+05,0.000000000e+00,yes
dynamic_viscosity,YoAlq,no,2.830000000e+02,7.000000000e-02,8.000000000e-04,1.013250000e+05,0.000000000e+00,yes
dynamic_viscosity,YoAlq,no,2.880000000e+02,5.530000000e-02,6.000000000e-04,1.013250000e+05,0.000000000e+00,yes
dynamic_viscosity,YoAlq,no,2.931000000e+02,4.490000000e-02,5.000000000e-04,1.013250000e+05,0.000000000e+00,yes
dynamic_viscosity,YoAlq,no,2.980000000e+02,3.700000000e-02,4.000000000e-04,1.013250000e+05,0.000000000e+00,yes
dynamic_viscosity,YoAlq,no,3.031000000e+02,3.050000000e-02,3.000000000e-04,1.013250000e+05,0.000000000e+00,yes
dynamic_viscosity,YoAlq,no,3.080000000e+02,2.590000000e-02,2.000000000e-04,1.013250000e+05,0.000000000e+00,yes
dynamic_viscosity,YoAlq,no,3.130000000e+02,2.190000000e-02,2.000000000e-04,1.013250000e+05,0.000000000e+00,yes
dynamic_viscosity,YoAlq,no,3.180000000e+02,1.900000000e-02,2.000000000e-04,1.013250000e+05,0.000000000e+00,yes
dynamic_viscosity,YoAlq,no,3.230000000e+02,1.660000000e-02,2.000000000e-04,1.013250000e+05,0.000000000e+00,yes
dynamic_viscosity,YoAlq,no,3.281000000e+02,1.460000000e-02,1.000000000e-04,1.013250000e+05,0.000000000e+00,yes
dynamic_viscosity,YoAlq,no,3.331000000e+02,1.290000000e-02,1.000000000e-04,1.013250000e+05,0.000000000e+00,yes
dynamic_viscosity,YoAlq,no,3.379000000e+02,1.170000000e-02,1.000000000e-04,1.013250000e+05,0.000000000e+00,yes
dynamic_viscosity,YoAlq,no,3.430000000e+02,1.020000000e-02,1.000000000e-04,1.013250000e+05,0.000000000e+00,yes
dynamic_viscosity,YoAlq,no,3.479000000e+02,9.300000000e-03,1.000000000e-04,1.013250000e+05,0.000000000e+00,yes
dynamic_viscosity,YoAlq,no,3.529000000e+02,9.000000000e-03,1.000000000e-04,1.013250000e+05,0.000000000e+00,yes
dynamic_viscosity,McoOT,no,2.831000000e+02,5.740000000e-02,2.500000000e-03,1.013250000e+05,0.000000000e+00,yes
dynamic_viscosity,McoOT,no,2.931500000e+02,3.820000000e-02,2.700000000e-03,1.013250000e+05,0.000000000e+00,yes
dynamic_viscosity,McoOT,no,3.031500000e+02,2.710000000e-02,1.900000000e-03,1.013250000e+05,0.000000000e+00,yes
dynamic_viscosity,McoOT,no,3.131500000e+02,2.000000000e-02,1.400000000e-03,1.013250000e+05,0.000000000e+00,yes
dynamic_viscosity,McoOT,no,3.231500000e+02,1.540000000e-02,1.100000000e-03,1.013250000e+05,0.000000000e+00,yes
dynamic_viscosity,McoOT,no,3.331500000e+02,1.210000000e-02,8.900000000e-04,1.013250000e+05,0.000000000e+00,yes
dynamic_viscosity,McoOT,no,3.431500000e+02,9.770000000e-03,7.300000000e-04,1.013250000e+05,0.000000000e+00,yes
dynamic_viscosity,McoOT,no,3.531500000e+02,8.080000000e-03,6.200000000e-04,1.013250000e+05,0.000000000e+00,yes
dynamic_viscosity,McoOT,no,3.631500000e+02,6.790000000e-03,5.300000000e-04,1.013250000e+05,0.000000000e+00,yes
dynamic_viscosity,MzyDH,no,2.931500000e+02,4.550000000e-02,3.700000000e-03,1.013250000e+05,0.000000000e+00,yes
dynamic_viscosity,MzyDH,no,2.981500000e+02,3.750000000e-02,3.000000000e-03,1.013250000e+05,0.000000000e+00,yes
dynamic_viscosity,MzyDH,no,3.031500000e+02,3.130000000e-02,2.500000000e-03,1.013250000e+05,0.000000000e+00,yes
dynamic_viscosity,MzyDH,no,3.081500000e+02,2.650000000e-02,2.100000000e-03,1.013250000e+05,0.000000000e+00,yes
dynamic_viscosity,MzyDH,no,3.131500000e+02,2.260000000e-02,1.800000000e-03,1.013250000e+05,0.000000000e+00,yes
dynamic_viscosity,MzyDH,no,3.181500000e+02,1.950000000e-02,1.600000000e-03,1.013250000e+05,0.000000000e+00,yes
dynamic_viscosity,MzyDH,no,3.231500000e+02,1.700000000e-02,1.400000000e-03,1.013250000e+05,0.000000000e+00,yes
dynamic_viscosity,MzyDH,no,3.281500000e+02,1.490000000e-02,1.200000000e-03,1.013250000e+05,0.000000000e+00,yes
dynamic_viscosity,MzyDH,no,3.331500000e+02,1.320000000e-02,1.100000000e-03,1.013250000e+05,0.000000000e+00,yes
dynamic_viscosity,MzyDH,no,3.381500000e+02,1.176000000e-02,9.400000000e-04,1.013250000e+05,0.000000000e+00,yes
dynamic_viscosity,MzyDH,no,3.431500000e+02,1.054000000e-02,8.500000000e-04,1.013250000e+05,0.000000000e+00,yes
dynamic_viscosity,PNlgL,no,2.981000000e+02,3.680000000e-02,6.500000000e-03,1.010000000e+05,0.000000000e+00,yes
dynamic_viscosity,eJWGE,no,2.980000000e+02,3.607000000e-02,7.500000000e-04,1.013250000e+05,0.000000000e+00,yes
dynamic_viscosity,TZkKJ,no,2.781500000e+02,1.010000000e-01,5.000000000e-03,1.010000000e+05,0.000000000e+00,yes
dynamic_viscosity,TZkKJ,no,2.881500000e+02,6.200000000e-02,2.600000000e-03,1.010000000e+05,0.000000000e+00,yes
dynamic_viscosity,TZkKJ,no,2.981500000e+02,4.100000000e-02,1.700000000e-03,1.010000000e+05,0.000000000e+00,yes
dynamic_viscosity,TZkKJ,no,3.081500000e+02,2.880000000e-02,1.200000000e-03,1.010000000e+05,0.000000000e+00,yes
dynamic_viscosity,TZkKJ,no,3.181500000e+02,2.120000000e-02,9.000000000e-04,1.010000000e+05,0.000000000e+00,yes
dynamic_viscosity,TSRlH,no,2.981500000e+02,3.900000000e-02,2.000000000e-03,1.013250000e+05,0.000000000e+00,yes
dynamic_viscosity,uqWWS,no,2.981500000e+02,3.600000000e-02,2.000000000e-03,1.013250000e+05,0.000000000e+00,yes
dynamic_viscosity,MfXbF,no,2.531500000e+02,3.080000000e-01,3.500000000e-02,1.000000000e+05,0.000000000e+00,yes
dynamic_viscosity,MfXbF,no,2.631500000e+02,1.520000000e-01,1.600000000e-02,1.000000000e+05,0.000000000e+00,yes
dynamic_viscosity,MfXbF,no,2.731500000e+02,8.520000000e-02,8.600000000e-03,1.000000000e+05,0.000000000e+00,yes
dynamic_viscosity,MfXbF,no,2.831500000e+02,5.240000000e-02,5.200000000e-03,1.000000000e+05,0.000000000e+00,yes
dynamic_viscosity,MfXbF,no,2.931500000e+02,3.460000000e-02,3.500000000e-03,1.000000000e+05,0.000000000e+00,yes
dynamic_viscosity,MfXbF,no,3.031500000e+02,2.420000000e-02,2.400000000e-03,1.000000000e+05,0.000000000e+00,yes
dynamic_viscosity,MfXbF,no,3.131500000e+02,1.780000000e-02,1.800000000e-03,1.000000000e+05,0.000000000e+00,yes
dynamic_viscosity,MfXbF,no,3.231500000e+02,1.350000000e-02,1.400000000e-03,1.000000000e+05,0.000000000e+00,yes
dynamic_viscosity,MfXbF,no,3.331500000e+02,1.060000000e-02,1.100000000e-03,1.000000000e+05,0.000000000e+00,yes
dynamic_viscosity,FKcTI,no,2.931500000e+02,4.490000000e-02,9.000000000e-03,9.670000000e+04,0.000000000e+00,yes
dynamic_viscosity,FKcTI,no,2.981500000e+02,3.720000000e-02,7.500000000e-03,9.670000000e+04,0.000000000e+00,yes
dynamic_viscosity,FKcTI,no,3.031500000e+02,3.110000000e-02,6.300000000e-03,9.670000000e+04,0.000000000e+00,yes
dynamic_viscosity,FKcTI,no,3.081500000e+02,2.640000000e-02,5.300000000e-03,9.670000000e+04,0.000000000e+00,yes
dynamic_viscosity,FKcTI,no,3.131500000e+02,2.250000000e-02,4.500000000e-03,9.670000000e+04,0.000000000e+00,yes
dynamic_viscosity,FKcTI,no,3.181500000e+02,1.940000000e-02,3.900000000e-03,9.670000000e+04,0.000000000e+00,yes
dynamic_viscosity,FKcTI,no,3.231500000e+02,1.690000000e-02,3.400000000e-03,9.670000000e+04,0.000000000e+00,yes
dynamic_viscosity,FKcTI,no,3.281500000e+02,1.490000000e-02,3.000000000e-03,9.670000000e+04,0.000000000e+00,yes
dynamic_viscosity,FKcTI,no,3.331500000e+02,1.310000000e-02,2.600000000e-03,9.670000000e+04,0.000000000e+00,yes
dynamic_viscosity,mgxcp,no,2.931500000e+02,4.530000000e-02,2.900000000e-03,1.010000000e+05,0.000000000e+00,yes
dynamic_viscosity,mgxcp,no,2.981500000e+02,3.720000000e-02,2.400000000e-03,1.010000000e+05,0.000000000e+00,yes
dynamic_viscosity,mgxcp,no,3.031500000e+02,3.140000000e-02,2.100000000e-03,1.010000000e+05,0.000000000e+00,yes
dynamic_viscosity,mgxcp,no,3.081500000e+02,2.560000000e-02,1.700000000e-03,1.010000000e+05,0.000000000e+00,yes
dynamic_viscosity,mgxcp,no,3.131500000e+02,2.150000000e-02,1.500000000e-03,1.010000000e+05,0.000000000e+00,yes
dynamic_viscosity,mgxcp,no,3.181500000e+02,1.880000000e-02,1.300000000e-03,1.010000000e+05,0.000000000e+00,yes
dynamic_viscosity,mgxcp,no,3.231500000e+02,1.590000000e-02,1.100000000e-03,1.010000000e+05,0.000000000e+00,yes
kinematic_viscosity,wUwVk,no,2.931500000e+02,3.370000000e-05,1.200000000e-06,1.013250000e+05,0.000000000e+00,yes
kinematic_viscosity,wUwVk,no,2.981500000e+02,2.750000000e-05,1.000000000e-06,1.013250000e+05,0.000000000e+00,yes
kinematic_viscosity,wUwVk,no,3.031500000e+02,2.330000000e-05,8.000000000e-07,1.013250000e+05,0.000000000e+00,yes
kinematic_viscosity,wUwVk,no,3.081500000e+02,1.960000000e-05,6.000000000e-07,1.013250000e+05,0.000000000e+00,yes
kinematic_viscosity,wUwVk,no,3.131500000e+02,1.710000000e-05,5.000000000e-07,1.013250000e+05,0.000000000e+00,yes
kinematic_viscosity,wUwVk,no,3.231500000e+02,1.260000000e-05,4.000000000e-07,1.013250000e+05,0.000000000e+00,yes
kinematic_viscosity,wUwVk,no,3.331500000e+02,9.500000000e-06,3.000000000e-07,1.013250000e+05,0.000000000e+00,yes
kinematic_viscosity,wUwVk,no,3.431500000e+02,7.400000000e-06,2.000000000e-07,1.013250000e+05,0.000000000e+00,yes
kinematic_viscosity,wUwVk,no,3.531500000e+02,5.900000000e-06,2.000000000e-07,1.013250000e+05,0.000000000e+00,yes
kinematic_viscosity,wUwVk,no,3.631500000e+02,4.100000000e-06,1.000000000e-07,1.013250000e+05,0.000000000e+00,yes
kinematic_viscosity,wUwVk,no,3.731500000e+02,3.800000000e-06,1.000000000e-07,1.013250000e+05,0.000000000e+00,yes
kinematic_viscosity,ojBhA,no,2.831500000e+02,4.994000000e-05,9.200000000e-07,1.000000000e+05,0.000000000e+00,yes
kinematic_viscosity,ojBhA,no,2.931500000e+02,3.275000000e-05,6.000000000e-07,1.000000000e+05,0.000000000e+00,yes
kinematic_viscosity,ojBhA,no,3.031500000e+02,2.281000000e-05,4.200000000e-07,1.000000000e+05,0.000000000e+00,yes
kinematic_viscosity,ojBhA,no,3.131500000e+02,1.661000000e-05,3.100000000e-07,1.000000000e+05,0.000000000e+00,yes
kinematic_viscosity,ktoAE,no,2.831500000e+02,5.020000000e-05,1.300000000e-06,1.013250000e+05,0.000000000e+00,yes
kinematic_viscosity,ktoAE,no,2.881500000e+02,3.950000000e-05,1.000000000e-06,1.013250000e+05,0.000000000e+00,yes
kinematic_viscosity,ktoAE,no,2.931500000e+02,3.275000000e-05,8.700000000e-07,1.013250000e+05,0.000000000e+00,yes
kinematic_viscosity,ktoAE,no,2.981500000e+02,2.710000000e-05,7.200000000e-07,1.013250000e+05,0.000000000e+00,yes
kinematic_viscosity,ktoAE,no,3.031500000e+02,2.274000000e-05,6.000000000e-07,1.013250000e+05,0.000000000e+00,yes
kinematic_viscosity,ktoAE,no,3.081500000e+02,1.932000000e-05,5.100000000e-07,1.013250000e+05,0.000000000e+00,yes
kinematic_viscosity,ktoAE,no,3.131500000e+02,1.656000000e-05,4.400000000e-07,1.013250000e+05,0.000000000e+00,yes
electrical_conductivity,VHMHq,no,2.931500000e+02,1.160000000e+00,1.000000000e-02,1.013250000e+05,0.000000000e+00,yes
electrical_conductivity,VHMHq,no,2.981500000e+02,1.310000000e+00,1.000000000e-02,1.013250000e+05,0.000000000e+00,yes
electrical_conductivity,VHMHq,no,3.031500000e+02,1.440000000e+00,1.000000000e-02,1.013250000e+05,0.000000000e+00,yes
electrical_conductivity,VHMHq,no,3.081500000e+02,1.630000000e+00,2.000000000e-02,1.013250000e+05,0.000000000e+00,yes
electrical_conductivity,VHMHq,no,3.131500000e+02,1.800000000e+00,2.000000000e-02,1.013250000e+05,0.000000000e+00,yes
electrical_conductivity,VHMHq,no,3.231500000e+02,2.290000000e+00,2.000000000e-02,1.013250000e+05,0.000000000e+00,yes
electrical_conductivity,VHMHq,no,3.331500000e+02,2.600000000e+00,2.000000000e-02,1.013250000e+05,0.000000000e+00,yes
electrical_conductivity,VHMHq,no,3.431500000e+02,3.050000000e+00,2.000000000e-02,1.013250000e+05,0.000000000e+00,yes
electrical_conductivity,VHMHq,no,3.531500000e+02,3.650000000e+00,2.000000000e-02,1.013250000e+05,0.000000000e+00,yes
electrical_conductivity,VHMHq,no,3.631500000e+02,4.050000000e+00,2.000000000e-02,1.013250000e+05,0.000000000e+00,yes
electrical_conductivity,VHMHq,no,3.731500000e+02,4.550000000e+00,2.000000000e-02,1.013250000e+05,0.000000000e+00,yes
electrical_conductivity,udULf,no,2.931500000e+02,1.220000000e+00,1.000000000e-02,1.013250000e+05,0.000000000e+00,yes
electrical_conductivity,udULf,no,2.981500000e+02,1.380000000e+00,1.000000000e-02,1.013250000e+05,0.000000000e+00,yes
electrical_conductivity,udULf,no,3.031500000e+02,1.540000000e+00,2.000000000e-02,1.013250000e+05,0.000000000e+00,yes
electrical_conductivity,udULf,no,3.081500000e+02,1.740000000e+00,2.000000000e-02,1.013250000e+05,0.000000000e+00,yes
electrical_conductivity,udULf,no,3.131500000e+02,1.990000000e+00,2.000000000e-02,1.013250000e+05,0.000000000e+00,yes
electrical_conductivity,udULf,no,3.231500000e+02,2.550000000e+00,2.000000000e-02,1.013250000e+05,0.000000000e+00,yes
electrical_conductivity,udULf,no,3.331500000e+02,2.950000000e+00,2.000000000e-02,1.013250000e+05,0.000000000e+00,yes
electrical_conductivity,udULf,no,3.431500000e+02,3.650000000e+00,3.000000000e-02,1.013250000e+05,0.000000000e+00,yes
electrical_conductivity,udULf,no,3.531500000e+02,4.350000000e+00,3.000000000e-02,1.013250000e+05,0.000000000e+00,yes
electrical_conductivity,udULf,no,3.631500000e+02,5.200000000e+00,3.000000000e-02,1.013250000e+05,0.000000000e+00,yes
electrical_conductivity,udULf,no,3.731500000e+02,5.900000000e+00,3.000000000e-02,1.013250000e+05,0.000000000e+00,yes
electrical_conductivity,IoLiTec-IL-0006,no,2.981500000e+02,1.410000000e+00,0.000000000e+00,0.000000000e+00,0.000000000e+00,yes
electrical_conductivity,cOHnx,no,2.991000000e+02,1.300000000e+00,1.000000000e-01,1.013250000e+05,0.000000000e+00,yes
electrical_conductivity,YOBUW,no,2.835300000e+02,8.960000000e-01,2.700000000e-02,1.000000000e+05,0.000000000e+00,yes
electrical_conductivity,YOBUW,no,2.884200000e+02,1.094900000e+00,3.300000000e-02,1.000000000e+05,0.000000000e+00,yes
electrical_conductivity,YOBUW,no,2.933400000e+02,1.317500000e+00,4.000000000e-02,1.000000000e+05,0.000000000e+00,yes
electrical_conductivity,YOBUW,no,2.982600000e+02,1.564000000e+00,4.700000000e-02,1.000000000e+05,0.000000000e+00,yes
electrical_conductivity,YOBUW,no,3.031900000e+02,1.833600000e+00,5.500000000e-02,1.000000000e+05,0.000000000e+00,yes
electrical_conductivity,YOBUW,no,3.081300000e+02,2.126100000e+00,6.400000000e-02,1.000000000e+05,0.000000000e+00,yes
electrical_conductivity,YOBUW,no,3.130600000e+02,2.441100000e+00,7.300000000e-02,1.000000000e+05,0.000000000e+00,yes
electrical_conductivity,YOBUW,no,3.179900000e+02,2.777500000e+00,8.300000000e-02,1.000000000e+05,0.000000000e+00,yes
electrical_conductivity,YOBUW,no,3.229200000e+02,3.134900000e+00,9.400000000e-02,1.000000000e+05,0.000000000e+00,yes
electrical_conductivity,YOBUW,no,3.278400000e+02,3.513000000e+00,1.100000000e-01,1.000000000e+05,0.000000000e+00,yes
electrical_conductivity,YOBUW,no,3.327500000e+02,3.909000000e+00,1.200000000e-01,1.000000000e+05,0.000000000e+00,yes
electrical_conductivity,DlQDy,no,2.981000000e+02,1.516500000e+00,3.000000000e-02,1.013250000e+05,0.000000000e+00,yes
electrical_conductivity,pTtBt,no,2.981000000e+02,1.400000000e+00,4.000000000e-02,1.013250000e+05,0.000000000e+00,yes
electrical_conductivity,rvgDb,no,2.630000000e+02,2.630000000e-01,2.100000000e-02,1.013250000e+05,0.000000000e+00,yes
electrical_conductivity,rvgDb,no,2.730000000e+02,4.760000000e-01,3.800000000e-02,1.013250000e+05,0.000000000e+00,yes
electrical_conductivity,rvgDb,no,2.830000000e+02,7.700000000e-01,6.200000000e-02,1.013250000e+05,0.000000000e+00,yes
electrical_conductivity,rvgDb,no,2.930000000e+02,1.143300000e+00,9.100000000e-02,1.013250000e+05,0.000000000e+00,yes
electrical_conductivity,rvgDb,no,3.030000000e+02,1.592000000e+00,1.300000000e-01,1.013250000e+05,0.000000000e+00,yes
electrical_conductivity,rvgDb,no,3.130000000e+02,2.109000000e+00,1.700000000e-01,1.013250000e+05,0.000000000e+00,yes
electrical_conductivity,rvgDb,no,3.230000000e+02,2.686000000e+00,2.100000000e-01,1.013250000e+05,0.000000000e+00,yes
electrical_conductivity,rvgDb,no,3.330000000e+02,3.314000000e+00,2.700000000e-01,1.013250000e+05,0.000000000e+00,yes
electrical_conductivity,rvgDb,no,3.430000000e+02,3.985000000e+00,3.200000000e-01,1.013250000e+05,0.000000000e+00,yes
electrical_conductivity,rvgDb,no,3.530000000e+02,4.691000000e+00,3.800000000e-01,1.013250000e+05,0.000000000e+00,yes
electrical_conductivity,rvgDb,no,3.630000000e+02,5.425000000e+00,4.300000000e-01,1.013250000e+05,0.000000000e+00,yes
electrical_conductivity,rvgDb,no,3.730000000e+02,6.180000000e+00,4.900000000e-01,1.013250000e+05,0.000000000e+00,yes
electrical_conductivity,VQneZ,no,2.981500000e+02,1.630000000e+00,1.600000000e-01,1.010000000e+05,5.000000000e+02,yes
electrical_conductivity,RBQct,no,2.981500000e+02,1.630000000e+00,1.000000000e-03,1.010000000e+05,0.000000000e+00,yes
electrical_conductivity,Iepdk,no,2.381500000e+02,4.188000000e-02,3.400000000e-04,1.013250000e+05,0.000000000e+00,yes
electrical_conductivity,Iepdk,no,2.481500000e+02,1.087600000e-01,8.700000000e-04,1.013250000e+05,0.000000000e+00,yes
electrical_conductivity,Iepdk,no,2.581500000e+02,2.333000000e-01,1.900000000e-03,1.013250000e+05,0.000000000e+00,yes
electrical_conductivity,Iepdk,no,2.681500000e+02,4.316000000e-01,3.400000000e-03,1.013250000e+05,0.000000000e+00,yes
electrical_conductivity,Iepdk,no,2.781500000e+02,7.168000000e-01,5.700000000e-03,1.013250000e+05,0.000000000e+00,yes
electrical_conductivity,Iepdk,no,2.881500000e+02,1.096200000e+00,8.800000000e-03,1.013250000e+05,0.000000000e+00,yes
electrical_conductivity,Iepdk,no,2.981500000e+02,1.572500000e+00,1.300000000e-02,1.013250000e+05,0.000000000e+00,yes
electrical_conductivity,Iepdk,no,3.031500000e+02,1.846600000e+00,1.500000000e-02,1.013250000e+05,0.000000000e+00,yes
electrical_conductivity,Iepdk,no,3.131500000e+02,2.465800000e+00,2.000000000e-02,1.013250000e+05,0.000000000e+00,yes
electrical_conductivity,Iepdk,no,3.231500000e+02,3.175900000e+00,2.500000000e-02,1.013250000e+05,0.000000000e+00,yes
electrical_conductivity,Iepdk,no,3.331500000e+02,3.969800000e+00,3.200000000e-02,1.013250000e+05,0.000000000e+00,yes
electrical_conductivity,Iepdk,no,3.431500000e+02,4.843400000e+00,3.900000000e-02,1.013250000e+05,0.000000000e+00,yes
electrical_conductivity,Iepdk,no,3.531500000e+02,5.793800000e+00,4.600000000e-02,1.013250000e+05,0.000000000e+00,yes
electrical_conductivity,TCbEh,no,2.981500000e+02,1.553000000e+00,1.600000000e-02,1.010000000e+05,0.000000000e+00,yes
electrical_conductivity,ARlTi,no,2.981500000e+02,1.553000000e+00,1.600000000e-02,1.010000000e+05,0.000000000e+00,yes
electrical_conductivity,NoOyp,no,2.981500000e+02,1.553000000e+00,1.600000000e-02,1.010000000e+05,0.000000000e+00,yes
electrical_conductivity,JpHfk,no,2.480500000e+02,1.059000000e-01,1.100000000e-03,1.013250000e+05,0.000000000e+00,yes
electrical_conductivity,JpHfk,no,2.580500000e+02,2.280000000e-01,2.000000000e-03,1.013250000e+05,0.000000000e+00,yes
electrical_conductivity,JpHfk,no,2.681000000e+02,4.230000000e-01,4.000000000e-03,1.013250000e+05,0.000000000e+00,yes
electrical_conductivity,JpHfk,no,2.781000000e+02,7.030000000e-01,7.000000000e-03,1.013250000e+05,0.000000000e+00,yes
electrical_conductivity,JpHfk,no,2.881500000e+02,1.076000000e+00,1.100000000e-02,1.013250000e+05,0.000000000e+00,yes
electrical_conductivity,JpHfk,no,2.981500000e+02,1.546000000e+00,1.500000000e-02,1.013250000e+05,0.000000000e+00,yes
electrical_conductivity,JpHfk,no,3.081500000e+02,2.110000000e+00,2.000000000e-02,1.013250000e+05,0.000000000e+00,yes
electrical_conductivity,JpHfk,no,3.181500000e+02,2.770000000e+00,3.000000000e-02,1.013250000e+05,0.000000000e+00,yes
electrical_conductivity,JpHfk,no,3.281500000e+02,3.510000000e+00,4.000000000e-02,1.013250000e+05,0.000000000e+00,yes
electrical_conductivity,JpHfk,no,3.381500000e+02,4.340000000e+00,4.000000000e-02,1.013250000e+05,0.000000000e+00,yes
electrical_conductivity,JpHfk,no,3.481500000e+02,5.230000000e+00,5.000000000e-02,1.013250000e+05,0.000000000e+00,yes
electrical_conductivity,JpHfk,no,3.581500000e+02,6.200000000e+00,6.000000000e-02,1.013250000e+05,0.000000000e+00,yes
electrical_conductivity,JpHfk,no,3.681500000e+02,7.220000000e+00,7.000000000e-02,1.013250000e+05,0.000000000e+00,yes
electrical_conductivity,JpHfk,no,3.781500000e+02,8.290000000e+00,8.000000000e-02,1.013250000e+05,0.000000000e+00,yes
electrical_conductivity,JpHfk,no,3.881500000e+02,9.410000000e+00,9.000000000e-02,1.013250000e+05,0.000000000e+00,yes
electrical_conductivity,JpHfk,no,3.981500000e+02,1.056000000e+01,1.100000000e-01,1.013250000e+05,0.000000000e+00,yes
electrical_conductivity,JpHfk,no,4.081500000e+02,1.175000000e+01,1.200000000e-01,1.013250000e+05,0.000000000e+00,yes
electrical_conductivity,JpHfk,no,4.181500000e+02,1.297000000e+01,1.300000000e-01,1.013250000e+05,0.000000000e+00,yes
electrical_conductivity,JpHfk,no,4.281500000e+02,1.422000000e+01,1.400000000e-01,1.013250000e+05,0.000000000e+00,yes
electrical_conductivity,JpHfk,no,4.381500000e+02,1.548000000e+01,1.500000000e-01,1.013250000e+05,0.000000000e+00,yes
electrical_conductivity,JpHfk,no,4.481500000e+02,1.675000000e+01,1.700000000e-01,1.013250000e+05,0.000000000e+00,yes
electrical_conductivity,JpHfk,no,4.581500000e+02,1.803000000e+01,1.800000000e-01,1.013250000e+05,0.000000000e+00,yes
electrical_conductivity,JpHfk,no,4.681500000e+02,1.930000000e+01,2.000000000e-01,1.013250000e+05,0.000000000e+00,yes
electrical_conductivity,GSqsS,no,2.981000000e+02,9.100000000e-01,4.000000000e-02,1.000000000e+05,0.000000000e+00,yes
electrical_conductivity,DxIZM,yes,2.491000000e+02,1.451000000e-01,4.400000000e-03,1.013250000e+05,0.000000000e+00,yes
electrical_conductivity,DxIZM,yes,2.516000000e+02,1.863000000e-01,4.800000000e-03,1.013250000e+05,0.000000000e+00,yes
electrical_conductivity,DxIZM,yes,2.541000000e+02,2.220000000e-01,5.000000000e-03,1.013250000e+05,0.000000000e+00,yes
electrical_conductivity,DxIZM,yes,2.565000000e+02,2.610000000e-01,5.000000000e-03,1.013250000e+05,0.000000000e+00,yes
electrical_conductivity,DxIZM,yes,2.581000000e+02,2.450000000e-01,6.000000000e-03,1.013250000e+05,0.000000000e+00,yes
electrical_conductivity,DxIZM,yes,2.590000000e+02,3.170000000e-01,9.000000000e-03,1.013250000e+05,0.000000000e+00,yes
electrical_conductivity,DxIZM,yes,2.615000000e+02,3.630000000e-01,7.000000000e-03,1.013250000e+05,0.000000000e+00,yes
electrical_conductivity,DxIZM,yes,2.631000000e+02,2.960000000e-01,6.000000000e-03,1.013250000e+05,0.000000000e+00,yes
electrical_conductivity,DxIZM,yes,2.640000000e+02,4.010000000e-01,1.100000000e-02,1.013250000e+05,0.000000000e+00,yes
electrical_conductivity,DxIZM,yes,2.665000000e+02,4.430000000e-01,9.000000000e-03,1.013250000e+05,0.000000000e+00,yes
electrical_conductivity,DxIZM,yes,2.681000000e+02,4.450000000e-01,1.100000000e-02,1.013250000e+05,0.000000000e+00,yes
electrical_conductivity,DxIZM,yes,2.690000000e+02,5.270000000e-01,1.400000000e-02,1.013250000e+05,0.000000000e+00,yes
electrical_conductivity,DxIZM,yes,2.715000000e+02,6.200000000e-01,1.000000000e-02,1.013250000e+05,0.000000000e+00,yes
electrical_conductivity,DxIZM,yes,2.731000000e+02,6.120000000e-01,1.400000000e-02,1.013250000e+05,0.000000000e+00,yes
electrical_conductivity,DxIZM,yes,2.739000000e+02,7.020000000e-01,1.500000000e-02,1.013250000e+05,0.000000000e+00,yes
electrical_conductivity,DxIZM,yes,2.764000000e+02,7.210000000e-01,1.500000000e-02,1.013250000e+05,0.000000000e+00,yes
electrical_conductivity,DxIZM,yes,2.781000000e+02,7.350000000e-01,1.700000000e-02,1.013250000e+05,0.000000000e+00,yes
electrical_conductivity,DxIZM,yes,2.789000000e+02,8.350000000e-01,2.100000000e-02,1.013250000e+05,0.000000000e+00,yes
electrical_conductivity,DxIZM,yes,2.814000000e+02,9.580000000e-01,1.900000000e-02,1.013250000e+05,0.000000000e+00,yes
electrical_conductivity,DxIZM,yes,2.831000000e+02,8.960000000e-01,2.000000000e-02,1.013250000e+05,0.000000000e+00,yes
electrical_conductivity,DxIZM,yes,2.839000000e+02,1.098000000e+00,2.600000000e-02,1.013250000e+05,0.000000000e+00,yes
electrical_conductivity,DxIZM,yes,2.864000000e+02,1.168000000e+00,2.300000000e-02,1.013250000e+05,0.000000000e+00,yes
electrical_conductivity,DxIZM,yes,2.881000000e+02,1.091000000e+00,2.200000000e-02,1.013250000e+05,0.000000000e+00,yes
electrical_conductivity,DxIZM,yes,2.885000000e+02,6.110000000e-01,3.400000000e-02,1.013250000e+05,0.000000000e+00,yes
electrical_conductivity,DxIZM,yes,2.889000000e+02,5.770000000e-01,3.600000000e-02,1.013250000e+05,0.000000000e+00,yes
electrical_conductivity,DxIZM,yes,2.889000000e+02,7.480000000e-01,3.500000000e-02,1.013250000e+05,0.000000000e+00,yes
electrical_conductivity,DxIZM,yes,2.889000000e+02,1.220000000e+00,4.000000000e-02,1.013250000e+05,0.000000000e+00,yes
electrical_conductivity,DxIZM,yes,2.895000000e+02,8.910000000e-01,3.800000000e-02,1.013250000e+05,0.000000000e+00,yes
electrical_conductivity,DxIZM,yes,2.901000000e+02,1.016000000e+00,3.600000000e-02,1.013250000e+05,0.000000000e+00,yes
electrical_conductivity,DxIZM,yes,2.907000000e+02,1.070000000e+00,6.000000000e-02,1.013250000e+05,0.000000000e+00,yes
electrical_conductivity,DxIZM,yes,2.913000000e+02,1.092000000e+00,2.300000000e-02,1.013250000e+05,0.000000000e+00,yes
electrical_conductivity,DxIZM,yes,2.913000000e+02,1.334000000e+00,2.700000000e-02,1.013250000e+05,0.000000000e+00,yes
electrical_conductivity,DxIZM,yes,2.926000000e+02,1.142000000e+00,2.400000000e-02,1.013250000e+05,0.000000000e+00,yes
electrical_conductivity,DxIZM,yes,2.931000000e+02,1.305000000e+00,5.600000000e-02,1.013250000e+05,0.000000000e+00,yes
electrical_conductivity,DxIZM,yes,2.938000000e+02,1.192000000e+00,2.400000000e-02,1.013250000e+05,0.000000000e+00,yes
electrical_conductivity,DxIZM,yes,2.938000000e+02,1.442000000e+00,3.000000000e-02,1.013250000e+05,0.000000000e+00,yes
electrical_conductivity,DxIZM,yes,2.951000000e+02,1.244000000e+00,2.600000000e-02,1.013250000e+05,0.000000000e+00,yes
electrical_conductivity,DxIZM,yes,2.963000000e+02,1.296000000e+00,2.800000000e-02,1.013250000e+05,0.000000000e+00,yes
electrical_conductivity,DxIZM,yes,2.963000000e+02,1.539000000e+00,3.500000000e-02,1.013250000e+05,0.000000000e+00,yes
electrical_conductivity,DxIZM,yes,2.968000000e+02,1.324000000e+00,3.300000000e-02,1.013250000e+05,0.000000000e+00,yes
electrical_conductivity,DxIZM,yes,2.978000000e+02,1.356000000e+00,4.000000000e-02,1.013250000e+05,0.000000000e+00,yes
electrical_conductivity,DxIZM,yes,2.981000000e+02,1.571000000e+00,5.500000000e-02,1.013250000e+05,0.000000000e+00,yes
electrical_conductivity,DxIZM,yes,2.988000000e+02,1.394000000e+00,2.900000000e-02,1.013250000e+05,0.000000000e+00,yes
electrical_conductivity,DxIZM,yes,2.988000000e+02,1.619000000e+00,3.500000000e-02,1.013250000e+05,0.000000000e+00,yes
electrical_conductivity,DxIZM,yes,3.000000000e+02,1.463000000e+00,3.100000000e-02,1.013250000e+05,0.000000000e+00,yes
electrical_conductivity,DxIZM,yes,3.031000000e+02,1.788000000e+00,3.800000000e-02,1.013250000e+05,0.000000000e+00,yes
electrical_conductivity,DxIZM,yes,3.081000000e+02,2.020000000e+00,4.000000000e-02,1.013250000e+05,0.000000000e+00,yes
electrical_conductivity,DxIZM,yes,3.131000000e+02,2.280000000e+00,5.000000000e-02,1.013250000e+05,0.000000000e+00,yes
electrical_conductivity,DxIZM,yes,3.181000000e+02,2.550000000e+00,5.000000000e-02,1.013250000e+05,0.000000000e+00,yes
electrical_conductivity,DxIZM,yes,3.231000000e+02,2.850000000e+00,6.000000000e-02,1.013250000e+05,0.000000000e+00,yes
electrical_conductivity,DxIZM,yes,3.281000000e+02,3.220000000e+00,7.000000000e-02,1.013250000e+05,0.000000000e+00,yes
electrical_conductivity,DxIZM,yes,3.331000000e+02,3.560000000e+00,7.000000000e-02,1.013250000e+05,0.000000000e+00,yes
electrical_conductivity,DxIZM,yes,3.381000000e+02,3.950000000e+00,8.000000000e-02,1.013250000e+05,0.000000000e+00,yes
electrical_conductivity,DxIZM,yes,3.431000000e+02,4.350000000e+00,9.000000000e-02,1.013250000e+05,0.000000000e+00,yes
electrical_conductivity,DxIZM,yes,3.481000000e+02,4.770000000e+00,1.000000000e-01,1.013250000e+05,0.000000000e+00,yes
electrical_conductivity,DxIZM,yes,3.531000000e+02,5.220000000e+00,1.100000000e-01,1.013250000e+05,0.000000000e+00,yes
electrical_conductivity,DxIZM,yes,3.581000000e+02,5.550000000e+00,1.100000000e-01,1.013250000e+05,0.000000000e+00,yes
electrical_conductivity,DxIZM,yes,3.631000000e+02,5.950000000e+00,1.200000000e-01,1.013250000e+05,0.000000000e+00,yes
electrical_conductivity,DxIZM,yes,3.681000000e+02,6.460000000e+00,1.300000000e-01,1.013250000e+05,0.000000000e+00,yes
electrical_conductivity,DxIZM,yes,3.731000000e+02,6.900000000e+00,1.000000000e-01,1.013250000e+05,0.000000000e+00,yes
electrical_conductivity,DxIZM,yes,3.781000000e+02,7.360000000e+00,1.500000000e-01,1.013250000e+05,0.000000000e+00,yes
electrical_conductivity,DxIZM,yes,3.831000000e+02,7.830000000e+00,1.600000000e-01,1.013250000e+05,0.000000000e+00,yes
electrical_conductivity,DxIZM,yes,3.881000000e+02,8.320000000e+00,1.700000000e-01,1.013250000e+05,0.000000000e+00,yes
electrical_conductivity,DxIZM,yes,3.931000000e+02,8.770000000e+00,1.800000000e-01,1.013250000e+05,0.000000000e+00,yes
electrical_conductivity,DxIZM,yes,3.981000000e+02,9.290000000e+00,1.900000000e-01,1.013250000e+05,0.000000000e+00,yes
electrical_conductivity,DxIZM,yes,4.031000000e+02,9.790000000e+00,2.000000000e-01,1.013250000e+05,0.000000000e+00,yes
electrical_conductivity,DxIZM,yes,4.081000000e+02,1.027000000e+01,2.100000000e-01,1.013250000e+05,0.000000000e+00,yes
electrical_conductivity,DxIZM,yes,4.131000000e+02,1.079000000e+01,2.200000000e-01,1.013250000e+05,0.000000000e+00,yes
electrical_conductivity,DxIZM,yes,4.181000000e+02,1.132000000e+01,2.300000000e-01,1.013250000e+05,0.000000000e+00,yes
electrical_conductivity,DxIZM,yes,4.231000000e+02,1.178000000e+01,2.400000000e-01,1.013250000e+05,0.000000000e+00,yes
electrical_conductivity,DxIZM,yes,4.281000000e+02,1.226000000e+01,2.500000000e-01,1.013250000e+05,0.000000000e+00,yes
electrical_conductivity,DxIZM,yes,4.331000000e+02,1.268000000e+01,2.500000000e-01,1.013250000e+05,0.000000000e+00,yes
electrical_conductivity,UeHGJ,no,2.034000000e+02,3.000000000e-07,1.000000000e-07,1.013250000e+05,0.000000000e+00,yes
electrical_conductivity,UeHGJ,no,2.039000000e+02,3.000000000e-07,1.000000000e-07,1.013250000e+05,0.000000000e+00,yes
electrical_conductivity,UeHGJ,no,2.044000000e+02,3.000000000e-07,1.000000000e-07,1.013250000e+05,0.000000000e+00,yes
electrical_conductivity,UeHGJ,no,2.044000000e+02,4.000000000e-07,1.000000000e-07,1.013250000e+05,0.000000000e+00,yes
electrical_conductivity,UeHGJ,no,2.049000000e+02,4.000000000e-07,1.000000000e-07,1.013250000e+05,0.000000000e+00,yes
electrical_conductivity,UeHGJ,no,2.054000000e+02,4.000000000e-07,1.000000000e-07,1.013250000e+05,0.000000000e+00,yes
electrical_conductivity,UeHGJ,no,2.059000000e+02,4.000000000e-07,1.000000000e-07,1.013250000e+05,0.000000000e+00,yes
electrical_conductivity,UeHGJ,no,2.063000000e+02,5.000000000e-07,1.000000000e-07,1.013250000e+05,0.000000000e+00,yes
electrical_conductivity,UeHGJ,no,2.068000000e+02,5.000000000e-07,1.000000000e-07,1.013250000e+05,0.000000000e+00,yes
electrical_conductivity,UeHGJ,no,2.068000000e+02,5.000000000e-07,1.000000000e-07,1.013250000e+05,0.000000000e+00,yes
electrical_conductivity,UeHGJ,no,2.073000000e+02,6.000000000e-07,1.000000000e-07,1.013250000e+05,0.000000000e+00,yes
electrical_conductivity,UeHGJ,no,2.078000000e+02,6.000000000e-07,1.000000000e-07,1.013250000e+05,0.000000000e+00,yes
electrical_conductivity,UeHGJ,no,2.083000000e+02,7.000000000e-07,1.000000000e-07,1.013250000e+05,0.000000000e+00,yes
electrical_conductivity,UeHGJ,no,2.088000000e+02,7.000000000e-07,1.000000000e-07,1.013250000e+05,0.000000000e+00,yes
electrical_conductivity,UeHGJ,no,2.093000000e+02,7.000000000e-07,1.000000000e-07,1.013250000e+05,0.000000000e+00,yes
electrical_conductivity,UeHGJ,no,2.093000000e+02,7.000000000e-07,1.000000000e-07,1.013250000e+05,0.000000000e+00,yes
electrical_conductivity,UeHGJ,no,2.098000000e+02,8.000000000e-07,1.000000000e-07,1.013250000e+05,0.000000000e+00,yes
electrical_conductivity,UeHGJ,no,2.106000000e+02,8.000000000e-07,1.000000000e-07,1.013250000e+05,0.000000000e+00,yes
electrical_conductivity,UeHGJ,no,2.108000000e+02,8.000000000e-07,1.000000000e-07,1.013250000e+05,0.000000000e+00,yes
electrical_conductivity,UeHGJ,no,2.113000000e+02,9.000000000e-07,1.000000000e-07,1.013250000e+05,0.000000000e+00,yes
electrical_conductivity,UeHGJ,no,2.118000000e+02,1.000000000e-06,1.000000000e-06,1.013250000e+05,0.000000000e+00,yes
electrical_conductivity,UeHGJ,no,2.118000000e+02,1.200000000e-06,1.000000000e-07,1.013250000e+05,0.000000000e+00,yes
electrical_conductivity,UeHGJ,no,2.123000000e+02,1.200000000e-06,1.000000000e-07,1.013250000e+05,0.000000000e+00,yes
electrical_conductivity,UeHGJ,no,2.128000000e+02,1.200000000e-06,1.000000000e-07,1.013250000e+05,0.000000000e+00,yes
electrical_conductivity,UeHGJ,no,2.133000000e+02,1.300000000e-06,1.000000000e-07,1.013250000e+05,0.000000000e+00,yes
electrical_conductivity,UeHGJ,no,2.138000000e+02,1.400000000e-06,2.000000000e-07,1.013250000e+05,0.000000000e+00,yes
electrical_conductivity,UeHGJ,no,2.143000000e+02,1.500000000e-06,1.000000000e-07,1.013250000e+05,0.000000000e+00,yes
electrical_conductivity,UeHGJ,no,2.143000000e+02,2.000000000e-06,1.000000000e-06,1.013250000e+05,0.000000000e+00,yes
electrical_conductivity,UeHGJ,no,2.148000000e+02,1.700000000e-06,1.000000000e-07,1.013250000e+05,0.000000000e+00,yes
electrical_conductivity,UeHGJ,no,2.153000000e+02,1.800000000e-06,1.000000000e-07,1.013250000e+05,0.000000000e+00,yes
electrical_conductivity,UeHGJ,no,2.158000000e+02,1.900000000e-06,1.000000000e-07,1.013250000e+05,0.000000000e+00,yes
electrical_conductivity,UeHGJ,no,2.163000000e+02,2.000000000e-06,1.000000000e-06,1.013250000e+05,0.000000000e+00,yes
electrical_conductivity,UeHGJ,no,2.168000000e+02,2.300000000e-06,1.000000000e-07,1.013250000e+05,0.000000000e+00,yes
electrical_conductivity,UeHGJ,no,2.168000000e+02,3.300000000e-06,1.000000000e-07,1.013250000e+05,0.000000000e+00,yes
electrical_conductivity,UeHGJ,no,2.173000000e+02,2.500000000e-06,1.000000000e-07,1.013250000e+05,0.000000000e+00,yes
electrical_conductivity,UeHGJ,no,2.178000000e+02,2.700000000e-06,1.000000000e-07,1.013250000e+05,0.000000000e+00,yes
electrical_conductivity,UeHGJ,no,2.183000000e+02,2.900000000e-06,1.000000000e-07,1.013250000e+05,0.000000000e+00,yes
electrical_conductivity,UeHGJ,no,2.188000000e+02,3.100000000e-06,4.000000000e-07,1.013250000e+05,0.000000000e+00,yes
electrical_conductivity,UeHGJ,no,2.193000000e+02,3.500000000e-06,2.000000000e-07,1.013250000e+05,0.000000000e+00,yes
electrical_conductivity,UeHGJ,no,2.193000000e+02,4.700000000e-06,2.000000000e-07,1.013250000e+05,0.000000000e+00,yes
electrical_conductivity,UeHGJ,no,2.198000000e+02,3.800000000e-06,1.000000000e-07,1.013250000e+05,0.000000000e+00,yes
electrical_conductivity,UeHGJ,no,2.203000000e+02,4.200000000e-06,2.000000000e-07,1.013250000e+05,0.000000000e+00,yes
electrical_conductivity,UeHGJ,no,2.208000000e+02,4.500000000e-06,2.000000000e-07,1.013250000e+05,0.000000000e+00,yes
electrical_conductivity,UeHGJ,no,2.213000000e+02,4.800000000e-06,5.000000000e-07,1.013250000e+05,0.000000000e+00,yes
electrical_conductivity,UeHGJ,no,2.218000000e+02,5.400000000e-06,2.000000000e-07,1.013250000e+05,0.000000000e+00,yes
electrical_conductivity,UeHGJ,no,2.218000000e+02,7.000000000e-06,1.000000000e-06,1.013250000e+05,0.000000000e+00,yes
electrical_conductivity,UeHGJ,no,2.223000000e+02,5.800000000e-06,2.000000000e-07,1.013250000e+05,0.000000000e+00,yes
electrical_conductivity,UeHGJ,no,2.228000000e+02,6.300000000e-06,3.000000000e-07,1.013250000e+05,0.000000000e+00,yes
electrical_conductivity,UeHGJ,no,2.232000000e+02,6.900000000e-06,3.000000000e-07,1.013250000e+05,0.000000000e+00,yes
electrical_conductivity,UeHGJ,no,2.237000000e+02,7.500000000e-06,6.000000000e-07,1.013250000e+05,0.000000000e+00,yes
electrical_conductivity,UeHGJ,no,2.242000000e+02,8.300000000e-06,3.000000000e-07,1.013250000e+05,0.000000000e+00,yes
electrical_conductivity,UeHGJ,no,2.242000000e+02,9.700000000e-06,4.000000000e-07,1.013250000e+05,0.000000000e+00,yes
electrical_conductivity,UeHGJ,no,2.247000000e+02,9.000000000e-06,1.000000000e-06,1.013250000e+05,0.000000000e+00,yes
electrical_conductivity,UeHGJ,no,2.252000000e+02,9.800000000e-06,4.000000000e-07,1.013250000e+05,0.000000000e+00,yes
electrical_conductivity,UeHGJ,no,2.257000000e+02,1.090000000e-05,4.000000000e-07,1.013250000e+05,0.000000000e+00,yes
electrical_conductivity,UeHGJ,no,2.262000000e+02,1.160000000e-05,1.000000000e-06,1.013250000e+05,0.000000000e+00,yes
electrical_conductivity,UeHGJ,no,2.267000000e+02,1.270000000e-05,5.000000000e-07,1.013250000e+05,0.000000000e+00,yes
electrical_conductivity,UeHGJ,no,2.267000000e+02,1.580000000e-05,5.000000000e-07,1.013250000e+05,0.000000000e+00,yes
electrical_conductivity,UeHGJ,no,2.280000000e+02,1.580000000e-05,8.000000000e-07,1.013250000e+05,0.000000000e+00,yes
electrical_conductivity,UeHGJ,no,2.292000000e+02,1.920000000e-05,7.000000000e-07,1.013250000e+05,0.000000000e+00,yes
electrical_conductivity,UeHGJ,no,2.292000000e+02,2.470000000e-05,8.000000000e-07,1.013250000e+05,0.000000000e+00,yes
electrical_conductivity,UeHGJ,no,2.305000000e+02,2.300000000e-05,1.000000000e-06,1.013250000e+05,0.000000000e+00,yes
electrical_conductivity,UeHGJ,no,2.317000000e+02,2.760000000e-05,1.100000000e-06,1.013250000e+05,0.000000000e+00,yes
electrical_conductivity,UeHGJ,no,2.317000000e+02,4.040000000e-05,1.200000000e-06,1.013250000e+05,0.000000000e+00,yes
electrical_conductivity,UeHGJ,no,2.329000000e+02,3.380000000e-05,1.900000000e-06,1.013250000e+05,0.000000000e+00,yes
electrical_conductivity,UeHGJ,no,2.342000000e+02,4.070000000e-05,1.400000000e-06,1.013250000e+05,0.000000000e+00,yes
electrical_conductivity,UeHGJ,no,2.342000000e+02,6.260000000e-05,1.700000000e-06,1.013250000e+05,0.000000000e+00,yes
electrical_conductivity,UeHGJ,no,2.354000000e+02,4.830000000e-05,2.600000000e-06,1.013250000e+05,0.000000000e+00,yes
electrical_conductivity,UeHGJ,no,2.367000000e+02,5.690000000e-05,2.000000000e-06,1.013250000e+05,0.000000000e+00,yes
electrical_conductivity,UeHGJ,no,2.367000000e+02,9.240000000e-05,2.500000000e-06,1.013250000e+05,0.000000000e+00,yes
electrical_conductivity,UeHGJ,no,2.379000000e+02,6.840000000e-05,4.100000000e-06,1.013250000e+05,0.000000000e+00,yes
electrical_conductivity,UeHGJ,no,2.392000000e+02,8.100000000e-05,3.000000000e-06,1.013250000e+05,0.000000000e+00,yes
electrical_conductivity,UeHGJ,no,2.392000000e+02,1.401000000e-04,3.500000000e-06,1.013250000e+05,0.000000000e+00,yes
electrical_conductivity,UeHGJ,no,2.409000000e+02,1.039000000e-04,6.100000000e-06,1.013250000e+05,0.000000000e+00,yes
electrical_conductivity,UeHGJ,no,2.416000000e+02,1.150000000e-04,4.000000000e-06,1.013250000e+05,0.000000000e+00,yes
electrical_conductivity,UeHGJ,no,2.416000000e+02,2.360000000e-04,5.000000000e-06,1.013250000e+05,0.000000000e+00,yes
electrical_conductivity,UeHGJ,no,2.429000000e+02,1.370000000e-04,9.000000000e-06,1.013250000e+05,0.000000000e+00,yes
electrical_conductivity,UeHGJ,no,2.441000000e+02,1.619000000e-04,5.400000000e-06,1.013250000e+05,0.000000000e+00,yes
electrical_conductivity,UeHGJ,no,2.441000000e+02,3.490000000e-04,8.000000000e-06,1.013250000e+05,0.000000000e+00,yes
electrical_conductivity,UeHGJ,no,2.454000000e+02,1.910000000e-04,2.400000000e-05,1.013250000e+05,0.000000000e+00,yes
electrical_conductivity,UeHGJ,no,2.466000000e+02,2.240000000e-04,7.000000000e-06,1.013250000e+05,0.000000000e+00,yes
electrical_conductivity,UeHGJ,no,2.466000000e+02,6.590000000e-04,1.400000000e-05,1.013250000e+05,0.000000000e+00,yes
electrical_conductivity,UeHGJ,no,2.479000000e+02,2.620000000e-04,2.900000000e-05,1.013250000e+05,0.000000000e+00,yes
electrical_conductivity,UeHGJ,no,2.491000000e+02,3.060000000e-04,1.000000000e-05,1.013250000e+05,0.000000000e+00,yes
electrical_conductivity,UeHGJ,no,2.503000000e+02,3.560000000e-04,1.100000000e-05,1.013250000e+05,0.000000000e+00,yes
electrical_conductivity,UeHGJ,no,2.516000000e+02,4.170000000e-04,1.300000000e-05,1.013250000e+05,0.000000000e+00,yes
electrical_conductivity,UeHGJ,no,2.528000000e+02,4.880000000e-04,1.500000000e-05,1.013250000e+05,0.000000000e+00,yes
electrical_conductivity,UeHGJ,no,2.541000000e+02,5.630000000e-04,1.700000000e-05,1.013250000e+05,0.000000000e+00,yes
electrical_conductivity,UeHGJ,no,2.553000000e+02,6.520000000e-04,2.100000000e-05,1.013250000e+05,0.000000000e+00,yes
electrical_conductivity,UeHGJ,no,2.565000000e+02,7.580000000e-04,2.400000000e-05,1.013250000e+05,0.000000000e+00,yes
electrical_conductivity,UeHGJ,no,2.578000000e+02,8.780000000e-04,2.700000000e-05,1.013250000e+05,0.000000000e+00,yes
electrical_conductivity,UeHGJ,no,2.590000000e+02,1.016000000e-03,3.100000000e-05,1.013250000e+05,0.000000000e+00,yes
electrical_conductivity,UeHGJ,no,2.603000000e+02,1.178000000e-03,3.600000000e-05,1.013250000e+05,0.000000000e+00,yes
electrical_conductivity,UeHGJ,no,2.615000000e+02,1.361000000e-03,4.000000000e-05,1.013250000e+05,0.000000000e+00,yes
electrical_conductivity,UeHGJ,no,2.628000000e+02,1.548000000e-03,4.400000000e-05,1.013250000e+05,0.000000000e+00,yes
electrical_conductivity,UeHGJ,no,2.640000000e+02,1.758000000e-03,5.200000000e-05,1.013250000e+05,0.000000000e+00,yes
electrical_conductivity,UeHGJ,no,2.652000000e+02,2.010000000e-03,6.000000000e-05,1.013250000e+05,0.000000000e+00,yes
electrical_conductivity,UeHGJ,no,2.665000000e+02,2.340000000e-03,7.000000000e-05,1.013250000e+05,0.000000000e+00,yes
electrical_conductivity,UeHGJ,no,2.677000000e+02,2.730000000e-03,8.000000000e-05,1.013250000e+05,0.000000000e+00,yes
electrical_conductivity,UeHGJ,no,2.690000000e+02,3.140000000e-03,9.000000000e-05,1.013250000e+05,0.000000000e+00,yes
electrical_conductivity,UeHGJ,no,2.702000000e+02,3.600000000e-03,1.000000000e-04,1.013250000e+05,0.000000000e+00,yes
electrical_conductivity,UeHGJ,no,2.715000000e+02,4.100000000e-03,1.000000000e-04,1.013250000e+05,0.000000000e+00,yes
electrical_conductivity,UeHGJ,no,2.727000000e+02,4.700000000e-03,2.000000000e-04,1.013250000e+05,0.000000000e+00,yes
electrical_conductivity,UeHGJ,no,2.739000000e+02,5.430000000e-03,1.800000000e-04,1.013250000e+05,0.000000000e+00,yes
electrical_conductivity,UeHGJ,no,2.754000000e+02,6.640000000e-03,2.200000000e-04,1.013250000e+05,0.000000000e+00,yes
electrical_conductivity,UeHGJ,no,2.764000000e+02,7.620000000e-03,3.200000000e-04,1.013250000e+05,0.000000000e+00,yes
electrical_conductivity,UeHGJ,no,2.789000000e+02,1.142000000e-02,5.200000000e-04,1.013250000e+05,0.000000000e+00,yes
electrical_conductivity,UeHGJ,no,2.814000000e+02,1.920000000e-02,1.000000000e-03,1.013250000e+05,0.000000000e+00,yes
electrical_conductivity,UeHGJ,no,2.839000000e+02,3.470000000e-02,2.800000000e-03,1.013250000e+05,0.000000000e+00,yes
electrical_conductivity,UeHGJ,no,2.864000000e+02,8.700000000e-02,1.000000000e-02,1.013250000e+05,0.000000000e+00,yes
electrical_conductivity,UeHGJ,no,2.876000000e+02,2.450000000e-01,2.700000000e-02,1.013250000e+05,0.000000000e+00,yes
electrical_conductivity,hMpny,no,2.581000000e+02,2.450000000e-01,4.900000000e-02,1.013250000e+05,0.000000000e+00,yes
electrical_conductivity,hMpny,no,2.631000000e+02,2.960000000e-01,5.900000000e-02,1.013250000e+05,0.000000000e+00,yes
electrical_conductivity,hMpny,no,2.681000000e+02,4.450000000e-01,8.900000000e-02,1.013250000e+05,0.000000000e+00,yes
electrical_conductivity,hMpny,no,2.731000000e+02,6.100000000e-01,1.200000000e-01,1.013250000e+05,0.000000000e+00,yes
electrical_conductivity,hMpny,no,2.781000000e+02,7.300000000e-01,1.500000000e-01,1.013250000e+05,0.000000000e+00,yes
electrical_conductivity,hMpny,no,2.831000000e+02,9.000000000e-01,1.800000000e-01,1.013250000e+05,0.000000000e+00,yes
electrical_conductivity,hMpny,no,2.881000000e+02,1.091000000e+00,2.200000000e-01,1.013250000e+05,0.000000000e+00,yes
electrical_conductivity,hMpny,no,2.931000000e+02,1.305000000e+00,2.600000000e-01,1.013250000e+05,0.000000000e+00,yes
electrical_conductivity,hMpny,no,2.981000000e+02,1.571000000e+00,3.100000000e-01,1.013250000e+05,0.000000000e+00,yes
electrical_conductivity,hMpny,no,3.031000000e+02,1.788000000e+00,3.600000000e-01,1.013250000e+05,0.000000000e+00,yes
electrical_conductivity,hMpny,no,3.081000000e+02,2.020000000e+00,4.000000000e-01,1.013250000e+05,0.000000000e+00,yes
electrical_conductivity,hMpny,no,3.131000000e+02,2.280000000e+00,4.600000000e-01,1.013250000e+05,0.000000000e+00,yes
electrical_conductivity,hMpny,no,3.181000000e+02,2.550000000e+00,5.100000000e-01,1.013250000e+05,0.000000000e+00,yes
electrical_conductivity,hMpny,no,3.231000000e+02,2.850000000e+00,5.700000000e-01,1.013250000e+05,0.000000000e+00,yes
electrical_conductivity,hMpny,no,3.281000000e+02,3.220000000e+00,6.400000000e-01,1.013250000e+05,0.000000000e+00,yes
electrical_conductivity,hMpny,no,3.331000000e+02,3.560000000e+00,7.100000000e-01,1.013250000e+05,0.000000000e+00,yes
electrical_conductivity,hMpny,no,3.381000000e+02,3.950000000e+00,7.900000000e-01,1.013250000e+05,0.000000000e+00,yes
electrical_conductivity,hMpny,no,3.431000000e+02,4.350000000e+00,8.700000000e-01,1.013250000e+05,0.000000000e+00,yes
electrical_conductivity,hMpny,no,3.481000000e+02,4.770000000e+00,9.500000000e-01,1.013250000e+05,0.000000000e+00,yes
electrical_conductivity,hMpny,no,3.531000000e+02,5.200000000e+00,1.000000000e+00,1.013250000e+05,0.000000000e+00,yes
electrical_conductivity,hMpny,no,3.581000000e+02,5.500000000e+00,1.100000000e+00,1.013250000e+05,0.000000000e+00,yes
electrical_conductivity,hMpny,no,3.631000000e+02,6.000000000e+00,1.200000000e+00,1.013250000e+05,0.000000000e+00,yes
electrical_conductivity,hMpny,no,3.681000000e+02,6.500000000e+00,1.300000000e+00,1.013250000e+05,0.000000000e+00,yes
electrical_conductivity,hMpny,no,3.731000000e+02,6.900000000e+00,1.400000000e+00,1.013250000e+05,0.000000000e+00,yes
electrical_conductivity,hMpny,no,3.781000000e+02,7.400000000e+00,1.500000000e+00,1.013250000e+05,0.000000000e+00,yes
electrical_conductivity,hMpny,no,3.831000000e+02,7.800000000e+00,1.600000000e+00,1.013250000e+05,0.000000000e+00,yes
electrical_conductivity,hMpny,no,3.881000000e+02,8.300000000e+00,1.700000000e+00,1.013250000e+05,0.000000000e+00,yes
electrical_conductivity,hMpny,no,3.931000000e+02,8.800000000e+00,1.800000000e+00,1.013250000e+05,0.000000000e+00,yes
electrical_conductivity,hMpny,no,3.981000000e+02,9.300000000e+00,1.900000000e+00,1.013250000e+05,0.000000000e+00,yes
electrical_conductivity,hMpny,no,4.031000000e+02,9.800000000e+00,2.000000000e+00,1.013250000e+05,0.000000000e+00,yes
electrical_conductivity,hMpny,no,4.081000000e+02,1.030000000e+01,2.000000000e+00,1.013250000e+05,0.000000000e+00,yes
electrical_conductivity,hMpny,no,4.131000000e+02,1.080000000e+01,2.200000000e+00,1.013250000e+05,0.000000000e+00,yes
electrical_conductivity,hMpny,no,4.181000000e+02,1.130000000e+01,2.300000000e+00,1.013250000e+05,0.000000000e+00,yes
electrical_conductivity,hMpny,no,4.231000000e+02,1.180000000e+01,2.400000000e+00,1.013250000e+05,0.000000000e+00,yes
electrical_conductivity,hMpny,no,4.281000000e+02,1.230000000e+01,2.500000000e+00,1.013250000e+05,0.000000000e+00,yes
electrical_conductivity,hMpny,no,4.331000000e+02,1.270000000e+01,2.500000000e+00,1.013250000e+05,0.000000000e+00,yes
electrical_conductivity,ZmJef,no,2.981500000e+02,1.630000000e+00,1.600000000e-01,1.013000000e+05,0.000000000e+00,yes
electrical_conductivity,ATMtQ,no,2.981000000e+02,1.530000000e+00,1.000000000e-02,1.013250000e+05,0.000000000e+00,yes
electrical_conductivity,OTsVo,no,2.981000000e+02,1.570000000e+00,1.000000000e-02,1.013250000e+05,0.000000000e+00,yes
electrical_conductivity,dNpJO,no,2.981500000e+02,1.524000000e+00,1.600000000e-01,1.000000000e+05,0.000000000e+00,yes
electrical_conductivity,dNpJO,no,3.131500000e+02,2.387000000e+00,2.400000000e-01,1.000000000e+05,0.000000000e+00,yes
electrical_conductivity,dNpJO,no,3.281500000e+02,3.461000000e+00,3.500000000e-01,1.000000000e+05,0.000000000e+00,yes
electrical_conductivity,rtYFN,no,2.932000000e+02,1.377000000e+00,2.500000000e-02,0.000000000e+00,0.000000000e+00,yes
electrical_conductivity,rtYFN,no,2.982000000e+02,1.569000000e+00,2.800000000e-02,0.000000000e+00,0.000000000e+00,yes
electrical_conductivity,rtYFN,no,3.032000000e+02,1.789000000e+00,8.000000000e-03,0.000000000e+00,0.000000000e+00,yes
electrical_conductivity,rtYFN,no,3.082000000e+02,2.040000000e+00,2.800000000e-02,0.000000000e+00,0.000000000e+00,yes
electrical_conductivity,rtYFN,no,3.132000000e+02,2.320000000e+00,3.600000000e-02,0.000000000e+00,0.000000000e+00,yes
electrical_conductivity,rtYFN,no,3.182000000e+02,2.590000000e+00,3.600000000e-02,0.000000000e+00,0.000000000e+00,yes
electrical_conductivity,rtYFN,no,3.232000000e+02,2.910000000e+00,3.300000000e-02,0.000000000e+00,0.000000000e+00,yes
electrical_conductivity,rtYFN,no,3.282000000e+02,3.250000000e+00,3.300000000e-02,0.000000000e+00,0.000000000e+00,yes
electrical_conductivity,rtYFN,no,3.332000000e+02,3.590000000e+00,3.100000000e-02,0.000000000e+00,0.000000000e+00,yes
electrical_conductivity,rtYFN,no,3.432000000e+02,4.350000000e+00,3.600000000e-02,0.000000000e+00,0.000000000e+00,yes
electrical_conductivity,rtYFN,no,3.532000000e+02,5.180000000e+00,3.100000000e-02,0.000000000e+00,0.000000000e+00,yes
relative_permittivity,DRzTI,no,2.981500000e+02,1.290000000e+01,7.000000000e-01,1.013250000e+05,0.000000000e+00,yes
relative_permittivity,feYBx,no,2.981500000e+02,1.170000000e+01,6.000000000e-01,1.013250000e+05,1.000000000e+09,yes
relative_permittivity,feYBx,no,2.981500000e+02,1.100000000e+01,6.000000000e-01,1.013250000e+05,2.000000000e+09,yes
relative_permittivity,feYBx,no,2.981500000e+02,1.050000000e+01,6.000000000e-01,1.013250000e+05,3.000000000e+09,yes
relative_permittivity,feYBx,no,2.981500000e+02,1.020000000e+01,6.000000000e-01,1.013250000e+05,4.000000000e+09,yes
relative_permittivity,feYBx,no,2.981500000e+02,9.900000000e+00,5.000000000e-01,1.013250000e+05,5.000000000e+09,yes
relative_permittivity,feYBx,no,2.981500000e+02,9.700000000e+00,5.000000000e-01,1.013250000e+05,6.000000000e+09,yes
relative_permittivity,feYBx,no,2.981500000e+02,9.500000000e+00,5.000000000e-01,1.013250000e+05,7.000000000e+09,yes
relative_permittivity,feYBx,no,2.981500000e+02,9.400000000e+00,5.000000000e-01,1.013250000e+05,8.000000000e+09,yes
relative_permittivity,feYBx,no,2.981500000e+02,9.200000000e+00,5.000000000e-01,1.013250000e+05,9.000000000e+09,yes
relative_permittivity,feYBx,no,2.981500000e+02,9.100000000e+00,5.000000000e-01,1.013250000e+05,1.000000000e+10,yes
relative_permittivity,feYBx,no,2.981500000e+02,9.000000000e+00,5.000000000e-01,1.013250000e+05,1.100000000e+10,yes
relative_permittivity,feYBx,no,2.981500000e+02,8.900000000e+00,5.000000000e-01,1.013250000e+05,1.200000000e+10,yes
relative_permittivity,feYBx,no,2.981500000e+02,8.700000000e+00,5.000000000e-01,1.013250000e+05,1.300000000e+10,yes
relative_permittivity,feYBx,no,2.981500000e+02,8.500000000e+00,5.000000000e-01,1.013250000e+05,1.400000000e+10,yes
relative_permittivity,feYBx,no,2.981500000e+02,8.300000000e+00,5.000000000e-01,1.013250000e+05,1.500000000e+10,yes
relative_permittivity,feYBx,no,2.981500000e+02,8.100000000e+00,5.000000000e-01,1.013250000e+05,1.600000000e+10,yes
relative_permittivity,feYBx,no,2.981500000e+02,7.900000000e+00,4.000000000e-01,1.013250000e+05,1.700000000e+10,yes
relative_permittivity,feYBx,no,2.981500000e+02,7.700000000e+00,4.000000000e-01,1.013250000e+05,1.800000000e+10,yes
relative_permittivity,XmvpF,no,2.981000000e+02,1.360000000e+01,6.000000000e-01,1.013250000e+05,0.000000000e+00,yes
relative_permittivity,iwnEy,no,2.981000000e+02,1.280000000e+01,1.000000000e+00,1.013250000e+05,0.000000000e+00,yes
